wavelength_nm,dispersion_ps_per_nm_km,gdd_fiber_fs2,gdd_sf11_rod_fs2,gdd_total_fs2,tod_fiber_fs3,pulse_duration_fiber_ps,pulse_duration_fiber_sf11_rod_ps,best_grating_l_eff_cm,best_pulse_duration_grating_fiber_ps
600.0,-323.3,3147287.5860965857,0.0,3147287.5860965857,1073630.590796763,72.71788290332312,72.71788290332312,74.0,49.555640845524096
601.0,-321.6336494886627,3141621.5594820953,0.0,3141621.5594820953,1079682.9814292078,72.586970069469,72.586970069469,74.0,49.291368479394734
602.0,-319.98319913880033,3136019.185369522,0.0,3136019.185369522,1071320.5658555804,72.45752791931791,72.45752791931791,74.0,49.02795578183397
603.0,-318.34821559913786,3130477.543545691,0.0,3130477.543545691,1063452.773795204,72.32948898169353,72.32948898169353,74.0,48.76533286432148
604.0,-316.7282655184004,3124993.6633607494,0.0,3124993.6633607494,1056094.8491801568,72.20278462008785,72.20278462008785,74.0,48.50342866245521
605.0,-315.1229155453129,3119564.5234982623,0.0,3119564.5234982623,1049262.2290301842,72.07734502734917,72.07734502734917,74.0,48.24217093058214
606.0,-313.53173232860036,3114187.051745317,0.0,3114187.051745317,1042970.5447274197,71.95309922037052,71.95309922037052,74.0,47.981486236429
607.0,-311.9542825169878,3108858.1247626212,0.0,3108858.1247626212,1037235.6232951802,71.82997503477766,71.82997503477766,74.0,47.72129995573238
608.0,-310.3901327592002,3103574.5678546024,0.0,3103574.5678546024,1032073.488679725,71.70789911961751,71.70789911961751,74.0,47.46153626686853
609.0,-308.83884970396264,3098333.154739511,0.0,3098333.154739511,1027500.3630366453,71.58679693204611,71.58679693204611,74.0,47.20211814548311
610.0,-307.3,3093130.6073195143,0.0,3093130.6073195143,1023532.6680200519,71.46659273201699,71.46659273201699,74.0,46.94296735912013
611.0,-305.7731502960374,3087963.5954508036,0.0,3087963.5954508036,1020187.0260755086,71.34720957696935,71.34720957696935,74.0,46.68400446185109
612.0,-304.25786724079984,3082828.7367136907,0.0,3082828.7367136907,1017480.2617375875,71.2285693165163,71.2285693165163,74.0,46.425148788903236
613.0,-302.7537174830122,3077722.596182705,0.0,3077722.596182705,1015429.4029296329,71.11059258713294,71.11059258713294,74.0,46.16631845128791
614.0,-301.2602676713997,3072641.686196699,0.0,3072641.686196699,1014051.6822681748,70.99319880684475,70.99319880684475,74.0,45.90743033042836
615.0,-299.7770844546871,3067582.4661289463,0.0,3067582.4661289463,1013364.5383707939,70.87630616991568,70.87630616991568,74.0,45.64840007278731
616.0,-298.30373448159963,3062541.34215724,0.0,3062541.34215724,1013385.6171675237,70.75983164153646,70.75983164153646,74.0,45.38914208449401
617.0,-296.8397844008622,3057514.6670339946,0.0,3057514.6670339946,1014132.7732161504,70.64369095251277,70.64369095251277,74.0,45.12956952597121
618.0,-295.3848008611997,3052498.739856344,0.0,3052498.739856344,1015624.0710204656,70.52779859395345,70.52779859395345,74.0,44.869594306561616
619.0,-293.9383505113373,3047489.8058362445,0.0,3047489.8058362445,1017877.7863531703,70.41206781195875,70.41206781195875,74.0,44.60912707915405
620.0,-292.5,3042484.0560705727,0.0,3042484.0560705727,1020773.7633862535,70.29641060230868,70.29641060230868,74.0,44.34807723480939
621.0,-291.0694493271877,3037478.99142079,0.0,3037478.99142079,1023629.4114588165,70.18076922272816,70.18076922272816,74.0,44.08638441489255
622.0,-289.64693189800045,3032477.5497861747,0.0,3032477.5497861747,1025740.6793239245,70.06521155300695,70.06521155300695,74.0,43.824113870905116
623.0,-288.2328144688133,3027484.075291508,0.0,3027484.075291508,1026949.8624027789,69.94983796359365,69.94983796359365,74.0,43.561363333206614
624.0,-286.8274637960009,3022502.963144463,0.0,3022502.963144463,1027237.6977072664,69.83475000519869,69.83475000519869,74.0,43.29823170061919
625.0,-285.4312466359386,3017538.659830179,0.0,3017538.659830179,1026584.7184586927,69.7200504132897,69.7200504132897,74.0,43.03481904485664
626.0,-284.04452974500117,3012595.6633058283,0.0,3012595.6633058283,1024971.2528998253,69.60584311258712,69.60584311258712,74.0,42.77122661495303
627.0,-282.6676798795636,3007678.523195188,0.0,3007678.523195188,1022377.4231020604,69.49223322155953,69.49223322155953,74.0,42.5075568416909
628.0,-281.30106379600096,3002791.8409832106,0.0,3002791.8409832106,1018783.1437712628,69.37932705691927,69.37932705691927,74.0,42.24391334202889
629.0,-279.9450482506881,2997940.270210592,0.0,2997940.270210592,1014168.1210495996,69.26723213811785,69.26723213811785,74.0,41.98040092352896
630.0,-278.6,2993128.5166683453,0.0,2993128.5166683453,1008659.7186992286,69.15605719184154,69.15605719184154,74.0,41.71712558878322
631.0,-277.26615239521175,2988359.9296279293,0.0,2988359.9296279293,1002985.0309983487,69.045879602565,69.045879602565,74.0,41.45416198598566
632.0,-275.94320516719836,2983632.2393876724,0.0,2983632.2393876724,997893.6874295525,68.936646929112,68.936646929112,74.0,41.1914549256997
633.0,-274.63072464173496,2978941.7215986336,0.0,2978941.7215986336,993552.4935291788,68.82827312087,68.82827312087,74.0,40.928915596768306
634.0,-273.3282771445966,2974284.5970814973,0.0,2974284.5970814973,989980.6071563606,68.72067086037934,68.72067086037934,74.0,40.66645390875153
635.0,-272.0354290015585,2969657.031596501,0.0,2969657.031596501,987197.4072334755,68.61375155801751,68.61375155801751,74.0,40.4039784865424
636.0,-270.7517465383957,2965055.1356133632,0.0,2965055.1356133632,985222.4951047482,68.5074253466834,68.5074253466834,74.0,40.14139666498244
637.0,-269.4767960808834,2960474.964081215,0.0,2960474.964081215,984075.6958985111,68.40160107648164,68.40160107648164,74.0,39.87861448347675
638.0,-268.21014395479654,2955912.5161985243,0.0,2955912.5161985243,983777.0598929873,68.29618630940666,68.29618630940666,74.0,39.6155366806089
639.0,-266.9513564859104,2951363.7351830304,0.0,2951363.7351830304,984346.8638863136,68.19108731402721,68.19108731402721,74.0,39.352066688755386
640.0,-265.7,2946824.5080416664,0.0,2946824.5080416664,985687.2471388523,68.08620906017043,68.08620906017043,74.0,39.08810662869969
641.0,-264.45574109196536,2942291.7581693754,0.0,2942291.7581693754,987220.4410433733,67.98148046327553,67.98148046327553,74.0,38.82358255383428
642.0,-263.21864743320623,2937766.7509050695,0.0,2937766.7509050695,988350.9859077011,67.87693075883358,67.87693075883358,74.0,38.558520824271284
643.0,-261.98888696424706,2933251.862732438,0.0,2933251.862732438,988950.1402040131,67.7726148551906,67.7726148551906,74.0,38.29297345979178
644.0,-260.76662762561256,2928749.495349051,0.0,2928749.495349051,989007.4244431517,67.6685882432549,67.6685882432549,74.0,38.026993049556665
645.0,-259.5520373578273,2924262.075755451,0.0,2924262.075755451,988512.2551724025,67.56490699855561,67.56490699855561,74.0,37.76063275409012
646.0,-258.3452841014159,2919792.0563442493,0.0,2919792.0563442493,987453.9444021152,67.46162778330121,67.46162778330121,74.0,37.49394630726278
647.0,-257.14653579690287,2915341.9149892195,0.0,2915341.9149892195,985821.699030974,67.35880784843792,67.35880784843792,74.0,37.22698801827425
648.0,-255.95596038481278,2910914.155134395,0.0,2910914.155134395,983604.620270151,67.25650503570847,67.25650503570847,74.0,36.95981277363515
649.0,-254.7737258056703,2906511.305883167,0.0,2906511.305883167,980791.703066301,67.15477777971043,67.15477777971043,74.0,36.69247603914872
650.0,-253.6,2902135.9220873695,0.0,2902135.9220873695,977456.831103858,67.05368510995473,67.05368510995473,74.0,36.42503386189161
651.0,-252.43488323692674,2897789.8236967972,0.0,2897789.8236967972,974018.4825000573,66.9532690761358,66.9532690761358,74.0,36.157525295474535
652.0,-251.2782050999768,2893471.7949180333,0.0,2893471.7949180333,970907.6967581665,66.85350158749868,66.85350158749868,74.0,35.88991923954916
653.0,-250.12972750127665,2889179.833680268,0.0,2889179.833680268,968220.3509494322,66.75433638645302,66.75433638645302,74.0,35.622166413160336
654.0,-248.98921235295288,2884911.907581478,0.0,2884911.907581478,965967.4518236506,66.65572651461063,66.65572651461063,74.0,35.35421682064106
655.0,-247.85642156713203,2880665.953762113,0.0,2880665.953762113,964160.1321504725,66.55762430986708,66.55762430986708,74.0,35.086019748616515
656.0,-246.7311170559406,2876439.878778789,0.0,2876439.878778789,962809.651480811,66.45998140348334,66.45998140348334,74.0,34.817523763007756
657.0,-245.61306073150513,2872231.5584779773,0.0,2872231.5584779773,961927.3969106678,66.36274871716748,66.36274871716748,74.0,34.54867670603505
658.0,-244.50201450595222,2868038.8378696963,0.0,2868038.8378696963,961524.8838472633,66.26587646015626,66.26587646015626,74.0,34.27942569322095
659.0,-243.3977402914083,2863859.5310011995,0.0,2863859.5310011995,961613.756776216,66.16931412629688,66.16931412629688,74.0,34.0097171103926
660.0,-242.3,2859691.420830669,0.0,2859691.420830669,962111.7770605737,66.07301049112854,66.07301049112854,74.0,33.73949661068417
661.0,-241.20862596032762,2855533.0752059706,0.0,2855533.0752059706,962555.6438552582,65.97693246496378,65.97693246496378,74.0,33.46872796744829
662.0,-240.12373216688664,2851386.3148229155,0.0,2851386.3148229155,962468.3884401035,65.88112211473721,65.88112211473721,74.0,33.19745009573708
663.0,-239.04550303064627,2847253.7994810315,0.0,2847253.7994810315,961743.8610596856,65.78564089476284,65.78564089476284,74.0,32.925721283216944
664.0,-237.97412296257582,2843138.2170074666,0.0,2843138.2170074666,960369.8064148532,65.69055090692794,65.69055090692794,74.0,32.653600450363264
665.0,-236.90977637364458,2839042.283354822,0.0,2839042.283354822,958333.8500502058,65.59591490295347,65.59591490295347,74.0,32.38114715263532
666.0,-235.85264767482175,2834968.742698985,0.0,2834968.742698985,955623.4977104751,65.50179628665434,65.50179628665434,74.0,32.10842158265058
667.0,-234.80292127707662,2830920.3675369606,0.0,2830920.3675369606,952226.1346956559,65.40825911620004,65.40825911620004,74.0,31.83548457235825
668.0,-233.76078159137842,2826899.9587847074,0.0,2826899.9587847074,948129.0252146262,65.31536810637488,65.31536810637488,74.0,31.562397595212424
669.0,-232.72641302869647,2822910.345874969,0.0,2822910.345874969,943319.3117373155,65.2231886308384,65.2231886308384,74.0,31.289222768344317
670.0,-231.7,2818954.3868551063,0.0,2818954.3868551063,937945.6439287153,65.1317867243859,65.1317867243859,74.0,31.01602285473397
671.0,-230.68161292176276,2815033.6070471397,0.0,2815033.6070471397,932811.7729501039,65.04119762937009,65.04119762937009,74.0,30.7428298097287
672.0,-229.6708662324767,2811144.0823445157,0.0,2811144.0823445157,928744.6930883857,64.9513306798228,64.9513306798228,74.0,30.469549665670996
673.0,-228.66726037613824,2807280.466606587,0.0,2807280.466606587,925933.8360555696,64.86206235386977,64.86206235386977,74.0,30.19605558373426
674.0,-227.67029579674377,2803437.3447276046,0.0,2803437.3447276046,924407.2984190603,64.77326753620959,64.77326753620959,74.0,29.922219116142507
675.0,-226.67947293828968,2799609.232371694,0.0,2799609.232371694,924193.4728637383,64.68481951199037,64.68481951199037,74.0,29.647910199964596
676.0,-225.6942922447724,2795790.575707835,0.0,2795790.575707835,925321.0498751006,64.59658996068663,64.59658996068663,74.0,29.37299715090889
677.0,-224.71425416018843,2791975.751144839,0.0,2791975.751144839,927819.019426587,64.50844894997583,64.50844894997583,74.0,29.0973466571178
678.0,-223.73885912853407,2788159.0650663218,0.0,2788159.0650663218,931716.6726704907,64.42026492961524,64.42026492961524,74.0,28.820823772962775
679.0,-222.7676075938058,2784334.753565686,0.0,2784334.753565686,937043.6036335449,64.33190472531862,64.33190472531862,74.0,28.543291912839653
680.0,-221.8,2780496.9821810964,0.0,2780496.9821810964,943550.5456992842,64.24323353263306,64.24323353263306,74.0,28.264612844964407
681.0,-220.83572235262127,2776642.128341809,0.0,2776642.128341809,949857.0620609354,64.15416765255459,64.15416765255459,74.0,27.98469942651592
682.0,-219.87520290320646,2772775.6829085653,0.0,2772775.6829085653,954543.2636646609,64.06483395068962,64.06483395068962,74.0,27.703675061453104
683.0,-218.9190554648007,2768905.4959651995,0.0,2768905.4959651995,957290.7895359847,63.975413802174025,63.975413802174025,74.0,27.421717646370638
684.0,-217.96789385044912,2765039.507821225,0.0,2765039.507821225,958060.0521446554,63.88609066679237,63.88609066679237,74.0,27.13900714588668
685.0,-217.02233187319672,2761185.749337478,0.0,2761185.749337478,956811.0700483676,63.79705009650167,63.79705009650167,74.0,26.855725600061714
686.0,-216.08298334608853,2757352.342251751,0.0,2757352.342251751,953503.4657490497,63.70847974295511,63.70847974295511,74.0,26.57205713181603
687.0,-215.1504620821697,2753547.4995044367,0.0,2753547.4995044367,948096.4635450094,63.62056936502593,63.62056936502593,74.0,26.288187954345887
688.0,-214.2253818944853,2749779.5255641597,0.0,2749779.5255641597,940548.8873773604,63.53351083633104,63.53351083633104,74.0,26.004306378538175
689.0,-213.30835659608042,2746056.8167534187,0.0,2746056.8167534187,930819.1586708768,63.447498152754996,63.447498152754996,74.0,25.720602820383558
690.0,-212.4,2742387.8615742186,0.0,2742387.8615742186,919229.3331054224,63.36272743997363,63.36272743997363,74.0,25.43726980838821
691.0,-211.5006976677523,2738778.350096325,0.0,2738778.350096325,907576.2545166767,63.279330166261516,63.279330166261516,74.0,25.154435196907333
692.0,-210.60992215469747,2735222.4344830615,0.0,2735222.4344830615,897707.4481905458,63.1971712181275,63.1971712181275,74.0,24.87196024373692
693.0,-209.7269177646589,2731711.2845737915,0.0,2731711.2845737915,890033.7056186582,63.116046575892774,63.116046575892774,74.0,24.58963728393817
694.0,-208.85092880145982,2728235.9617098174,0.0,2728235.9617098174,884602.2564185368,63.03574971304949,63.03574971304949,74.0,24.307256128515778
695.0,-207.98119956892356,2724787.4183334704,0.0,2724787.4183334704,881460.8098954497,62.95607158699774,62.95607158699774,74.0,24.024604055080513
696.0,-207.11697437087344,2721356.497587203,0.0,2721356.497587203,880657.5576754467,62.87680062978263,62.87680062978263,74.0,23.741465798514383
697.0,-206.2574975111327,2717933.9329126757,0.0,2717933.9329126757,882241.1763437643,62.79772273883127,62.79772273883127,74.0,23.457623541638693
698.0,-205.40201329352467,2714510.347649853,0.0,2714510.347649853,886260.8300903032,62.718621267690054,62.718621267690054,74.0,23.172856905885535
699.0,-204.5497660218727,2711076.2546360902,0.0,2711076.2546360902,892766.1733617724,62.63927701676161,62.63927701676161,74.0,22.886942941972997
700.0,-203.7,2707622.055805225,0.0,2707622.055805225,901423.1108162233,62.55946822404204,62.55946822404204,74.0,22.599656120585212
701.0,-202.85218697636967,2704141.0064857816,0.0,2704141.0064857816,910341.2637262343,62.479039054826195,62.479039054826195,74.0,22.31083682116105
702.0,-202.00670847800365,2700638.1768135447,0.0,2700638.1768135447,917577.6026250239,62.398106653918504,62.398106653918504,74.0,22.020598381237743
703.0,-201.1641734765637,2697121.6760623627,0.0,2697121.6760623627,922705.947522456,62.31685838499049,62.31685838499049,74.0,21.729124337926415
704.0,-200.3251909437116,2693599.7051609484,0.0,2693599.7051609484,925683.9516762218,62.2354837293832,62.2354837293832,74.0,21.436600327407547
705.0,-199.490369851109,2690080.5570159378,0.0,2690080.5570159378,926468.8567099588,62.154174293571344,62.154174293571344,74.0,21.14321409227438
706.0,-198.66031917041772,2686572.61683497,0.0,2686572.61683497,925017.4904301104,62.07312381662795,62.07312381662795,74.0,20.849155488874768
707.0,-197.83564787329945,2683084.3624497512,0.0,2683084.3624497512,921286.2646375962,61.99252817768862,61.99252817768862,74.0,20.55461649464982
708.0,-197.0169649314159,2679624.3646391258,0.0,2679624.3646391258,915231.1729336961,61.91258540341595,61.91258540341595,74.0,20.259791215470184
709.0,-196.20487931642884,2676201.287452144,0.0,2676201.287452144,906807.788521545,61.833495675464086,61.833495675464086,74.0,19.964875892969133
710.0,-195.4,2672823.888531136,0.0,2672823.888531136,896295.8350400501,61.75546133794311,61.75546133794311,74.0,19.67006891187253
711.0,-194.60275442676914,2669498.585273408,0.0,2669498.585273408,885289.3993649273,61.67863066392039,61.67863066392039,74.0,19.375514567334186
712.0,-193.81284393328795,2666222.097854495,0.0,2666222.097854495,875426.3990890448,61.60292787348804,61.60292787348804,74.0,19.08113308606679
713.0,-193.02978832908624,2662988.6558478274,0.0,2662988.6558478274,867063.1946990443,61.52821964172159,61.52821964172159,74.0,18.786787131790074
714.0,-192.2531074236938,2659792.41845631,0.0,2659792.41845631,860231.8917637194,61.454371017797854,61.454371017797854,74.0,18.4923377234043
715.0,-191.48232102664036,2656627.4742575753,0.0,2656627.4742575753,854964.9156827481,61.38124541910905,61.38124541910905,74.0,18.197644229073518
716.0,-190.71694894745568,2653487.840949235,0.0,2653487.840949235,851295.013401526,61.30870462537679,61.30870462537679,74.0,17.90256436031876
717.0,-189.9565109956695,2650367.465094128,0.0,2650367.465094128,849255.2551301046,61.23660877276616,61.23660877276616,74.0,17.606954166123135
718.0,-189.20052698081167,2647260.2218655776,0.0,2647260.2218655776,848879.0360668168,61.16481634799987,61.16481634799987,74.0,17.310668027050475
719.0,-188.4485167124119,2644159.914792634,0.0,2644159.914792634,850200.0781250772,61.093184182472214,61.093184182472214,74.0,17.013558649379735
720.0,-187.7,2641060.2755053323,0.0,2641060.2755053323,853065.8692998382,61.021567446363264,61.021567446363264,74.0,16.715477059258113
721.0,-186.95459531655388,2637956.323971026,0.0,2637956.323971026,856568.628575338,60.949851076710694,60.949851076710694,74.0,16.416304030054565
722.0,-186.21231578884462,2634848.4799250364,0.0,2634848.4799250364,859775.8240632111,60.87804477144333,60.87804477144333,74.0,16.116045073872883
723.0,-185.4732732070913,2631738.5341552137,0.0,2631738.5341552137,862491.7837052381,60.80618990646797,60.80618990646797,74.0,15.814737360561317
724.0,-184.73757936151324,2628628.295607496,0.0,2628628.295607496,864707.3143072586,60.73432827723076,60.73432827723076,74.0,15.512418460001689
725.0,-184.00534604232956,2625519.591445209,0.0,2625519.591445209,866413.138754179,60.66250210008731,60.66250210008731,74.0,15.209126343505925
726.0,-183.27668503975957,2622414.26710838,0.0,2622414.26710838,867599.8955884635,60.59075401367305,60.59075401367305,74.0,14.904899385231168
727.0,-182.55170814402243,2619314.1863730364,0.0,2619314.1863730364,868258.1385885528,60.51912708027339,60.51912708027339,74.0,14.59977636361557
728.0,-181.83052714533727,2616221.2314105174,0.0,2616221.2314105174,868378.3363446217,60.44766478719404,60.44766478719404,74.0,14.293796462838975
729.0,-181.11325383392344,2613137.302846782,0.0,2613137.302846782,867950.8718356161,60.376411048131295,60.376411048131295,74.0,13.98699927431182
730.0,-180.4,2610064.319821709,0.0,2610064.319821709,866992.2713285207,60.30541020454217,60.30541020454217,74.0,13.679424798196806
731.0,-179.69086430701532,2607004.0339847584,0.0,2607004.0339847584,865625.1883838146,60.23470272804015,60.23470272804015,74.0,13.37110914615938
732.0,-178.98589291133365,2603957.4672879977,0.0,2603957.4672879977,863975.6674292167,60.16431223068177,60.16431223068177,74.0,13.062071552453194
733.0,-178.2851188425485,2600925.463085772,0.0,2600925.463085772,862066.0958196877,60.094258198047825,60.094258198047825,74.0,12.752327106936049
734.0,-177.58857513025325,2597908.871199133,0.0,2597908.871199133,859892.6011247794,60.02456026513106,60.02456026513106,74.0,12.441891031204099
735.0,-176.8962948040413,2594908.5479333666,0.0,2594908.5479333666,857451.2803163852,59.955238216741165,59.955238216741165,74.0,12.130778679474897
736.0,-176.208310893506,2591925.356095513,0.0,2591925.356095513,854738.1996314918,59.88631198790959,59.88631198790959,74.0,11.81900553956967
737.0,-175.52465642824086,2588960.165011894,0.0,2588960.165011894,851749.3944352189,59.81780166429452,59.81780166429452,74.0,11.50658723401402
738.0,-174.8453644378392,2586013.850545627,0.0,2586013.850545627,848480.8690833092,59.74972748258548,59.74972748258548,74.0,11.193539521280877
739.0,-174.17046795189444,2583087.2951141573,0.0,2583087.2951141573,844928.5967833244,59.682109830908466,59.682109830908466,74.0,10.879878297205924
740.0,-173.5,2580181.3877067743,0.0,2580181.3877067743,841185.9053914881,59.61496924923063,59.61496924923063,74.0,10.56561959661147
741.0,-172.83394745538493,2577296.351642729,0.0,2577296.351642729,837740.3834517784,59.54831089730634,59.54831089730634,74.0,10.250764063759386
742.0,-172.17211256582075,2574429.7132849996,0.0,2574429.7132849996,835092.3244827312,59.48207762209543,59.48207762209543,74.0,9.935250025227228
743.0,-171.51425142271464,2571578.2933502863,0.0,2571578.2933502863,833357.3795112632,59.41619596670107,59.41619596670107,74.0,9.61899949912354
744.0,-170.86012011747377,2568738.875414983,0.0,2568738.875414983,832553.9887437236,59.35059161610627,59.35059161610627,74.0,9.301933643080595
745.0,-170.20947474150526,2565908.2057857835,0.0,2565908.2057857835,832700.7684040216,59.28518939418422,59.28518939418422,74.0,8.983972755183022
746.0,-169.5620713862164,2563082.993370284,0.0,2563082.993370284,833816.5116407052,59.21991326070857,59.21991326070857,74.0,8.665036275858462
747.0,-168.91766614301423,2560259.9095475837,0.0,2560259.9095475837,835920.1894353578,59.15468630836374,59.15468630836374,74.0,8.345042791008094
748.0,-168.276015103306,2557435.5880388883,0.0,2557435.5880388883,839030.9515128769,59.08943075975527,59.08943075975527,74.0,8.023910036748507
749.0,-167.6368743584989,2554606.624778114,0.0,2554606.624778114,843168.12725485,59.024067964420084,59.024067964420084,74.0,7.701554906271625
750.0,-167.0,2551769.577782487,0.0,2551769.577782487,848133.6012635361,58.95851839583693,58.95851839583693,74.0,7.3778934595175825
751.0,-166.365245871445,2548922.429454273,0.0,2548922.429454273,852848.4689757129,58.89273543770007,58.89273543770007,74.0,7.052874721072605
752.0,-165.73285682538335,2546069.0049224957,0.0,2546069.0049224957,856205.9288048551,58.8268074690765,58.8268074690765,74.0,6.726582768459465
753.0,-165.10317546659297,2543214.6393212024,0.0,2543214.6393212024,857958.9931381958,58.760857757482995,58.760857757482995,74.0,6.399136659184846
754.0,-164.47654439985172,2540364.723318976,0.0,2540364.723318976,858078.0337992236,58.69501085355161,58.69501085355161,74.0,6.0706568620733306
755.0,-163.85330622993757,2537524.7033006903,0.0,2537524.7033006903,856533.1553817778,58.62939259522896,58.62939259522896,74.0,5.741265305447277
756.0,-163.23380356162846,2534700.081549268,0.0,2534700.081549268,853294.1939320567,58.56413011197582,58.56413011197582,74.0,5.41108544146571
757.0,-162.6183789997022,2531896.4164274335,0.0,2531896.4164274335,848330.7156259323,58.4993518289664,58.4993518289664,74.0,5.080242333972162
758.0,-162.00737514893677,2529119.3225594824,0.0,2529119.3225594824,841612.0154449817,58.435187471288074,58.435187471288074,74.0,4.748862781287687
759.0,-161.40113461411005,2526374.471013024,0.0,2526374.471013024,833107.1158492415,58.37176806814057,58.37176806814057,74.0,4.417075492213492
760.0,-160.8,2523667.5894807507,0.0,2523667.5894807507,823124.7962607648,58.3092259570357,58.3092259570357,74.0,4.085011345299895
761.0,-160.20416905883505,2521002.237286337,0.0,2521002.237286337,813349.8262507772,58.24764337562691,58.24764337562691,74.0,3.7527523963455103
762.0,-159.61326013264582,2518373.0832236577,0.0,2518373.0832236577,805509.990024766,58.18689714714762,58.18689714714762,74.0,3.4201773003379565
763.0,-159.02674671091356,2515772.499132387,0.0,2515772.499132387,799989.4236371685,58.12681102403572,58.12681102403572,74.0,3.0871147099923024
764.0,-158.44410228311935,2513192.7731138263,0.0,2513192.7731138263,796832.6380126848,58.06720682396915,58.06720682396915,74.0,2.753396290680671
765.0,-157.8648003387444,2510626.109251593,0.0,2510626.109251593,796084.5517799816,58.007904423412455,58.007904423412455,74.0,2.4188602132920867
766.0,-157.2883143672699,2508064.627332288,0.0,2508064.627332288,797790.4932964979,57.94872175116283,57.94872175116283,74.0,2.083358082365584
767.0,-156.71411785817702,2505500.362566182,0.0,2505500.362566182,801996.202677019,57.889474781896745,57.889474781896745,74.0,1.7467699979726155
768.0,-156.14168430094696,2502925.2653078837,0.0,2502925.2653078837,808747.833826906,57.82997752971602,57.82997752971602,74.0,1.40904156117049
769.0,-155.57048718506093,2500331.2007770278,0.0,2500331.2007770278,818091.9564799577,57.77004204169441,57.77004204169441,74.0,1.0702918996681494
770.0,-155.0,2497709.948778939,0.0,2497709.948778939,829626.2388937369,57.70947839142382,57.70947839142382,74.0,0.7312248776395113
771.0,-154.42987789321478,2495056.067814953,0.0,2495056.067814953,841130.4392055615,57.64816085387081,57.64816085387081,74.0,0.39572738441912464
772.0,-153.86050264403332,2492375.547453106,0.0,2492375.547453106,850328.2809495821,57.586227817152775,57.586227817152775,74.0,0.12394600998548644
773.0,-153.29243768975292,2489677.319232118,0.0,2489677.319232118,856719.3500748866,57.52388564319297,57.52388564319297,73.54621848739495,0.12587151613311465
774.0,-152.726246467671,2486970.407412055,0.0,2486970.407412055,860252.0964126616,57.46134283622417,57.46134283622417,73.09243697478993,0.12888762852792054
775.0,-152.16249241508487,2484263.9292732375,0.0,2484263.9292732375,860874.5121195421,57.398810049694774,57.398810049694774,72.63865546218489,0.13344082800428803
776.0,-151.601738969292,2481567.095415157,0.0,2481567.095415157,858534.1294625818,57.33650009317515,57.33650009317515,72.18487394957984,0.1400581409425808
777.0,-151.04454956758968,2478889.2100553843,0.0,2478889.2100553843,853178.0185991282,57.274627939263816,57.274627939263816,71.73109243697479,0.14930797824612693
778.0,-150.49148764727536,2476239.671328485,0.0,2476239.671328485,844752.7853522858,57.21341073049375,57.21341073049375,71.27731092436976,0.16174744299207025
779.0,-149.9431166456463,2473627.971584931,0.0,2473627.971584931,833204.5689812592,57.153067786238765,57.153067786238765,70.82352941176471,0.1778733667276968
780.0,-149.4,2471063.697690017,0.0,2471063.697690017,818952.475280488,57.093820609619975,57.093820609619975,70.36974789915966,0.19809419863371985
781.0,-148.86251936830575,2468553.5901844944,0.0,2468553.5901844944,804330.7779360871,57.03582493983902,57.03582493983902,70.36974789915966,0.21749601764139107
782.0,-148.33032929122092,2466092.659876302,0.0,2466092.659876302,791731.9955785914,56.9789655023218,56.9789655023218,69.91596638655463,0.19186683600027418
783.0,-147.8029025300748,2463672.905782273,0.0,2463672.905782273,781677.1349536114,56.92305743550066,56.92305743550066,69.4621848739496,0.16596520185023808
784.0,-147.27971184619676,2461286.240942538,0.0,2461286.240942538,774214.1947768024,56.867913891332094,56.867913891332094,69.00840336134455,0.14224814494577215
785.0,-146.76023000091607,2458924.4921408147,0.0,2458924.4921408147,769391.6031415424,56.8133460288341,56.8133460288341,68.5546218487395,0.1250236107193955
786.0,-146.2439297555621,2456579.399624703,0.0,2456579.399624703,767258.2195981831,56.759163007623485,56.759163007623485,68.10084033613447,0.12034290940384247
787.0,-145.7302838714642,2454242.6168259718,0.0,2454242.6168259718,767863.3372385156,56.705171981453276,56.705171981453276,67.64705882352942,0.13239376336298184
788.0,-145.21876510995165,2451905.7100808527,0.0,2451905.7100808527,771256.6847832466,56.65117809175009,56.65117809175009,67.19327731092437,0.1596455382481106
789.0,-144.7088462323538,2449560.1583503303,0.0,2449560.1583503303,777488.4286750582,56.59698446115147,56.59698446115147,66.73949579831933,0.19760198233251428
790.0,-144.2,2447197.3529404337,0.0,2447197.3529404337,786210.5288658171,56.54239218704351,56.54239218704351,66.73949579831933,0.21201766959665705
791.0,-143.6918446335622,2444811.01136818,0.0,2444811.01136818,795462.5974668988,56.48725611358072,56.48725611358072,66.28571428571429,0.17027192452414733
792.0,-143.18458019108303,2442404.4683819693,0.0,2442404.4683819693,803235.8787562947,56.43165328964516,56.43165328964516,65.83193277310926,0.13632689309111584
793.0,-142.6785521899479,2439983.518963775,0.0,2439983.518963775,809097.7811752083,56.375717607454376,56.375717607454376,65.37815126050421,0.12016594796106878
794.0,-142.1741061475421,2437554.016559422,0.0,2437554.016559422,813014.0648808954,56.31958431002222,56.31958431002222,64.92436974789916,0.13179264509023236
795.0,-141.67158758125083,2435121.8732618974,0.0,2435121.8732618974,814950.194043512,56.26338999539433,56.26338999539433,64.47058823529413,0.1682116517035971
796.0,-141.17134200845953,2432693.0599946487,0.0,2432693.0599946487,814871.3354523319,56.207272620882954,56.207272620882954,64.01680672268908,0.21967586606441097
797.0,-140.6737149465535,2430273.606694888,0.0,2430273.606694888,812742.3571182834,56.151371507302265,56.151371507302265,64.01680672268908,0.18901172451224382
798.0,-140.179051912918,2427869.602496892,0.0,2427869.602496892,808527.8268721106,56.09582734320336,56.09582734320336,63.563025210084035,0.14198800299782177
799.0,-139.6876984249384,2425487.19591531,0.0,2425487.19591531,802192.0109613058,56.040782189109564,56.040782189109564,63.10924369747899,0.12002711497211269
800.0,-139.2,2423132.595028462,0.0,2423132.595028462,793987.2424021536,55.98637948175155,55.98637948175155,62.655462184873954,0.14107353783782647
801.0,-138.71620209744546,2420810.364774304,0.0,2420810.364774304,785332.0325433966,55.932724693341136,55.932724693341136,62.20168067226892,0.195550428598551
802.0,-138.2361499444468,2418518.2844352536,0.0,2418518.2844352536,777679.4514116914,55.8797665145164,55.8797665145164,62.20168067226892,0.2087433731685009
803.0,-137.75958871013347,2416252.3967763865,0.0,2416252.3967763865,771342.2539048474,55.82741351393908,55.82741351393908,61.74789915966387,0.14745750428081503
804.0,-137.28626356363495,2414008.7023043814,0.0,2414008.7023043814,766345.0404609774,55.77557328389848,55.77557328389848,61.29411764705883,0.12003114008023102
805.0,-136.8159196740805,2411783.159132334,0.0,2411783.159132334,762712.6278398609,55.724152437188124,55.724152437188124,60.840336134453786,0.1526883059741182
806.0,-136.34830221059963,2409571.682844565,0.0,2409571.682844565,760470.050149976,55.67305660398204,55.67305660398204,60.386554621848745,0.22410244506750945
807.0,-135.88315634232177,2407370.146361428,0.0,2407370.146361428,759642.5598788972,55.622190428711235,55.622190428711235,60.386554621848745,0.17820468689690777
808.0,-135.42022723837624,2405174.379804115,0.0,2405174.379804115,760255.6289228238,55.57145756694001,55.57145756694001,59.9327731092437,0.1244025181499768
809.0,-134.95926006789253,2402980.170359467,0.0,2402980.170359467,762334.9496203277,55.520760682242525,55.520760682242525,59.47899159663865,0.13846457216278804
810.0,-134.5,2400783.2621447826,0.0,2400783.2621447826,765740.5370808304,55.47000144307913,55.47000144307913,59.02521008403362,0.21122933200855504
811.0,-134.042246976656,2398580.3116717706,0.0,2398580.3116717706,769661.645638028,55.419102598649594,55.419102598649594,59.02521008403362,0.18882136857313772
812.0,-133.5860200311297,2396371.773373188,0.0,2396371.773373188,773267.9451423347,55.3680746485578,55.3680746485578,58.571428571428584,0.12571098644850587
813.0,-133.13139296951806,2394159.065761321,0.0,2394159.065761321,776385.2741122965,55.31695036732199,55.31695036732199,58.11764705882354,0.1408527759706025
814.0,-132.67843959791816,2391943.620575375,0.0,2391943.620575375,779005.301421479,55.26576283506581,55.26576283506581,57.663865546218496,0.22295632714807087
815.0,-132.22723372242706,2389726.8828206253,0.0,2389726.8828206253,781119.6272824686,55.21454543842296,55.21454543842296,57.663865546218496,0.17726448629165156
816.0,-131.7778491491418,2387510.310807577,0.0,2387510.310807577,782719.7829364869,55.16333187144188,55.16333187144188,57.21008403361345,0.12063647430363494
817.0,-131.33035968415942,2385295.376191116,0.0,2385295.376191116,783797.2303429871,55.1121561364904,55.1121561364904,56.75630252100841,0.16199358439182066
818.0,-130.88483913357695,2383083.5640096664,0.0,2383083.5640096664,784343.3618682863,55.061052545160365,55.061052545160365,56.75630252100841,0.24075763951120274
819.0,-130.44136130349145,2380876.372724347,0.0,2380876.372724347,784349.4999735622,55.0100557191724,55.0100557191724,56.30252100840336,0.14607307575537246
820.0,-130.0,2378675.314258126,0.0,2378675.314258126,783867.4458453528,54.95920059128054,54.95920059128054,55.84873949579831,0.12830196423424187
821.0,-129.5608099959305,2376481.5737297744,0.0,2376481.5737297744,783193.7895623716,54.90851454347596,54.90851454347596,55.39495798319328,0.214182640014836
822.0,-129.12376993103445,2374294.981941378,0.0,2374294.981941378,782632.1909979662,54.857993666464495,54.857993666464495,55.39495798319328,0.1826962973704399
823.0,-128.6888394117943,2372115.0246927314,0.0,2372115.0246927314,782246.8001585568,54.80762607972562,54.80762607972562,54.941176470588246,0.12000654628590675
824.0,-128.25597804469243,2369941.1814091215,0.0,2369941.1814091215,782041.2513223729,54.75739975545701,54.75739975545701,54.487394957983206,0.18332989654990064
825.0,-127.82514543621124,2367772.9251199006,0.0,2367772.9251199006,782019.2121426051,54.7073025180794,54.7073025180794,54.487394957983206,0.21240660152280458
826.0,-127.39630119283318,2365609.7224370553,0.0,2365609.7224370553,782184.3838097904,54.65732204374147,54.65732204374147,54.03361344537816,0.12391169998636023
827.0,-126.96940492104059,2363451.033533777,0.0,2363451.033533777,782540.5012129649,54.60744585982471,54.60744585982471,53.57983193277312,0.16749607514520914
828.0,-126.54441622731593,2361296.312123036,0.0,2361296.312123036,783091.3331022158,54.557661344448405,54.557661344448405,53.57983193277312,0.2295963472298855
829.0,-126.12129471814161,2359145.0054361466,0.0,2359145.0054361466,783840.6822517315,54.50795572597435,54.50795572597435,53.12605042016807,0.1276272212229971
830.0,-125.7,2356996.5542013403,0.0,2356996.5542013403,784721.0582156554,54.458316082511836,54.458316082511836,52.67226890756302,0.16429404421625396
831.0,-125.28051303962202,2354850.7838929496,0.0,2354850.7838929496,785376.5953358304,54.408738381671235,54.408738381671235,52.67226890756302,0.23250923139634952
832.0,-124.86290024473251,2352709.086059834,0.0,2352709.086059834,785443.1527833418,54.359254774979604,54.359254774979604,52.21848739495798,0.12613333328938675
833.0,-124.44724938330478,2350573.2577142515,0.0,2350573.2577142515,784838.7267048252,54.3099067821343,54.3099067821343,51.76470588235295,0.17325488696358893
834.0,-124.03364822331214,2348445.1119889133,0.0,2348445.1119889133,783552.5551390081,54.260736295292524,54.260736295292524,51.76470588235295,0.2204239329003721
835.0,-123.62218453272796,2346326.4781835517,0.0,2346326.4781835517,781573.7902337622,54.21178558014738,54.21178558014738,51.31092436974791,0.12107717036616121
836.0,-123.21294607952555,2344219.201811476,0.0,2344219.201811476,778891.497868434,54.16309727700346,54.16309727700346,50.85714285714287,0.19712035313818146
837.0,-122.80602063167822,2342125.144646137,0.0,2342125.144646137,775494.6572750391,54.114714401852694,54.114714401852694,50.85714285714287,0.19328804872781535
838.0,-122.4014959571593,2340046.1847676914,0.0,2340046.1847676914,771372.1606591447,54.06668034745029,54.06668034745029,50.40336134453782,0.12284595281813292
839.0,-121.99945982394212,2337984.2166095614,0.0,2337984.2166095614,766512.8128203166,54.0190388843904,54.0190388843904,49.94957983193278,0.24014988060453937
840.0,-121.6,2335941.1510049975,0.0,2335941.1510049975,761137.9649426319,53.97183416218202,53.97183416218202,49.94957983193278,0.15460034857108332
841.0,-121.20313784558142,2333917.6693442934,0.0,2333917.6693442934,756409.4065623942,53.92508192423972,53.92508192423972,49.49579831932774,0.14994451105831633
842.0,-120.80862909003554,2331909.4622361828,0.0,2331909.4622361828,753515.6157420898,53.87868260272496,53.87868260272496,49.49579831932774,0.24596021306341506
843.0,-120.41616305498661,2329910.9256224185,0.0,2329910.9256224185,752724.7767054162,53.832506716716296,53.832506716716296,49.04201680672269,0.1219852114553517
844.0,-120.02542906205896,2327916.400583598,0.0,2327916.400583598,754072.733397287,53.78642351773583,53.78642351773583,48.58823529411765,0.21185099170282937
845.0,-119.63611643287688,2325920.1731743375,0.0,2325920.1731743375,757595.6249750247,53.74030098594094,53.74030098594094,48.58823529411765,0.17573566067423732
846.0,-119.24791448906463,2323916.474258459,0.0,2323916.474258459,763329.8871301832,53.694005826316314,53.694005826316314,48.13445378151261,0.14037509643434565
847.0,-118.86051255224653,2321899.479344169,0.0,2321899.479344169,771312.2534137948,53.647403464865846,53.647403464865846,48.13445378151261,0.259843595173898
848.0,-118.47359994404687,2319863.308419234,0.0,2319863.308419234,781579.7565638913,53.60035804480452,53.60035804480452,47.68067226890757,0.12257841650395107
849.0,-118.08686598608992,2317802.025786164,0.0,2317802.025786164,794169.7298352865,53.55273242275035,53.55273242275035,47.226890756302524,0.21935214678704051
850.0,-117.7,2315709.639897395,0.0,2315709.639897395,808589.9113380704,53.504388164916456,53.504388164916456,47.226890756302524,0.16967475731192252
851.0,-117.31283557805226,2313582.874633727,0.0,2313582.874633727,822206.2676489508,53.45524957707774,53.45524957707774,46.77310924369748,0.15136582284191846
852.0,-116.92578339512535,2311429.5356069654,0.0,2311429.5356069654,832324.7993292446,53.40549700671775,53.40549700671775,46.77310924369748,0.2440558808175178
853.0,-116.53939839674872,2309260.2871128493,0.0,2309260.2871128493,838348.1534199668,53.355376850773425,53.355376850773425,46.31932773109244,0.120062817596512
854.0,-116.15423552845195,2307085.893993651,0.0,2307085.893993651,840208.3287914908,53.305137829289414,53.305137829289414,45.8655462184874,0.2541362608131284
855.0,-115.77084973576453,2304917.2219325816,0.0,2304917.2219325816,837836.7767496755,53.2550309922202,53.2550309922202,45.8655462184874,0.14394645989262805
856.0,-115.3897959642159,2302765.2377481996,0.0,2302765.2377481996,831164.3986298516,53.20530972623216,53.20530972623216,45.411764705882355,0.1893198413051371
857.0,-115.01162915933566,2300641.009688819,0.0,2300641.009688819,820121.5433884398,53.156229761505934,53.156229761505934,45.411764705882355,0.19664818332594777
858.0,-114.63690426665325,2298555.7077269154,0.0,2298555.7077269154,804638.0051891794,53.10804917853859,53.10804917853859,44.957983193277315,0.14259573798470385
859.0,-114.2661762316982,2296520.6038535354,0.0,2296520.6038535354,784643.0209838252,53.06102841494599,53.06102841494599,44.957983193277315,0.2530905609875575
860.0,-113.9,2294547.0723727043,0.0,2294547.0723727043,760876.1251819811,53.01543027226524,53.01543027226524,44.504201680672274,0.12133993165514362
861.0,-113.53871984220955,2292642.4474533624,0.0,2292642.4474533624,737353.7271928474,52.971424205327374,52.971424205327374,44.05042016806723,0.2903680993301776
862.0,-113.18183732946314,2290797.5181668974,0.0,2290797.5181668974,718182.8190317614,52.92879739701954,52.92879739701954,44.05042016806723,0.1235185346952143
863.0,-112.82864335801847,2288998.821905622,0.0,2288998.821905622,704261.5430450405,52.88723879584036,52.88723879584036,43.596638655462186,0.2551195918994538
864.0,-112.47842882413322,2287232.767525215,0.0,2287232.767525215,695677.8891387392,52.84643438047465,52.84643438047465,43.596638655462186,0.13712406021340162
865.0,-112.13048462406508,2285485.6349685327,0.0,2285485.6349685327,692520.5549584688,52.806067151101395,52.806067151101395,43.14285714285715,0.22883293781047337
866.0,-111.78410165407173,2283743.5748894135,0.0,2283743.5748894135,694878.9489826374,52.7658171207018,52.7658171207018,43.14285714285715,0.15348530275357553
867.0,-111.43857081041088,2281992.6082764906,0.0,2281992.6082764906,702843.1936216456,52.72536130636747,52.72536130636747,42.689075630252105,0.20897681153202816
868.0,-111.09318298934018,2280218.6260769977,0.0,2280218.6260769977,716504.1283227719,52.6843737206087,52.6843737206087,42.689075630252105,0.16954241985588753
869.0,-110.74722908711732,2278407.38882058,0.0,2278407.38882058,735953.3126812085,52.64252536266274,52.64252536266274,42.23529411764706,0.19316457549152746
870.0,-110.4,2276544.526243103,0.0,2276544.526243103,760483.159170914,52.599484209802434,52.599484209802434,42.23529411764706,0.18522416418986482
871.0,-110.05098505310959,2274619.530009081,0.0,2274619.530009081,786154.1635625943,52.55500746857255,52.55500746857255,41.78151260504202,0.17930735587653834
872.0,-109.70046728702215,2272637.8060254487,0.0,2272637.8060254487,808938.6796198706,52.50922004163805,52.50922004163805,41.78151260504202,0.20120572566866585
873.0,-109.34892817117742,2270608.823493389,0.0,2270608.823493389,827975.017918106,52.46234071344845,52.46234071344845,41.327731092436984,0.1671207211490129
874.0,-108.9968491750152,2268542.140382082,0.0,2268542.140382082,843200.8672954811,52.414590319420505,52.414590319420505,41.327731092436984,0.21623795049272163
875.0,-108.64471176797518,2266447.4036841295,0.0,2266447.4036841295,854553.422340442,52.366191751839466,52.366191751839466,40.87394957983194,0.15774220629481514
876.0,-108.29299741949717,2264334.3496709866,0.0,2264334.3496709866,861969.3812620833,52.31736996576062,52.31736996576062,40.87394957983194,0.22842139852646753
877.0,-107.94218759902088,2262212.8041483853,0.0,2262212.8041483853,865384.9437568075,52.26835198491055,52.26835198491055,40.42016806722689,0.15202437972633176
878.0,-107.59276377598611,2260092.6827117647,0.0,2260092.6827117647,864735.8088704781,52.21936690758863,52.21936690758863,40.42016806722689,0.23583271465027353
879.0,-107.24520741983255,2257983.991001697,0.0,2257983.991001697,859957.1728564026,52.17064591256862,52.17064591256862,39.96638655462185,0.15066020117528298
880.0,-106.9,2255896.8249593144,0.0,2255896.8249593144,851334.1227589252,52.122422265000075,52.122422265000075,39.96638655462185,0.2366035671323296
881.0,-106.55753994535215,2253839.66141662,0.0,2253839.66141662,840567.1829945676,52.0748918207631,52.0748918207631,39.512605042016816,0.15467483069291593
882.0,-106.2178935224483,2251814.198289392,0.0,2251814.198289392,829394.8548857649,52.028093809928414,52.028093809928414,39.512605042016816,0.2292901850798979
883.0,-105.88104395727184,2249820.4293415025,0.0,2249820.4293415025,818168.3761558238,51.98202808840135,51.98202808840135,39.05882352941177,0.16542811995935933
884.0,-105.54697447580605,2247858.3460875596,0.0,2247858.3460875596,806888.6009383253,51.93669446011844,51.93669446011844,39.05882352941177,0.21384283684532218
885.0,-105.21566830403421,2245927.93778401,0.0,2245927.93778401,795556.3955712364,51.89209267684193,51.89209267684193,38.60504201680672,0.1844491412258062
886.0,-104.88710866793961,2244029.191420244,0.0,2244029.191420244,784172.6386626795,51.84822243795412,51.84822243795412,38.60504201680672,0.1910491611709345
887.0,-104.56127879350561,2242162.091709691,0.0,2242162.091709691,772738.2211575306,51.80508339025178,51.80508339025178,38.15126050420169,0.2132808837810904
888.0,-104.23816190671546,2240326.621080924,0.0,2240326.621080924,761254.0464030524,51.76267512774051,51.76267512774051,38.15126050420169,0.1629606533611399
889.0,-103.91774123355248,2238522.759668759,0.0,2238522.759668759,749721.0302144826,51.720997191429156,51.720997191429156,37.69747899159665,0.25298106967160383
890.0,-103.6,2236750.485305359,0.0,2236750.485305359,738432.6456266723,51.68004906912426,51.68004906912426,37.69747899159665,0.13492166418050833
891.0,-103.2848551654819,2235008.3780470914,0.0,2235008.3780470914,728864.4124593624,51.63979795324127,51.63979795324127,37.2436974789916,0.3040079886824466
892.0,-102.9719586231846,2233289.408700012,0.0,2233289.408700012,722523.6317459936,51.60008143534553,51.60008143534553,37.2436974789916,0.1200392559440913
893.0,-102.66089599973517,2231585.0812311796,0.0,2231585.0812311796,719759.676904622,51.56070321591972,51.56070321591972,37.2436974789916,0.3103538294844235
894.0,-102.35125292176065,2229886.8217553855,0.0,2229886.8217553855,720629.8185291191,51.52146519668541,51.52146519668541,36.78991596638655,0.13617489642711933
895.0,-102.042615015888,2228185.97831532,0.0,2228185.97831532,725191.7709406036,51.48216747552375,51.48216747552375,36.78991596638655,0.24875723380377965
896.0,-101.73456790874434,2226473.8206617427,0.0,2226473.8206617427,733503.694059707,51.442608341396436,51.442608341396436,36.33613445378152,0.18376257448322536
897.0,-101.42669722695668,2224741.5400336487,0.0,2224741.5400336487,745624.1952821142,51.402584269266576,51.402584269266576,36.33613445378152,0.1866769914908912
898.0,-101.11858859715204,2222980.248938437,0.0,2222980.248938437,761612.331356293,51.361889915019624,51.361889915019624,35.88235294117648,0.25045012843296294
899.0,-100.80982764595745,2221180.9809320797,0.0,2221180.9809320797,781527.6102656352,51.32031811038445,51.32031811038445,35.88235294117648,0.13554446496309167
900.0,-100.5,2219334.69039929,0.0,2219334.69039929,804746.2659438156,51.277659857854346,51.277659857854346,35.42857142857143,0.32758754812138896
901.0,-100.18883939272027,2217435.441619947,0.0,2217435.441619947,827882.6788768504,51.23377801356527,51.23377801356527,35.42857142857143,0.12174599228116366
902.0,-99.8766719848132,2215490.033074965,0.0,2215490.033074965,847478.2683721461,51.188829655365936,51.188829655365936,35.42857142857143,0.2917067757033658
903.0,-99.5639720437874,2213508.5287469514,0.0,2213508.5287469514,862781.5462687727,51.1430473100046,51.1430473100046,34.97478991596638,0.16139092823506368
904.0,-99.2512138371514,2211501.0832287087,0.0,2211501.0832287087,873724.2317431555,51.09666559775948,51.09666559775948,34.97478991596638,0.21550768340753856
905.0,-98.93887163241374,2209477.941974842,0.0,2209477.941974842,880237.5219702218,51.049921238252004,51.049921238252004,34.52100840336135,0.23411633617007854
906.0,-98.62741969708297,2207449.4415533687,0.0,2207449.4415533687,882252.0899523781,51.00305305625987,51.00305305625987,34.52100840336135,0.1473011146165533
907.0,-98.31733229866768,2205426.009897322,0.0,2205426.009897322,879698.0823444285,50.95630198753021,50.95630198753021,34.06722689075631,0.3248556979280323
908.0,-98.00908370467637,2203418.1665563583,0.0,2203418.1665563583,872505.1172735599,50.909911084592856,50.909911084592856,34.06722689075631,0.12118528113259205
909.0,-97.70314818261764,2201436.5229483657,0.0,2201436.5229483657,860602.2821561652,50.86412552257372,50.86412552257372,34.06722689075631,0.29413317377589004
910.0,-97.4,2199491.7826110697,0.0,2199491.7826110697,844526.8652934502,50.81919260500808,50.81919260500808,33.61344537815126,0.1769738377913378
911.0,-97.09998726363709,2197591.964109425,0.0,2197591.964109425,827274.6809460623,50.77529759955619,50.77529759955619,33.61344537815126,0.1940069062444351
912.0,-96.80295343756256,2195734.0204489892,0.0,2195734.0204489892,811905.6484153364,50.7323701058803,50.7323701058803,33.15966386554622,0.2824408702412605
913.0,-96.50861582511523,2193912.0857696664,0.0,2193912.0857696664,799069.1004177879,50.69027459420073,50.69027459420073,33.15966386554622,0.12236883591330187
914.0,-96.21669172963381,2192120.2403586265,0.0,2192120.2403586265,788805.9480241473,50.648874290481665,50.648874290481665,33.15966386554622,0.3268165754122597
915.0,-95.92689845445709,2190352.510500328,0.0,2190352.510500328,781157.415740335,50.608031172965866,50.608031172965866,32.70588235294118,0.1669083385105383
916.0,-95.63895330292378,2188602.8683265448,0.0,2188602.8683265448,776165.0428079844,50.56760596870945,50.56760596870945,32.70588235294118,0.2015428535818645
917.0,-95.35257357837267,2186865.2316663903,0.0,2186865.2316663903,773870.6845072963,50.52745815011686,50.52745815011686,32.25210084033614,0.2922682542060745
918.0,-95.06747658414251,2185133.4638963416,0.0,2185133.4638963416,774316.5134631139,50.4874459314755,50.4874459314755,32.25210084033614,0.12040513091927656
919.0,-94.78337962357203,2183401.373790264,0.0,2183401.373790264,777545.0209518484,50.44742626549069,50.44742626549069,32.25210084033614,0.31137284027974454
920.0,-94.5,2181662.7153694388,0.0,2181662.7153694388,783314.0385340586,50.40725483982062,50.40725483982062,31.798319327731093,0.1930132215867494
921.0,-94.21711155273145,2179912.4598282953,0.0,2179912.4598282953,790230.6287371877,50.366815464717426,50.366815464717426,31.798319327731093,0.17363604348740783
922.0,-93.93471426493655,2178150.6337226136,0.0,2178150.6337226136,796872.2453504541,50.326108753752294,50.326108753752294,31.34453781512605,0.34215780681272834
923.0,-93.6528646557517,2176378.5413676924,0.0,2176378.5413676924,802945.0641312106,50.28516484292592,50.28516484292592,31.34453781512605,0.1279803213971272
924.0,-93.37161924431335,2174597.498311386,0.0,2174597.498311386,808440.174698747,50.24401412776494,50.24401412776494,31.34453781512605,0.26185046189544037
925.0,-93.09103454975795,2172808.8313640878,0.0,2172808.8313640878,813348.6005908148,50.20268726401455,50.20268726401455,30.890756302521012,0.25322070365543387
926.0,-92.8111670912219,2171013.87862871,0.0,2171013.87862871,817661.2989966309,50.1612151683313,50.1612151683313,30.890756302521012,0.1312955653779499
927.0,-92.53207338784166,2169213.9895306733,0.0,2169213.9895306733,821369.1604899765,50.119629018975886,50.119629018975886,30.890756302521012,0.35182410259779145
928.0,-92.25380995875364,2167410.52484789,0.0,2167410.52484789,824463.0087616876,50.07796025650592,50.07796025650592,30.436974789915972,0.1808098863148407
929.0,-91.97643332309427,2165604.856740746,0.0,2165604.856740746,826933.6003515135,50.03624058446871,50.03624058446871,30.436974789915972,0.1851551661105304
930.0,-91.7,2163798.3687820886,0.0,2163798.3687820886,828771.5357971619,49.994501970093935,49.994501970093935,29.983193277310928,0.3541908631656532
931.0,-91.42456652543711,2161992.456374152,0.0,2161992.456374152,829966.9901813455,49.9527766539269,49.9527766539269,29.983193277310928,0.13343631623328384
932.0,-91.15018950269126,2160188.5279460293,0.0,2160188.5279460293,830510.061425775,49.911097177495634,49.911097177495634,29.983193277310928,0.2484598039513002
933.0,-90.87692555187796,2158388.003834492,0.0,2158388.003834492,830391.1300143925,49.869496357452604,49.869496357452604,29.52941176470588,0.29342058040981256
934.0,-90.60483129311275,2156592.315928745,0.0,2156592.315928745,829600.5963972834,49.82800727736675,49.82800727736675,29.52941176470588,0.12017836180373562
935.0,-90.33396334651114,2154802.9077004623,0.0,2154802.9077004623,828128.792136354,49.78666328841744,49.78666328841744,29.52941176470588,0.3062652022589108
936.0,-90.06437833218862,2153021.234233825,0.0,2153021.234233825,825965.9796329846,49.74549801008852,49.74549801008852,29.075630252100844,0.24631549758901425
937.0,-89.79613287026073,2151248.762255565,0.0,2151248.762255565,823102.3518561862,49.704545330862416,49.704545330862416,29.075630252100844,0.13339746769196775
938.0,-89.52928358084299,2149486.970164992,0.0,2149486.970164992,819528.0320698401,49.66383940891397,49.66383940891397,29.075630252100844,0.35345759105774605
939.0,-89.26388708405091,2147737.3480640445,0.0,2147737.3480640445,815233.073559453,49.6234146728047,49.6234146728047,28.621848739495803,0.21342097656707304
940.0,-89.0,2146001.3977873144,0.0,2146001.3977873144,810518.4095426043,49.58330582217653,49.58330582217653,28.621848739495803,0.153421845636859
941.0,-88.73762234552011,2144279.3034277246,0.0,2144279.3034277246,806940.6333087916,49.543517110462645,49.543517110462645,28.621848739495803,0.3874793415474847
942.0,-88.47652772429844,2142565.9202356217,0.0,2142565.9202356217,806088.2270529568,49.50392966905098,49.50392966905098,28.16806722689076,0.1943601743478444
943.0,-88.21643313673643,2140854.7234996576,0.0,2140854.7234996576,808318.095811586,49.464392745540295,49.464392745540295,28.16806722689076,0.16838344169715985
944.0,-87.95705558323561,2139139.1322555803,0.0,2139139.1322555803,813676.5317290875,49.42475428781789,49.42475428781789,28.16806722689076,0.40834048989669697
945.0,-87.69811206419752,2137412.5091360966,0.0,2137412.5091360966,822210.1655913463,49.38486094059092,49.38486094059092,27.714285714285715,0.18625180407205097
946.0,-87.43931958002364,2135668.160220735,0.0,2135668.160220735,833965.9681761606,49.34455804191739,49.34455804191739,27.714285714285715,0.17602956974831435
947.0,-87.18039513111542,2133899.334885711,0.0,2133899.334885711,848991.2516055049,49.30368961973759,49.30368961973759,27.714285714285715,0.41919758714899513
948.0,-86.92105571787441,2132099.225653792,0.0,2132099.225653792,867333.6707016696,49.26209838840532,49.26209838840532,27.260504201680675,0.18541534045457433
949.0,-86.6610183407021,2130260.968044158,0.0,2130260.968044158,889041.2243455983,49.219625745219126,49.219625745219126,27.260504201680675,0.1779854542933618
950.0,-86.4,2128377.640422272,0.0,2128377.640422272,913437.8766069551,49.17611176695377,49.17611176695377,27.260504201680675,0.4237039797177474
951.0,-86.13784409248242,2126445.296094956,0.0,2126445.296094956,936922.9190235797,49.131465265923296,49.131465265923296,26.806722689075634,0.18879506308586766
952.0,-85.87489960011506,2124472.110938443,0.0,2124472.110938443,955822.3275531143,49.0858751444343,49.0858751444343,26.806722689075634,0.17655155973738337
953.0,-85.61164190117633,2122469.376018015,0.0,2122469.376018015,969331.618216575,49.03960228072429,49.03960228072429,26.806722689075634,0.4238472095337689
954.0,-85.34854637394474,2120448.4783355054,0.0,2120448.4783355054,977370.1061960991,48.99290976962356,48.99290976962356,26.35294117647059,0.19676411049085124
955.0,-85.08608839669877,2118420.901081482,0.0,2118420.901081482,979856.523312208,48.946062928381544,48.946062928381544,26.35294117647059,0.16960321965953085
956.0,-84.8247433477169,2116398.223887452,0.0,2116398.223887452,976709.0157257555,48.899329302493776,48.899329302493776,26.35294117647059,0.41435793269481713
957.0,-84.56498660527761,2114392.12307805,0.0,2114392.12307805,967845.1416363143,48.8529786715285,48.8529786715285,25.899159663865547,0.21532281151682992
958.0,-84.30729354765938,2112414.3719232436,0.0,2112414.3719232436,953181.8689765087,48.80728305495385,48.80728305495385,25.899159663865547,0.15310111504860655
959.0,-84.05213955314069,2110476.8408905203,0.0,2110476.8408905203,932635.5731024706,48.76251671796466,48.76251671796466,25.899159663865547,0.3880970293902694
960.0,-83.8,2108591.4978970876,0.0,2108591.4978970876,907012.3755240805,48.71895617730963,48.71895617730963,25.445378151260506,0.2522918700383814
961.0,-83.55120128455015,2106766.7589277104,0.0,2106766.7589277104,880712.610519219,48.67679588291599,48.67679588291599,25.445378151260506,0.12908270495649984
962.0,-83.30547387524139,2104996.478588271,0.0,2104996.478588271,858225.6044512781,48.63589384644086,48.63589384644086,25.445378151260506,0.3388225549313118
963.0,-83.06239925855827,2103270.7926554093,0.0,2103270.7926554093,840513.1647971704,48.59602215660666,48.59602215660666,24.991596638655462,0.3146730639716922
964.0,-82.82155892098541,2101579.7523136837,0.0,2101579.7523136837,827647.2754413291,48.55695094765459,48.55695094765459,24.991596638655462,0.12265719752486474
965.0,-82.58253434900737,2099913.323933536,0.0,2099913.323933536,819700.4397530763,48.518448394214445,48.518448394214445,24.991596638655462,0.26886705675806133
966.0,-82.34490702910875,2098261.388849267,0.0,2098261.388849267,816745.6826221588,48.480280706174526,48.480280706174526,24.537815126050422,0.40055004379810416
967.0,-82.1082584477741,2096613.7431370032,0.0,2096613.7431370032,818856.552498014,48.4422121235517,48.4422121235517,24.537815126050422,0.16873132649499187
968.0,-81.87217009148806,2094960.0973926787,0.0,2094960.0973926787,826107.123433525,48.4040049113616,48.4040049113616,24.537815126050422,0.18907564130356783
969.0,-81.63622344673516,2093290.0765099938,0.0,2093290.0765099938,838571.9971313371,48.36541935448853,48.36541935448853,24.537815126050422,0.42940101825439314
970.0,-81.4,2091593.2194583965,0.0,2091593.2194583965,855893.1866185381,48.32621375255589,48.32621375255589,24.08403361344538,0.25598636205439673
971.0,-81.16315076931696,2089860.7180196806,0.0,2089860.7180196806,875964.6610398999,48.28618459314806,48.28618459314806,24.08403361344538,0.12630422006098788
972.0,-80.9256048989194,2088090.6621109191,0.0,2088090.6621109191,896637.7923865094,48.245287744128206,48.245287744128206,24.08403361344538,0.3294877744519603
973.0,-80.68736106459056,2086282.87295701,0.0,2086282.87295701,917480.3827774571,48.20351907494134,48.20351907494134,23.630252100840337,0.3632272389073006
974.0,-80.44841794211362,2084437.1712875436,0.0,2084437.1712875436,938493.3562424049,48.16087444358899,48.16087444358899,23.630252100840337,0.14193294516327334
975.0,-80.20877420727174,2082553.3773360979,0.0,2082553.3773360979,959677.6403546468,48.11734969661282,48.11734969661282,23.630252100840337,0.22741886924326127
976.0,-79.96842853584812,2080631.3108395378,0.0,2080631.3108395378,981034.1662400962,48.07294066907853,48.07294066907853,23.630252100840337,0.47937319198629535
977.0,-79.72737960362595,2078670.7910373146,0.0,2078670.7910373146,1002563.868586721,48.0276431845596,48.0276431845596,23.176470588235297,0.23276222935725926
978.0,-79.48562608638842,2076671.6366707594,0.0,2076671.6366707594,1024267.6856534698,47.98145305512106,47.98145305512106,23.176470588235297,0.1394432277179273
979.0,-79.2431666599187,2074633.665982383,0.0,2074633.665982383,1046146.5592784792,47.934366081303246,47.934366081303246,23.176470588235297,0.3638131979388628
980.0,-79.0,2072556.6967151747,0.0,2072556.6967151747,1067741.583749819,47.886378052105684,47.886378052105684,22.722689075630253,0.35286007586528273
981.0,-78.75619563818208,2070442.3548766917,0.0,2070442.3548766917,1086737.5311574987,47.83752653617986,47.83752653617986,22.722689075630253,0.1341394050649498
982.0,-78.51210652908101,2068299.5305485413,0.0,2068299.5305485413,1100773.854251193,47.788016937395795,47.788016937395795,22.722689075630253,0.24504953222394404
983.0,-78.26815648307948,2066139.0033454024,0.0,2066139.0033454024,1109311.9964630138,47.73809831696453,47.73809831696453,22.268907563025213,0.48931605694831865
984.0,-78.02476931056013,2063971.6412427414,0.0,2063971.6412427414,1112272.7001671742,47.68802177765198,47.68802177765198,22.268907563025213,0.2354588847579335
985.0,-77.78236882190569,2061808.400801647,0.0,2061808.400801647,1109576.1534314344,47.63804046897342,47.63804046897342,22.268907563025213,0.13900674761245013
986.0,-77.54137882749878,2059660.3273936708,0.0,2059660.3273936708,1101141.987902312,47.588409592388224,47.588409592388224,22.268907563025213,0.3639738625491739
987.0,-77.3022231377221,2057538.5554256637,0.0,2057538.5554256637,1086889.2766871592,47.53938640649477,47.53938640649477,21.81512605042017,0.3830465208428433
988.0,-77.06532556295828,2055454.308564615,0.0,2055454.308564615,1066736.532233058,47.4912302322252,47.4912302322252,21.81512605042017,0.15258325027262187
989.0,-76.83110991359004,2053418.8999624937,0.0,2053418.8999624937,1040601.70420184,47.444202458040586,47.444202458040586,21.81512605042017,0.2123631388175189
990.0,-76.6,2051443.73248108,0.0,2051443.73248108,1009435.9882944342,47.39856654512577,47.39856654512577,21.81512605042017,0.46025055684592453
991.0,-76.37226667795478,2049536.3143714236,0.0,2049536.3143714236,978362.9134392183,47.35449597033374,47.35449597033374,21.36134453781513,0.31098545077972234
992.0,-76.14756898475659,2047688.2414983273,0.0,2047688.2414983273,952606.2963925856,47.31179655750786,47.31179655750786,21.36134453781513,0.12223403633578456
993.0,-75.92541300309155,2045887.0383449811,0.0,2045887.0383449811,933292.8884000762,47.27018006191034,47.27018006191034,21.36134453781513,0.2686420648377889
994.0,-75.70530481564579,2044120.126229617,0.0,2044120.126229617,920516.2806437712,47.22935585520137,47.22935585520137,21.36134453781513,0.5183195503262963
995.0,-75.48675050510549,2042374.8230434775,0.0,2042374.8230434775,914370.7176718513,47.18903091938478,47.18903091938478,20.907563025210084,0.2773745262452966
996.0,-75.26925615415674,2040638.3429887854,0.0,2040638.3429887854,914951.0998778008,47.148909840753646,47.148909840753646,20.907563025210084,0.12045618282940454
997.0,-75.05232784548568,2038897.7963167126,0.0,2038897.7963167126,922352.9859839336,47.1086948038361,47.1086948038361,20.907563025210084,0.2974535425101413
998.0,-74.83547166177846,2037140.1890653484,0.0,2037140.1890653484,936672.5955308871,47.06808558534125,47.06808558534125,20.453781512605044,0.5121134000342924
999.0,-74.61819368572118,2035352.4227976678,0.0,2035352.4227976678,958006.8113689256,47.026779548105125,47.026779548105125,20.453781512605044,0.2663443307636997
1000.0,-74.4,2033521.294339503,0.0,2033521.294339503,985461.34136397,46.98447163503695,46.98447163503695,20.453781512605044,0.12244599128199234
1001.0,-74.18053764999884,2031637.2421512394,0.0,2031637.2421512394,1014139.4327036546,46.94094092840271,46.94094092840271,20.453781512605044,0.3127083537579782
1002.0,-73.96001753189269,2029705.6458831576,0.0,2029705.6458831576,1039049.2143391398,46.89631172413257,46.89631172413257,20.0,0.5116682120458775
1003.0,-73.73879150455436,2027735.6912674014,0.0,2027735.6912674014,1059130.0580143132,46.85079625702955,46.85079625702955,20.0,0.2628031936757827
1004.0,-73.51721142685665,2025736.6386275254,0.0,2025736.6386275254,1074312.7009130109,46.804608485313615,46.804608485313615,20.0,0.12406839641314091
1005.0,-73.29562915767235,2023717.823065156,0.0,2023717.823065156,1084527.4030825095,46.75796409493415,46.75796409493415,20.0,0.3215753370661607
1006.0,-73.07439655587429,2021688.6546466628,0.0,2021688.6546466628,1089703.9456459624,46.71108050388274,46.71108050388274,20.0,0.579058140717283
1007.0,-72.8538654803352,2019658.6185898206,0.0,2019658.6185898206,1089771.6290103425,46.66417686650566,46.66417686650566,20.0,0.8442929786932324
1008.0,-72.63438778992794,2017637.275450484,0.0,2017637.275450484,1084659.2710728182,46.6174740778169,46.6174740778169,20.0,1.112325431650851
1009.0,-72.41631534352528,2015634.2613092468,0.0,2015634.2613092468,1074295.2054244003,46.57119477781082,46.57119477781082,20.0,1.3818273998944957
1010.0,-72.2,2013659.287958111,0.0,2013659.287958111,1059419.2492509116,46.52556335577503,46.52556335577503,20.0,1.6521875203583276
1011.0,-71.98568272204992,2011719.1364033453,0.0,2011719.1364033453,1044047.5999266965,46.48073648568817,46.48073648568817,20.0,1.923081335965673
1012.0,-71.7731608876727,2009808.5893936565,0.0,2009808.5893936565,1032273.6017279403,46.43659362383727,46.43659362383727,20.0,2.19454658445123
1013.0,-71.56212097869104,2007919.3681871006,0.0,2007919.3681871006,1024972.0427320123,46.39294349129544,46.39294349129544,20.0,2.4667308172096325
1014.0,-71.35224947692761,2006043.1271844544,0.0,2006043.1271844544,1022206.1717562584,46.349593264414644,46.349593264414644,20.0,2.7398030208896347
1015.0,-71.1432328642051,2004171.4537628875,0.0,2004171.4537628875,1024039.6696645704,46.30634857098286,46.30634857098286,20.0,3.0139446795459253
1016.0,-70.93475762234618,2002295.868109638,0.0,2002295.868109638,1030536.6509735149,46.26301348638103,46.26301348638103,20.0,3.2893452706626687
1017.0,-70.72651023317353,2000407.8230556843,0.0,2000407.8230556843,1041761.6654609698,46.219390529740224,46.219390529740224,20.0,3.5661998265904766
1018.0,-70.51817717850983,1998498.7039094195,0.0,1998498.7039094195,1057779.699778399,46.175280660098906,46.175280660098906,20.0,3.844707535998827
1019.0,-70.30944494017776,1996559.8282903237,0.0,1996559.8282903237,1078656.1790646845,46.13048327256011,46.13048327256011,20.0,4.125070903096249
1020.0,-70.1,1994582.445962639,0.0,1994582.445962639,1103675.3786720717,46.08479619444881,46.08479619444881,20.0,4.407495222009005
1021.0,-69.88963146180151,1992560.57633225,0.0,1992560.57633225,1128968.0254802385,46.03808124518822,46.03808124518822,20.0,4.692122694739938
1022.0,-69.6785389174165,1990499.5657605315,0.0,1990499.5657605315,1150591.294832579,45.990461951557194,45.990461951557194,20.0,4.978834531345369
1023.0,-69.46702458068148,1988407.652413843,0.0,1988407.652413843,1167700.7575115887,45.942128654986035,45.942128654986035,20.0,5.267445598481641
1024.0,-69.25539066543288,1986293.1398669458,0.0,1986293.1398669458,1180233.148986113,45.89327320814985,45.89327320814985,20.0,5.55776960291296
1025.0,-69.04393938550722,1984164.3972633407,0.0,1984164.3972633407,1188124.7779553493,45.84408897867271,45.84408897867271,20.0,5.849619020366243
1026.0,-68.83297295474098,1982029.8594755922,0.0,1982029.8594755922,1191311.5247832655,45.79477085283183,45.79477085283183,20.0,6.142805041895805
1027.0,-68.62279358697064,1979898.0272656586,0.0,1979898.0272656586,1189728.8399277353,45.7455152392617,45.7455152392617,20.0,6.4371375327087295
1028.0,-68.41370349603271,1977777.4674452234,0.0,1977777.4674452234,1183311.7423683,45.69652007265847,45.69652007265847,20.0,6.7324250000002515
1029.0,-68.20600489576368,1975676.8130360225,0.0,1975676.8130360225,1171994.8180326188,45.64798481748416,45.64798481748416,20.0,7.028474567399281
1030.0,-68.0,1973604.7634301735,0.0,1973604.7634301735,1156500.9155867067,45.60011047167111,45.60011047167111,20.0,7.325091954328195
1031.0,-67.795891430744,1971567.2764674923,0.0,1971567.2764674923,1140734.847722489,45.5530346900574,45.5530346900574,20.0,7.622146331513823
1032.0,-67.59348344266121,1969559.1007472423,0.0,1969559.1007472423,1128674.9279596582,45.5066361399283,45.5066361399283,20.0,7.919765936207462
1033.0,-67.39248069858306,1967572.1235956764,0.0,1967572.1235956764,1121172.622056631,45.46072737935896,45.46072737935896,20.0,8.218145215505746
1034.0,-67.19258786134085,1965598.1681083348,0.0,1965598.1681083348,1118291.1201081676,45.41511948239047,45.41511948239047,20.0,8.517480200645263
1035.0,-66.993509593766,1963628.9929933671,0.0,1963628.9929933671,1120094.0354541484,45.36962203540986,45.36962203540986,20.0,8.817968503036214
1036.0,-66.79495055868988,1961656.2924148515,0.0,1961656.2924148515,1126645.4062241137,45.324043133529976,45.324043133529976,20.0,9.119809311931434
1037.0,-66.59661541894384,1959671.695836109,0.0,1959671.695836109,1138009.696882033,45.27818937696944,45.27818937696944,20.0,9.42320339335974
1038.0,-66.39820883735925,1957666.7678630278,0.0,1957666.7678630278,1154251.7997739015,45.23186586743281,45.23186586743281,20.0,9.728353090044044
1039.0,-66.19943547676753,1955633.0080873792,0.0,1955633.0080873792,1175437.0366796607,45.1848762044906,45.1848762044906,20.0,10.0354623220952
1040.0,-66.0,1953561.850930134,0.0,1953561.850930134,1200843.0469137032,45.137022481959455,45.137022481959455,20.0,10.344736588321233
1041.0,-65.79970281522249,1951447.4177352972,0.0,1951447.4177352972,1226568.1239239173,45.08816887454671,45.08816887454671,20.0,10.656319381570789
1042.0,-65.5987273119386,1949294.8156867074,0.0,1949294.8156867074,1248637.825890649,45.03843338286029,45.03843338286029,20.0,10.970100451952357
1043.0,-65.39735262498634,1947111.9551004032,0.0,1947111.9551004032,1266202.5208585479,44.98799877338066,44.98799877338066,20.0,11.285904851688594
1044.0,-65.19585788920372,1944906.8078874482,0.0,1944906.8078874482,1279200.2820722007,44.93704923572506,44.93704923572506,20.0,11.603556273599906
1045.0,-64.99452223942876,1942687.4077020218,0.0,1942687.4077020218,1287568.7730511525,44.88577038606882,44.88577038606882,20.0,11.922877047788258
1046.0,-64.79362481049952,1940461.850089499,0.0,1940461.850089499,1291245.2461149276,44.834349270566484,44.834349270566484,20.0,12.243688138367258
1047.0,-64.593444737254,1938238.29263454,0.0,1938238.29263454,1290166.540904631,44.78297436877326,44.78297436877326,20.0,12.565809140234945
1048.0,-64.39426115453024,1936024.955109173,0.0,1936024.955109173,1284269.0829022978,44.73183559706629,44.73183559706629,20.0,12.889058275885052
1049.0,-64.19635319716622,1933830.1196208806,0.0,1933830.1196208806,1273488.8819478878,44.68112431206609,44.68112431206609,20.0,13.213252392254011
1050.0,-64.0,1931662.1307606893,0.0,1931662.1307606893,1258474.722564518,44.631033314058094,44.631033314058094,20.0,13.538206957600357
1051.0,-63.80539730836602,1929526.9524011393,0.0,1929526.9524011393,1242752.2290326094,44.581700397243985,44.581700397243985,20.0,13.8637925096739
1052.0,-63.612407309584384,1927420.8005797744,0.0,1927420.8005797744,1229912.1848836641,44.533038133827354,44.533038133827354,20.0,14.190104867002823
1053.0,-63.42080880147164,1925337.408453131,0.0,1925337.408453131,1220717.3461944642,44.48490172949107,44.48490172949107,20.0,14.517297280674285
1054.0,-63.23038058184431,1923270.4602392009,0.0,1923270.4602392009,1215217.6046858276,44.437145259206304,44.437145259206304,20.0,14.845524200723933
1055.0,-63.04090144851892,1921213.5911000776,0.0,1921213.5911000776,1213463.1807073683,44.38962166452105,44.38962166452105,20.0,15.174941279003965
1056.0,-62.85215019931203,1919160.3870246094,0.0,1919160.3870246094,1215504.6244147292,44.342182750848835,44.342182750848835,20.0,15.505705372116234
1057.0,-62.66390563204016,1917104.384711042,0.0,1917104.384711042,1221392.8169488222,44.29467918475727,44.29467918475727,20.0,15.837974544400717
1058.0,-62.47594654451984,1915039.0714496735,0.0,1915039.0714496735,1231178.9716159601,44.24696049125688,44.24696049125688,20.0,16.171908070972332
1059.0,-62.28805173456761,1912957.8850054976,0.0,1912957.8850054976,1244914.6350704911,44.19887505108971,44.19887505108971,20.0,16.5076664408002
1060.0,-62.1,1910854.2135008548,0.0,1910854.2135008548,1262315.7972566965,44.15027009801819,44.15027009801819,20.0,16.845411359823988
1061.0,-61.91160795131343,1908722.5244103,0.0,1908722.5244103,1281743.7932892647,44.10101780404903,44.10101780404903,20.0,17.185279666707963
1062.0,-61.72284344972387,1906561.76881507,0.0,1906561.76881507,1301529.702367373,44.051093934120104,44.051093934120104,20.0,17.527304680049493
1063.0,-61.533712169127135,1904372.0238147744,0.0,1904372.0238147744,1321336.77145597,44.00050026962235,44.00050026962235,20.0,17.87149377343064
1064.0,-61.34421978341908,1902153.367670965,0.0,1902153.367670965,1341164.1312299345,43.94923861879349,43.94923861879349,20.0,18.217854365016862
1065.0,-61.15437196649554,1899905.8798101395,0.0,1899905.8798101395,1361010.904802321,43.89731081678738,43.89731081678738,20.0,18.56639391808383
1066.0,-60.96417439225237,1897629.6408267582,0.0,1897629.6408267582,1380876.2076950173,43.84471872574374,43.84471872574374,20.0,18.917119941557043
1067.0,-60.77363273458538,1895324.7324862478,0.0,1895324.7324862478,1400759.1478086733,43.79146423485752,43.79146423485752,20.0,19.270039990563998
1068.0,-60.58275266739043,1892991.2377280155,0.0,1892991.2377280155,1420658.8253936416,43.73754926044865,43.73754926044865,20.0,19.625161666997858
1069.0,-60.391539864563356,1890629.2406684589,0.0,1890629.2406684589,1440574.3330207358,43.68297574603141,43.68297574603141,20.0,19.982492620092927
1070.0,-60.2,1888238.8266039735,0.0,1888238.8266039735,1460208.3390923718,43.62774566238408,43.62774566238408,20.0,20.34204054701137
1071.0,-60.00817088638025,1885821.0598752794,0.0,1885821.0598752794,1478067.8500017412,43.57188360092654,43.57188360092654,20.0,20.70379060042644
1072.0,-59.81621889152016,1883380.9320697573,0.0,1883380.9320697573,1492633.120620319,43.51550489139809,43.51550489139809,20.0,21.06763727230255
1073.0,-59.62434252201984,1880924.4540634954,0.0,1880924.4540634954,1503559.8071890045,43.45874841401374,43.45874841401374,20.0,21.433451581382613
1074.0,-59.432740284479394,1878457.681914021,0.0,1878457.681914021,1510799.674230872,43.40175409289219,43.40175409289219,20.0,21.801103580168792
1075.0,-59.24161068549892,1875986.71696561,0.0,1875986.71696561,1514304.177012654,43.34466289848865,43.34466289848865,20.0,22.170462353226128
1076.0,-59.05115223167855,1873517.705954601,0.0,1873517.705954601,1514024.4604647628,43.28761685002805,43.28761685002805,20.0,22.541396015493277
1077.0,-58.86156342961836,1871056.8411147015,0.0,1871056.8411147015,1509911.358098283,43.230759017937956,43.230759017937956,20.0,22.91377171060139
1078.0,-58.67304278591846,1868610.3602823033,0.0,1868610.3602823033,1501915.3909203103,43.17423352628183,43.17423352628183,20.0,23.287455609200023
1079.0,-58.48578880717898,1866184.5470017921,0.0,1866184.5470017921,1489986.7663493194,43.11818555519209,43.11818555519209,20.0,23.662312907291593
1080.0,-58.3,1863785.7306308574,0.0,1863785.7306308574,1474710.6938849622,43.06276134330333,43.06276134330333,20.0,24.0382078245737
1081.0,-58.11580850316557,1861418.229239741,0.0,1861418.229239741,1459234.54422181,43.00806065881775,43.00806065881775,20.0,24.41505113376851
1082.0,-57.9330809841955,1859078.1476353367,0.0,1859078.1476353367,1446762.1580601314,42.953993503996536,42.953993503996536,20.0,24.792943455893916
1083.0,-57.75161774279351,1856759.4956793494,0.0,1856759.4956793494,1437977.5653386558,42.90042147778214,42.90042147778214,20.0,25.172033899831206
1084.0,-57.571219078663354,1854456.2377832234,0.0,1854456.2377832234,1432929.792032114,42.847205129002596,42.847205129002596,20.0,25.5524727103182
1085.0,-57.39168529150876,1852162.2928022007,0.0,1852162.2928022007,1431668.178001,42.794203953923734,42.794203953923734,20.0,25.93441127118157
1086.0,-57.212816681033466,1849871.5339293731,0.0,1849871.5339293731,1434242.378084579,42.741276393801314,42.741276393801314,20.0,26.318002108582434
1087.0,-57.034413546941195,1847577.7885897395,0.0,1847577.7885897395,1440702.3631948403,42.688279832433274,42.688279832433274,20.0,26.703398894274553
1088.0,-56.85627618893571,1845274.838334263,0.0,1845274.838334263,1451098.4214133434,42.63507059371211,42.63507059371211,20.0,27.090756448874256
1089.0,-56.67820490672073,1842956.4187339246,0.0,1842956.4187339246,1465481.1590893278,42.58150393917707,42.58150393917707,20.0,27.480230745143455
1090.0,-56.5,1840616.2192737781,0.0,1840616.2192737781,1483570.438376243,42.52743406556654,42.52743406556654,20.0,27.87197891128372
1091.0,-56.321495100957456,1838248.9356595448,0.0,1838248.9356595448,1503751.2367065267,42.47273841816623,42.47273841816623,20.0,28.266134918569417
1092.0,-56.142657171697834,1835853.4423904421,0.0,1835853.4423904421,1524379.534423853,42.41739099251179,42.41739099251179,20.0,28.662736280833464
1093.0,-55.96348650680609,1833429.6624854286,0.0,1833429.6624854286,1545124.6491866007,42.36139000999329,42.36139000999329,20.0,29.06179637929921
1094.0,-55.78398340086718,1830977.5189258163,0.0,1830977.5189258163,1565986.9627818128,42.304733691131446,42.304733691131446,20.0,29.46332869007432
1095.0,-55.60414814846603,1828496.9346554214,0.0,1828496.9346554214,1586966.8575616395,42.24742025558115,42.24742025558115,20.0,29.867346785062775
1096.0,-55.4239810441876,1825987.8325807261,0.0,1825987.8325807261,1608064.7164428802,42.189447922135194,42.189447922135194,20.0,30.273864332887715
1097.0,-55.24348238261683,1823450.1355710318,0.0,1823450.1355710318,1629280.9229067673,42.13081490872785,42.13081490872785,20.0,30.682895099825302
1098.0,-55.06265245833868,1820883.7664586161,0.0,1820883.7664586161,1650615.8609983756,42.071519432438485,42.071519432438485,20.0,31.094452950749872
1099.0,-54.88149156593809,1818288.648038888,0.0,1818288.648038888,1672069.9153260335,42.01155970949515,42.01155970949515,20.0,31.50855185009046
1100.0,-54.7,1815664.7030705463,0.0,1815664.7030705463,1693303.1248849756,41.950933955278295,41.950933955278295,20.0,31.925205862798105
1101.0,-54.518211093004616,1813012.916597039,0.0,1813012.916597039,1712602.9890394444,41.88966492905751,41.88966492905751,20.0,32.34440461066067
1102.0,-54.33629032901317,1810338.5383555554,0.0,1810338.5383555554,1728227.14249458,41.827873925044294,41.827873925044294,20.0,32.76603928241309
1103.0,-54.15443622998212,1807647.9228892066,0.0,1807647.9228892066,1739783.1583450888,41.765707763776376,41.765707763776376,20.0,33.18997564309513
1104.0,-53.97284731786795,1804947.4711870146,0.0,1804947.4711870146,1747218.630177068,41.70331433890845,41.70331433890845,20.0,33.61607848820848
1105.0,-53.79172211462713,1802243.6307892287,0.0,1802243.6307892287,1750480.8247825722,41.64084261964532,41.64084261964532,20.0,34.044211642320604
1106.0,-53.61125914221615,1799542.8958926487,0.0,1799542.8958926487,1749516.6810492363,41.5784426531752,41.5784426531752,20.0,34.474237957680494
1107.0,-53.43165692259146,1796851.807455939,0.0,1796851.807455939,1744272.8088470248,41.516265567102835,41.516265567102835,20.0,34.90601931284648
1108.0,-53.25311397770956,1794176.953304953,0.0,1794176.953304953,1734695.4879138358,41.4544635718828,41.4544635718828,20.0,35.33941661132585
1109.0,-53.07582882952691,1791524.9682380473,0.0,1791524.9682380473,1720730.6667399523,41.393189963252844,41.393189963252844,20.0,35.77428978022758
1110.0,-52.9,1788902.5341314056,0.0,1788902.5341314056,1703023.4253148055,41.33259912466724,41.33259912466724,20.0,36.210497768926835
1111.0,-52.72576052702407,1786314.2360057286,0.0,1786314.2360057286,1685039.085003275,41.27279699212865,41.27279699212865,20.0,36.64794808528813
1112.0,-52.5529815122495,1783756.09912454,0.0,1783756.09912454,1670303.454263748,41.21369173008787,41.21369173008787,20.0,37.08674612077479
1113.0,-52.38146857326544,1781221.9670620856,0.0,1781221.9670620856,1659567.4578418816,41.15514109548881,41.15514109548881,20.0,37.52704778779967
1114.0,-52.211027327661036,1778705.637926474,0.0,1778705.637926474,1652882.8781816708,41.09700179479598,41.09700179479598,20.0,37.96901016390776
1115.0,-52.04146339302545,1776200.8642565524,0.0,1776200.8642565524,1650301.8203825322,41.0391294816118,41.0391294816118,20.0,38.4127914953132
1116.0,-51.87258238694783,1773701.3529187844,0.0,1773701.3529187844,1651876.7132923047,40.981378754294,40.981378754294,20.0,38.858551200450975
1117.0,-51.70418992701732,1771200.7650041247,0.0,1771200.7650041247,1657660.3106016642,40.923603153573005,40.923603153573005,20.0,39.306449873542896
1118.0,-51.53609163082308,1768692.7157249015,0.0,1768692.7157249015,1667705.6919414003,40.86565516016962,40.86565516016962,20.0,39.756649288178565
1119.0,-51.36809311595426,1766170.7743116855,0.0,1766170.7743116855,1682066.263980576,40.80738619241226,40.80738619241226,20.0,40.209312400911415
1120.0,-51.2,1763628.4639101736,0.0,1763628.4639101736,1700475.8109509384,40.748646603854816,40.748646603854816,20.0,40.66460335486948
1121.0,-51.031646798899104,1761060.2247594045,0.0,1761060.2247594045,1721378.3445865777,40.689307937322184,40.689307937322184,20.0,41.1226652269514
1122.0,-50.86298362198883,1758464.3176876693,0.0,1758464.3176876693,1743190.6354755415,40.629330009616794,40.629330009616794,20.0,41.583552944354594
1123.0,-50.69398947695613,1755839.9582780523,0.0,1755839.9582780523,1765599.0243021336,40.568694696966865,40.568694696966865,20.0,42.047299500375196
1124.0,-50.524643371487905,1753186.3570101047,0.0,1753186.3570101047,1788609.839075738,40.507383757685965,40.507383757685965,20.0,42.51393813303953
1125.0,-50.35492431327107,1750502.7192487079,0.0,1750502.7192487079,1812229.444676102,40.44537883191569,40.44537883191569,20.0,42.98350232666976
1126.0,-50.184811309992554,1747788.2452329393,0.0,1747788.2452329393,1836464.2429750771,40.38266144136856,40.38266144136856,20.0,43.456025813466646
1127.0,-50.01428336933927,1745042.130064934,0.0,1745042.130064934,1861320.67295686,40.319212989070664,40.319212989070664,20.0,43.931542575107656
1128.0,-49.843319498998135,1742263.5636987474,0.0,1742263.5636987474,1886805.21083914,40.2550147591044,40.2550147591044,20.0,44.410086844362105
1129.0,-49.67189870665607,1739451.7309292206,0.0,1739451.7309292206,1912924.3701945674,40.19004791635127,40.19004791635127,20.0,44.891693106722656
1130.0,-49.5,1736605.81138084,0.0,1736605.81138084,1939112.340049855,40.1242935062346,40.1242935062346,20.0,45.37639610205388
1131.0,-49.32765227737955,1733726.6723266705,0.0,1733726.6723266705,1962495.6374874045,40.05777156696639,40.05777156696639,20.0,45.86419171371196
1132.0,-49.15508399979517,1730821.9711260851,0.0,1730821.9711260851,1980151.9332617032,39.990659020357946,39.990659020357946,20.0,46.354919079007246
1133.0,-48.98257351891005,1727901.118722566,0.0,1727901.118722566,1991429.6583000473,39.9231733044235,39.9231733044235,20.0,46.84837695812143
1134.0,-48.810399186387365,1724973.5929430309,0.0,1724973.5929430309,1996249.123706621,39.85553340249292,39.85553340249292,20.0,47.3443627064932
1135.0,-48.638839353890276,1722048.9386455084,0.0,1722048.9386455084,1994530.1571418406,39.78795984662329,39.78795984662329,20.0,47.84267227288947
1136.0,-48.46817237308197,1719136.767866804,0.0,1719136.767866804,1986192.101223172,39.72067472101037,39.72067472101037,20.0,48.34310019749443
1137.0,-48.298676595625615,1716246.7599701732,0.0,1716246.7599701732,1971153.8119227076,39.65390166540042,39.65390166540042,20.0,48.84543961001688
1138.0,-48.13063037318438,1713388.66179299,0.0,1713388.66179299,1949333.6569619398,39.58786587850185,39.58786587850185,20.0,49.3494822278168
1139.0,-47.96431205742145,1710572.2877944168,0.0,1710572.2877944168,1920649.5142052174,39.522794121397254,39.522794121397254,20.0,49.85501835405055
1140.0,-47.8,1707807.5202030765,0.0,1707807.5202030765,1886545.3813333395,39.458914720955434,39.458914720955434,20.0,50.361836875835465
1141.0,-47.63784409158272,1705099.872961118,0.0,1705099.872961118,1854619.4873836357,39.39635507565173,39.39635507565173,20.0,50.86982776021637
1142.0,-47.477480378830485,1702437.1210258848,0.0,1702437.1210258848,1832598.8011274284,39.3348327282851,39.3348327282851,20.0,51.37929098369519
1143.0,-47.318416447403656,1699802.5000327842,0.0,1699802.5000327842,1822152.8459213385,39.273960341554194,39.273960341554194,20.0,51.89063155782113
1144.0,-47.160159882962645,1697179.1266993028,0.0,1697179.1266993028,1823425.398057193,39.213347830605706,39.213347830605706,20.0,52.404257398115945
1145.0,-47.00221827116781,1694549.9985637707,0.0,1694549.9985637707,1836561.1008913012,39.15260235699859,39.15260235699859,20.0,52.92057933178017
1146.0,-46.84409919767956,1691897.9937241285,0.0,1691897.9937241285,1861705.46769487,39.09132832266872,39.09132832266872,20.0,53.44001110542093
1147.0,-46.68531024815827,1689205.870576694,0.0,1689205.870576694,1899004.8845093537,39.029127363893934,39.029127363893934,20.0,53.96296939280136
1148.0,-46.525359008264324,1686456.2675549265,0.0,1686456.2675549265,1948606.6130051177,38.96559834525945,38.96559834525945,20.0,54.48987380261283
1149.0,-46.36375306365811,1683631.7028681957,0.0,1683631.7028681957,2010658.7933448388,38.90033735362379,38.90033735362379,20.0,55.02114688626859
1150.0,-46.2,1680714.5742405432,0.0,1680714.5742405432,2083292.7805188848,38.83293769208498,38.83293769208498,20.0,55.5572141457214
1151.0,-46.03377135628955,1677692.9202055514,0.0,1677692.9202055514,2156506.894291125,38.763122993521755,38.763122993521755,20.0,56.09837092139525
1152.0,-45.86539448488289,1674577.7846393196,0.0,1674577.7846393196,2220131.0300870454,38.69114842455742,38.69114842455742,20.0,56.64438118898194
1153.0,-45.695360691475294,1671386.072286164,0.0,1671386.072286164,2272001.805908272,38.61740456595772,38.61740456595772,20.0,57.19487368177369
1154.0,-45.52416128176206,1668134.8074685566,0.0,1668134.8074685566,2311972.630133901,38.54228476129225,38.54228476129225,20.0,57.74947454419563
1155.0,-45.352287561438466,1664841.1343477692,0.0,1664841.1343477692,2339896.032125645,38.466185122954485,38.466185122954485,20.0,58.307807327688344
1156.0,-45.18023083619979,1661522.31718452,0.0,1661522.31718452,2355623.6593590933,38.389504538182095,38.389504538182095,20.0,58.86949298661513
1157.0,-45.00848241174132,1658195.7405996183,0.0,1658195.7405996183,2359006.274552181,38.31264467507764,38.31264467507764,20.0,59.43414987419347
1158.0,-44.837533593758344,1654878.9098346115,0.0,1654878.9098346115,2349893.7527890177,38.23600998862965,38.23600998862965,20.0,60.001393738452606
1159.0,-44.66787568794614,1651589.451012431,0.0,1651589.451012431,2328135.078639361,38.16000772673401,38.16000772673401,20.0,60.570837718215415
1160.0,-44.5,1648345.1113980368,0.0,1648345.1113980368,2295200.8133797105,38.08504793621594,38.08504793621594,20.0,61.142092339107556
1161.0,-44.33427048325907,1645159.2062118642,0.0,1645159.2062118642,2259100.9273346355,38.01143826240682,38.01143826240682,20.0,61.7148707163625
1162.0,-44.17054168163795,1642026.8957697765,0.0,1642026.8957697765,2227979.4606351284,37.939066885349106,37.939066885349106,20.0,62.28930562172687
1163.0,-44.00854078669514,1638938.7360394709,0.0,1638938.7360394709,2203541.344662036,37.86771560259683,37.86771560259683,20.0,62.865636401879826
1164.0,-43.84799498998911,1635885.216268439,0.0,1635885.216268439,2185869.533742055,37.797164670164435,37.797164670164435,20.0,63.44410413930471
1165.0,-43.688631483078325,1632856.7588392417,0.0,1632856.7588392417,2175047.476853742,37.727192799182866,37.727192799182866,20.0,64.02495165779438
1166.0,-43.53017745752128,1629843.7191247786,0.0,1629843.7191247786,2171159.1192324497,37.65757715255556,37.65757715255556,20.0,64.60842352798566
1167.0,-43.37236010487645,1626836.3853435577,0.0,1626836.3853435577,2174288.9039756665,37.58809334161457,37.58809334161457,20.0,65.19476607292233
1168.0,-43.214906616702315,1623824.9784149667,0.0,1623824.9784149667,2184521.7736513065,37.518515422776886,37.518515422776886,20.0,65.78422737364768
1169.0,-43.05754418455733,1620799.6518145415,0.0,1620799.6518145415,2201943.1719077146,37.44861589420084,37.44861589420084,20.0,66.37705727482675
1170.0,-42.9,1617750.491429243,0.0,1617750.491429243,2226039.7051169407,37.37816569244278,37.37816569244278,20.0,66.97350739039885
1171.0,-42.742046710674174,1614669.1688004246,0.0,1614669.1688004246,2253882.6565648797,37.30697239028355,37.30697239028355,20.0,67.5737929079538
1172.0,-42.583638788565274,1611553.9237429874,0.0,1611553.9237429874,2282494.3862727056,37.23499531907499,37.23499531907499,20.0,68.17797746832798
1173.0,-42.42477616174412,1608404.6436539919,0.0,1608404.6436539919,2311276.200717199,37.16223187720573,37.16223187720573,20.0,68.78608685992506
1174.0,-42.2654587582815,1605221.2157678711,0.0,1605221.2157678711,2340228.7478991398,37.088679459308324,37.088679459308324,20.0,69.39814709207747
1175.0,-42.105686506248205,1602003.5271563942,0.0,1602003.5271563942,2369352.6773746987,37.014335456258344,37.014335456258344,20.0,70.01418439751482
1176.0,-41.94545933371506,1598751.4647286285,0.0,1598751.4647286285,2398648.640258265,36.939197255173625,36.939197255173625,20.0,70.63422523486622
1177.0,-41.78477716875287,1595464.9152309,0.0,1595464.9152309,2428117.2892248845,36.863262239413324,36.863262239413324,20.0,71.25829629119511
1178.0,-41.623639939432415,1592143.7652467552,0.0,1592143.7652467552,2457759.278510894,36.78652778857711,36.78652778857711,20.0,71.88642448456902
1179.0,-41.46204757382453,1588787.9011969252,0.0,1588787.9011969252,2487575.263916551,36.70899127850437,36.70899127850437,20.0,72.51863696666327
1180.0,-41.3,1585397.209339284,0.0,1585397.209339284,2516944.8271573214,36.63065008127324,36.63065008127324,20.0,73.1549611254007
1181.0,-41.137542674044205,1581973.2601771732,0.0,1581973.2601771732,2542744.274060252,36.55154048308702,36.55154048308702,20.0,73.79538566958041
1182.0,-40.9749031641009,1578524.384514201,0.0,1578524.384514201,2561799.1265181974,36.47185496540378,36.47185496540378,20.0,74.43974334996742
1183.0,-40.81235456632836,1575060.6602464109,0.0,1575060.6602464109,2573399.773795777,36.391826375851615,36.391826375851615,20.0,75.08782679156998
1184.0,-40.6501699768849,1571592.233799002,0.0,1571592.233799002,2577457.1652648714,36.3116891453881,36.3116891453881,20.0,75.73942727941888
1185.0,-40.48862249192883,1568129.3202712084,0.0,1568129.3202712084,2573881.733118263,36.231679291647104,36.231679291647104,20.0,76.39433475804304
1186.0,-40.327985207618454,1564682.2035811814,0.0,1564682.2035811814,2562583.390729544,36.15203442228555,36.15203442228555,20.0,77.05233783098396
1187.0,-40.16853122011207,1561261.236610871,0.0,1561261.236610871,2543471.5310113453,36.072993738330624,36.072993738330624,20.0,77.71322376034905
1188.0,-40.010533625568,1557876.8413509105,0.0,1557876.8413509105,2516455.024772422,35.99479803752699,35.99479803752699,20.0,78.3767784664053
1189.0,-39.854265520144544,1554539.5090454947,0.0,1554539.5090454947,2481442.219071543,35.9176897176842,35.9176897176842,20.0,79.04278652721231
1190.0,-39.7,1551259.8003372652,0.0,1551259.8003372652,2440140.916250597,35.84191278002431,35.84191278002431,20.0,79.71103117829792
1191.0,-39.54788259314897,1548043.545485104,0.0,1548043.545485104,2401512.8438396845,35.76760193128974,35.76760193128974,20.0,80.38140521411425
1192.0,-39.39754855503112,1544877.3802180376,0.0,1544877.3802180376,2374665.1424475303,35.69444839290881,35.69444839290881,20.0,81.05424518352476
1193.0,-39.24850557294244,1541743.0325866444,0.0,1541743.0325866444,2361560.345482826,35.62202999553296,35.62202999553296,20.0,81.73000129699015
1194.0,-39.10026133417891,1538622.1065218337,0.0,1538622.1065218337,2362361.947188777,35.549921702095666,35.549921702095666,20.0,82.40912690620998
1195.0,-38.95232352603647,1535496.0815736651,0.0,1535496.0815736651,2377234.386294047,35.47769560177805,35.47769560177805,20.0,83.09207851339329
1196.0,-38.80419983581113,1532346.312650172,0.0,1532346.312650172,2406343.04898861,35.40492090397539,35.40492090397539,20.0,83.77931578057351
1197.0,-38.65539795079884,1529154.029756177,0.0,1529154.029756177,2449854.2719030213,35.33116393226379,35.33116393226379,20.0,84.47130153896971
1198.0,-38.50542555829558,1525900.3377321134,0.0,1525900.3377321134,2507935.3450903464,35.255988118367924,35.255988118367924,20.0,85.16850179839531
1199.0,-38.35379034559731,1522566.2159928477,0.0,1522566.2159928477,2580754.5150146736,35.178953996129266,35.178953996129266,20.0,85.87138575671256
1200.0,-38.2,1519132.5182664965,0.0,1519132.5182664965,2666077.3231474813,35.09961919547509,35.09961919547509,20.0,86.58042580933713
1201.0,-38.04372695335994,1515586.2756042515,0.0,1515586.2756042515,2751983.405635021,35.0176840720173,35.0176840720173,20.0,87.29595192244386
1202.0,-37.88530261577464,1511939.6899408041,0.0,1511939.6899408041,2826360.107956945,34.93343054887621,34.93343054887621,20.0,88.01771279250296
1203.0,-37.725223141901886,1508211.3712711753,0.0,1508211.3712711753,2886636.462783872,34.84728860590281,34.84728860590281,20.0,88.74530936272411
1204.0,-37.5639846863995,1504420.055618861,0.0,1504420.055618861,2932644.203622264,34.75969113476356,34.75969113476356,20.0,89.47833997234206
1205.0,-37.40208340392527,1500584.6052990505,0.0,1500584.6052990505,2964214.0974017396,34.67107394501826,34.67107394501826,20.0,90.21640035425891
1206.0,-37.24001544913703,1496724.0091818438,0.0,1496724.0091818438,2981175.941453821,34.58187577019853,34.58187577019853,20.0,90.95908363273922
1207.0,-37.07827697669258,1492857.38295547,0.0,1492857.38295547,2983358.5604858836,34.492538273886744,34.492538273886744,20.0,91.70598032115963
1208.0,-36.91736414124972,1489003.969389504,0.0,1489003.969389504,2970589.8035498383,34.40350605579555,34.40350605579555,20.0,92.45667831981261
1209.0,-36.75777309746625,1485183.138598088,0.0,1485183.138598088,2942696.5410079043,34.31522665784816,34.31522665784816,20.0,93.21076291376662
1210.0,-36.6,1481414.3883031483,0.0,1481414.3883031483,2901486.681260838,34.2281505702592,34.2281505702592,20.0,93.96781677078211
1211.0,-36.44440959341126,1477712.23215576,0.0,1477712.23215576,2856754.277460711,34.14261312740976,34.14261312740976,20.0,94.72753805012727
1212.0,-36.29084098187034,1474070.7966058203,0.0,1474070.7966058203,2818450.4270178396,34.05847862219653,34.05847862219653,20.0,95.49009629429737
1213.0,-36.13900185945003,1470479.0385586007,0.0,1470479.0385586007,2788657.609769274,33.97549190643557,33.97549190643557,20.0,96.25578083096637
1214.0,-35.98859992022313,1466925.8402904414,0.0,1466925.8402904414,2767476.861056504,33.89339610769044,33.89339610769044,20.0,97.02488305976871
1215.0,-35.839342858262434,1463400.0092936798,0.0,1463400.0092936798,2755009.7932826043,33.81193262568931,33.81193262568931,20.0,97.79769646017726
1216.0,-35.69093836764075,1459890.2781215762,0.0,1459890.2781215762,2751358.597705318,33.73084112874199,33.73084112874199,20.0,98.57451659944222
1217.0,-35.54309414243086,1456385.3042332411,0.0,1456385.3042332411,2756626.046231495,33.64985955015754,33.64985955015754,20.0,99.35564114059525
1218.0,-35.395517876705576,1452873.6698385617,0.0,1452873.6698385617,2770915.4932147865,33.56872408466176,33.56872408466176,20.0,100.14136985051735
1219.0,-35.24791726453769,1449343.881743129,0.0,1449343.881743129,2794330.8772560144,33.48716918481525,33.48716918481525,20.0,100.93200460807299
1220.0,-35.1,1445784.3711931657,0.0,1445784.3711931657,2826027.507907496,33.40492755743163,33.40492755743163,20.0,101.72784941231107
1221.0,-34.95153467299501,1442185.9018938853,0.0,1442185.9018938853,2861336.37427156,33.32178580025613,33.32178580025613,20.0,102.52915475015094
1222.0,-34.802533456744015,1438548.8259443839,0.0,1438548.8259443839,2895513.9948939253,33.237752048559365,33.237752048559365,20.0,103.33594995355448
1223.0,-34.653069420298,1434875.9144963904,0.0,1434875.9144963904,2927585.631859162,33.15289032923092,33.15289032923092,20.0,104.14820885118509
1224.0,-34.503215632708,1431169.9575023234,0.0,1431169.9575023234,2957525.616432222,33.067265103539505,33.067265103539505,20.0,104.96590523086265
1225.0,-34.353045163024994,1427433.7637540505,0.0,1427433.7637540505,2985308.1335096993,32.980941268028026,32.980941268028026,20.0,105.78901284363785
1226.0,-34.202631080299994,1423670.1609216554,0.0,1423670.1609216554,3010907.2211673376,32.893984155409015,32.893984155409015,20.0,106.61750540794108
1227.0,-34.05204645358399,1419881.9955922016,0.0,1419881.9955922016,3034296.7702080607,32.806459535459766,32.806459535459766,20.0,107.45135661380682
1228.0,-33.90136435192799,1416072.1333084975,0.0,1416072.1333084975,3055450.5237087603,32.71843361591764,32.71843361591764,20.0,108.2905401271738
1229.0,-33.75065784438299,1412243.4586078604,0.0,1412243.4586078604,3074342.0765673243,32.629973043375365,32.629973043375365,20.0,109.13502959426404
1230.0,-33.6,1408398.8750608796,0.0,1408398.8750608796,3091140.9236391797,32.54114490417624,32.54114490417624,20.0,109.98479864604106
1231.0,-33.44945171460871,1404540.8159929565,0.0,1404540.8159929565,3106806.3508426007,32.45200541975823,32.45200541975823,20.0,110.83983220836939
1232.0,-33.29902519115364,1400669.7702088794,0.0,1400669.7702088794,3122312.8706565043,32.362565883894746,32.362565883894746,20.0,111.70016057050789
1233.0,-33.14872045935795,1396785.7388314235,0.0,1396785.7388314235,3137856.531169466,32.27282632258933,32.27282632258933,20.0,112.56582573061081
1234.0,-32.998537548944874,1392888.7230299036,0.0,1392888.7230299036,3153437.331615657,32.18278676292179,32.18278676292179,20.0,113.43687013249706
1235.0,-32.848476489637584,1388978.724020187,0.0,1388978.724020187,3169055.270965543,32.09244723304852,32.09244723304852,20.0,114.31333667142125
1236.0,-32.69853731115929,1385055.7430647132,0.0,1385055.7430647132,3184710.347924846,32.00180776220298,32.00180776220298,20.0,115.19526869993132
1237.0,-32.54872004323319,1381119.7814725046,0.0,1381119.7814725046,3200402.5609343885,31.91086838069599,31.91086838069599,20.0,116.08271003381779
1238.0,-32.39902471558248,1377170.8405991874,0.0,1377170.8405991874,3216131.908169161,31.81962911991622,31.81962911991622,20.0,116.97570495815188
1239.0,-32.24945135793035,1373208.9218470023,0.0,1373208.9218470023,3231898.387537835,31.728090012330416,31.728090012330416,20.0,117.87429823341752
1240.0,-32.1,1369234.0266648259,0.0,1369234.0266648259,3247904.993457456,31.636251091483977,31.636251091483977,20.0,118.7785351017378
1241.0,-31.950658468570136,1365245.658034501,0.0,1365245.658034501,3265172.6085599917,31.54410087397282,31.54410087397282,20.0,119.68847281130226
1242.0,-31.80136577864146,1361241.3184999772,0.0,1361241.3184999772,3284737.907243914,31.45158165680287,31.45158165680287,20.0,120.60421532566679
1243.0,-31.652048742270185,1357217.9944386615,0.0,1357217.9944386615,3306831.6146252747,31.358623811099108,31.358623811099108,20.0,121.52587903634046
1244.0,-31.502634171512515,1353172.652930755,0.0,1353172.652930755,3331481.611785622,31.26515726214331,31.26515726214331,20.0,122.45358128929344
1245.0,-31.353048878424666,1349102.2417204233,0.0,1349102.2417204233,3358715.9330086447,31.171111488477475,31.171111488477475,20.0,123.38744039257813
1246.0,-31.20321967506284,1345003.6891769713,0.0,1345003.6891769713,3388562.76624146,31.076415521007373,31.076415521007373,20.0,124.32757562405384
1247.0,-31.053073373483254,1340873.9042560135,0.0,1340873.9042560135,3421050.453556803,30.980997942106033,30.980997942106033,20.0,125.27410723921999
1248.0,-30.90253678574211,1336709.7764606485,0.0,1336709.7764606485,3456207.4916158267,30.88478688471742,30.88478688471742,20.0,126.22715647915686
1249.0,-30.751536723895622,1332508.17580263,0.0,1332508.17580263,3494062.5321311653,30.787710031460044,30.787710031460044,20.0,127.18684557857745
1250.0,-30.6,1328265.9527635411,0.0,1328265.9527635411,3533596.7694311957,30.689694613730726,30.689694613730726,20.0,128.15329777399185
1251.0,-30.447914411110748,1323982.4699226338,0.0,1323982.4699226338,3569570.8907202315,30.590725904278706,30.590725904278706,20.0,129.12657881809102
1252.0,-30.295511694280528,1319667.2293103777,0.0,1319667.2293103777,3596664.8962268173,30.49102344511393,30.49102344511393,20.0,130.1065207580319
1253.0,-30.143084571561317,1315332.334143634,0.0,1315332.334143634,3613718.4889421565,30.390866877904674,30.390866877904674,20.0,131.09289611387493
1254.0,-29.99092576500507,1310989.9654026642,0.0,1310989.9654026642,3620618.365110344,30.290537640966736,30.290537640966736,20.0,132.0854761897483
1255.0,-29.839327996663762,1306652.3819864278,0.0,1306652.3819864278,3617250.5994704477,30.19031897284928,30.19031897284928,20.0,133.08403107812214
1256.0,-29.688583988589347,1302331.9208678734,0.0,1302331.9208678734,3603500.6433961503,30.09049591592082,30.09049591592082,20.0,134.0883296642083
1257.0,-29.538986462833805,1298040.9972492338,0.0,1298040.9972492338,3579253.3230331927,29.99135531995575,29.99135531995575,20.0,135.09813963048865
1258.0,-29.390828141449084,1293792.1047173194,0.0,1293792.1047173194,3544392.837434045,29.89318584572116,29.89318584572116,20.0,136.11322746137233
1259.0,-29.244401746487164,1289597.8153988125,0.0,1289597.8153988125,3498802.756689948,29.79627796856419,29.79627796856419,20.0,137.1333584479876
1260.0,-29.1,1285470.7801155616,0.0,1285470.7801155616,3444702.3161711083,29.700923981999846,29.700923981999846,20.0,138.15829669310637
1261.0,-28.957783886986892,1281418.1719672193,0.0,1281418.1719672193,3393722.142646832,29.607289618264883,29.607289618264883,20.0,139.1879335002497
1262.0,-28.817387444236434,1277424.9462369257,0.0,1277424.9462369257,3357671.0806716676,29.515027273242268,29.515027273242268,20.0,140.22267416064759
1263.0,-28.678312971484562,1273470.386645469,0.0,1273470.386645469,3339080.517299668,29.423658303061103,29.423658303061103,20.0,141.26305566267743
1264.0,-28.54006276846721,1269533.6440479555,0.0,1269533.6440479555,3338146.6105159586,29.33270099412498,29.33270099412498,20.0,142.30961872992665
1265.0,-28.402139134920297,1265593.7361697697,0.0,1265593.7361697697,3355066.5885254797,29.241670557012764,29.241670557012764,20.0,143.3629078365209
1266.0,-28.264044370579764,1261629.5473425377,0.0,1261629.5473425377,3390038.7529370175,29.15007912038077,29.15007912038077,20.0,144.42347122260375
1267.0,-28.12528077518154,1257619.8282400891,0.0,1257619.8282400891,3443262.4819516726,29.057435724866362,29.057435724866362,20.0,145.4918609099704
1268.0,-27.985350648461548,1253543.1956144166,0.0,1253543.1956144166,3514938.2335542357,28.96324631699307,28.96324631699307,20.0,146.5686327178569
1269.0,-27.843756290155728,1249378.1320316414,0.0,1249378.1320316414,3605267.548710333,28.867013743077564,28.867013743077564,20.0,147.65434627889135
1270.0,-27.7,1245102.9856079714,0.0,1245102.9856079714,3711415.2175051398,28.768237743138307,28.768237743138307,20.0,148.7495650552059
1271.0,-27.553750040941697,1240703.0814192058,0.0,1240703.0814192058,3818309.5461732894,28.666579257915455,28.666579257915455,20.0,149.85469204021965
1272.0,-27.405338528773736,1236192.145817929,0.0,1236192.145817929,3910649.215349233,28.562355431297778,28.562355431297778,20.0,150.969474762304
1273.0,-27.255263542500433,1231591.128117651,0.0,1231591.128117651,3985197.174586679,28.45605029146719,28.45605029146719,20.0,152.0934946181311
1274.0,-27.104023161126094,1226921.1115472442,0.0,1226921.1115472442,4041753.1269456195,28.34815096057201,28.34815096057201,20.0,153.22633067504853
1275.0,-26.95211546365504,1222203.3135151847,0.0,1222203.3135151847,4080115.688724861,28.23914766082256,28.23914766082256,20.0,154.3675596758479
1276.0,-26.800038529091587,1217459.0858737887,0.0,1217459.0858737887,4100082.3862521015,28.129533720587748,28.129533720587748,20.0,155.5167560437177
1277.0,-26.64829043644004,1212709.915183454,0.0,1212709.915183454,4101449.65266852,28.01980558049271,28.01980558049271,20.0,156.67349188738197
1278.0,-26.497369264704716,1207977.4229768978,0.0,1207977.4229768978,4084012.8247104883,27.910462799517788,27.910462799517788,20.0,157.83733700642725
1279.0,-26.34777309288993,1203283.3660233964,0.0,1203283.3660233964,4047566.1394868223,27.80200806109887,27.80200806109887,20.0,159.0078588968252
1280.0,-26.2,1198649.6365930242,0.0,1198649.6365930242,3994398.086468313,27.694947179229324,27.694947179229324,20.0,160.1846227566499
1281.0,-26.054415949246316,1194092.5120054765,0.0,1194092.5120054765,3936847.7432074863,27.589656236081215,27.589656236081215,20.0,161.36732436170055
1282.0,-25.910858440668612,1189605.3308921948,0.0,1189605.3308921948,3887441.1080875676,27.48598132253208,27.48598132253208,20.0,162.5561903409605
1283.0,-25.769032858513704,1185175.6196698563,0.0,1185175.6196698563,3848793.4962894353,27.383634240115885,27.383634240115885,20.0,163.75158248359102
1284.0,-25.628644587028404,1180790.8251565495,0.0,1180790.8251565495,3821025.51681324,27.282324951347366,27.282324951347366,20.0,164.95386530006368
1285.0,-25.48939901045953,1176438.3144154777,0.0,1176438.3144154777,3804258.429604221,27.181761576111498,27.181761576111498,20.0,166.16340603863895
1286.0,-25.351001513053887,1172105.374598659,0.0,1172105.374598659,3798614.147463759,27.081650388053404,27.081650388053404,20.0,167.38057470206834
1287.0,-25.213157479058303,1167779.2127906298,0.0,1167779.2127906298,3804215.2379635903,26.9816958109689,26.9816958109689,20.0,168.6057440645221
1288.0,-25.07557229271958,1163446.955852144,0.0,1163446.955852144,3821184.9253618936,26.881600415195642,26.881600415195642,20.0,169.8392896887462
1289.0,-24.93795133828454,1159095.6502638762,0.0,1159095.6502638762,3849647.0925218104,26.781064914004993,26.781064914004993,20.0,171.08158994345658
1290.0,-24.8,1154712.2619701219,0.0,1154712.2619701219,3888508.481781128,26.679788159994654,26.679788159994654,20.0,172.33302602097166
1291.0,-24.661486162073036,1150286.4393511578,0.0,1150286.4393511578,3931771.264639544,26.5775309826594,26.5775309826594,20.0,173.5939181132776
1292.0,-24.52242770855181,1145818.8367109925,0.0,1145818.8367109925,3973347.227806614,26.474308499797846,26.474308499797846,20.0,174.86433311318578
1293.0,-24.382905023444753,1141312.8847762619,0.0,1141312.8847762619,4011985.241749204,26.37019997753239,26.37019997753239,20.0,176.14427477090462
1294.0,-24.242998490760286,1136772.036164789,0.0,1136772.036164789,4047651.798271797,26.265285187756852,26.265285187756852,20.0,177.43374735224563
1295.0,-24.10278849450685,1132199.7654282309,0.0,1132199.7654282309,4080313.2089401116,26.15964440912059,26.15964440912059,20.0,178.73275565293184
1296.0,-23.96235541869286,1127599.5690947203,0.0,1127599.5690947203,4109935.604554929,26.053358428012437,26.053358428012437,20.0,180.04130501318065
1297.0,-23.821779647326757,1122974.9657115152,0.0,1122974.9657115152,4136484.934626114,25.946508539544844,25.946508539544844,20.0,181.35940133255906
1298.0,-23.681141564416958,1118329.495887639,0.0,1118329.495887639,4159926.9668459,25.839176548537814,25.839176548537814,20.0,182.68705108512268
1299.0,-23.540521553971892,1113666.7223365293,0.0,1113666.7223365293,4180227.2865601485,25.731444770502982,25.731444770502982,20.0,184.02426133484195
1300.0,-23.4,1108990.2299186822,0.0,1108990.2299186822,4197710.695355813,25.623396032627614,25.623396032627614,20.0,185.37103975132007
1301.0,-23.259639402461538,1104302.8227328113,0.0,1104302.8227328113,4214149.373231733,25.51509512284518,25.51509512284518,20.0,186.72741317792818
1302.0,-23.119430725124143,1099604.1054253639,0.0,1099604.1054253639,4231341.979159843,25.406532906849883,25.406532906849883,20.0,188.09348353271807
1303.0,-22.979347047707286,1094892.8747743135,0.0,1094892.8747743135,4249659.576724915,25.297681584828446,25.297681584828446,20.0,189.46937256873773
1304.0,-22.839361449930436,1090167.9201595364,0.0,1090167.9201595364,4269113.891805565,25.18851318605243,25.18851318605243,20.0,190.85520339718298
1305.0,-22.699447011513072,1085428.0235485325,0.0,1085428.0235485325,4289716.711866227,25.078999568548976,25.078999568548976,20.0,192.2511005059906
1306.0,-22.55957681217466,1080671.9594821415,0.0,1080671.9594821415,4311479.886134402,24.96911241877143,24.96911241877143,20.0,193.6571897787661
1307.0,-22.419723931634678,1075898.4950602634,0.0,1075898.4950602634,4334415.325778289,24.858823251270103,24.858823251270103,20.0,195.07359851404846
1308.0,-22.27986144961259,1071106.389927575,0.0,1071106.389927575,4358535.004084667,24.748103408363036,24.748103408363036,20.0,196.50045544492173
1309.0,-22.139962445827877,1066294.396259249,0.0,1066294.396259249,4383850.956637501,24.63692405980683,24.63692405980683,20.0,197.93789075898002
1310.0,-22.0,1061461.2587466724,0.0,1061461.2587466724,4410188.036450167,24.525256202467464,24.525256202467464,20.0,199.38603611865136
1311.0,-21.85995622808081,1056606.1265494316,0.0,1056606.1265494316,4436617.026791562,24.413080178318083,24.413080178318083,20.0,200.84501516345316
1312.0,-21.719849390951616,1051729.7942095539,0.0,1051729.7942095539,4462194.98905467,24.30041434529196,24.30041434529196,20.0,202.31491485952816
1313.0,-21.579706785726103,1046833.4745534008,0.0,1046833.4745534008,4486722.76264853,24.18728672562389,24.18728672562389,20.0,203.79581387275095
1314.0,-21.439555709517954,1041918.3879958747,0.0,1041918.3879958747,4510188.368803056,24.073725516874642,24.073725516874642,20.0,205.28779207932996
1315.0,-21.299423459440852,1036985.7625549015,0.0,1036985.7625549015,4532579.765341379,23.95975909226515,23.95975909226515,20.0,206.79093058738968
1316.0,-21.159337332608484,1032036.8338659127,0.0,1032036.8338659127,4553884.846498389,23.84541600101068,23.84541600101068,20.0,208.30531175896442
1317.0,-21.019324626134534,1027072.8451963256,0.0,1027072.8451963256,4574091.442739097,23.73072496865493,23.73072496865493,20.0,209.83101923240747
1318.0,-20.87941263713268,1022095.0474600255,0.0,1022095.0474600255,4593187.320576277,23.61571489740417,23.61571489740417,20.0,211.36813794522973
1319.0,-20.739628662716605,1017104.6992318479,0.0,1017104.6992318479,4611160.182387575,23.500414866461348,23.500414866461348,20.0,212.9167541573748
1320.0,-20.6,1012103.06676206,0.0,1012103.06676206,4628387.747614668,23.384854132360175,23.384854132360175,20.0,214.47695547493913
1321.0,-20.46053568521523,1007090.5787192939,0.0,1007090.5787192939,4646818.648745472,23.269042599639207,23.269042599639207,20.0,216.0488504042657
1322.0,-20.3211717110694,1002064.280148553,0.0,1002064.280148553,4668429.952268218,23.1529119955835,23.1529119955835,20.0,217.6326272029733
1323.0,-20.18182580938831,997020.3503509683,0.0,997020.3503509683,4693649.218078732,23.03637404486363,23.03637404486363,20.0,219.2284957300446
1324.0,-20.04241571199775,991954.9455541461,0.0,991954.9455541461,4722514.119014791,22.919339939103853,22.919339939103853,20.0,220.83666800194953
1325.0,-19.902859150723515,986864.1988685251,0.0,986864.1988685251,4755062.522787829,22.801720335876805,22.801720335876805,20.0,222.45735822009095
1326.0,-19.763073857391394,981744.2202437316,0.0,981744.2202437316,4791332.492534902,22.683425357698354,22.683425357698354,20.0,224.09078279875877
1327.0,-19.622977563827195,976591.0964249346,0.0,976591.0964249346,4831362.287372171,22.56436459102281,22.56436459102281,20.0,225.73716039360255
1328.0,-19.482488001856698,971400.8909092007,0.0,971400.8909092007,4875190.362947486,22.44444708523837,22.44444708523837,20.0,227.39671193063776
1329.0,-19.3415229033057,966169.6439018499,0.0,966169.6439018499,4922855.371994129,22.323581351662927,22.323581351662927,20.0,229.06966063579227
1330.0,-19.2,960893.3722728117,0.0,960893.3722728117,4972986.961149933,22.201675362540264,22.201675362540264,20.0,230.75623206500978
1331.0,-19.05790103105828,955571.0773510495,0.0,955571.0773510495,5018539.9686168125,22.078706044826,22.078706044826,20.0,232.4565846391142
1332.0,-18.915463764770784,950213.8045660397,0.0,950213.8045660397,5052367.254890553,21.954928599172987,21.954928599172987,20.0,234.17060035191395
1333.0,-18.772989976720662,944835.6832807047,0.0,944835.6832807047,5072919.678297348,21.830669479005216,21.830669479005216,20.0,235.89809182482705
1334.0,-18.63078144249105,939450.9281459794,0.0,939450.9281459794,5080056.577837044,21.70625710808498,21.70625710808498,20.0,237.6388716217365
1335.0,-18.48913993766509,934073.839260909,0.0,934073.839260909,5073636.567409134,21.582021884199744,21.582021884199744,20.0,239.392752277355
1336.0,-18.348367237825922,928718.8023327461,0.0,928718.8023327461,5053517.533772759,21.458296182849907,21.458296182849907,20.0,241.15954632622714
1337.0,-18.208765118556688,923400.2888370467,0.0,923400.2888370467,5019556.634503788,21.33541436093758,21.33541436093758,20.0,242.9390663323772
1338.0,-18.07063535544053,918132.8561777693,0.0,918132.8561777693,4971610.295950163,21.213712760456787,21.213712760456787,20.0,244.7311249196264
1339.0,-17.934279724060584,912931.1478473685,0.0,912931.1478473685,4909534.211183576,21.093529712185088,21.093529712185088,20.0,246.53553480258526
1340.0,-17.8,907809.893586895,0.0,907809.893586895,4836308.742389029,20.975205539377054,20.975205539377054,20.0,248.35210881834425
1341.0,-17.66796019055166,902777.3378767157,0.0,902777.3378767157,4767499.202711454,20.858930726169067,20.858930726169067,20.0,250.1808117966624
1342.0,-17.53777322984746,897815.4466500719,0.0,897815.4466500719,4718895.079364437,20.74428860334503,20.74428860334503,20.0,252.02221791876602
1343.0,-17.408914283729043,892899.4849967357,0.0,892899.4849967357,4693869.372800402,20.630707682245465,20.630707682245465,20.0,253.87705841397735
1344.0,-17.28085851803805,888004.5689662746,0.0,888004.5689662746,4692670.95187788,20.517613031124906,20.517613031124906,20.0,255.74607021926855
1345.0,-17.153081098616124,883105.6652896178,0.0,883105.6652896178,4715549.961867047,20.404426268732344,20.404426268732344,20.0,257.62999602481125
1346.0,-17.025057191304906,878177.5911006238,0.0,878177.5911006238,4762757.828019941,20.290565557897576,20.290565557897576,20.0,259.52958432032653
1347.0,-16.896261961946045,873195.0136576465,0.0,873195.0136576465,4834547.25914515,20.175445599124302,20.175445599124302,20.0,261.4455894422486
1348.0,-16.76617057638118,868132.4500651023,0.0,868132.4500651023,4931172.251187503,20.058477624190704,20.058477624190704,20.0,263.3787716217304
1349.0,-16.63425820045195,862964.266995037,0.0,862964.266995037,5052888.090810679,19.939069389758657,19.939069389758657,20.0,265.32989703350074
1350.0,-16.5,857664.6804086929,0.0,857664.6804086929,5195579.487468774,19.816625170992573,19.816625170992573,20.0,267.29973784560315
1351.0,-16.363058206735083,852216.8120646372,0.0,852216.8120646372,5337528.23519904,19.690755007505537,19.690755007505537,20.0,269.2888630138494
1352.0,-16.223843315839378,846639.9668999513,0.0,846639.9668999513,5456705.157318127,19.561904932645767,19.561904932645767,20.0,271.2970080856705
1353.0,-16.08295288836317,840962.6504349549,0.0,840962.6504349549,5548450.65778339,19.430733554038834,19.430733554038834,20.0,273.32369867644513
1354.0,-15.940984485356754,835213.5390988715,0.0,835213.5390988715,5612475.5419457415,19.29790342752727,19.29790342752727,20.0,275.368459146281
1355.0,-15.798535667870418,829421.4805468445,0.0,829421.4805468445,5648489.140942933,19.1640810644361,19.1640810644361,20.0,277.4308126407066
1356.0,-15.656203996954448,823615.4939769529,0.0,823615.4939769529,5656199.307604317,19.029936938842457,19.029936938842457,20.0,279.51028113237584
1357.0,-15.51458703365913,817824.7704472274,0.0,817824.7704472274,5635312.412350936,18.896145494850064,18.896145494850064,20.0,281.6063854638053
1358.0,-15.374282339034758,812078.6731926668,0.0,812078.6731926668,5585533.339091158,18.76338515387004,18.76338515387004,20.0,283.7186453911791
1359.0,-15.235887474131617,806406.7379422538,0.0,806406.7379422538,5506565.481110438,18.632338321909362,18.632338321909362,20.0,285.84657962923455
1360.0,-15.1,800838.6732359702,0.0,800838.6732359702,5403177.557889476,18.503691396868536,18.503691396868536,20.0,287.9897058972689
1361.0,-14.96700698250801,795394.0181998472,0.0,795394.0181998472,5300538.359968341,18.377895817484344,18.377895817484344,20.0,290.14777992972347
1362.0,-14.836453506795035,790050.9936048496,0.0,790050.9936048496,5224174.412850819,18.2544483858622,18.2544483858622,20.0,292.3215152251225
1363.0,-14.707674162818272,784777.3166518774,0.0,784777.3166518774,5179480.573163221,18.132603225980407,18.132603225980407,20.0,294.51187113026856
1364.0,-14.580003540534927,779540.5127861672,0.0,779540.5127861672,5166786.538582265,18.011610032267733,18.011610032267733,20.0,296.7198146448274
1365.0,-14.452776229902204,774307.9153442795,0.0,774307.9153442795,5186423.673356773,17.890714061475805,17.890714061475805,20.0,298.94632048881607
1366.0,-14.325326820877306,769046.6652010875,0.0,769046.6652010875,5238725.012901157,17.769156124566095,17.769156124566095,20.0,301.1923711713793
1367.0,-14.196989903417434,763723.7104167677,0.0,763723.7104167677,5324025.2683947375,17.646172578613733,17.646172578613733,20.0,303.4589570608899
1368.0,-14.067100067479789,758305.8058837879,0.0,758305.8058837879,5442660.831386666,17.520995318730645,17.520995318730645,20.0,305.74707645640916
1369.0,-13.934991903021578,752759.5129738962,0.0,752759.5129738962,5594969.778406828,17.392851770011124,17.392851770011124,20.0,308.0577356605357
1370.0,-13.8,747051.1991851103,0.0,747051.1991851103,5774973.358191213,17.26096487950318,17.26096487950318,20.0,310.39194905368504
1371.0,-13.66171386323288,741159.747595386,0.0,741159.747595386,5951254.2080022935,17.12484675988858,17.12484675988858,20.0,312.7504455109625
1372.0,-13.520742656980492,735114.8343111706,0.0,735114.8343111706,6091951.964885077,16.98518306385117,16.98518306385117,20.0,315.13278407446103
1373.0,-13.377950460363746,728959.0587271596,0.0,728959.0587271596,6190312.317981308,16.842958027125846,16.842958027125846,20.0,317.53822900060936
1374.0,-13.234201352503534,722735.271232835,0.0,722735.271232835,6245897.282515174,16.699161683143295,16.699161683143295,20.0,319.9660426245012
1375.0,-13.090359412520765,716486.5736708752,0.0,716486.5736708752,6258266.676399019,16.55478987345746,16.55478987345746,20.0,322.41548542313365
1376.0,-12.947288719536335,710256.3197955608,0.0,710256.3197955608,6226978.114223177,16.410844258187673,16.410844258187673,20.0,324.8858160802999
1377.0,-12.805853352671141,704088.1157311845,0.0,704088.1157311845,6151587.001237224,16.26833232648027,16.26833232648027,20.0,327.3762915531927
1378.0,-12.666917391046088,698025.8204304589,0.0,698025.8204304589,6031646.5273252595,16.12826740699532,16.12826740699532,20.0,329.88616714075664
1379.0,-12.531344913782075,692113.5461329244,0.0,692113.5461329244,5866707.660973338,15.991668678424764,15.991668678424764,20.0,332.4146965538339
1380.0,-12.4,686395.658823358,0.0,686395.658823358,5664208.53261328,15.859561180049399,15.859561180049399,20.0,334.96113198715653
1381.0,-12.273437564560481,680901.1383742429,0.0,680901.1383742429,5463348.655580339,15.732614464824218,15.732614464824218,20.0,337.5250855612339
1382.0,-12.150975865283002,675596.4767850685,0.0,675596.4767850685,5303876.52008602,15.61005435066174,15.61005435066174,20.0,340.10761769045746
1383.0,-12.031623995726754,670432.2819209418,0.0,670432.2819209418,5194191.160319912,15.49073966645142,15.49073966645142,20.0,342.7101603965823
1384.0,-11.914391049450934,665358.8720342142,0.0,665358.8720342142,5134804.767797464,15.373522551856743,15.373522551856743,20.0,345.33415708924673
1385.0,-11.798286120014737,660326.2752387896,0.0,660326.2752387896,5126232.087675309,15.257248445192012,15.257248445192012,20.0,347.98106267067755
1386.0,-11.682318300977363,655284.228984433,0.0,655284.228984433,5168990.425691223,15.140756071345573,15.140756071345573,20.0,350.6523436425472
1387.0,-11.565496685898005,650182.1795310768,0.0,650182.1795310768,5263599.655111977,15.022877429758498,15.022877429758498,20.0,353.34947821505153
1388.0,-11.446830368335862,644969.2814231295,0.0,644969.2814231295,5410582.223689711,14.902437782469073,14.902437782469073,20.0,356.073956418262
1389.0,-11.325328441850127,639594.3969637831,0.0,639594.3969637831,5610463.160626741,14.778255642234612,14.778255642234612,20.0,358.8272802158142
1390.0,-11.2,634006.0956893218,0.0,634006.0956893218,5856369.7919136835,14.649142760744347,14.649142760744347,20.0,361.6109636209984
1391.0,-11.070135878525193,628167.1140671668,0.0,628167.1140671668,6111638.980244628,14.514238207631088,14.514238207631088,20.0,364.4261987132255
1392.0,-10.936153881887503,622097.902030145,0.0,622097.902030145,6339096.8823789125,14.374014473449465,14.374014473449465,20.0,367.27284960844344
1393.0,-10.798753556729245,615833.5333634512,0.0,615833.5333634512,6530977.574187742,14.229281919331713,14.229281919331713,20.0,370.1504481520903
1394.0,-10.658634449692736,609409.2874043764,0.0,609409.2874043764,6686913.603370297,14.080855654226465,14.080855654226465,20.0,373.0585271667749
1395.0,-10.516496107420286,602860.6494134293,0.0,602860.6494134293,6806535.692893919,13.929555543195619,13.929555543195619,20.0,375.99662056068104
1396.0,-10.373038076554215,596223.310945456,0.0,596223.310945456,6889472.736063889,13.776206215706376,13.776206215706376,20.0,378.9642634387966
1397.0,-10.228959903736834,589533.1702207628,0.0,589533.1702207628,6935351.7915869495,13.6216370739209,13.6216370739209,20.0,381.9609922170524
1398.0,-10.084961135610463,582826.332496236,0.0,582826.332496236,6943798.078629001,13.46668230098706,13.46668230098706,20.0,384.9863447394458
1399.0,-9.941741318817414,576139.1104364633,0.0,576139.1104364633,6914434.971867011,13.312180869335315,13.312180869335315,20.0,388.0398603982374
1400.0,-9.8,569508.0244848544,0.0,569508.0244848544,6850068.279435197,13.158976548988122,13.158976548988122,20.0,391.12108025730714
1401.0,-9.660318921338744,562963.6697556408,0.0,562963.6697556408,6766321.065756379,13.007776208461822,13.007776208461822,20.0,394.22968889221056
1402.0,-9.522808607166986,556512.2458957599,0.0,556512.2458957599,6679033.823708701,12.858723083030066,12.858723083030066,20.0,397.36594127948337
1403.0,-9.387461777356265,550153.8350988274,0.0,550153.8350988274,6591391.710955705,12.711819070405676,12.711819070405676,20.0,400.5302406268256
1404.0,-9.254271151778129,543888.518081181,0.0,543888.518081181,6503395.614559513,12.567066034046428,12.567066034046428,20.0,403.7229972095458
1405.0,-9.123229450304118,537716.374078016,0.0,537716.374078016,6415046.433925907,12.424465803061079,12.424465803061079,20.0,406.94462851977966
1406.0,-8.99432939280578,531637.4808395256,0.0,531637.4808395256,6326345.08084868,12.284020172115525,12.284020172115525,20.0,410.1955594194473
1407.0,-8.867563699154653,525651.9146270358,0.0,525651.9146270358,6237292.479554228,12.145730901338878,12.145730901338878,20.0,413.4762222970643
1408.0,-8.742925089222286,519759.75020914583,0.0,519759.75020914583,6147889.566746149,12.009599716229694,12.009599716229694,20.0,416.78705722851356
1409.0,-8.62040628288022,513961.06085786386,0.0,513961.06085786386,6058137.291650026,11.875628307562183,11.875628307562183,20.0,420.12851214189624
1410.0,-8.5,508255.9183447459,0.0,508255.9183447459,5971110.391363234,11.743818331292566,11.743818331292566,20.0,423.5010429865815
1411.0,-8.38158843611983,502638.55605638854,0.0,502638.55605638854,5902257.288998697,11.614036555085566,11.614036555085566,20.0,426.9052487671508
1412.0,-8.264611689444559,497079.7921380111,0.0,497079.7921380111,5867236.590330937,11.485608769664633,11.485608769664633,20.0,430.3422778327319
1413.0,-8.148399333845697,491544.42410463135,0.0,491544.42410463135,5869491.985100159,11.357721670584692,11.357721670584692,20.0,433.8134261584718
1414.0,-8.032280943194756,485997.04883097345,0.0,485997.04883097345,5909395.191065818,11.229557321971534,11.229557321971534,20.0,437.32000306225825
1415.0,-7.915586091363245,480402.06219579675,0.0,480402.06219579675,5987319.734107593,11.100293148677181,11.100293148677181,20.0,440.8633314048308
1416.0,-7.797644352222675,474723.65872622293,0.0,474723.65872622293,6103640.953027224,10.969101928542775,10.969101928542775,20.0,444.4447477948968
1417.0,-7.677785299644555,468925.8312420637,0.0,468925.8312420637,6258736.004355736,10.835151784792897,10.835151784792897,20.0,448.0656027994094
1418.0,-7.5553385075003945,462972.37050014985,0.0,462972.37050014985,6452983.86716634,10.697606178590027,10.697606178590027,20.0,451.72726115915395
1419.0,-7.429633549661706,456826.8648386581,0.0,456826.8648386581,6686765.347893298,10.555623901785108,10.555623901785108,20.0,455.4311020098128
1420.0,-7.3,450452.69982143893,0.0,450452.69982143893,6953027.752231889,10.408359069909267,10.408359069909267,20.0,459.17851910867455
1421.0,-7.166027334181936,443826.97875037347,0.0,443826.97875037347,7214790.168437616,10.255282733790875,10.255282733790875,20.0,462.9705994268161
1422.0,-7.028344635054778,436982.441713405,0.0,436982.441713405,7434568.729560623,10.097151345181343,10.097151345181343,20.0,466.8071548437719
1423.0,-6.887840887260944,429965.97739640117,0.0,429965.97739640117,7604430.207627635,9.935048232501558,9.935048232501558,20.0,470.6876809646641
1424.0,-6.745405075442846,422824.74184528674,0.0,422824.74184528674,7723874.288744949,9.770062895599441,9.770062895599441,20.0,474.61167808774076
1425.0,-6.601926184242901,415606.1589376652,0.0,415606.1589376652,7792398.233775772,9.603291015279632,9.603291015279632,20.0,478.578651442903
1426.0,-6.458293198303523,408357.9208544394,0.0,408357.9208544394,7809496.8719343385,9.435834462745138,9.435834462745138,20.0,482.5881114370046
1427.0,-6.31539510226713,401127.9885514326,0.0,401127.9885514326,7774662.59437256,9.268801308966648,9.268801308966648,20.0,486.63957390614684
1428.0,-6.174120880776135,393964.59223100945,0.0,393964.59223100945,7687385.347759001,9.10330583400732,9.10330583400732,20.0,490.7325603751784
1429.0,-6.035359518472953,386916.2318136972,0.0,386916.2318136972,7547152.627850349,8.940468536346382,8.940468536346382,20.0,494.86659832463494
1430.0,-5.9,380031.6774098066,0.0,380031.6774098066,7360189.699459214,8.781416142262781,8.781416142262781,20.0,499.04122146536
1431.0,-5.768702227152427,373347.52634351584,0.0,373347.52634351584,7159850.151110572,8.62699413848947,8.62699413848947,20.0,503.2562575257136
1432.0,-5.641209770336328,366850.7341031784,0.0,366850.7341031784,6979939.492771675,8.476901143877692,8.476901143877692,20.0,507.51269427203556
1433.0,-5.5170371171105295,360515.70126468374,0.0,360515.70126468374,6827473.145541317,8.330545729928394,8.330545729928394,20.0,511.81182292883375
1434.0,-5.395698755033861,354316.6819232059,0.0,354316.6819232059,6702727.638013224,8.187333091155196,8.187333091155196,20.0,516.154951801909
1435.0,-5.276709171665152,348227.7834356308,0.0,348227.7834356308,6605980.836192942,8.046665039751385,8.046665039751385,20.0,520.5434066120597
1436.0,-5.159582854563231,342222.96616298414,0.0,342222.96616298414,6537511.947014862,7.907940000361904,7.907940000361904,20.0,524.9785308380735
1437.0,-5.0438342912869265,336276.0432128586,0.0,336276.0432128586,6497601.521863286,7.770553004992032,7.770553004992032,20.0,529.4616860693222
1438.0,-4.928977969395067,330360.68018184195,0.0,330360.68018184195,6486531.46009781,7.63389568809175,7.63389568809175,20.0,533.9942523682564
1439.0,-4.814528376446483,324450.3948979448,0.0,324450.3948979448,6504585.012583018,7.497356281863854,7.497356281863854,20.0,538.5776286431437
1440.0,-4.7,318518.55716302746,0.0,318518.55716302746,6550339.544914095,7.360319611855768,7.360319611855768,20.0,543.2132330313864
1441.0,-4.584963757208357,312541.49665809644,0.0,312541.49665809644,6615502.089599746,7.222238896807826,7.222238896807826,20.0,547.9024314799544
1442.0,-4.469216283599914,306507.8616974871,0.0,306507.8616974871,6691666.750417694,7.082851951132458,7.082851951132458,20.0,552.6463219118514
1443.0,-4.3526106442969414,300409.35497903224,0.0,300409.35497903224,6777214.375466952,6.9419671613978,6.9419671613978,20.0,557.4459486869988
1444.0,-4.234999904421712,294237.6339650499,0.0,294237.6339650499,6872233.468954792,6.799391880613857,6.799391880613857,20.0,562.3023746419857
1445.0,-4.116237129096492,287984.3108043915,0.0,287984.3108043915,6976812.951965702,6.654932428241741,6.654932428241741,20.0,567.2166815277013
1446.0,-3.996175383443554,281640.95225449104,0.0,281640.95225449104,7091042.163539747,6.508394090562186,6.508394090562186,20.0,572.1899704598704
1447.0,-3.8746677325851646,275199.07960341306,0.0,275199.07960341306,7215010.861751938,6.359581121488777,6.359581121488777,20.0,577.223362382947
1448.0,-3.7515672416435963,268650.168591902,0.0,268650.168591902,7348809.224792713,6.208296743935485,6.208296743935485,20.0,582.3179985478175
1449.0,-3.6267269757411182,261985.6493354304,0.0,261985.6493354304,7492527.852050126,6.054343151879861,6.054343151879861,20.0,587.4750410038001
1450.0,-3.5,255196.90624624747,0.0,255196.90624624747,7643042.764576713,5.897521513306151,5.897521513306151,20.0,592.6956731054215
1451.0,-3.3713427440141484,248281.05060235006,0.0,248281.05060235006,7784290.491826635,5.737765321561808,5.737765321561808,20.0,597.980966658044
1452.0,-3.2411250952640187,241258.30208650578,0.0,241258.30208650578,7899994.250614015,5.575541899810369,5.575541899810369,20.0,603.3314808551761
1453.0,-3.109820305701702,234154.78234895787,0.0,234154.78234895787,7986656.19063121,5.411454914546202,5.411454914546202,20.0,608.7476603841028
1454.0,-2.9779016272792918,226996.75851417225,0.0,226996.75851417225,8043992.118128717,5.246111396705257,5.246111396705257,20.0,614.2299689986258
1455.0,-2.845842311948879,219810.64343190522,0.0,219810.64343190522,8071716.491819699,5.080121745022841,5.080121745022841,20.0,619.7788901003527
1456.0,-2.7141156116625558,212622.9959282715,0.0,212622.9959282715,8069542.4193963995,4.914099728550062,4.914099728550062,20.0,625.3949273381998
1457.0,-2.5831947783724143,205460.52105681234,0.0,205460.52105681234,8037181.654042638,4.748662488111896,4.748662488111896,20.0,631.0786052267631
1458.0,-2.4535530640305465,198350.07034956332,0.0,198350.07034956332,7974344.590942294,4.584430536452194,4.584430536452194,20.0,636.8304697842352
1459.0,-2.3256637205890445,191318.64206812234,0.0,191318.64206812234,7880740.263783822,4.422027756774346,4.422027756774346,20.0,642.6510891905846
1460.0,-2.2,184393.3814547175,0.0,184393.3814547175,7761507.725918285,4.262081399355814,4.262081399355814,20.0,648.541054466724
1461.0,-2.0768652667350507,177591.96196635586,0.0,177591.96196635586,7643644.278340552,4.104999924392755,4.104999924392755,20.0,654.5012024219287
1462.0,-1.9558833353440128,170893.62309734913,0.0,170893.62309734913,7554504.451663488,3.9503041659847336,3.9503041659847336,20.0,660.5332855515185
1463.0,-1.8365081328962491,164267.84302667342,0.0,164267.84302667342,7499852.576978099,3.797289637874673,3.797289637874673,20.0,666.6393103107478
1464.0,-1.7181935864611215,157683.93102778072,0.0,157683.93102778072,7480023.172115019,3.6452481166548267,3.6452481166548267,20.0,672.8213162600613
1465.0,-1.6003936231079927,151111.02717889802,0.0,151111.02717889802,7495352.330343489,3.4934676790982557,3.4934676790982557,20.0,679.0813768739332
1466.0,-1.4825621699062241,144518.1020733266,0.0,144518.1020733266,7546177.724417367,3.3412327550133365,3.3412327550133365,20.0,685.4216003758327
1467.0,-1.3641531539251783,137873.95652974152,0.0,137873.95652974152,7632838.610625754,3.1878242025291033,3.1878242025291033,20.0,691.8441306003016
1468.0,-1.2446205022342178,131147.22130249094,0.0,131147.22130249094,7755675.832848296,3.032519416423737,3.032519416423737,20.0,698.35114788315
1469.0,-1.1234181419027043,124306.35679189513,0.0,124306.35679189513,7915031.826614967,2.8745924862081704,2.8745924862081704,20.0,704.9448699808794
1470.0,-1.0,117319.65275454611,0.0,117319.65275454611,8105461.975164076,2.7133144310277926,2.7133144310277926,20.0,711.6275530204097
1471.0,-0.8739961890456501,110165.34064709001,0.0,110165.34064709001,8298226.745874538,2.548186948814258,2.548186948814258,20.0,718.4012588288693
1472.0,-0.7457415633599309,102862.04126901722,0.0,102862.04126901722,8464208.630934779,2.379645383288525,2.379645383288525,20.0,725.2671524509287
1473.0,-0.6157471627133018,95438.61938095215,0.0,95438.61938095215,8597301.626463844,2.2083630750651415,2.2083630750651415,20.0,732.2261996962185
1474.0,-0.48452402687622204,87924.09882225453,0.0,87924.09882225453,8697186.886848675,2.0350191712271988,2.0350191712271988,20.0,739.2794012261346
1475.0,-0.35258319561915097,80347.66278213452,0.0,80347.66278213452,8763544.072930446,1.860299576289752,1.860299576289752,20.0,746.4277936608032
1476.0,-0.2204357087125477,72738.65407076773,0.0,72738.65407076773,8796051.348192936,1.684898453510032,1.684898453510032,20.0,753.6724507242013
1477.0,-0.08859260592687165,65126.57539041019,0.0,65126.57539041019,8794385.374946725,1.5095206891651196,1.5095206891651196,20.0,761.0144844289451
1478.0,0.04243507296741776,57541.089606513415,0.0,57541.089606513415,8758221.31050903,1.3348861272079553,1.3348861272079553,20.0,768.4550463023058
1479.0,0.1721362881998614,50012.020018839394,0.0,50012.020018839394,8687232.8033792,1.1617372573672389,1.1617372573672389,20.0,775.9953286551491
1480.0,0.3,42569.350632575624,0.0,42569.350632575624,8585644.484524705,0.99085414520934,0.99085414520934,20.0,783.6365658954838
1481.0,0.4256500229176506,35235.38050968398,0.0,35235.38050968398,8476000.310025077,0.8229066440447708,0.8229066440447708,20.0,791.3802171677052
1482.0,0.5492495887837362,28001.10148861869,0.0,28001.10148861869,8381139.2112340415,0.6579976354671166,0.6579976354671166,20.0,799.2285135577544
1483.0,0.6710967837494561,20849.58763540272,0.0,20849.58763540272,8305801.626984498,0.49644902809310165,0.49644902809310165,20.0,807.1839191469713
1484.0,0.7914896939660097,13763.819828692394,0.0,13763.819828692394,8250176.379437491,0.33989922298798825,0.33989922298798825,20.0,815.2489517431056
1485.0,0.9107264055845962,6726.6856016377205,0.0,6726.6856016377205,8214453.171430328,0.1963547858038818,0.1963547858038818,20.0,823.4261844558395
1486.0,1.0291050047564148,-279.0210162570802,0.0,-279.0210162570802,8198822.588712479,0.12017304457219383,0.12017304457219383,20.0,831.7182473291517
1487.0,1.1469235776326654,-7270.599657273429,0.0,-7270.599657273429,8203476.102183909,0.2064448388794383,0.2064448388794383,20.0,840.1278290329085
1488.0,1.2644802103645467,-14265.443773617706,0.0,-14265.443773617706,8228606.070135975,0.3507667394401674,0.3507667394401674,20.0,848.6576786161501
1489.0,1.3820729891032586,-21281.04079556113,0.0,-21281.04079556113,8274405.740494873,0.5061278460467501,0.5061278460467501,20.0,857.3106073247341
1490.0,1.5,-28334.972289579207,0.0,-28334.972289579207,8338876.3542495,0.6655838087420854,0.6655838087420854,20.0,866.089490486029
1491.0,1.6184960973750475,-35441.18539517552,0.0,-35441.18539517552,8411195.409161648,0.8276112072360909,0.8276112072360909,20.0,874.9971833118268
1492.0,1.7375432082249862,-42598.766792549344,0.0,-42598.766792549344,8480399.442300146,0.9915288035369771,0.9915288035369771,20.0,884.0362635458728
1493.0,1.8570600277154774,-49803.05888769278,0.0,-49803.05888769278,8544243.420333609,1.1569351630990845,1.1569351630990845,20.0,893.2092904023767
1494.0,1.9769652510121838,-57049.37849400565,0.0,-57049.37849400565,8602674.966018252,1.3235715801289063,1.3235715801289063,20.0,902.5188926653449
1495.0,2.0971775732807667,-64333.01678916182,0.0,-64333.01678916182,8655641.458766587,1.4912443309384495,1.4912443309384495,20.0,911.9677709500461
1496.0,2.2176156896868884,-71649.23927197588,0.0,-71649.23927197588,8703090.034033442,1.6597925147179,1.6597925147179,20.0,921.5587000510956
1497.0,2.3381982953962104,-78993.28571926939,0.0,-78993.28571926939,8744967.582701307,1.8290731076725308,1.8290731076725308,20.0,931.2945313809472
1498.0,2.4588440855743956,-86360.37014273755,0.0,-86360.37014273755,8781220.75046489,1.9989533717547348,1.9989533717547348,20.0,941.1781955028785
1499.0,2.5794717553871047,-93745.68074581528,0.0,-93745.68074581528,8811795.93721513,2.1693067189642776,2.1693067189642776,20.0,951.2127047626844
1500.0,2.7,-101144.37988054406,0.0,-101144.37988054406,8837283.069972597,2.340010326552635,2.340010326552635,20.0,961.4011560235381
1501.0,2.8203655875821596,-108552.68409605772,0.0,-108552.68409605772,8860862.390661024,2.5109686225647985,2.5109686225647985,20.0,971.7467584641511
1502.0,2.94057757831632,-115971.11588744464,0.0,-115971.11588744464,8885755.260059817,2.6821874542265514,2.6821874542265514,20.0,982.2529116666357
1503.0,3.0606631053886346,-123401.28355863286,0.0,-123401.28355863286,8912623.46031626,2.8536992164963055,2.8536992164963055,20.0,992.9231342900621
1504.0,3.180649301985256,-130844.80402157275,0.0,-130844.80402157275,8941485.082395311,3.0255375789617287,3.0255375789617287,20.0,1003.7610423797975
1505.0,3.300563301292338,-138303.30281063184,0.0,-138303.30281063184,8972358.299835876,3.1977371989231442,3.1977371989231442,20.0,1014.770352694982
1506.0,3.420432236496033,-145778.41409698926,0.0,-145778.41409698926,9005261.368957128,3.3703335218260624,3.3703335218260624,20.0,1025.95488617129
1507.0,3.5402832407824936,-153271.7807030303,0.0,-153271.7807030303,9040212.629065186,3.5433626395572775,3.5433626395572775,20.0,1037.3185715252823
1508.0,3.6601434473378727,-160785.0541167413,0.0,-160785.0541167413,9077230.502659943,3.7168611879678273,3.7168611879678273,20.0,1048.8654490071392
1509.0,3.780039989348324,-168319.8945061039,0.0,-168319.8945061039,9116333.495642085,3.890866271542794,3.890866271542794,20.0,1060.59967430882
1510.0,3.9,-175877.97073348987,0.0,-175877.97073348987,9157208.774623614,4.06541540720941,4.06541540720941,20.0,1072.525522635119
1511.0,4.020041552296315,-183460.41167029948,0.0,-183460.41167029948,9198209.988246702,4.240533809286107,4.240533809286107,20.0,1084.6473802678663
1512.0,4.140146478509735,-191066.1542999762,0.0,-191066.1542999762,9237669.714757781,4.416196201852739,4.416196201852739,20.0,1096.9697108196167
1513.0,4.260287550729985,-198693.57964749538,0.0,-198693.57964749538,9275238.247600999,4.592364571760679,4.592364571760679,20.0,1109.4970976401294
1514.0,4.380437541046792,-206341.06001308974,0.0,-206341.06001308974,9310897.219275681,4.7690007886671175,4.7690007886671175,20.0,1122.2342612658
1515.0,4.500569221549881,-214006.9589578046,0.0,-214006.9589578046,9344628.178231262,4.94606659053752,4.94606659053752,20.0,1135.1860644318635
1516.0,4.6206553643289805,-221689.63128905272,0.0,-221689.63128905272,9376412.58865813,5.123523571907422,5.123523571907422,20.0,1148.35751730191
1517.0,4.740668741473816,-229387.42304616963,0.0,-229387.42304616963,9406231.830278706,5.301333174296289,5.301333174296289,20.0,1161.7537829255511
1518.0,4.860582125074113,-237098.67148596875,0.0,-237098.67148596875,9434067.198138474,5.479456678314134,5.479456678314134,20.0,1175.3801829358742
1519.0,4.9803682872196,-244821.70506829664,0.0,-244821.70506829664,9459899.902396103,5.65785519711038,5.65785519711038,20.0,1189.2422034988767
1520.0,5.1,-252554.8434415877,0.0,-252554.8434415877,9484393.426797124,5.836489670894906,5.836489670894906,20.0,1203.345501527779
1521.0,5.219468203232577,-260297.5123078883,0.0,-260297.5123078883,9510956.783369165,6.015346616380925,6.015346616380925,20.0,1217.6959369351814
1522.0,5.338836507644739,-268053.599778528,0.0,-268053.599778528,9543042.165280245,6.194515658391017,6.194515658391017,20.0,1232.2996569677102
1523.0,5.458186691691424,-275828.13227779215,0.0,-275828.13227779215,9581388.72972846,6.374112742661975,6.374112742661975,20.0,1247.1630264979433
1524.0,5.577600533827576,-283626.1626368756,0.0,-283626.1626368756,9626053.53120625,6.554254447346919,6.554254447346919,20.0,1262.2926097535355
1525.0,5.6971598125081355,-291452.7701372667,0.0,-291452.7701372667,9677093.880814372,6.735057980869632,6.735057980869632,20.0,1277.6951780798074
1526.0,5.816946306188044,-299313.06055413315,0.0,-299313.06055413315,9734567.346893752,6.916641180298943,6.916641180298943,20.0,1293.3777180626794
1527.0,5.937041793322243,-307212.1661997059,0.0,-307212.1661997059,9798531.755657362,7.099122510145457,7.099122510145457,20.0,1309.3474400313041
1528.0,6.057528052365674,-315155.24596666446,0.0,-315155.24596666446,9869045.19182341,7.282621061503404,7.282621061503404,20.0,1325.6117869610932
1529.0,6.17848686177328,-323147.4853715218,0.0,-323147.4853715218,9946165.999248609,7.467256551476092,7.467256551476092,20.0,1342.178443798943
1530.0,6.3,-331194.09659800865,0.0,-331194.09659800865,10027500.141332408,7.653149322835634,7.653149322835634,20.0,1359.0553472339986
1531.0,6.422085634773372,-339296.36351189396,0.0,-339296.36351189396,10100785.508884735,7.840328974017727,7.840328974017727,20.0,1376.2506045580944
1532.0,6.5445074909113075,-347439.7352724137,0.0,-347439.7352724137,10153605.758400232,8.028459290392162,8.028459290392162,20.0,1393.7722293062502
1533.0,6.6669656825043155,-355605.61901428207,0.0,-355605.61901428207,10183296.512677131,8.217110674156176,8.217110674156176,20.0,1411.6284249865007
1534.0,6.789160323642903,-363775.32439072075,0.0,-363775.32439072075,10189645.084148018,8.405851271806092,8.405851271806092,20.0,1429.8276880334217
1535.0,6.910791528417576,-371930.0634143648,0.0,-371930.0634143648,10172437.832320957,8.594246971276064,8.594246971276064,20.0,1448.3788202056542
1536.0,7.0315594109188435,-380050.950298168,0.0,-380050.950298168,10131460.161448214,8.781861398960128,8.781861398960128,20.0,1467.2909416031491
1537.0,7.1511640852372125,-388119.00129630894,0.0,-388119.00129630894,10066496.518192627,8.968255916630934,8.968255916630934,20.0,1486.5735043400655
1538.0,7.2693056654631905,-396115.1345450957,0.0,-396115.1345450957,9977330.389291298,9.152989618267934,9.152989618267934,20.0,1506.2363069117666
1539.0,7.385684265687282,-404020.1699038722,0.0,-404020.1699038722,9863744.299217194,9.335619326806992,9.335619326806992,20.0,1526.2895092967735
1540.0,7.5,-411814.8287959238,0.0,-411814.8287959238,9730912.894720398,9.515699590822333,9.515699590822333,20.0,1546.743648837413
1541.0,7.612089257673935,-419488.3180735104,0.0,-419488.3180735104,9605708.411800707,9.69298099902179,9.69298099902179,20.0,1567.6098552788674
1542.0,7.7223335287100285,-427064.17108686775,0.0,-427064.17108686775,9515339.62096847,9.868007194476133,9.868007194476133,20.0,1588.9004654094433
1543.0,7.8312505782913115,-434574.65167042054,0.0,-434574.65167042054,9465570.535406541,10.041523533209222,10.041523533209222,20.0,1610.628450180372
1544.0,7.939358171600813,-442052.192660576,0.0,-442052.192660576,9456773.73987304,10.214279286640185,10.214279286640185,20.0,1632.8072363922577
1545.0,8.04717407382156,-449529.39617040654,0.0,-449529.39617040654,9489323.481626932,10.387027646590193,10.387027646590193,20.0,1655.4507272465587
1546.0,8.155216050136582,-457039.0338643334,0.0,-457039.0338643334,9563595.67447484,10.560525730545242,10.560525730545242,20.0,1678.5733240087886
1547.0,8.264001865728908,-464614.0472328089,0.0,-464614.0472328089,9679967.902822157,10.73553458712447,10.73553458712447,20.0,1702.1899488533272
1548.0,8.374049285781568,-472287.5478670002,0.0,-472287.5478670002,9838819.425728125,10.912819201713821,10.912819201713821,20.0,1726.3160689649178
1549.0,8.485876075477588,-480092.8177334708,0.0,-480092.8177334708,10040531.180966455,11.09314850223221,11.09314850223221,20.0,1750.9677219771477
1550.0,8.6,-488063.30944886594,0.0,-488063.30944886594,10278114.9444375,11.277295365003578,11.277295365003578,20.0,1776.161542834274
1551.0,8.71675733453089,-496221.06557810795,0.0,-496221.06557810795,10514929.422302965,11.465769057993812,11.465769057993812,20.0,1801.914524591659
1552.0,8.835758394248575,-504541.8564726255,0.0,-504541.8564726255,10713876.725593694,11.658009793770852,11.658009793770852,20.0,1828.2432429157266
1553.0,8.956432004330436,-512989.71407727455,0.0,-512989.71407727455,10867169.48624551,11.853186579454762,11.853186579454762,20.0,1855.1646856938178
1554.0,9.078206989953845,-521528.48275594064,0.0,-521528.48275594064,10974389.328480171,12.050464082308332,12.050464082308332,20.0,1882.6965534619997
1555.0,9.200512176296185,-530121.8189885205,0.0,-530121.8189885205,11035116.019665409,12.249002623237873,12.249002623237873,20.0,1910.8572949067186
1556.0,9.322776388534827,-538733.191067905,0.0,-538733.191067905,11048927.46582274,12.44795817031149,12.44795817031149,20.0,1939.6661444614194
1557.0,9.444428451847154,-547325.878796962,0.0,-547325.878796962,11015399.707130285,12.646482332280028,12.646482332280028,20.0,1969.1431621419506
1558.0,9.564897191410541,-555862.973185517,0.0,-555862.973185517,10934106.913420126,12.843722352089689,12.843722352089689,20.0,1999.30927577599
1559.0,9.683611432402365,-564307.3761473374,0.0,-564307.3761473374,10804621.379671885,13.038821100378346,13.038821100378346,20.0,2030.1863257937603
1560.0,9.8,-572621.8001971131,0.0,-572621.8001971131,10634417.91835377,13.230917068950284,13.230917068950284,20.0,2061.797112760939
1561.0,9.913681404202508,-580781.0286216473,0.0,-580781.0286216473,10462769.649595283,13.419427630004149,13.419427630004149,20.0,2094.1657311262657
1562.0,10.025032894295673,-588808.8223076083,0.0,-588808.8223076083,10329436.102573907,13.6049017336936,13.6049017336936,20.0,2127.318475576641
1563.0,10.134621404386952,-596741.3582768546,0.0,-596741.3582768546,10242743.291223804,13.788175196901982,13.788175196901982,20.0,2161.283053291938
1564.0,10.243013868583809,-604615.0009098467,0.0,-604615.0009098467,10203114.69490342,13.97008816987308,13.97008816987308,20.0,2196.088362029516
1565.0,10.350777220993708,-612466.3022464135,0.0,-612466.3022464135,10210975.65973015,14.151485142670987,14.151485142670987,20.0,2231.764554654283
1566.0,10.45847839572411,-620332.0022865203,0.0,-620332.0022865203,10266753.403068272,14.333214951733236,14.333214951733236,20.0,2268.3431078538733
1567.0,10.566684326882477,-628249.0292910367,0.0,-628249.0292910367,10370877.01802156,14.51613078650105,14.51613078650105,20.0,2305.856895354984
1568.0,10.675961948576274,-636254.5000825054,0.0,-636254.5000825054,10523777.477929665,14.701090196113517,14.701090196113517,20.0,2344.3402659846524
1569.0,10.78687819491296,-644385.7203459084,0.0,-644385.7203459084,10725887.640870303,14.888955096154426,14.888955096154426,20.0,2383.8291269497076
1570.0,10.9,-652680.1849294367,0.0,-652680.1849294367,10970064.842783138,15.080591775442402,15.080591775442402,20.0,2424.361032741207
1571.0,11.015717048659075,-661163.9741980245,0.0,-661163.9741980245,11218684.733737508,15.276602803017305,15.276602803017305,20.0,2465.9750119981786
1572.0,11.133710028568737,-669816.8242732951,0.0,-669816.8242732951,11433659.757181104,15.476520002410991,15.476520002410991,20.0,2508.7108619740548
1573.0,11.253482378121761,-678606.7320386656,0.0,-678606.7320386656,11607036.789830677,15.679603969382262,15.679603969382262,20.0,2552.6100566741115
1574.0,11.374537535710921,-687501.5292965717,0.0,-687501.5292965717,11738438.468775405,15.885111483161618,15.885111483161618,20.0,2597.716130519255
1575.0,11.496378939728988,-696468.8825050361,0.0,-696468.8825050361,11827485.776143873,16.092295500500448,16.092295500500448,20.0,2644.0748028645403
1576.0,11.618510028568739,-705476.2925142319,0.0,-705476.2925142319,11873798.03514848,16.30040514973469,16.30040514973469,20.0,2691.7341114859523
1577.0,11.740434240622939,-714491.0943030496,0.0,-714491.0943030496,11876992.906127376,16.508685724858207,16.508685724858207,20.0,2740.7445557888796
1578.0,11.861655014284368,-723480.4567156641,0.0,-723480.4567156641,11836686.382580843,16.716378679601736,16.716378679601736,20.0,2791.1592505638223
1579.0,11.981675787945797,-732411.3821980986,0.0,-732411.3821980986,11752492.787203379,16.922721621514125,16.922721621514125,20.0,2843.0340911955022
1580.0,12.1,-741250.7065347919,0.0,-741250.7065347919,11629256.571196882,17.126948306043303,17.126948306043303,20.0,2896.4279313206935
1581.0,12.216250401161194,-749973.0093398446,0.0,-749973.0093398446,11492867.051593687,17.328471403475692,17.328471403475692,20.0,2951.4029568063297
1582.0,12.330526991429378,-758584.4261411888,0.0,-758584.4261411888,11369530.95293799,17.52743266266215,17.52743266266215,20.0,3008.0254418803443
1583.0,12.443049083126,-767099.0561702347,0.0,-767099.0561702347,11264647.599905014,17.724157829699948,17.724157829699948,20.0,3066.3654260662142
1584.0,12.554035988572505,-775531.0717254397,0.0,-775531.0717254397,11178385.248945681,17.918974339987823,17.918974339987823,20.0,3126.4967714408813
1585.0,12.663707020090337,-783894.7182886562,0.0,-783894.7182886562,11110912.893323246,18.1122113208133,18.1122113208133,20.0,3188.49742136579
1586.0,12.77228149000094,-792204.3146414809,0.0,-792204.3146414809,11062400.264868014,18.30419959395291,18.30419959395291,20.0,3252.4496801644323
1587.0,12.879978710625764,-800474.2529816029,0.0,-800474.2529816029,11033017.8357336,18.495271678283366,18.495271678283366,20.0,3318.4405157271403
1588.0,12.987017994286251,-808718.9990391533,0.0,-808718.9990391533,11022936.820155023,18.685761792402552,18.685761792402552,20.0,3386.561887238434
1589.0,13.09361865330385,-816953.092193054,0.0,-816953.092193054,11032329.17620883,18.876005857258875,18.876005857258875,20.0,3456.911100463306
1590.0,13.2,-825191.1455873651,0.0,-825191.1455873651,11061367.607575448,19.066341498787992,19.066341498787992,20.0,3529.591193300683
1591.0,13.306381346696151,-833447.8462476367,0.0,-833447.8462476367,11110225.565302603,19.257108050556116,19.257108050556116,20.0,3604.7113546168976
1592.0,13.412982005713747,-841737.9551972535,0.0,-841737.9551972535,11179077.249570766,19.448646556408807,19.448646556408807,20.0,3682.3873797173374
1593.0,13.520021289374235,-850076.3075737878,0.0,-850076.3075737878,11268097.611461064,19.641299773124974,19.641299773124974,20.0,3762.7421662029356
1594.0,13.627718509999056,-858477.8127453448,0.0,-858477.8127453448,11377462.354724621,19.835412173074953,19.835412173074953,20.0,3845.906254398296
1595.0,13.736292979909662,-866957.4544269145,0.0,-866957.4544269145,11507347.937553529,20.03132994688263,20.03132994688263,20.0,3932.0184170375655
1596.0,13.845964011427496,-875530.290796718,0.0,-875530.290796718,11657931.574353378,20.229401006090686,20.229401006090686,20.0,4021.226303459365
1597.0,13.956950916873998,-884211.454612557,0.0,-884211.454612557,11829391.237519661,20.42997498582881,20.42997498582881,20.0,4113.68714420633
1598.0,14.069473008570622,-893016.1533281644,0.0,-893016.1533281644,12021905.659213109,20.63340324748441,20.63340324748441,20.0,4209.568522657502
1599.0,14.183749598838805,-901959.6692095494,0.0,-901959.6692095494,12235654.333138883,20.84003888137529,20.84003888137529,20.0,4309.049221157951
1600.0,14.3,-911057.359451351,0.0,-911057.359451351,12369687.349162206,21.05023670942439,21.05023670942439,20.0,4412.320150066588
