Frequency_Hz,Frequency_MHz,OffsetFrom76MHz_Hz,OffsetFrom800kHzCenter_Hz,TwoTapFirAttenuation_dB,20260515_092941_PSD,20260515_133100_PSD,20260515_134951_PSD,20260515_140509_PSD,20260521_162959_PSD,20260515_092941_PSD_dB,20260515_133100_PSD_dB,20260515_134951_PSD_dB,20260515_140509_PSD_dB,20260521_162959_PSD_dB,20260515_092941_After2TapFir_dB,20260515_133100_After2TapFir_dB,20260515_134951_After2TapFir_dB,20260515_140509_After2TapFir_dB,20260521_162959_After2TapFir_dB
76700004.577636719,76.700004577637,700004.577637,-99995.4223633,-30.7724689213,8.9405912088412357e-06,3.0843082368398895e-05,2.4275832355627928e-05,1.9275151575394405e-05,3.3734792947585474e-05,-50.4863376194,-45.1084222632,-46.1482587033,-47.1500219807,-44.7192195105,-81.2588065406,-75.8808911844,-76.9207276245,-77.922490902,-75.4916884317
76700149.536132812,76.700149536133,700149.536133,-99850.4638672,-30.7706709163,1.4440721241534584e-05,2.9682261076379606e-05,2.9233114479039217e-05,2.4847410247626954e-05,4.9032488312823263e-05,-48.404111154,-45.2750301931,-45.341249127,-46.0471886946,-43.0951606651,-79.1747820703,-76.0457011094,-76.1119200433,-76.8178596109,-73.8658315814
76700294.494628906,76.700294494629,700294.494629,-99705.5053711,-30.7688732838,9.36028048734387e-06,3.1094370366170496e-05,2.4507604529295161e-05,2.4927634815338162e-05,5.5577645750140561e-05,-50.2871113713,-45.0731823285,-46.1069913634,-46.0331892628,-42.5509985373,-81.0559846551,-75.8420556123,-76.8758646472,-76.8020625467,-73.3198718211
76700439.453125,76.700439453125,700439.453125,-99560.546875,-30.7670760236,9.5203060620605716e-06,3.7140779190241694e-05,2.3282088347516255e-05,2.457009764999625e-05,3.5531435327040809e-05,-50.2134908954,-44.3014898927,-46.329780671,-46.0959311748,-44.4938724841,-80.980566919,-75.0685659163,-77.0968566946,-76.8630071984,-75.2609485076
76700584.411621094,76.700584411621,700584.411621,-99415.5883789,-30.7652791355,1.5548615183358869e-05,3.5334608356688807e-05,2.320245448080485e-05,2.4417267989419312e-05,3.0753128910298508e-05,-48.0830828477,-44.5179971798,-46.3446607067,-46.1230293021,-45.1211069129,-78.8483619832,-75.2832763152,-77.1099398421,-76.8883084376,-75.8863860484
76700729.370117188,76.700729370117,700729.370117,-99270.6298828,-30.7634826193,1.4687429687043652e-05,3.2251628561690815e-05,2.3844845451498612e-05,2.3501436988780177e-05,3.516159347486399e-05,-48.3305419947,-44.9144835056,-46.2260548807,-46.289055821,-44.5393145153,-79.094024614,-75.6779661249,-76.9895375,-77.0525384403,-75.3027971346
76700874.328613281,76.700874328613,700874.328613,-99125.6713867,-30.761686475,1.0888725173513483e-05,3.7335327520570215e-05,2.5359829645375348e-05,2.1289204936941148e-05,3.6972416382777031e-05,-49.6302296345,-44.2788003451,-45.9585366815,-46.7184055735,-44.3212216459,-80.3919161095,-75.0404868201,-76.7202231565,-77.4800920484,-75.0829081209
76701019.287109375,76.701019287109,701019.287109,-98980.7128906,-30.7598907023,1.075062986261858e-05,3.4996054014874139e-05,2.5760528835222938e-05,1.9146825326091919e-05,4.7846234157966572e-05,-49.6856609037,-44.5598092183,-45.8904522563,-47.1790322471,-43.2015223863,-80.445551606,-75.3196999205,-76.6503429586,-77.9389229493,-73.9614130886
76701164.245605469,76.701164245605,701164.245605,-98835.7543945,-30.7580953011,1.1198040920910527e-05,3.6840872257306327e-05,2.0523746405687769e-05,2.08227724248472e-05,3.358554946525327e-05,-49.508579498,-44.3367009585,-46.8774336019,-46.8146144732,-44.7384754218,-80.2666747991,-75.0947962596,-77.635528903,-77.5727097743,-75.4965707229
76701309.204101562,76.701309204102,701309.204102,-98690.7958984,-30.7563002713,1.2149904789759723e-05,2.5965941482860239e-05,1.5793110459331792e-05,2.3280051685823404e-05,3.7106517124848781e-05,-49.1542712531,-45.8559592597,-48.015323271,-46.3301605981,-44.3054980729,-79.9105715244,-76.612259531,-78.7716235423,-77.0864608694,-75.0617983442
76701454.162597656,76.701454162598,701454.162598,-98545.8374023,-30.7545056126,1.0336084550604781e-05,2.8870843686755116e-05,1.7803859228967892e-05,1.5922989051906053e-05,3.0114247019211845e-05,-49.8564394675,-45.3954052464,-47.4948584824,-47.979754035,-45.2122799152,-80.6109450801,-76.149910859,-78.2493640951,-78.7342596477,-75.9667855278
76701599.12109375,76.701599121094,701599.121094,-98400.8789062,-30.7527113251,9.4271151925442661e-06,3.5719210510463039e-05,1.9856384087240919e-05,2.241456940098007e-05,4.1130432036174605e-05,-50.2562118612,-44.4709814874,-47.0209983509,-46.4946959981,-43.8583672862,-81.0089231863,-75.2236928125,-77.773709676,-77.2474073231,-74.6110786112
76701744.079589844,76.701744079590,701744.07959,-98255.9204102,-30.7509174084,7.6491326514921203e-06,3.0066786575019412e-05,2.8601886522906066e-05,2.4600741073948353e-05,3.4782450569453824e-05,-51.1638780746,-45.2191298518,-45.4360532074,-46.0905180999,-44.5863982339,-81.914795483,-75.9700472601,-76.1869706157,-76.8414355083,-75.3373156422
76701889.038085938,76.701889038086,701889.038086,-98110.9619141,-30.7491238624,9.2710152685165636e-06,3.4102977150053864e-05,3.3878355412678275e-05,2.1759338166612469e-05,4.029993780912362e-05,-50.3287270368,-44.6720770595,-44.7007768018,-46.623543183,-43.9469562406,-81.0778508992,-75.4212009219,-75.4499006642,-77.3726670454,-74.696080103
76702033.996582031,76.702033996582,702033.996582,-97966.003418,-30.747330687,1.2292372898156318e-05,3.6501908584471381e-05,2.7257630390199388e-05,1.7696241802785759e-05,5.2876498671841139e-05,-49.1036427357,-44.3768442689,-45.6451190174,-47.521189561,-42.7673731029,-79.8509734228,-75.1241749559,-76.3924497044,-78.268520248,-73.5147037899
76702178.955078125,76.702178955078,702178.955078,-97821.0449219,-30.7455378821,1.5244520194334631e-05,4.3464200908168285e-05,2.5001088613959036e-05,2.355715316456419e-05,3.4189634059971215e-05,-48.1688624006,-43.6186830049,-46.0204108058,-46.2787719434,-44.6610554754,-78.9144002827,-74.364220887,-76.7659486879,-77.0243098255,-75.4065933575
76702323.913574219,76.702323913574,702323.913574,-97676.0864258,-30.7437454474,1.3312952610918501e-05,4.2865732927927724e-05,2.4541369322794563e-05,2.3534324626980156e-05,2.5498281462357377e-05,-48.7572561392,-43.6788974621,-46.1010120882,-46.2829826028,-45.9348908924,-79.5010015866,-74.4226429095,-76.8447575356,-77.0267280502,-76.6786363398
76702468.872070312,76.702468872070,702468.87207,-97531.1279297,-30.7419533829,1.0293901717848855e-05,4.4294988508518841e-05,2.7955660451571236e-05,1.5188128136849775e-05,2.9078051372269935e-05,-49.8741998254,-43.5364540665,-45.5353024309,-48.1849574753,-45.3643470052,-80.6161532083,-74.2784074493,-76.2772558138,-78.9269108581,-76.106300388
76702613.830566406,76.702613830566,702613.830566,-97386.1694336,-30.7401616883,1.3003804404093791e-05,3.7054259692560534e-05,2.8959690316107111e-05,1.8731717045048074e-05,3.6391587813725433e-05,-48.8592957154,-44.3116185908,-45.3820608663,-47.2742241115,-44.3899899515,-79.5994574037,-75.0517802791,-76.1222225546,-78.0143857997,-75.1301516398
76702758.7890625,76.702758789062,702758.789062,-97241.2109375,-30.7383703635,1.3535075424272293e-05,3.2379002800395871e-05,2.4903393571183241e-05,1.8166494520389138e-05,4.705826730220251e-05,-48.6853931978,-44.8973653066,-46.0374146781,-47.4072886781,-43.273640677,-79.4237635613,-75.6357356701,-76.7757850417,-78.1456590417,-74.0120110406
76702903.747558594,76.702903747559,702903.747559,-97096.2524414,-30.7365794085,1.5927818923506856e-05,3.7651875416508614e-05,2.9156766615578835e-05,2.1963658666530568e-05,4.1420196254917028e-05,-47.9784369026,-44.2421338699,-45.3526063944,-46.5829531421,-43.8278784769,-78.715016311,-74.9787132783,-76.0891858028,-77.3195325505,-74.5644578853
76703048.706054688,76.703048706055,703048.706055,-96951.2939453,-30.7347888229,1.4628021500919268e-05,3.0907466637120153e-05,2.5536944879960347e-05,2.4040008758040236e-05,3.5557310790485319e-05,-48.3481440999,-45.0993659088,-45.9283106092,-46.1906537845,-44.4907109227,-79.0829329228,-75.8341547317,-76.663099432,-76.9254426074,-75.2254997456
76703193.664550781,76.703193664551,703193.664551,-96806.3354492,-30.7329986067,1.1084275708895821e-05,2.2397543108750927e-05,2.5681901380140792e-05,2.4159086496908154e-05,4.7552708967332339e-05,-49.5529268017,-46.4979961885,-45.9037282607,-46.1691949128,-43.2282473727,-80.2859254084,-77.2309947951,-76.6367268674,-76.9021935195,-73.9612459794
76703338.623046875,76.703338623047,703338.623047,-96661.3769531,-30.7312087597,1.1617677150232185e-05,3.5273457399265706e-05,2.0486119285838741e-05,2.3150422304434847e-05,4.6821884668143271e-05,-49.3488069653,-44.5255196999,-46.8854030282,-46.3544108228,-43.2955110913,-80.080015725,-75.2567284596,-77.6166117879,-77.0856195825,-74.0267198509
76703483.581542969,76.703483581543,703483.581543,-96516.418457,-30.7294192818,1.169606187139084e-05,3.1923340223867863e-05,2.2845786167629215e-05,2.2339543287753307e-05,2.6837431537474751e-05,-49.3196034299,-44.9589167356,-46.4119389244,-46.509257099,-45.7125905044,-80.0490227117,-75.6883360173,-77.1413582061,-77.2386763807,-76.4420097862
76703628.540039062,76.703628540039,703628.540039,-96371.4599609,-30.7276301727,1.3138107823756048e-05,3.1379068344689743e-05,2.8460152021387234e-05,2.0927281794159111e-05,2.2600402325984394e-05,-48.8146717822,-45.0335995491,-45.4576278444,-46.792871777,-46.458838296,-79.5423019549,-75.7612297218,-76.1852580171,-77.5205019498,-77.1864684687
76703773.498535156,76.703773498535,703773.498535,-96226.5014648,-30.7258414324,1.3425411104764828e-05,3.423819661711989e-05,2.8767799044176475e-05,1.9009558338931249e-05,2.6680565662290055e-05,-48.7207240672,-44.6548911841,-45.4109336368,-47.2102797326,-45.7380496706,-79.4465654997,-75.3807326165,-76.1367750692,-77.936121165,-76.463891103
76703918.45703125,76.703918457031,703918.457031,-96081.5429688,-30.7240530608,1.1831319757603237e-05,2.8554109569630693e-05,2.9956675367780993e-05,1.5374126012669214e-05,2.8147092429936782e-05,-49.2696680808,-45.4433137831,-45.2350638689,-48.132095636,-45.5056646074,-79.9937211416,-76.1673668439,-75.9591169296,-78.8561486967,-76.2297176681
76704063.415527344,76.704063415527,704063.415527,-95936.5844727,-30.7222650576,1.4385984086430888e-05,2.5829331148721101e-05,2.7683800945195518e-05,2.2953356075463191e-05,3.5424504208933894e-05,-48.4206042445,-45.8788683975,-45.5777428213,-46.3915380605,-44.506962193,-79.142869302,-76.601133455,-76.3000078788,-77.1138031181,-75.2292272505
76704208.374023438,76.704208374023,704208.374023,-95791.6259766,-30.7204774226,1.4116014666401457e-05,3.3436425312012737e-05,2.9803164556154753e-05,2.5732800442211835e-05,4.606213447299236e-05,-48.5028789908,-44.7578015917,-45.2573761927,-45.8951294794,-43.3665594114,-79.2233564135,-75.4782790143,-75.9778536153,-76.615606902,-74.087036834
76704353.332519531,76.704353332520,704353.33252,-95646.6674805,-30.7186901559,1.5090508267822432e-05,3.3505911390452052e-05,2.6867459726973048e-05,2.482559613523452e-05,3.9646924821496531e-05,-48.2129613238,-44.7487856437,-45.7077339344,-46.0510031403,-44.0179049271,-78.9316514796,-75.4674757996,-76.4264240902,-76.7696932961,-74.7365950829
76704498.291015625,76.704498291016,704498.291016,-95501.7089844,-30.7169032571,1.1092230003794898e-05,2.8419456204363254e-05,2.2601827135190505e-05,2.4131397193547648e-05,3.6415319810453743e-05,-49.5498113365,-45.4638423639,-46.45856451,-46.1741753197,-44.3871587159,-80.2667145936,-76.180745621,-77.1754677671,-76.8910785768,-75.1040619729
76704643.249511719,76.704643249512,704643.249512,-95356.7504883,-30.7151167261,1.1470335280748272e-05,2.3952104095170913e-05,1.8521101190305153e-05,2.7485250237096925e-05,3.6128849232436018e-05,-49.4042388738,-46.2065632957,-47.3233319548,-45.6090030468,-44.4214587126,-80.1193555999,-76.9216800218,-78.0384486809,-76.324119773,-75.1365754387
76704788.208007812,76.704788208008,704788.208008,-95211.7919922,-30.7133305629,1.1002587819720256e-05,2.9802916183381569e-05,3.0246766205555154e-05,3.5626559402343221e-05,3.7474541309181853e-05,-49.5850515633,-45.257412386,-45.1932105057,-44.4822611716,-44.2626367424,-80.2983821262,-75.9707429489,-75.9065410686,-75.1955917345,-74.9759673053
76704933.166503906,76.704933166504,704933.166504,-95066.8334961,-30.7115447672,1.0004891252365217e-05,4.0240732053663112e-05,2.7271730329601134e-05,2.9118849082740486e-05,3.5239382212936566e-05,-49.9978762754,-43.9533412726,-45.6428730618,-45.3582579443,-44.5297171388,-80.7094210426,-74.6648860398,-76.354417829,-76.0698027115,-75.241261906
76705078.125,76.705078125000,705078.125,-94921.875,-30.7097593389,9.9588199646253901e-06,2.2203348848552849e-05,2.4754634372527087e-05,2.0244567709946315e-05,3.6877907786970682e-05,-50.0179211873,-46.5358151759,-46.0634348384,-46.9369149245,-44.3323372597,-80.7276805262,-77.2455745148,-76.7731941773,-77.6466742634,-75.0420965986
76705223.083496094,76.705223083496,705223.083496,-94776.9165039,-30.7079742778,1.6838833686623937e-05,3.1298397537082318e-05,2.7317886406944179e-05,2.426910754776507e-05,4.3636569821453369e-05,-47.7368799247,-45.0447789755,-45.6355290518,-46.1494619376,-43.6014939571,-78.4448542025,-75.7527532534,-76.3435033297,-76.8574362155,-74.309468235
76705368.041992188,76.705368041992,705368.041992,-94631.9580078,-30.7061895839,1.7557813941938715e-05,3.5888106380372392e-05,2.6979651436763738e-05,2.1041099088208136e-05,4.2089772704733386e-05,-47.5552955745,-44.4504945641,-45.6896366549,-46.7693157842,-43.7582341954,-78.2614851584,-75.156684148,-76.3958262387,-77.4755053681,-74.4644237793
76705513.000488281,76.705513000488,705513.000488,-94486.9995117,-30.7044052568,1.4302708475406813e-05,2.7735402604574575e-05,2.5023737616986172e-05,1.7984696925580647e-05,3.266797149309214e-05,-48.4458171327,-45.5696552556,-46.0164782233,-47.4509687643,-44.8587783206,-79.1502223895,-76.2740605124,-76.7208834801,-78.1553740211,-75.5631835774
76705657.958984375,76.705657958984,705657.958984,-94342.0410156,-30.7026212966,1.3606005449599168e-05,2.7178499211830551e-05,3.0595901566739546e-05,2.0870148351559134e-05,3.8963952812648699e-05,-48.6626935943,-45.6577452855,-45.1433674496,-46.8047446382,-44.0933699128,-79.3653148908,-76.360366582,-75.8459887462,-77.5073659348,-74.7959912094
76705802.917480469,76.705802917480,705802.91748,-94197.0825195,-30.7008377029,1.088526389430088e-05,3.1950983661969746e-05,2.4366251530322565e-05,2.2591580303956124e-05,5.1585248569096534e-05,-49.6316103778,-44.9551576685,-46.1321127693,-46.4605338868,-42.8747447242,-80.3324480808,-75.6559953715,-76.8329504722,-77.1613715897,-73.5755824272
76705947.875976562,76.705947875977,705947.875977,-94052.1240234,-30.6990544758,9.3228947559054738e-06,3.9182670924623596e-05,2.2066893670860992e-05,2.2242352826705147e-05,4.564001555119277e-05,-50.3044921841,-44.0690596323,-46.5625879763,-46.5281927439,-43.4065421627,-81.0035466599,-74.7681141081,-77.2616424521,-77.2272472197,-74.1055966386
76706092.834472656,76.706092834473,706092.834473,-93907.1655273,-30.697271615,1.0839521004675889e-05,3.7627643913504776e-05,2.4356397084096349e-05,1.6848451306626505e-05,3.6011379891008738e-05,-49.6498990872,-44.2449297454,-46.1338695423,-47.7344001289,-44.4356023693,-80.3471707022,-74.9422013604,-76.8311411573,-78.4316717439,-75.1328739843
76706237.79296875,76.706237792969,706237.792969,-93762.2070312,-30.6954891204,1.4213452677583466e-05,3.196920484533738e-05,2.2095425787699011e-05,1.623890139092227e-05,3.7230273732346117e-05,-48.473004121,-44.9526816559,-46.5569762499,-47.8944335539,-44.2910377066,-79.1684932414,-75.6481707763,-77.2524653703,-78.5899226743,-74.986526827
76706382.751464844,76.706382751465,706382.751465,-93617.2485352,-30.6937069918,1.0728869892669822e-05,2.9700087113305962e-05,2.3031293907459165e-05,1.4947365856286165e-05,3.4868371021677444e-05,-49.694460213,-45.2724227685,-46.3768166251,-48.2543533542,-44.5756834149,-80.3881672048,-75.9661297604,-77.0705236169,-78.9480603461,-75.2693904068
76706527.709960938,76.706527709961,706527.709961,-93472.2900391,-30.6919252292,8.7818039399668961e-06,3.0436171524162334e-05,2.6744870335356278e-05,2.1759382642523972e-05,3.800588029074246e-05,-50.5641626306,-45.1660997708,-45.7275950331,-46.6235343061,-44.201492039,-81.2560878597,-75.858025,-76.4195202623,-77.3154595352,-74.8934172682
76706672.668457031,76.706672668457,706672.668457,-93327.331543,-30.6901438322,1.1786021312828908e-05,3.576851754726788e-05,2.4631097680734163e-05,2.3249695028236624e-05,4.6918065583243569e-05,-49.286327779,-44.4649905913,-46.0851623347,-46.3358273948,-43.2865990201,-79.9764716112,-75.1551344236,-76.7753061669,-77.025971227,-73.9767428523
76706817.626953125,76.706817626953,706817.626953,-93182.3730469,-30.6883628008,1.051348829438715e-05,3.3223734422506971e-05,2.3191385433567992e-05,2.603436020133962e-05,4.4513452247772772e-05,-49.782531645,-44.7855155346,-46.3467330621,-45.8445309072,-43.5150872263,-80.4708944458,-75.4738783355,-77.0350958629,-76.532893708,-74.2034500272
76706962.585449219,76.706962585449,706962.585449,-93037.4145508,-30.6865821349,1.0484852901651026e-05,3.2308795073844574e-05,3.0830338397917707e-05,2.7252537920970052e-05,3.5856083835822294e-05,-49.7943765814,-44.9067923828,-45.1102170837,-45.6459304738,-44.4543714538,-80.4809587163,-75.5933745178,-75.7967992186,-76.3325126087,-75.1409535887
76707107.543945312,76.707107543945,707107.543945,-92892.4560547,-30.6848018343,1.1010824193189244e-05,2.7164339911525084e-05,2.5743507211430124e-05,3.384673764859634e-05,3.0968182526456466e-05,-49.5818017157,-45.6600084378,-45.8933228654,-44.7048318487,-45.0908428195,-80.2666035499,-76.3448102721,-76.5781246996,-75.3896336829,-75.7756446538
76707252.502441406,76.707252502441,707252.502441,-92747.4975586,-30.6830218988,9.5664294345190163e-06,3.4050486695319193e-05,2.5174689079091737e-05,2.5407638587831837e-05,3.4129437129670532e-05,-50.1925012766,-44.6787667619,-45.9903588451,-45.9503569685,-44.6687087414,-80.8755231754,-75.3617886606,-76.6733807439,-76.6333788673,-75.3517306402
76707397.4609375,76.707397460938,707397.460938,-92602.5390625,-30.6812423282,8.3164889453601685e-06,3.3340866686898507e-05,2.6211022423739871e-05,1.9621440734164781e-05,3.4100334527236982e-05,-50.8005998543,-44.7702311499,-45.8151603803,-47.0726910705,-44.6724136052,-81.4818421825,-75.4514734782,-76.4964027085,-77.7539333988,-75.3536559334
76707542.419433594,76.707542419434,707542.419434,-92457.5805664,-30.6794631226,9.7525930046408288e-06,4.1374633914453394e-05,2.5636565975345166e-05,2.0140360613172285e-05,4.3866803636197813e-05,-50.1087989939,-43.8326583587,-45.9114014912,-46.9593275767,-43.578640094,-80.7882621165,-74.5121214812,-76.5908646137,-77.6387906992,-74.2581032166
76707687.377929688,76.707687377930,707687.37793,-92312.6220703,-30.6776842816,1.1656852774541181e-05,4.3690820140838994e-05,2.7792316185448969e-05,1.7096102976761606e-05,4.7508840870969527e-05,-49.3341868861,-43.5960980287,-45.5607525802,-47.671028749,-43.2322556544,-80.0118711677,-74.2737823102,-76.2384368618,-78.3487130306,-73.909939936
76707832.336425781,76.707832336426,707832.336426,-92167.6635742,-30.6759058051,1.2598871770476918e-05,4.0928761258000036e-05,2.60594578938787e-05,1.9493527334695389e-05,3.3995209667091003e-05,-48.9966834423,-43.8797139943,-45.8403462301,-47.1010956861,-44.6858227595,-79.6725892474,-74.5556197994,-76.5162520352,-77.7770014912,-75.3617285646
76707977.294921875,76.707977294922,707977.294922,-92022.7050781,-30.674127693,1.1109017617600372e-05,3.6904575294345729e-05,2.9261353930377339e-05,2.1989988659513271e-05,3.5267003903632239e-05,-49.5432434449,-44.3291978826,-45.3370558283,-46.5777499461,-44.5263143411,-80.2173711379,-75.0033255756,-76.0111835213,-77.2518776391,-75.2004420341
76708122.253417969,76.708122253418,708122.253418,-91877.746582,-30.6723499452,1.0441534795298036e-05,3.1521273385220866e-05,3.5830548402849066e-05,2.1693116389396622e-05,3.4504589721888517e-05,-49.8123565994,-45.0139624635,-44.4574654471,-46.6367805363,-44.6212313222,-80.4847065446,-75.6863124087,-75.1298153923,-77.3091304815,-75.2935812674
76708267.211914062,76.708267211914,708267.211914,-91732.7880859,-30.6705725614,1.2521847597529999e-05,3.1820734031110339e-05,3.5871443481282943e-05,2.4299754819682912e-05,3.2536660524905281e-05,-49.0233158628,-44.972898064,-44.4525114679,-46.1439810834,-44.8762702393,-79.6938884243,-75.6434706254,-75.1230840293,-76.8145536448,-75.5468428007
76708412.170410156,76.708412170410,708412.17041,-91587.8295898,-30.6687955416,1.2016853086497138e-05,2.4717948097884524e-05,3.7271122005280813e-05,2.7591999643996588e-05,4.4302156011317299e-05,-49.2020924832,-46.0698758402,-44.286275331,-45.5921682424,-43.5357513786,-79.8708880248,-76.7386713818,-74.9550708727,-76.2609637841,-74.2045469203
76708557.12890625,76.708557128906,708557.128906,-91442.8710938,-30.6670188856,1.260560031173301e-05,3.3036049039817224e-05,2.4995510103240752e-05,3.0720094095414576e-05,4.1972333276467802e-05,-48.9943646725,-44.8101189788,-46.0213799583,-45.125774584,-43.7703688733,-79.6613835582,-75.4771378644,-76.6883988439,-75.7927934696,-74.4373877589
76708702.087402344,76.708702087402,708702.087402,-91297.9125977,-30.6652425933,1.0175048277167157e-05,4.1146198606246746e-05,2.2454841847940874e-05,2.7675774600253973e-05,3.2218230500963655e-05,-49.9246352152,-43.8567028197,-46.4868999938,-45.5790021508,-44.9189831571,-80.5898778084,-74.521945413,-77.152142587,-76.244244744,-75.5842257504
76708847.045898438,76.708847045898,708847.045898,-91152.9541016,-30.6634666644,1.0683043840434449e-05,3.7306986568957081e-05,2.565243268253928e-05,2.1719946399496491e-05,3.8506340188755692e-05,-49.7130498937,-44.282098292,-45.908714434,-46.6314125083,-44.1446775667,-80.3765165581,-74.9455649564,-76.5721810984,-77.2948791727,-74.8081442311
76708992.004394531,76.708992004395,708992.004395,-91007.9956055,-30.6616910989,1.1350759485149514e-05,3.7370790182771676e-05,2.4269096965388326e-05,2.1963987278624176e-05,4.6099278982610309e-05,-49.4497507863,-44.2746771916,-46.1494638313,-46.582888165,-43.3630586716,-80.1114418852,-74.9363682905,-76.8111549302,-77.2445792639,-74.0247497704
76709136.962890625,76.709136962891,709136.962891,-90863.0371094,-30.6599158966,9.5669254491258845e-06,3.2050140902996186e-05,2.214359969499819e-05,1.7857957126730301e-05,5.1571378486427561e-05,-50.1922761029,-44.9417005684,-46.5475177819,-47.4816822402,-42.8759125989,-80.8521919995,-75.6016164649,-77.2074336785,-78.1415981368,-73.5358284954
76709281.921386719,76.709281921387,709281.921387,-90718.0786133,-30.6581410573,9.1148969537653095e-06,2.9724998732412796e-05,2.2446624197698427e-05,1.6641996776053578e-05,4.4581019949434485e-05,-50.4024823679,-45.2687815523,-46.4884896435,-47.7879456646,-43.5084999971,-81.0606234252,-75.9269226096,-77.1466307008,-78.4460867219,-74.1666410544
76709426.879882812,76.709426879883,709426.879883,-90573.1201172,-30.6563665809,9.3830344010385497e-06,2.8409064175005708e-05,2.5317813782492034e-05,2.3475630955337546e-05,3.8620088164793059e-05,-50.2765669142,-45.4654307217,-45.9657379878,-46.2938272636,-44.1318673912,-80.9329334951,-76.1217973026,-76.6221045687,-76.9501938445,-74.7882339721
76709571.838378906,76.709571838379,709571.838379,-90428.1616211,-30.6545924673,1.1160381826386338e-05,2.7941617043822253e-05,3.2408543822169743e-05,2.2645254531052469e-05,3.0059256441446814e-05,-49.5232094677,-45.537484639,-44.8934048221,-46.4502279351,-45.2202176651,-80.177801935,-76.1920771063,-75.5479972894,-77.1048204024,-75.8748101324
76709716.796875,76.709716796875,709716.796875,-90283.203125,-30.6528187163,1.1282481717468533e-05,3.0451615660873197e-05,3.1203074723741849e-05,1.9319423833448036e-05,3.5921148251419052e-05,-49.4759536155,-45.1638966021,-45.0580260887,-47.1400582977,-44.4464978917,-80.1287723318,-75.8167153183,-75.710844805,-77.7928770139,-75.099316608
76709861.755371094,76.709861755371,709861.755371,-90138.2446289,-30.6510453277,1.5264304797064735e-05,3.4124947833489268e-05,2.7286990399782327e-05,2.1407366164264217e-05,3.592410475059017e-05,-48.1632297058,-44.6692800385,-45.6404436191,-46.6943676244,-44.4461404593,-78.8142750335,-75.3203253662,-76.2914889468,-77.3454129521,-75.097185787
76710006.713867188,76.710006713867,710006.713867,-89993.2861328,-30.6492723014,1.4679901695971093e-05,3.5258649730208654e-05,1.6914057966665011e-05,1.648563243457101e-05,3.9160561038253593e-05,-48.3327685267,-44.5273432352,-47.7175218536,-47.8289438746,-44.0715109485,-78.9820408281,-75.1766155366,-78.366794155,-78.4782161761,-74.72078325
76710151.672363281,76.710151672363,710151.672363,-89848.3276367,-30.6474996374,1.3463243815753092e-05,3.3481115904218772e-05,1.7902898964101492e-05,1.9991200790355424e-05,4.2298490665238793e-05,-48.7085028918,-44.7520007568,-47.4707663929,-46.9916111879,-43.7367512926,-79.3560025292,-75.3995003942,-78.1182660303,-77.6391108253,-74.3842509299
76710296.630859375,76.710296630859,710296.630859,-89703.3691406,-30.6457273353,1.2870805787950277e-05,3.9516888899148521e-05,2.1804449896609269e-05,2.1634984342707099e-05,4.9499653050325515e-05,-48.9039426286,-44.0321725404,-46.6145486565,-46.6484341477,-43.0539784508,-79.5496699639,-74.6778998757,-77.2602759917,-77.2941614829,-73.6997057861
76710441.589355469,76.710441589355,710441.589355,-89558.4106445,-30.6439553951,1.0824727937799694e-05,4.9149750108692892e-05,2.604607205185177e-05,2.2290623268320118e-05,4.1570638381947927e-05,-49.6558301013,-43.084786859,-45.8425776238,-46.5187778804,-43.8121330617,-80.2997854964,-73.7287422541,-76.4865330188,-77.1627332754,-74.4560884568
76710586.547851562,76.710586547852,710586.547852,-89413.4521484,-30.6421838166,1.3455623259660887e-05,3.5868710545043765e-05,2.5193415091954347e-05,2.3504828583298759e-05,3.0672292239588215e-05,-48.7109618107,-44.4528423563,-45.9871295775,-46.288429117,-45.1325376657,-79.3531456273,-75.0950261728,-76.629313394,-76.9306129336,-75.7747214823
76710731.506347656,76.710731506348,710731.506348,-89268.4936523,-30.6404125996,1.3102598277945845e-05,3.0386352677250783e-05,2.2529654501700132e-05,1.9395626286430499e-05,4.016087076147472e-05,-48.8264257412,-45.1732142586,-46.4724546825,-47.1229619243,-43.9619687946,-79.4668383409,-75.8136268582,-77.1128672821,-77.763374524,-74.6023813942
76710876.46484375,76.710876464844,710876.464844,-89123.5351562,-30.6386417441,9.6159372224598494e-06,3.2392302374693248e-05,2.3422263273796414e-05,1.7040660335344188e-05,4.7183642384212086e-05,-50.1700838062,-44.8955818218,-46.3037114172,-47.6851358008,-43.262085364,-80.8087255503,-75.534223566,-76.9423531614,-78.323777545,-73.9007271081
76711021.423339844,76.711021423340,711021.42334,-88978.5766602,-30.6368712499,9.6710522564895419e-06,3.7913604203422389e-05,2.7117536447069276e-05,2.2194241563218696e-05,4.1503825116139272e-05,-50.1452627004,-44.2120492802,-45.6674976746,-46.5375969139,-43.8191187557,-80.7821339503,-74.8489205301,-76.3043689245,-77.1744681638,-74.4559900056
76711166.381835938,76.711166381836,711166.381836,-88833.6181641,-30.6351011168,1.4294718534684594e-05,3.7713121732038617e-05,3.23736289423756e-05,2.6107843292605487e-05,3.8511785395821253e-05,-48.4482439155,-44.2350751705,-44.8980861535,-45.8322900274,-44.1440634714,-79.0833450323,-74.8701762874,-75.5331872704,-76.4673911442,-74.7791645882
76711311.340332031,76.711311340332,711311.340332,-88688.659668,-30.6333313447,1.4965807007270771e-05,2.2061348237168256e-05,2.2090424608744924e-05,2.263059801301866e-05,3.7549709851704465e-05,-48.2489985956,-46.5636795001,-46.557959363,-46.4530396967,-44.2539341446,-78.8823299403,-77.1970108448,-77.1912907077,-77.0863710414,-74.8872654893
76711456.298828125,76.711456298828,711456.298828,-88543.7011719,-30.6315619334,1.5905800953973709e-05,2.7263252163811689e-05,2.4502184161058867e-05,2.4715164325154347e-05,3.8881725284734116e-05,-47.9844445663,-45.6442233953,-46.1079520026,-46.0703649767,-44.1025447253,-78.6160064998,-76.2757853287,-76.739513936,-76.7019269102,-74.7341066587
76711601.257324219,76.711601257324,711601.257324,-88398.7426758,-30.6297928828,1.4466067429012887e-05,3.4928614254437362e-05,2.5383250084948587e-05,2.3308180629372771e-05,3.3149991440880901e-05,-48.3964951491,-44.5681864407,-45.9545277138,-46.3249162495,-44.7951657939,-79.0262880319,-75.1979793235,-76.5843205967,-76.9547091324,-75.4249586767
76711746.215820312,76.711746215820,711746.21582,-88253.7841797,-30.6280241928,1.2089173235197033e-05,3.0284046471264903e-05,2.4134266841056189e-05,2.5895647969697509e-05,3.21529672224232e-05,-49.1760339903,-45.1878609606,-46.1736588979,-45.8677321745,-44.9277894222,-79.8040581831,-75.8158851533,-76.8016830907,-76.4957563672,-75.5558136149
76711891.174316406,76.711891174316,711891.174316,-88108.8256836,-30.6262558631,1.3054741463214652e-05,2.9570434070708596e-05,2.152014336401442e-05,2.0262395354186689e-05,3.7961335543807242e-05,-48.8423172455,-45.2914230033,-46.6715483979,-46.9330921507,-44.2065851676,-79.4685731086,-75.9176788664,-77.297804261,-77.5593480138,-74.8328410307
76712036.1328125,76.712036132812,712036.132812,-87963.8671875,-30.6244878937,1.2358827132784906e-05,3.668115947849692e-05,2.4345692526865956e-05,2.2587470712915053e-05,2.4802853875067956e-05,-49.0802274235,-44.3555694489,-46.1357786719,-46.4613239754,-46.0549834535,-79.7047153172,-74.9800573426,-76.7602665656,-77.0858118691,-76.6794713472
76712181.091308594,76.712181091309,712181.091309,-87818.9086914,-30.6227202844,1.3763436628048475e-05,3.8680755637583181e-05,2.3451835150686969e-05,2.2955415073185542e-05,2.9915819064249371e-05,-48.6127311245,-44.1250505046,-46.2982316725,-46.3911485004,-45.2409910212,-79.2354514089,-74.747770789,-76.9209519569,-77.0138687848,-75.8637113056
76712326.049804688,76.712326049805,712326.049805,-87673.9501953,-30.620953035,1.4873490594352233e-05,3.4182307711244512e-05,2.8317949605353078e-05,1.9827258157775757e-05,3.7615543651179479e-05,-48.2758709685,-44.661986206,-45.4793819545,-47.0273733871,-44.2463265701,-78.8968240035,-75.282939241,-76.1003349895,-77.6483264221,-74.8672796051
76712471.008300781,76.712471008301,712471.008301,-87528.9916992,-30.6191861455,1.5137810907651287e-05,3.5647658530822273e-05,3.3221740636500628e-05,2.6095098963613193e-05,3.2378922332784726e-05,-48.1993692401,-44.4796899093,-44.7857761665,-45.8344105178,-44.8973760996,-78.8185553855,-75.0988760548,-75.4049623119,-76.4535966632,-75.516562245
76712615.966796875,76.712615966797,712615.966797,-87384.0332031,-30.6174196156,1.3955034801082224e-05,3.2849043153951438e-05,2.513920275331091e-05,3.1397052011819355e-05,3.6018565530049175e-05,-48.5526907613,-44.834772763,-45.9964849934,-45.0311112757,-44.4347358732,-79.1701103769,-75.4521923786,-76.6139046089,-75.6485308912,-75.0521554887
76712760.925292969,76.712760925293,712760.925293,-87239.074707,-30.6156534452,1.1991278583260484e-05,2.9773388006216794e-05,2.876331982619954e-05,2.0402699261353979e-05,3.8450768021825437e-05,-49.2113450731,-45.2617174282,-45.4116098967,-46.9031237195,-44.1509498111,-79.8269985182,-75.8773708734,-76.0272633419,-77.5187771647,-74.7666032563
76712905.883789062,76.712905883789,712905.883789,-87094.1162109,-30.6138876342,1.264108030731962e-05,3.6919490306250058e-05,2.9898640150973545e-05,2.0484057892469568e-05,3.9680641780126472e-05,-48.9821580964,-44.3274430328,-45.2434856379,-46.8858400542,-44.0142131234,-79.5960457306,-74.9413306669,-75.8573732721,-77.4997276884,-74.6281007576
76713050.842285156,76.713050842285,713050.842285,-86949.1577148,-30.6121221824,1.3696828285263801e-05,4.1077050468968346e-05,2.4951377059290992e-05,2.6840728046312138e-05,2.4408184834511968e-05,-48.6337998888,-43.864007484,-46.0290548079,-45.7120570824,-46.124645166,-79.2459220712,-74.4761296664,-76.6411769903,-76.3241792648,-76.7367673483
76713195.80078125,76.713195800781,713195.800781,-86804.1992188,-30.6103570897,1.3539031324912779e-05,4.2985176638926118e-05,3.5615331608648666e-05,1.94314740003903e-05,3.3132213587436915e-05,-48.6841240694,-43.6668128428,-44.4836300765,-47.1149425416,-44.7974954762,-79.2944811591,-74.2771699324,-75.0939871662,-77.7252996313,-75.4078525658
76713340.759277344,76.713340759277,713340.759277,-86659.2407227,-30.6085923559,1.183181383064746e-05,3.5922042082876517e-05,3.0808514881505033e-05,1.8450068414774593e-05,4.123971924771239e-05,-49.2694867243,-44.4463898269,-45.1132923626,-47.3400201909,-43.8468429997,-79.8780790801,-75.0549821828,-75.7218847185,-77.9486125468,-74.4554353556
76713485.717773438,76.713485717773,713485.717773,-86514.2822266,-30.6068279809,1.4321727468126212e-05,2.7821117025390534e-05,2.5682086912422269e-05,2.4806041857275325e-05,3.7212190641212657e-05,-48.4400459483,-45.5562543695,-45.9036968864,-46.0544252781,-44.2931476278,-79.0468739292,-76.1630823504,-76.5105248672,-76.661253259,-74.8999756087
76713630.676269531,76.713630676270,713630.67627,-86369.3237305,-30.6050639645,1.5756379046874217e-05,2.3834171588823539e-05,2.8284766590772248e-05,2.2695452826928287e-05,4.2527416743641889e-05,-48.0254358003,-46.2279993837,-45.4844740076,-46.4406114765,-43.7133099697,-78.6304997648,-76.8330633482,-76.0895379721,-77.045675441,-74.3183739342
76713775.634765625,76.713775634766,713775.634766,-86224.3652344,-30.6033003066,1.500114486301044e-05,3.1147589657920817e-05,2.8254630587349685e-05,2.2383978570396606e-05,4.2135775903362565e-05,-48.2387559503,-45.0657555539,-45.4891036647,-46.5006271863,-43.7534900441,-78.8420562569,-75.6690558605,-76.0924039714,-77.1039274929,-74.3567903508
76713920.593261719,76.713920593262,713920.593262,-86079.4067383,-30.6015370071,1.5867190768142503e-05,3.6597179437967518e-05,2.5930839343122655e-05,2.1525799410046868e-05,3.3099240263817077e-05,-47.9949995679,-44.365523846,-45.8618342553,-46.6704071105,-44.8018197459,-78.596536575,-74.9670608531,-76.4633712624,-77.2719441176,-75.403356753
76714065.551757812,76.714065551758,714065.551758,-85934.4482422,-30.5997740658,1.233028585754855e-05,3.6845473081955111e-05,2.4014144273321464e-05,2.2391007054564584e-05,4.2863315946279575e-05,-49.0902685488,-44.3361586293,-46.1953288452,-46.4992637322,-43.6791423457,-79.6900426146,-74.9359326951,-76.795102911,-77.099037798,-74.2789164115
76714210.510253906,76.714210510254,714210.510254,-85789.4897461,-30.5980114825,9.9911341098106028e-06,2.5742289078646097e-05,2.9107172486970027e-05,1.7477034009615222e-05,3.998224896654217e-05,-50.0038521151,-45.89352837,-45.3599998051,-47.5753226864,-43.9813278085,-80.6018635976,-76.4915398525,-75.9580112876,-78.173334169,-74.579339291
76714355.46875,76.714355468750,714355.46875,-85644.53125,-30.5962492572,1.1686532348079021e-05,1.9407130812019856e-05,3.0187596858723155e-05,1.9875179963498729e-05,4.1301984605614308e-05,-49.3231433448,-47.1203866681,-45.2017145844,-47.0168893025,-43.8402907952,-79.9193926019,-77.7166359252,-75.7979638416,-77.6131385597,-74.4365400523
76714500.427246094,76.714500427246,714500.427246,-85499.5727539,-30.5944873896,1.1593654525535898e-05,2.6135581729587251e-05,2.4252219804801484e-05,1.8956829144302898e-05,3.7264480708966002e-05,-49.3577964513,-45.8276782887,-46.1524850428,-47.2223430414,-44.2870492641,-79.9522838409,-76.4221656783,-76.7469724324,-77.816830431,-74.8815366537
76714645.385742188,76.714645385742,714645.385742,-85354.6142578,-30.5927258796,8.5681956886443083e-06,2.7187464918364653e-05,2.453787788572045e-05,2.1467805813574301e-05,3.994839545344119e-05,-50.6711062323,-45.656312861,-46.1016299916,-46.6821234177,-43.9850065965,-81.2638321119,-76.2490387406,-76.6943558713,-77.2748492973,-74.5777324761
76714790.344238281,76.714790344238,714790.344238,-85209.6557617,-30.5909647271,9.0665768700900615e-06,3.8450649819357435e-05,2.7215770900846173e-05,2.2208265473454161e-05,4.1571845623356906e-05,-50.4255665197,-44.1509631619,-45.6517935956,-46.5348535972,-43.8120069413,-81.0165312469,-74.741927889,-76.2427583227,-77.1258183243,-74.4029716684
76714935.302734375,76.714935302734,714935.302734,-85064.6972656,-30.589203932,1.1335424172773141e-05,4.7283458287842064e-05,1.8041502003191992e-05,2.824967786365321e-05,3.8712580606566587e-05,-49.4556222389,-43.2529076689,-47.4372730911,-45.4898650016,-44.1214787735,-80.0448261709,-73.8421116009,-78.0264770231,-76.0790689336,-74.7106827055
76715080.261230469,76.715080261230,715080.26123,-84919.7387695,-30.587443494,1.092584465155529e-05,3.4717742207562682e-05,1.7131787179875702e-05,2.4490712524373664e-05,3.7195621240280354e-05,-49.6154497877,-44.5944852597,-47.6619732928,-46.1099857948,-44.2950818332,-80.2028932817,-75.1819287537,-78.2494167868,-76.6974292888,-74.8825253272
76715225.219726562,76.715225219727,715225.219727,-84774.7802734,-30.5856834131,1.1582594547850375e-05,3.4308668931899765e-05,1.921351635143136e-05,2.7290359828403494e-05,3.8092227358772888e-05,-49.36194146,-44.6459613087,-47.1639314569,-45.6399073804,-44.1916363219,-79.947624873,-75.2316447218,-77.74961487,-76.2255907935,-74.7773197349
76715370.178222656,76.715370178223,715370.178223,-84629.8217773,-30.583923689,9.226027130164361e-06,3.7271487014689965e-05,2.1156551643965153e-05,2.6495381434887097e-05,3.7396667349105067e-05,-50.3498527263,-44.2862327992,-46.7455511755,-45.7682982388,-44.2716709877,-80.9337764154,-74.8701564883,-77.3294748645,-76.3522219278,-74.8555946768
76715515.13671875,76.715515136719,715515.136719,-84484.8632812,-30.5821643218,1.2543453633811276e-05,3.8275147134959946e-05,1.3842360925952373e-05,1.9295187390957827e-05,4.5347275390535129e-05,-49.0158287119,-44.1708313114,-48.5878983115,-47.1455099929,-43.4344880162,-79.5979930337,-74.7529956331,-79.1700626332,-77.7276743147,-74.016652338
76715660.095214844,76.715660095215,715660.095215,-84339.9047852,-30.5804053111,1.0920831508992085e-05,3.0281595712901592e-05,1.903185089190986e-05,2.0393209809428368e-05,3.9339830634335115e-05,-49.6174429331,-45.1882124307,-47.2051897351,-46.9051441263,-44.0516751414,-80.1978482442,-75.7686177418,-77.7855950462,-77.4855494374,-74.6320804524
76715805.053710938,76.715805053711,715805.053711,-84194.9462891,-30.5786466569,1.1361830792895574e-05,3.358939020274458e-05,2.3639531552354557e-05,2.1744356926661814e-05,2.8672775047357608e-05,-49.4455168278,-44.7379788047,-46.2636113381,-46.6265343175,-45.4253027254,-80.0241634847,-75.3166254616,-76.842257995,-77.2051809744,-76.0039493823
76715950.012207031,76.715950012207,715950.012207,-84049.987793,-30.576888359,1.2375434823429873e-05,3.3359585369476507e-05,2.7011496211532678e-05,2.4044191725826749e-05,2.6552170562095002e-05,-49.0743953275,-44.767793559,-45.6845135886,-46.1898981767,-45.7589997083,-79.6512836865,-75.344681918,-76.2614019475,-76.7667865357,-76.3358880673
76716094.970703125,76.716094970703,716094.970703,-83905.0292969,-30.5751304173,1.3679897355527027e-05,3.2865508453672115e-05,2.2441757376468552e-05,1.4894928980922997e-05,3.4177434830923453e-05,-48.6391716125,-44.8325964448,-46.4894313721,-48.2696156316,-44.6626053613,-79.2143020298,-75.407726862,-77.0645617894,-78.8447460489,-75.2377357786
76716239.929199219,76.716239929199,716239.929199,-83760.0708008,-30.5733728316,1.1055386580411266e-05,3.6335347522306691e-05,2.3326381097184724e-05,2.0356945456459799e-05,3.2914335325779869e-05,-49.5642606658,-44.3967068173,-46.3215263332,-46.9128738699,-44.8261491065,-80.1376334974,-74.9700796488,-76.8948991648,-77.4862467015,-75.3995219381
76716384.887695312,76.716384887695,716384.887695,-83615.1123047,-30.5716156018,1.2253872522472847e-05,2.9352996155496324e-05,2.3104712825971739e-05,2.5980237400343048e-05,4.0119257225418896e-05,-49.1172664196,-45.3234756231,-46.3629942506,-45.8535688478,-43.9664711618,-79.6888820214,-75.8950912249,-76.9346098524,-76.4251844496,-74.5380867636
76716529.846191406,76.716529846191,716529.846191,-83470.1538086,-30.5698587277,1.3235734459746379e-05,4.0257217849161356e-05,2.2283159930082246e-05,2.0504417141157186e-05,4.3633908575441527e-05,-48.782519544,-43.9515624223,-46.520232227,-46.8815257146,-43.6017588266,-79.3523782718,-74.52142115,-77.0900909548,-77.4513844423,-74.1716175544
76716674.8046875,76.716674804688,716674.804688,-83325.1953125,-30.5681022093,1.2293694938193593e-05,3.9257105305041536e-05,3.2216437283208576e-05,2.2960117791756201e-05,3.1225284067436091e-05,-49.1031756788,-44.0608172706,-44.9192248855,-46.3902588822,-45.0549360201,-79.671277888,-74.6289194798,-75.4873270948,-76.9583610914,-75.6230382293
76716819.763183594,76.716819763184,716819.763184,-83180.2368164,-30.5663460463,1.1850316467497065e-05,3.4429301944977503e-05,3.2731367015866824e-05,2.280171518021271e-05,2.6992983205378646e-05,-49.2627005149,-44.6307178254,-44.8503585613,-46.4203248347,-45.6874911552,-79.8290465611,-75.1970638716,-75.4167046076,-76.986670881,-76.2538372014
76716964.721679688,76.716964721680,716964.72168,-83035.2783203,-30.5645902386,8.5402869062000132e-06,3.8015771647335196e-05,2.5340158708415433e-05,2.3747537338722591e-05,2.8443869188481726e-05,-50.6852753918,-44.2003618974,-45.9619066941,-46.243814208,-45.4601132732,-81.2498656304,-74.764952136,-76.5264969326,-76.8084044466,-76.0247035118
76717109.680175781,76.717109680176,717109.680176,-82890.3198242,-30.562834786,9.0039477863662984e-06,3.9986431832873482e-05,2.557519611768764e-05,2.8474215154193641e-05,4.1946325197407273e-05,-50.4556703213,-43.9808734817,-45.9218102731,-45.4554823771,-43.7730608052,-81.0185051073,-74.5437082677,-76.4846450592,-76.0183171631,-74.3358955912
76717254.638671875,76.717254638672,717254.638672,-82745.3613281,-30.5610796885,1.214424902191589e-05,3.4545961299853693e-05,2.9950478105330607e-05,2.3980583500687083e-05,4.7007490511965944e-05,-49.15629336,-44.6160271783,-45.2359624049,-46.2014025376,-43.2783293294,-79.7173730486,-75.1771068669,-75.7970420935,-76.7624822262,-73.8394090179
76717399.597167969,76.717399597168,717399.597168,-82600.402832,-30.5593249459,1.3760062337187834e-05,3.5825652480234688e-05,2.8286270141421561e-05,2.0063230959110571e-05,4.8437713714826413e-05,-48.6137959861,-44.458058912,-45.4842431531,-46.9759912741,-43.1481636397,-79.173120932,-75.0173838579,-76.0435680991,-77.53531622,-73.7074885856
76717544.555664062,76.717544555664,717544.555664,-82455.4443359,-30.557570558,1.1778757563832564e-05,3.2802491357426672e-05,2.33022583123034e-05,2.2558141470118884e-05,3.7292805138323994e-05,-49.2890051699,-44.8409317026,-46.3260198777,-46.4669668406,-44.2837494809,-79.8465757279,-75.3985022606,-76.8835904357,-77.0245373986,-74.8413200389
76717689.514160156,76.717689514160,717689.51416,-82310.4858398,-30.5558165247,1.1062597448983527e-05,2.6234326737465842e-05,2.1157000262010409e-05,2.2879341428068187e-05,4.6527615568773685e-05,-49.5614289063,-45.811300768,-46.7454590857,-46.4055648068,-43.3228920347,-80.1172454311,-76.3671172928,-77.3012756104,-76.9613813315,-73.8787085594
76717834.47265625,76.717834472656,717834.472656,-82165.5273438,-30.5540628459,1.0718016581173156e-05,3.345553376883545e-05,2.6421885481916798e-05,1.69029991815232e-05,3.9547520818024686e-05,-49.6988557542,-44.7553203675,-45.780361941,-47.7203622956,-44.0288073666,-80.2529186001,-75.3093832134,-76.3344247869,-78.2744251415,-74.5828702125
76717979.431152344,76.717979431152,717979.431152,-82020.5688477,-30.5523095214,1.2335228094932783e-05,4.1260013905508433e-05,2.1559043405386383e-05,1.5795707587796258e-05,3.5473357464911801e-05,-49.0885281541,-43.8447063,-46.663705131,-48.0146091458,-44.5009770469,-79.6408376755,-74.3970158213,-77.2160146524,-78.5669186671,-75.0532865683
76718124.389648438,76.718124389648,718124.389648,-81875.6103516,-30.550556551,1.1442803104310318e-05,3.4121819199499997e-05,1.6528393506313182e-05,2.0127794677475943e-05,4.3023645177382471e-05,-49.4146757488,-44.6696782254,-47.8176935606,-46.9620380643,-43.662927968,-79.9652322998,-75.2202347764,-78.3682501116,-77.5125946153,-74.213484519
76718269.348144531,76.718269348145,718269.348145,-81730.6518555,-30.5488039347,9.1974205262290906e-06,3.3578805368439754e-05,2.7620129060062689e-05,2.4326205130562564e-05,4.1426230729381008e-05,-50.3633395617,-44.739347588,-45.5877429643,-46.1392563539,-43.8272458029,-80.9121434963,-75.2881515226,-76.136546899,-76.6880602886,-74.3760497375
76718414.306640625,76.718414306641,718414.306641,-81585.6933594,-30.5470516722,1.169291385246902e-05,3.5588289745180145e-05,2.9122315071319068e-05,2.1717463953209187e-05,2.65953430477705e-05,-49.3207724997,-44.4869288224,-45.3577410385,-46.6319089066,-45.7519440343,-79.8678241719,-75.0339804946,-75.9047927107,-77.1789605788,-76.2989957065
76718559.265136719,76.718559265137,718559.265137,-81440.7348633,-30.5452997635,1.1398306285468584e-05,3.0181614873811454e-05,2.1825972435099657e-05,2.2855859021331885e-05,2.561884502757533e-05,-49.4315967722,-45.2025752692,-46.6102639762,-46.4100245142,-45.9144045341,-79.9768965356,-75.7478750327,-77.1555637397,-76.9553242776,-76.4597042976
76718704.223632812,76.718704223633,718704.223633,-81295.7763672,-30.5435482083,1.0211732511193606e-05,3.2457980273165305e-05,3.0236134626549756e-05,2.486004763176603e-05,3.7757855797824016e-05,-49.9090056974,-44.8867850803,-45.1947372963,-46.0449804359,-44.2299267649,-80.4525539058,-75.4303332886,-75.7382855046,-76.5885286442,-74.7734749733
76718849.182128906,76.718849182129,718849.182129,-81150.8178711,-30.5417970066,1.2019510155860923e-05,3.1342016426515258e-05,2.7028894134650807e-05,1.9897793712915121e-05,3.8801007252494717e-05,-49.2011323125,-45.0387306611,-45.6817172275,-47.0119507592,-44.1115700022,-79.7429293191,-75.5805276677,-76.2235142341,-77.5537477659,-74.6533670088
76718994.140625,76.718994140625,718994.140625,-81005.859375,-30.5400461583,1.6206548298099266e-05,3.1311566714308482e-05,2.3669505662156288e-05,1.6784673883687886e-05,3.9566560189774512e-05,-47.9030947218,-45.0429520136,-46.2581081222,-47.7508709242,-44.0267170449,-78.4431408801,-75.5829981719,-76.7981542805,-78.2909170825,-74.5667632031
76719139.099121094,76.719139099121,719139.099121,-80860.9008789,-30.5382956631,1.1748953789869904e-05,3.9794247629105093e-05,1.9255808111678866e-05,1.8210972716987561e-05,3.662086091546864e-05,-49.3000080433,-44.0017970188,-47.1543825055,-47.3966685627,-44.3627145014,-79.8383037063,-74.5400926819,-77.6926781686,-77.9349642258,-74.9010101644
76719284.057617188,76.719284057617,719284.057617,-80715.9423828,-30.5365455209,5.9479391394684931e-06,5.0433691420738212e-05,1.6064793169187486e-05,2.3058279561929279e-05,2.3933477102515263e-05,-52.2563348392,-42.9727924312,-47.9412486153,-46.3717309967,-46.2099420165,-82.79288036,-73.5093379521,-78.4777941361,-76.9082765176,-76.7464875373
76719429.016113281,76.719429016113,719429.016113,-80570.9838867,-30.5347957316,7.5270516252930891e-06,3.8674305290205018e-05,1.7486879706507098e-05,3.0248731655208e-05,3.0433726959621889e-05,-51.2337510529,-44.1257747883,-47.5728767749,-45.1929283082,-45.1664486003,-81.7685467844,-74.6605705198,-78.1076725065,-75.7277240398,-75.7012443319
76719573.974609375,76.719573974609,719573.974609,-80426.0253906,-30.533046295,1.1279916596561462e-05,2.3880497164698084e-05,1.8432817506806874e-05,1.8910722106891315e-05,3.605642681374418e-05,-49.476941115,-46.2195663593,-47.344082766,-47.2329188728,-44.43017314,-80.00998741,-76.7526126543,-77.877129061,-77.7659651678,-74.963219435
76719718.933105469,76.719718933105,719718.933105,-80281.0668945,-30.531297211,1.0776467438694588e-05,3.1422426643119405e-05,2.725926924290517e-05,1.8681386533357652e-05,4.0176517394118288e-05,-49.6752357897,-45.0276027897,-45.6448579076,-47.2859089355,-43.9602771174,-80.2065330008,-75.5589000007,-76.1761551186,-77.8172061466,-74.4915743284
76719863.891601562,76.719863891602,719863.891602,-80136.1083984,-30.5295484795,1.0845261332183177e-05,3.427100017948468e-05,2.8886490893169312e-05,2.2021600925860469e-05,3.5995870154570092e-05,-49.6475997857,-44.6507322075,-45.3930521268,-46.5715111189,-44.4374732345,-80.1771482652,-75.180280687,-75.9226006063,-77.1010595984,-74.967021714
76720008.850097656,76.720008850098,720008.850098,-79991.1499023,-30.5278001003,1.5129207140245173e-05,3.1690456211161862e-05,3.2719408191931336e-05,2.0805492722284599e-05,3.4712840866538246e-05,-48.2018383097,-44.9907150873,-44.8519456018,-46.8182199465,-44.5950984262,-78.72963841,-75.5185151876,-75.3797457021,-77.3460200468,-75.1228985265
76720153.80859375,76.720153808594,720153.808594,-79846.1914062,-30.5260520733,1.5620501364422207e-05,3.5445712589085785e-05,2.3133842324171124e-05,2.2151735136139573e-05,3.7388571909121442e-05,-48.0630503087,-44.5043628831,-46.3575222881,-46.5459225,-44.2726112281,-78.589102382,-75.0304149564,-76.8835743614,-77.0719745733,-74.7986633013
76720298.767089844,76.720298767090,720298.76709,-79701.2329102,-30.5243043983,1.0570083364185928e-05,4.0507832384515729e-05,1.8211138445058422e-05,2.2397590594073388e-05,3.5354899649104427e-05,-49.7592158748,-43.9246099574,-47.3966290402,-46.4979869809,-44.5155039111,-80.2835202731,-74.4489143556,-77.9209334384,-77.0222913792,-75.0398083094
76720443.725585938,76.720443725586,720443.725586,-79556.2744141,-30.5225570752,1.1775532571235251e-05,3.9216062526575591e-05,1.9344436936779689e-05,2.159479388481144e-05,4.1068222968195875e-05,-49.2901944195,-44.0653601365,-47.1344390687,-46.6565093679,-43.8649408877,-79.8127514946,-74.5879172116,-77.6569961439,-77.1790664431,-74.3874979628
76720588.684082031,76.720588684082,720588.684082,-79411.315918,-30.5208101038,1.2737494315728026e-05,3.8305657444888528e-05,2.705827799357199e-05,2.4816691031014451e-05,4.2236942476353227e-05,-48.949159968,-44.1673707941,-45.6769984564,-46.0525612625,-43.7430752783,-79.4699700717,-74.6881808979,-76.1978085602,-76.5733713663,-74.263885382
76720733.642578125,76.720733642578,720733.642578,-79266.3574219,-30.519063484,1.3788849289593182e-05,3.1470131965868987e-05,1.4065947925130258e-05,2.2389582508702212e-05,3.3164135495666441e-05,-48.6047197516,-45.0210143593,-48.5183099476,-46.4995400449,-44.7933131917,-79.1237832356,-75.5400778433,-79.0373734317,-77.018603529,-75.3123766757
76720878.601074219,76.720878601074,720878.601074,-79121.3989258,-30.5173172157,1.248562413937461e-05,3.1471422357750815e-05,2.2425952999947897e-05,2.0583183075775984e-05,3.7537930672756807e-05,-49.0358974298,-45.0208362861,-46.4924909237,-46.8648746313,-44.255296721,-79.5532146455,-75.5381535018,-77.0098081395,-77.3821918471,-74.7726139368
76721023.559570312,76.721023559570,721023.55957,-78976.4404297,-30.5155712988,1.14541633975014e-05,2.9286531747192333e-05,2.7246741836364239e-05,2.2127838033890028e-05,4.3179292522928665e-05,-49.4103662582,-45.3333205653,-45.6468542319,-46.5506101607,-43.647244777,-79.925937557,-75.848891864,-76.1624255307,-77.0661814595,-74.1628160758
76721168.518066406,76.721168518066,721168.518066,-78831.4819336,-30.513825733,1.1484514776969678e-05,2.473683975526965e-05,2.2231421635898041e-05,2.098452224685385e-05,3.4635527183576961e-05,-49.3988734911,-46.0665578427,-46.5303276452,-46.7810091389,-44.6047819763,-79.9126992241,-76.5803835757,-77.0441533782,-77.2948348719,-75.1186077093
76721313.4765625,76.721313476562,721313.476562,-78686.5234375,-30.5120805182,1.628215782564251e-05,2.8658916646924651e-05,2.1798425585531704e-05,1.9361137920529062e-05,4.1311842729555245e-05,-47.8828803988,-45.4274023066,-46.6157487264,-47.130691213,-43.8392543273,-78.3949609171,-75.9394828248,-77.1278292447,-77.6427717312,-74.3513348455
76721458.435058594,76.721458435059,721458.435059,-78541.5649414,-30.5103356544,1.3143568744609027e-05,3.2231264784633791e-05,2.2557001628836139e-05,2.2002942256179512e-05,4.546705949487153e-05,-48.8128669903,-44.9172265204,-46.4671862909,-46.5751924099,-43.4230313215,-79.3232026447,-75.4275621747,-76.9775219453,-77.0855280642,-73.9333669758
76721603.393554688,76.721603393555,721603.393555,-78396.6064453,-30.5085911413,9.2354229609879182e-06,2.9587097789753542e-05,2.3297148560250762e-05,1.8119793284764254e-05,4.5596559624001777e-05,-50.3454321009,-45.2889763287,-46.3269723092,-47.4184676117,-43.4106792472,-80.8540232421,-75.79756747,-76.8355634505,-77.927058753,-73.9192703885
76721748.352050781,76.721748352051,721748.352051,-78251.6479492,-30.5068469788,1.1783740413276582e-05,2.3482828187056603e-05,2.7714274912350736e-05,1.6339613443347769e-05,4.9381276548233925e-05,-49.2871683323,-46.2924959941,-45.5729647935,-47.8675822206,-43.0643768738,-79.7940153111,-76.7993429729,-76.0798117723,-78.3744291994,-73.5712238525
76721893.310546875,76.721893310547,721893.310547,-78106.6894531,-30.5051031668,1.3774349793323446e-05,2.8986924392035113e-05,3.1261301674877954e-05,1.7904596930210594e-05,4.7693788210762317e-05,-48.609288925,-45.3779786227,-45.0499294255,-47.4703545142,-43.2153818116,-79.1143920918,-75.8830817895,-75.5550325923,-77.9754576809,-73.7204849784
76722038.269042969,76.722038269043,722038.269043,-77961.730957,-30.5033597051,1.2319178706280478e-05,2.6081949995644687e-05,3.0789742808792319e-05,1.8059874569134422e-05,3.305242191344466e-05,-49.0941824471,-45.8365994205,-45.1159393881,-47.4328527031,-44.8079671212,-79.5975421522,-76.3399591257,-75.6192990932,-77.9362124082,-75.3113268263
76722183.227539062,76.722183227539,722183.227539,-77816.7724609,-30.5016165937,1.228073738438156e-05,2.6736256880158251e-05,2.6241222693687348e-05,2.1175097305593934e-05,3.6467844677344117e-05,-49.1077555564,-45.7289939476,-45.8101593314,-46.7417458529,-44.380899036,-79.6093721501,-76.2306105412,-76.3117759251,-77.2433624465,-74.8825156297
76722328.186035156,76.722328186035,722328.186035,-77671.8139648,-30.4998738322,1.1072548305911396e-05,3.1533639664181572e-05,2.7682649735508858e-05,1.9204566336683084e-05,3.3839476084807495e-05,-49.5575241635,-45.0122589938,-45.5779234231,-47.165954953,-44.7057636949,-80.0573979958,-75.512132826,-76.0777972553,-77.6658287853,-75.2056375271
76722473.14453125,76.722473144531,722473.144531,-77526.8554688,-30.4981314207,9.3654382042957079e-06,3.2881211309182241e-05,2.7358228560468957e-05,1.9503462612270847e-05,3.3658308216963232e-05,-50.2847189739,-44.8305219189,-45.6291202652,-47.0988827787,-44.7290771696,-80.7828503946,-75.3286533396,-76.1272516859,-77.5970141995,-75.2272085903
76722618.103027344,76.722618103027,722618.103027,-77381.8969727,-30.496389359,1.1146919725846392e-05,3.1945844929930688e-05,2.2375255235330346e-05,2.2345817054537485e-05,2.8879006859866027e-05,-49.5284512642,-44.955856208,-46.5023200197,-46.5080376113,-45.394177461,-80.0248406232,-75.452245567,-76.9987093787,-77.0044269703,-75.89056682
76722763.061523438,76.722763061523,722763.061523,-77236.9384766,-30.4946476469,1.1816320303598135e-05,4.6406896765852409e-05,2.2761489266513362e-05,1.9290925809185628e-05,4.2834177022404598e-05,-49.2751774517,-43.3341747193,-46.427993258,-47.1464692922,-43.6820957283,-79.7698250986,-73.8288223662,-76.9226409049,-77.6411169391,-74.1767433752
76722908.020019531,76.722908020020,722908.02002,-77091.9799805,-30.4929062843,1.6593356355927787e-05,3.3927330820272451e-05,1.9526448729644885e-05,2.5798013869682708e-05,4.453725439359422e-05,-47.8006575988,-44.6945030645,-47.0937673456,-45.8841372809,-43.5127655961,-78.2935638831,-75.1874093488,-77.5866736299,-76.3770435652,-74.0056718804
76723052.978515625,76.723052978516,723052.978516,-76947.0214844,-30.4911652711,1.3354009862740586e-05,3.0301840813109289e-05,2.6430306200733645e-05,2.4380750125454431e-05,4.0256325809993475e-05,-48.7438830735,-45.1853098765,-45.7789780544,-46.1295293652,-43.9516586564,-79.2350483446,-75.6764751475,-76.2701433255,-76.6206946363,-74.4428239275
76723197.937011719,76.723197937012,723197.937012,-76802.0629883,-30.489424607,1.1055082484071809e-05,3.5952199432003386e-05,2.6330788957040581e-05,3.0141143939171002e-05,2.9989800810965609e-05,-49.5643801272,-44.4427453582,-45.7953612781,-45.2084026904,-45.2302641877,-80.0538047342,-74.9321699653,-76.2847858851,-75.6978272974,-75.7196887947
76723342.895507812,76.723342895508,723342.895508,-76657.1044922,-30.4876842921,8.35350415744376e-06,3.614477987732089e-05,2.0710760243815692e-05,1.9947156243685918e-05,2.9298467320852557e-05,-50.7813130691,-44.4195441577,-46.8380395887,-47.0011901054,-45.3315509813,-81.2689973612,-74.9072284498,-77.3257238808,-77.4888743975,-75.8192352733
76723487.854003906,76.723487854004,723487.854004,-76512.1459961,-30.485944326,9.348569859878389e-06,3.6585382228072269e-05,2.4944842533720698e-05,1.6181694395522524e-05,3.6125100334805369e-05,-50.2925482223,-44.3669240329,-46.0301923323,-47.9097600509,-44.4219093801,-80.7784925483,-74.8528683589,-76.5161366584,-78.395704377,-74.9078537062
76723632.8125,76.723632812500,723632.8125,-76367.1875,-30.4842047088,1.1630151976067819e-05,2.9662827254536823e-05,2.4458364613958118e-05,2.4016466822199357e-05,3.1004119416603732e-05,-49.3441461013,-45.277874574,-46.1157258503,-46.1949088338,-45.0858059904,-79.8283508101,-75.7620792828,-76.5999305591,-76.6791135426,-75.5700106992
76723777.770996094,76.723777770996,723777.770996,-76222.2290039,-30.4824654402,1.4930028789318176e-05,2.995534164178861e-05,3.191909002400323e-05,2.0203104974716429e-05,3.4237787298951636e-05,-48.2593935483,-45.235257229,-44.9594949837,-46.9458187958,-44.6549431043,-78.7418589885,-75.7177226692,-75.441960424,-77.428284236,-75.1374085446
76723922.729492188,76.723922729492,723922.729492,-76077.2705078,-30.4807265202,1.3165113790695674e-05,3.1693918880298446e-05,2.4793701359046267e-05,1.7812908029665725e-05,3.3316147223867955e-05,-48.8057538278,-44.9902405797,-46.0565863419,-47.4926517441,-44.7734522744,-79.286480348,-75.4709670999,-76.5373128621,-77.9733782643,-75.2541787945
76724067.687988281,76.724067687988,724067.687988,-75932.3120117,-30.4789879485,1.4360775618704701e-05,2.8363141218024046e-05,1.8498370881983251e-05,1.7468604476410268e-05,2.7892848972388012e-05,-48.4282210342,-45.4724567271,-47.3286651744,-47.5774178834,-45.5450712468,-78.9072089827,-75.9514446756,-77.8076531229,-78.0564058319,-76.0240591953
76724212.646484375,76.724212646484,724212.646484,-75787.3535156,-30.477249725,1.3530331895381891e-05,3.810526211681909e-05,2.5929616828262992e-05,2.2637487317275627e-05,3.8938570975585699e-05,-48.6869155015,-44.1901504662,-45.8620390092,-46.4517177999,-44.096199909,-79.1641652265,-74.6674001912,-76.3392887342,-76.9289675249,-74.573449634
76724357.604980469,76.724357604980,724357.60498,-75642.3950195,-30.4755118497,1.7568051508739841e-05,4.6847192704690327e-05,2.2086976210312041e-05,2.3964354197426322e-05,3.7526158950926544e-05,-47.552764039,-43.2931642888,-46.558637366,-46.2043427008,-44.2566588621,-78.0282758886,-73.7686761385,-77.0341492156,-76.6798545505,-74.7321707117
76724502.563476562,76.724502563477,724502.563477,-75497.4365234,-30.4737743223,1.4536968757999299e-05,3.9616328773868164e-05,2.5906891939400375e-05,2.0183297560446812e-05,3.9813854023052506e-05,-48.3752614292,-44.0212577279,-45.8658468638,-46.9500787698,-43.9996578022,-78.8490357515,-74.4950320502,-76.339621186,-77.4238530921,-74.4734321244
76724647.521972656,76.724647521973,724647.521973,-75352.4780273,-30.4720371427,1.2609417521974143e-05,3.6415665289511276e-05,3.3311383068884901e-05,2.0966148185487314e-05,3.0574192036223629e-05,-48.9930497471,-44.3871175137,-44.7740733528,-46.78481349,-45.1464501095,-79.4650868898,-74.8591546564,-75.2461104955,-77.2568506327,-75.6184872522
76724792.48046875,76.724792480469,724792.480469,-75207.5195312,-30.4703003108,1.1698665171868275e-05,3.9429023033786092e-05,3.000757154083873e-05,2.0233142453845575e-05,3.1331299930149858e-05,-49.3186368881,-44.0418398367,-45.2276914983,-46.9393666076,-45.0402158594,-79.7889371989,-74.5121401475,-75.6979918091,-77.4096669184,-75.5105161702
76724937.438964844,76.724937438965,724937.438965,-75062.5610352,-30.4685638264,1.4556348187358283e-05,3.6375444741051187e-05,2.8096066461159601e-05,2.1055749368615626e-05,3.8175300328533628e-05,-48.3694756465,-44.3919168811,-45.5135447845,-46.7662929754,-44.1821753762,-78.8380394729,-74.8604807075,-75.9821086109,-77.2348568018,-74.6507392026
76725082.397460938,76.725082397461,725082.397461,-74917.6025391,-30.4668276894,1.276196876716132e-05,3.1438703041881553e-05,3.2028240353541858e-05,1.7981777477737223e-05,3.3359788166560856e-05,-48.9408232258,-45.0253537845,-44.9446692102,-47.4516738098,-44.7677671578,-79.4076509152,-75.492181474,-75.4114968997,-77.9185014992,-75.2345948472
76725227.355957031,76.725227355957,725227.355957,-74772.644043,-30.4650918997,1.0467332094829826e-05,3.7398331074584282e-05,2.7050239027657805e-05,2.0872952449487361e-05,2.5634431233123258e-05,-49.8016399684,-44.2714777805,-45.6782889293,-46.8041611625,-45.9117631408,-80.2667318682,-74.7365696802,-76.143380829,-77.2692530623,-76.3768550405
76725372.314453125,76.725372314453,725372.314453,-74627.6855469,-30.4633564572,8.0774704094190567e-06,3.7211172101612428e-05,2.5554108387000607e-05,2.2279985033658398e-05,3.089145896448984e-05,-50.9272462428,-44.2932665007,-45.9253926749,-46.5208510523,-45.1016158004,-81.3906026999,-74.7566229579,-76.3887491321,-76.9842075095,-75.5649722575
76725517.272949219,76.725517272949,725517.272949,-74482.7270508,-30.4616213616,7.0725302377736188e-06,3.390060608612911e-05,2.9304913822426105e-05,2.0127407759076496e-05,3.5807724249406851e-05,-51.5042518709,-44.6979253727,-45.3305955142,-46.9621215499,-44.4602327958,-81.9658732325,-75.1595467342,-75.7922168758,-77.4237429114,-74.9218541574
76725662.231445312,76.725662231445,725662.231445,-74337.7685547,-30.4598866128,8.23297892292804e-06,3.3174026399778066e-05,2.3906400078162712e-05,2.4425579582509059e-05,3.5517791745587704e-05,-50.8444299642,-44.7920181407,-46.2148581677,-46.1215512233,-44.4955404353,-81.304316577,-75.2519047535,-76.6747447805,-76.5814378361,-74.9554270481
76725807.189941406,76.725807189941,725807.189941,-74192.8100586,-30.4581522108,1.7112263013700979e-05,3.9712553249575888e-05,1.9953707778642288e-05,1.9360323780031216e-05,3.9625787743767319e-05,-47.6669255332,-44.0107218983,-46.999763923,-47.1308738387,-44.020220911,-78.125077744,-74.4688741091,-77.4579161338,-77.5890260495,-74.4783731218
76725952.1484375,76.725952148438,725952.148438,-74047.8515625,-30.4564181553,1.6402426971336444e-05,3.5866417100230648e-05,2.4094912798522254e-05,1.5660210583571047e-05,4.0757989348856376e-05,-47.8509188718,-44.453120053,-46.1807464111,-48.0520240226,-43.8978724852,-78.3073370271,-74.9095382082,-76.6371645664,-78.5084421779,-74.3542906405
76726097.106933594,76.726097106934,726097.106934,-73902.8930664,-30.4546844463,1.3632098432215643e-05,3.6513978976778902e-05,2.4177277534675403e-05,1.9348227276464289e-05,4.5345884976435267e-05,-48.6543728669,-44.3754083883,-46.1659260415,-47.1335881976,-43.4346211793,-79.1090573132,-74.8300928345,-76.6206104877,-77.5882726438,-73.8893056256
76726242.065429688,76.726242065430,726242.06543,-73757.9345703,-30.4529510835,1.1690508836348934e-05,3.5123592186694757e-05,1.7612801147054672e-05,2.2392981758663364e-05,4.328750780236222e-05,-49.321665855,-44.54401074,-47.5417156817,-46.4988807368,-43.6363741716,-79.7746169385,-74.9969618235,-77.9946667652,-76.9518318203,-74.0893252551
76726387.023925781,76.726387023926,726387.023926,-73612.9760742,-30.4512180669,1.0212005707357945e-05,2.7604689467985598e-05,2.1051624035960895e-05,2.3067351282991961e-05,4.0805725492107965e-05,-49.9088895115,-45.5901713398,-46.7671439471,-46.3700227064,-43.8927889634,-80.3601075784,-76.0413894067,-77.218362014,-76.8212407733,-74.3440070303
76726531.982421875,76.726531982422,726531.982422,-73468.0175781,-30.4494853963,1.0184884066017734e-05,3.1526995174371922e-05,2.7931084349880929e-05,2.2820757614035962e-05,3.0352904380619255e-05,-49.9204391019,-45.0131741972,-45.5391220365,-46.4166994177,-45.1779974623,-80.3699244982,-75.4626595935,-75.9886074328,-76.866184814,-75.6274828586
76726676.940917969,76.726676940918,726676.940918,-73323.059082,-30.4477530716,1.0136660095317564e-05,3.0598961279941424e-05,2.0377151372467209e-05,1.71415853716079e-05,2.9774384429001995e-05,-49.9410511612,-45.1429331594,-46.9085652836,-47.6594901402,-45.2615720858,-80.3888042328,-75.590686231,-77.3563183552,-78.1072432118,-75.7093251574
76726821.899414062,76.726821899414,726821.899414,-73178.1005859,-30.4460210927,1.2059636917679592e-05,2.8136205405468601e-05,3.1124796461824019e-05,1.6464897124051906e-05,3.7268259122256139e-05,-49.186657674,-45.5073447416,-45.0689347992,-47.834409785,-44.2866089357,-79.6326787667,-75.9533658342,-75.5149558919,-78.2804308777,-74.7326300283
76726966.857910156,76.726966857910,726966.85791,-73033.1420898,-30.4442894593,8.9969280275049116e-06,2.9508410280451549e-05,2.8734966172941518e-05,1.8916714998827597e-05,3.3057939349471016e-05,-50.4590575372,-45.3005418681,-45.4158930979,-47.2315427923,-44.8072422146,-80.9033469965,-75.7448313274,-75.8601825571,-77.6758322516,-75.2515316738
76727111.81640625,76.727111816406,727111.816406,-72888.1835938,-30.4425581714,1.0876101341836866e-05,3.51747613609447e-05,2.6030654996422192e-05,2.4886751626465842e-05,3.8390749302051426e-05,-49.6352675438,-44.537688403,-45.8451490382,-46.0403178651,-44.1577341134,-80.0778257152,-74.9802465744,-76.2877072096,-76.4828760365,-74.6002922848
76727256.774902344,76.727256774902,727256.774902,-72743.2250977,-30.4408272288,1.2466827368226118e-05,3.2368740219786202e-05,2.5408804839615755e-05,2.2397289067803798e-05,3.8971821205586161e-05,-49.0424405428,-44.8987420286,-45.9501576249,-46.498045448,-44.0924929857,-79.4832677716,-75.3395692574,-76.3909848537,-76.9388726768,-74.5333202145
76727401.733398438,76.727401733398,727401.733398,-72598.2666016,-30.4390966314,1.1439476619097114e-05,3.5222638783865582e-05,2.047312145082901e-05,2.5455852891788528e-05,2.9737533884347915e-05,-49.41593845,-44.5317811099,-46.8881593723,-45.9421234746,-45.266950501,-79.8550350815,-74.9708777414,-77.3272560038,-76.381220106,-75.7060471324
76727546.691894531,76.727546691895,727546.691895,-72453.3081055,-30.4373663791,1.2418116388676993e-05,4.0875061679404379e-05,2.4453986995787747e-05,2.2824376231776857e-05,4.4130452753669156e-05,-49.0594427405,-43.8854157899,-46.1165032308,-46.4160108248,-43.5526161691,-79.4968091196,-74.322782169,-76.5538696099,-76.8533772039,-73.9899825482
76727691.650390625,76.727691650391,727691.650391,-72308.3496094,-30.4356364717,1.30598338679323e-05,3.5341410490457759e-05,2.5224786625289457e-05,2.1980609567935922e-05,4.7575861510176367e-05,-48.8406234762,-44.5171612161,-45.9817249874,-46.5796026786,-43.2261333871,-79.2762599479,-74.9527976878,-76.4173614591,-77.0152391503,-73.6617698588
76727836.608886719,76.727836608887,727836.608887,-72163.3911133,-30.4339069091,1.5576583788222131e-05,3.1155304209767148e-05,3.0539898212611595e-05,2.31521752628974e-05,3.7914750124909084e-05,-48.0752778444,-45.0646800381,-45.1513241475,-46.3540819859,-44.2119180186,-78.5091847535,-75.4985869471,-75.5852310566,-76.7879888949,-74.6458249277
76727981.567382812,76.727981567383,727981.567383,-72018.4326172,-30.4321776911,1.1466156856746613e-05,3.4656341442351079e-05,2.3620434097489895e-05,2.7253331783858018e-05,2.2473150788115016e-05,-49.4058212138,-44.6021728626,-46.2671212516,-45.6458039662,-46.4833603421,-79.8379989049,-75.0343505537,-76.6992989427,-76.0779816573,-76.9155380332
76728126.525878906,76.728126525879,728126.525879,-71873.4741211,-30.4304488176,1.2829704315889257e-05,3.6063565718192408e-05,2.3670184719822949e-05,2.0733691997457592e-05,2.3099216203033738e-05,-48.9178335262,-44.4293133543,-46.2579835287,-46.8332335727,-46.3640275623,-79.3482823438,-74.8597621718,-76.6884323462,-77.2636823903,-76.7944763799
76728271.484375,76.728271484375,728271.484375,-71728.515625,-30.4287202884,1.3849154292071023e-05,3.404470460994146e-05,2.2538106915227939e-05,1.9804376818848082e-05,3.6415891085993252e-05,-48.5857674627,-44.6795042964,-46.4708256526,-47.0323881892,-44.3870905852,-79.0144877512,-75.1082245848,-76.899545941,-77.4611084776,-74.8158108737
76728416.442871094,76.728416442871,728416.442871,-71583.5571289,-30.4269921035,1.3668325139441226e-05,3.0489571301225239e-05,2.4887224669243727e-05,1.9664334486361901e-05,3.9114741902917192e-05,-48.6428469884,-45.1584868199,-46.040235316,-47.0632074713,-44.0765953108,-79.0698390919,-75.5854789234,-76.4672274195,-77.4901995748,-74.5035874143
76728561.401367188,76.728561401367,728561.401367,-71438.5986328,-30.4252642627,1.2749954436221899e-05,3.6588093036408834e-05,2.4473793407969933e-05,2.724445598520619e-05,4.3951322019516534e-05,-48.9449136724,-44.3666022526,-46.1129871032,-45.6472185963,-43.5702805717,-79.3701779351,-74.7918665153,-76.5382513659,-76.072482859,-73.9955448344
76728706.359863281,76.728706359863,728706.359863,-71293.6401367,-30.4235367658,1.0556504981709138e-05,3.5702005683405764e-05,2.5456373357960242e-05,3.4057657449903732e-05,4.3433042302838027e-05,-49.7647984301,-44.4730738521,-45.9420346804,-44.6778522694,-43.6217974906,-80.188335196,-74.8966106179,-76.3655714462,-75.1013890353,-74.0453342565
76728851.318359375,76.728851318359,728851.318359,-71148.6816406,-30.4218096128,1.07813212560771e-05,2.4457840283752034e-05,2.4059088558819181e-05,3.1972241330266363e-05,3.9808091251688574e-05,-49.6732801289,-46.1158189539,-46.1872082926,-44.9522691758,-44.000286458,-80.0950897417,-76.5376285667,-76.6090179054,-75.3740787886,-74.4220960708
76728996.276855469,76.728996276855,728996.276855,-71003.7231445,-30.4200828034,1.2189648410742965e-05,2.0683401232539613e-05,1.9050753389347614e-05,2.6680830742106079e-05,3.2556358080873592e-05,-49.1400882067,-46.8437804319,-47.2008784485,-45.7380065223,-44.8736418345,-79.5601710102,-77.2638632353,-77.6209612519,-76.1580893257,-75.2937246379
76729141.235351562,76.729141235352,729141.235352,-70858.7646484,-30.4183563376,1.5170854927424963e-05,2.7162898602851236e-05,2.143321514287943e-05,2.4718303796251227e-05,3.1497313262213357e-05,-48.1898994461,-45.6602388756,-46.6891267664,-46.0698133444,-45.0172649018,-78.6082557837,-76.0785952132,-77.1074831041,-76.488169682,-75.4356212395
76729286.193847656,76.729286193848,729286.193848,-70713.8061523,-30.4166302152,1.2203687746882149e-05,3.3875217564814577e-05,1.7956969824549223e-05,2.5338863973372066e-05,3.7310378412117207e-05,-49.1350891309,-44.7011790684,-47.4576694715,-45.962128599,-44.281703462,-79.5517193461,-75.1178092836,-77.8742996867,-76.3787588142,-74.6983336772
76729431.15234375,76.729431152344,729431.152344,-70568.8476562,-30.4149044361,8.2926316858201994e-06,3.5772335014509754e-05,2.8763213748329504e-05,2.1973638774915728e-05,3.1185035910066493e-05,-50.8130762322,-44.4645271065,-45.4116259134,-46.5809801914,-45.0605375152,-81.2279806683,-74.8794315426,-75.8265303494,-76.9958846274,-75.4754419512
76729576.110839844,76.729576110840,729576.11084,-70423.8891602,-30.4131790001,9.6665291496541867e-06,3.7572756627385141e-05,3.1695043757471537e-05,2.0584836166884866e-05,3.1782478149954128e-05,-50.1472943509,-44.2512694057,-44.9900864431,-46.8645258517,-44.9781224291,-80.560473351,-74.6644484058,-75.4032654432,-77.2777048518,-75.3913014292
76729721.069335938,76.729721069336,729721.069336,-70278.9306641,-30.4114539071,1.1718421847830451e-05,3.5701124265857183e-05,2.6646364872748249e-05,1.9342314240713294e-05,3.5965608177736408e-05,-49.3113087201,-44.4731810728,-45.7436202954,-47.1349156532,-44.4411259139,-79.7227626272,-74.8846349799,-76.1550742025,-77.5463695602,-74.852579821
76729866.027832031,76.729866027832,729866.027832,-70133.972168,-30.4097291569,1.020336743766315e-05,4.0747980113759949e-05,3.1518452682773582e-05,2.0975177197207975e-05,3.9560213916111849e-05,-49.9125647351,-43.8989391446,-45.0143511123,-46.7829436159,-44.0274136868,-80.322293892,-74.3086683015,-75.4240802692,-77.1926727728,-74.4371428438
76730010.986328125,76.730010986328,730010.986328,-69989.0136719,-30.4080047495,9.9562735511102127e-06,3.4292249641686923e-05,3.3549571942982395e-05,2.3036265423767622e-05,4.3641619431908975e-05,-50.0190317955,-44.6480402334,-44.743130166,-46.3758792617,-43.600991422,-80.427036545,-75.0560449829,-75.1511349155,-76.7838840112,-74.0089961715
76730155.944824219,76.730155944824,730155.944824,-69844.0551758,-30.4062806847,1.1318052458823747e-05,3.9526701617526475e-05,2.7246746205855576e-05,1.9992708509300367e-05,4.0885151569099223e-05,-49.4622829745,-44.0310942469,-45.6468535354,-46.9912836591,-43.884343879,-79.8685636592,-74.4373749316,-76.0531342201,-77.3975643438,-74.2906245636
76730300.903320312,76.730300903320,730300.90332,-69699.0966797,-30.4045569623,1.3719099680651022e-05,2.9024883413234457e-05,2.1614765318746673e-05,2.3640751057753564e-05,3.2601206317440883e-05,-48.6267438838,-45.3722951605,-46.6524947544,-46.263387302,-44.8676632977,-79.0313008461,-75.7768521228,-77.0570517167,-76.6679442643,-75.27222026
76730445.861816406,76.730445861816,730445.861816,-69554.1381836,-30.4028335822,1.1399735707578891e-05,3.0733215060880595e-05,2.2401632510946147e-05,3.204262179428137e-05,3.3712484269585904e-05,-49.4310521727,-45.1239200498,-46.4972033146,-44.9427195625,-44.7220924318,-79.8338857549,-75.5267536321,-76.9000368968,-75.3455531448,-75.1249260141
76730590.8203125,76.730590820312,730590.820312,-69409.1796875,-30.4011105444,8.8662311800146231e-06,3.3104848127642817e-05,2.9926053475794374e-05,2.6532874065375585e-05,3.7959561124930904e-05,-50.52260949,-44.8010840015,-45.2395055234,-45.7621570429,-44.2067881738,-80.9237200344,-75.2021945459,-75.6406160678,-76.1632675873,-74.6078987181
76730735.778808594,76.730735778809,730735.778809,-69264.2211914,-30.3993878485,9.533065087987822e-06,2.9927544720067148e-05,2.5926096813083922e-05,1.618350064274663e-05,3.8744564470211099e-05,-50.2076744178,-45.2392891157,-45.8626286156,-47.909275306,-44.1178921667,-80.6070622663,-75.6386769642,-76.2620164642,-78.3086631545,-74.5172800153
76730880.737304688,76.730880737305,730880.737305,-69119.2626953,-30.3976654946,8.0072675551912521e-06,2.8783711935705632e-05,2.0275964350755671e-05,1.8580131321186074e-05,4.6163090543943936e-05,-50.9651565972,-45.4085320035,-46.9301848103,-47.3095122081,-43.3570512357,-81.3628220918,-75.8061974981,-77.3278503049,-77.7071777028,-73.7547167303
76731025.695800781,76.731025695801,731025.695801,-68974.3041992,-30.3959434825,9.1290376609762953e-06,3.3277061144758297e-05,2.4645514384044536e-05,2.2924124181118906e-05,5.1402005377823526e-05,-50.3957500128,-44.778550353,-46.0826211312,-46.3970724761,-42.8901993728,-80.7916934953,-75.1744938354,-76.4785646137,-76.7930159586,-73.2861428553
76731170.654296875,76.731170654297,731170.654297,-68829.3457031,-30.394221812,1.2401097528634191e-05,2.8881264635168698e-05,2.5128160823259065e-05,2.0761152704326563e-05,3.4340835723598221e-05,-49.0653987697,-45.3938379406,-45.9983929706,-46.8274853718,-44.6418913999,-79.4596205817,-75.7880597526,-76.3926147826,-77.2217071838,-75.0361132119
76731315.612792969,76.731315612793,731315.612793,-68684.387207,-30.392500483,1.3345598386616648e-05,2.8149209922347051e-05,1.9797684112118602e-05,2.3324857987162859e-05,3.3439074724455935e-05,-48.7466194865,-45.505337902,-47.0338560954,-46.3218099176,-44.7574574821,-79.1391199695,-75.897838385,-77.4263565784,-76.7143104006,-75.1499579651
76731460.571289062,76.731460571289,731460.571289,-68539.4287109,-30.3907794954,9.442076716942937e-06,2.1433830681702291e-05,2.9062655429731838e-05,2.4596296422944146e-05,3.4743210240447484e-05,-50.2493247524,-46.6890020435,-45.3666470711,-46.0913028168,-44.5913005563,-80.6401042478,-77.0797815389,-75.7574265665,-76.4820823122,-74.9820800516
76731605.529785156,76.731605529785,731605.529785,-68394.4702148,-30.389058849,9.7236882665457799e-06,2.9101926065462499e-05,2.3504158880515746e-05,2.1808961071304417e-05,3.6577406546626163e-05,-50.1216897273,-45.3607826696,-46.2885528585,-46.6136502272,-44.3678709062,-80.5107485763,-75.7498415186,-76.6776117075,-77.0027090762,-74.7569297551
76731750.48828125,76.731750488281,731750.488281,-68249.5117188,-30.3873385437,8.4121832130614756e-06,3.0904307241058408e-05,2.3704387539150332e-05,2.0874134591371929e-05,3.727617035551063e-05,-50.7509127717,-45.0998098722,-46.2517126126,-46.8039152063,-44.2856871217,-81.1382513154,-75.4871484159,-76.6390511563,-77.19125375,-74.6730256654
76731895.446777344,76.731895446777,731895.446777,-68104.5532227,-30.3856185793,1.0123451585163096e-05,3.3883337167416708e-05,2.2296857400487243e-05,1.8562939876108266e-05,2.7654881812229864e-05,-49.9467138979,-44.700138226,-46.5175634367,-47.3135324197,-45.5822819322,-80.3323324772,-75.0857568054,-76.903182016,-77.6991509991,-75.9679005116
76732040.405273438,76.732040405273,732040.405273,-67959.5947266,-30.3838989558,9.1906049050997687e-06,2.9281130443331304e-05,2.192699828230589e-05,2.2074163885249419e-05,3.7345496389503201e-05,-50.3665590338,-45.3341216068,-46.5902081742,-46.5611573744,-44.2776176362,-80.7504579896,-75.7180205626,-76.97410713,-76.9450563302,-74.6615165921
76732185.363769531,76.732185363770,732185.36377,-67814.6362305,-30.382179673,9.9618858445875251e-06,2.9920129450375114e-05,1.8685408678462262e-05,2.9615047858141742e-05,4.1324167984970179e-05,-50.0165843925,-45.2403653181,-47.2849739903,-45.284875612,-43.8379588169,-80.3987640655,-75.6225449912,-77.6671536633,-75.667055285,-74.22013849
76732330.322265625,76.732330322266,732330.322266,-67669.6777344,-30.3804607308,1.1648001439414774e-05,3.9194947530428235e-05,2.3423869144790799e-05,3.1159123004118878e-05,3.0183602996478245e-05,-49.3374858436,-44.067699126,-46.3034136676,-45.0641477436,-45.2022892002,-79.7179465744,-74.4481598568,-76.6838743984,-75.4446084744,-75.582749931
76732475.280761719,76.732475280762,732475.280762,-67524.7192383,-30.378742129,1.3118588485665779e-05,3.4654037925203814e-05,2.1959154692594428e-05,2.2647299647404076e-05,3.0657931122216929e-05,-48.8211289102,-44.6024615365,-46.5838438186,-46.449835737,-45.1345715583,-79.1998710391,-74.9812036655,-76.9625859476,-76.828577866,-75.5133136872
76732620.239257812,76.732620239258,732620.239258,-67379.7607422,-30.3770238674,1.1315695698293406e-05,3.0509379674251689e-05,2.3869911578602043e-05,1.6908185437128809e-05,3.1506597467453359e-05,-49.4631874011,-45.1556662247,-46.2214918975,-47.7190299778,-45.0159849562,-79.8402112685,-75.5326900922,-76.5985157649,-78.0960538452,-75.3930088236
76732765.197753906,76.732765197754,732765.197754,-67234.8022461,-30.3753059461,1.0157505666034313e-05,2.8948418533411339e-05,2.4572563599034068e-05,2.1215783530645116e-05,3.806907047681759e-05,-49.9321292674,-45.3837515701,-46.0954953221,-46.7334092446,-44.1942772712,-80.3074352135,-75.7590575162,-76.4708012682,-77.1087151906,-74.5695832172
76732910.15625,76.732910156250,732910.15625,-67089.84375,-30.3735883647,1.008700885695057e-05,2.5095759264601918e-05,2.2095284122701868e-05,1.7742387907742156e-05,4.2277759392747011e-05,-49.9623759784,-46.0039966034,-46.5570040948,-47.5098792986,-43.7388803719,-80.3359643431,-76.377584968,-76.9305924595,-77.8834676633,-74.1124687366
76733055.114746094,76.733055114746,733055.114746,-66944.8852539,-30.3718711232,1.0282646865032627e-05,3.0123002572216392e-05,2.0137459648826973e-05,2.149526177616287e-05,3.0384533715392701e-05,-49.8789507883,-45.2110174112,-46.9599531681,-46.6765726154,-45.17347424,-80.2508219115,-75.5828885344,-77.3318242913,-77.0484437386,-75.5453453632
76733200.073242188,76.733200073242,733200.073242,-66799.9267578,-30.3701542215,9.875010007109002e-06,3.2953965257707065e-05,1.6988489592265242e-05,2.3249363884313663e-05,4.17466718464551e-05,-50.054624556,-44.820923205,-47.6984523154,-46.3358892515,-43.7937814189,-80.4247787775,-75.1910774264,-78.0686065369,-76.706043473,-74.1639356404
76733345.031738281,76.733345031738,733345.031738,-66654.9682617,-30.3684376594,1.1200122578159282e-05,3.4386290466463781e-05,2.8161931484735763e-05,2.0419989076283548e-05,3.9376481826036118e-05,-49.5077722423,-44.6361467259,-45.5033756244,-46.8994449458,-44.0476308941,-79.8762099017,-75.0045843853,-75.8718132838,-77.2678826051,-74.4160685535
76733489.990234375,76.733489990234,733489.990234,-66510.0097656,-30.3667214368,1.039190847749623e-05,2.7776228848246444e-05,2.462200292765206e-05,2.1401210441991026e-05,3.4913391646690911e-05,-49.8330468679,-45.5632671834,-46.0867662139,-46.6956166247,-44.5700795978,-80.1997683047,-75.9299886201,-76.4534876506,-77.0623380615,-74.9368010346
76733634.948730469,76.733634948730,733634.94873,-66365.0512695,-30.3650055535,8.1018054711220508e-06,3.7751570603297717e-05,2.1700775346812113e-05,1.9184436138872157e-05,2.8969451705815523e-05,-50.9141818868,-44.2306497542,-46.6352474897,-47.1705096088,-45.3805972445,-81.2791874403,-74.5956553077,-77.0002530432,-77.5355151623,-75.745602798
76733779.907226562,76.733779907227,733779.907227,-66220.0927734,-30.3632900094,1.1047730820313562e-05,4.2015471441609509e-05,2.0540744302466672e-05,2.5373327844572507e-05,3.1828054760525739e-05,-49.5672691595,-43.7659075902,-46.8738382361,-45.9562256905,-44.971899034,-79.930559169,-74.1291975996,-77.2371282455,-76.3195156999,-75.3351890434
76733924.865722656,76.733924865723,733924.865723,-66075.1342773,-30.3615748045,1.0981392062376961e-05,4.9218617624196614e-05,2.0550694338334263e-05,2.5392122203514493e-05,3.5131779351533388e-05,-49.5934260281,-43.0787058825,-46.871735002,-45.9530100047,-44.5429985354,-79.9550008326,-73.4402806869,-77.2333098065,-76.3145848092,-74.9045733398
76734069.82421875,76.734069824219,734069.824219,-65930.1757812,-30.3598599384,1.1334643380317813e-05,3.9024216316979958e-05,3.1095693168359726e-05,2.2878060287372954e-05,3.604670313863232e-05,-49.4559213945,-44.0866580967,-45.0729975769,-46.4058079991,-44.4313445006,-79.8157813329,-74.4465180351,-75.4328575153,-76.7656679375,-74.791204439
76734214.782714844,76.734214782715,734214.782715,-65785.2172852,-30.3581454112,1.1262266395378209e-05,3.834604869908587e-05,2.6577920409593796e-05,2.3329766606307459e-05,3.0661336078847718e-05,-49.4837420416,-44.1627938052,-45.7547900345,-46.3208960592,-45.1340892453,-79.8418874528,-74.5209392164,-76.1129354457,-76.6790414704,-75.4922346565
76734359.741210938,76.734359741211,734359.741211,-65640.2587891,-30.3564312227,8.9834582997468773e-06,3.3266877047332583e-05,1.7872751090044958e-05,1.6309546234227249e-05,3.4698695107957575e-05,-50.465564438,-44.7798796693,-47.4780859292,-47.8755812177,-44.5968685714,-80.8219956607,-75.136310892,-77.8345171519,-78.2320124404,-74.9532997941
76734504.699707031,76.734504699707,734504.699707,-65495.300293,-30.3547173727,7.7455300967750315e-06,3.9061955235083156e-05,2.2313442996099416e-05,2.2608782036419944e-05,4.1020667305729232e-05,-51.1094885418,-44.0824602202,-46.5143341229,-46.4572283302,-43.86997279,-81.4642059145,-74.4371775928,-76.8690514955,-76.8119457028,-74.2246901627
76734649.658203125,76.734649658203,734649.658203,-65350.3417969,-30.3530038611,1.2521906630447647e-05,4.252545274506584e-05,2.3448893382451445e-05,2.4185072663673906e-05,3.1687721284413229e-05,-49.0232953885,-43.71351054,-46.2987764801,-46.1645260344,-44.9910899051,-79.3762992496,-74.0665144011,-76.6517803412,-76.5175298955,-75.3440937662
76734794.616699219,76.734794616699,734794.616699,-65205.3833008,-30.3512906878,1.2010927103593182e-05,3.370978450641509e-05,2.5735391673449821e-05,2.0099654220921105e-05,3.2322662959297167e-05,-49.2042346883,-44.7224402375,-45.8946921773,-46.9681141379,-44.9049286631,-79.5555253761,-75.0737309253,-76.245982865,-77.3194048256,-75.2562193509
76734939.575195312,76.734939575195,734939.575195,-65060.4248047,-30.3495778526,1.1267685508526328e-05,3.7588445813697902e-05,2.5480130103594226e-05,1.5907091571239681e-05,3.0895590947993978e-05,-49.4816528308,-44.2494563088,-45.9379835879,-47.9840921885,-45.1010349351,-79.8312306834,-74.5990341615,-76.2875614405,-78.3336700411,-75.4506127877
76735084.533691406,76.735084533691,735084.533691,-64915.4663086,-30.3478653555,1.1164075925966415e-05,2.9763717769797878e-05,2.1836851685660103e-05,1.780747151569936e-05,4.1454519008139281e-05,-49.5217721857,-45.2631282225,-46.6080997559,-47.4939774167,-43.8242811956,-79.8696375412,-75.610993578,-76.9559651114,-77.8418427722,-74.1721465511
76735229.4921875,76.735229492188,735229.492188,-64770.5078125,-30.3461531962,9.0623308601998728e-06,3.1305239014882816e-05,2.598446521628227e-05,2.6578445688976446e-05,3.324854372635948e-05,-50.4276008604,-45.0438297604,-45.8528621692,-45.7547042025,-44.7822737188,-80.7737540566,-75.3899829566,-76.1990153654,-76.1008573987,-75.128426915
76735374.450683594,76.735374450684,735374.450684,-64625.5493164,-30.3444413747,9.8559943395509738e-06,3.3283439744176443e-05,3.1614133165772577e-05,2.6993944779276278e-05,3.1730146293353024e-05,-50.062995546,-44.7777179702,-45.0011872169,-45.6873364487,-44.9852792556,-80.4074369207,-75.1221593449,-75.3456285916,-76.0317778234,-75.3297206303
76735519.409179688,76.735519409180,735519.40918,-64480.5908203,-30.3427298908,1.4581429674512336e-05,2.4905814284646465e-05,3.8073759115546721e-05,2.5059687531265283e-05,3.0628627528283635e-05,-48.3619989239,-46.0369925463,-44.1937424211,-46.0102434852,-45.1387246353,-78.7047288147,-76.3797224371,-74.5364723119,-76.352973376,-75.4814545261
76735664.367675781,76.735664367676,735664.367676,-64335.6323242,-30.3410187444,1.2268188548315085e-05,2.9621093972503312e-05,3.6146356984828819e-05,2.2420435106543557e-05,3.68468713505466e-05,-49.1121955802,-45.2839890606,-44.4193546659,-46.4935596344,-44.3359938197,-79.4532143245,-75.625007805,-74.7603734102,-76.8345783787,-74.677012564
76735809.326171875,76.735809326172,735809.326172,-64190.6738281,-30.3393079353,8.6952779323323414e-06,3.1407172448029732e-05,2.6556991116105559e-05,2.3478287024650325e-05,3.1175820026738643e-05,-50.6071653183,-45.0297116088,-45.758211317,-46.2933359239,-45.0618211432,-80.9464732535,-75.3690195441,-76.0975192523,-76.6326438591,-75.4011290785
76735954.284667969,76.735954284668,735954.284668,-64045.715332,-30.3375974634,9.3156773666567155e-06,3.6797892778658578e-05,2.2073519517807046e-05,1.4215156757215341e-05,4.0106341221391974e-05,-50.3078556096,-44.3417705037,-46.5612841513,-48.4724834678,-43.9678695557,-80.645453073,-74.6793679671,-76.8988816147,-78.8100809312,-74.3054670191
76736099.243164062,76.736099243164,736099.243164,-63900.7568359,-30.3358873286,1.4471080704906404e-05,3.5301447021307313e-05,2.0153379667826351e-05,1.8270927353072933e-05,3.2425761657383704e-05,-48.3949903442,-44.5220749233,-46.9565211339,-47.3823940918,-44.8910981386,-78.7308776728,-74.8579622519,-77.2924084626,-77.7182814204,-75.2269854673
76736244.201660156,76.736244201660,736244.20166,-63755.7983398,-30.3341775308,1.4551319068398906e-05,4.2499855644330759e-05,2.2191562802253391e-05,1.9856240132358345e-05,2.538784585494204e-05,-48.3709763636,-43.7161254508,-46.5381211226,-47.0210298365,-45.9537414722,-78.7051538944,-74.0503029816,-76.8722986533,-77.3552073673,-76.2879190029
76736389.16015625,76.736389160156,736389.160156,-63610.8398438,-30.3324680698,1.3484243407209188e-05,3.6194674733887055e-05,2.469495936586439e-05,2.7672472170267012e-05,3.1979331943595122e-05,-48.7017341653,-44.4135532184,-46.0739168411,-45.5795204064,-44.9513061302,-79.034202235,-74.7460212881,-76.4063849108,-75.9119884762,-75.2837741999
76736534.118652344,76.736534118652,736534.118652,-63465.8813477,-30.3307589454,1.3177825398203515e-05,3.0772493390499412e-05,2.6814227239754687e-05,3.594633989867443e-05,3.3462682706557329e-05,-48.8015625101,-45.1183731292,-45.7163471447,-44.4434532344,-44.7543924455,-79.1323214555,-75.4491320746,-76.0471060901,-74.7742121798,-75.0851513909
76736679.077148438,76.736679077148,736679.077148,-63320.9228516,-30.3290501576,1.3957566048188159e-05,2.7935411381381559e-05,2.2600441141940831e-05,2.5650021576331379e-05,2.5283558032136337e-05,-48.5519030836,-45.5384492877,-46.458830837,-45.9091226523,-45.9716180994,-78.8809532412,-75.8674994453,-76.7878809946,-76.2381728099,-76.300668257
76736824.035644531,76.736824035645,736824.035645,-63175.9643555,-30.3273417062,1.5616037440134195e-05,2.5666804634168445e-05,2.7483600399892839e-05,1.8255647328362927e-05,2.9012062486666607e-05,-48.0642915844,-45.9062819507,-45.6092637455,-47.3860276276,-45.3742139582,-78.3916332906,-76.2336236569,-75.9366054517,-77.7133693339,-75.7015556644
76736968.994140625,76.736968994141,736968.994141,-63031.0058594,-30.3256335912,1.3622217568600767e-05,2.4976622358818628e-05,3.2408656477016911e-05,2.0537907715203031e-05,3.9901950350554304e-05,-48.6575218762,-46.0246629255,-44.8933897257,-46.8744380193,-43.990058761,-78.9831554674,-76.3502965166,-75.2190233168,-77.2000716104,-74.3156923521
76737113.952636719,76.737113952637,737113.952637,-62886.0473633,-30.3239258122,9.3816917947287465e-06,2.6033051818946032e-05,2.5044753984003033e-05,2.1675106562571435e-05,3.1222942349380637e-05,-50.277188385,-45.8447491716,-46.0128323005,-46.640387587,-45.0552617283,-80.6011141972,-76.1686749838,-76.3367581127,-76.9643133992,-75.3791875406
76737258.911132812,76.737258911133,737258.911133,-62741.0888672,-30.3222183693,1.1365322880821277e-05,2.703600246240036e-05,2.2587794895955823e-05,2.4846058426355377e-05,3.867685941673709e-05,-49.4441822176,-45.6805752267,-46.4612616444,-46.0474249785,-44.1254879812,-79.7664005869,-76.002793596,-76.7834800137,-76.3696433479,-74.4477063505
76737403.869628906,76.737403869629,737403.869629,-62596.1303711,-30.3205112623,1.2441476022350024e-05,2.9845687454003089e-05,2.3297906340486966e-05,2.3299700946735681e-05,4.6048420488618009e-05,-49.0512809309,-45.2511841329,-46.3268310497,-46.3264965314,-43.3678526199,-79.3717921932,-75.5716953951,-76.6473423119,-76.6470077937,-73.6883638822
76737548.828125,76.737548828125,737548.828125,-62451.171875,-30.318804491,1.5740593476479805e-05,3.7839160160224589e-05,3.2323214621046679e-05,2.3865473740978754e-05,5.4010226557011276e-05,-48.0297889722,-44.2205851132,-44.9048545412,-46.2222994026,-42.6752400098,-78.3485934632,-74.5393896043,-75.2236590323,-76.5411038936,-72.9940445008
76737693.786621094,76.737693786621,737693.786621,-62306.2133789,-30.3170980554,1.4990884736350861e-05,3.7216131297677568e-05,3.3179192448603964e-05,2.3240064737924112e-05,5.5926570013291694e-05,-48.2417273508,-44.2926877477,-44.7913418852,-46.337626665,-42.5238181521,-78.5588254062,-74.6097858031,-75.1084399405,-76.6547247204,-72.8409162075
76737838.745117188,76.737838745117,737838.745117,-62161.2548828,-30.3153919552,1.4945346343127007e-05,3.0765006885434376e-05,2.5623903975260442e-05,1.8138156048733775e-05,3.1009040762020164e-05,-48.2549401618,-45.1194298338,-45.9135470185,-47.4140686604,-45.0851166808,-78.570332117,-75.434821789,-76.2289389737,-77.7294606156,-75.400508636
76737983.703613281,76.737983703613,737983.703613,-62016.2963867,-30.3136861904,1.2483762907610145e-05,3.0539839394334246e-05,2.4050937518675409e-05,1.9113342746538865e-05,3.7846363702153968e-05,-49.0365448808,-45.1513325118,-46.1886798992,-47.1866335222,-44.2197584139,-79.3502310712,-75.4650187022,-76.5023660897,-77.5003197127,-74.5334446044
76738128.662109375,76.738128662109,738128.662109,-61871.3378906,-30.3119807609,1.3971282350269916e-05,3.6124274454569391e-05,2.3720400269204907e-05,2.0237690497822737e-05,3.9311289953125343e-05,-48.5476373046,-44.4220086682,-46.2487798676,-46.938390502,-44.0548270509,-78.8596180655,-74.7339894291,-76.5607606284,-77.2503712628,-74.3668078118
76738273.620605469,76.738273620605,738273.620605,-61726.3793945,-30.3102756664,1.1928291076592693e-05,2.8077576404851911e-05,2.1803006603011836e-05,1.97922348159474e-05,4.2474432998350283e-05,-49.2342177168,-45.5164038228,-46.6148361369,-47.035051652,-43.7187240992,-79.5444933833,-75.8266794892,-76.9251118033,-77.3453273184,-74.0289997657
76738418.579101562,76.738418579102,738418.579102,-61581.4208984,-30.3085709069,1.2723154429785993e-05,3.1749346747809458e-05,2.0290085910065544e-05,1.7362580509126684e-05,2.474257940933877e-05,-48.9540520145,-44.9826520602,-46.9271611412,-47.6038572746,-46.0655502723,-79.2626229215,-75.2912229671,-77.2357320481,-77.9124281815,-76.3741211792
76738563.537597656,76.738563537598,738563.537598,-61436.4624023,-30.3068664823,1.0966811079534633e-05,3.618011008604384e-05,2.3659867001469351e-05,2.1350018307427193e-05,2.7142635510209319e-05,-49.5991963787,-44.4153011604,-46.2598770099,-46.7060174824,-45.6634798527,-79.9060628609,-74.7221676426,-76.5667434922,-77.0128839646,-75.970346335
76738708.49609375,76.738708496094,738708.496094,-61291.5039062,-30.3051623923,8.5383151206680107e-06,3.7144164669763179e-05,2.8031349818900335e-05,1.8656252328646989e-05,3.0748818655203941e-05,-50.6862782088,-44.30109404,-45.5235598876,-47.2917559298,-45.1217156481,-80.9914406011,-74.6062564323,-75.8287222799,-77.5969183221,-75.4268780404
76738853.454589844,76.738853454590,738853.45459,-61146.5454102,-30.3034586369,1.0292869079084957e-05,4.0196683188822015e-05,2.2567027971155448e-05,2.101259510168004e-05,4.2731965246616978e-05,-49.8746355123,-43.9580978105,-46.465256328,-46.7752030796,-43.6924713348,-80.1780941492,-74.2615564474,-76.768714965,-77.0786617165,-73.9959299718
76738998.413085938,76.738998413086,738998.413086,-61001.5869141,-30.301755216,1.1572576018913742e-05,3.5680970001445666e-05,2.5285808412514826e-05,1.9081700069809851e-05,3.5866302534196024e-05,-49.3656995771,-44.4756334767,-45.9712315698,-47.1938293477,-44.4531339254,-79.6674547931,-74.7773886927,-76.2729867858,-77.4955845637,-74.7548891414
76739143.371582031,76.739143371582,739143.371582,-60856.628418,-30.3000521294,1.0182479503357605e-05,3.5305015000503188e-05,2.6531242762431191e-05,2.2411764644385559e-05,3.3370509319333786e-05,-49.9214645545,-44.5216359964,-45.7624240655,-46.4952394689,-44.7663716485,-80.2215166838,-74.8216881258,-76.0624761949,-76.7952915983,-75.0664237779
76739288.330078125,76.739288330078,739288.330078,-60711.6699219,-30.2983493769,8.4615640140771102e-06,3.3954216616996876e-05,2.2469300102782615e-05,2.8458633136223138e-05,3.3013963603532474e-05,-50.7254935565,-44.6910628501,-46.4841045523,-45.4578596285,-44.8130233184,-81.0238429334,-74.9894122271,-76.7824539292,-75.7562090054,-75.1113726953
76739433.288574219,76.739433288574,739433.288574,-60566.7114258,-30.2966469585,9.2983237540806578e-06,3.5111738553399369e-05,1.8484566337776085e-05,2.6197312580457401e-05,3.2152694605881242e-05,-50.3159533639,-44.5454766596,-47.3319073386,-45.8174325797,-44.927826245,-80.6126003224,-74.8421236182,-77.6285542971,-76.1140795382,-75.2244732035
76739578.247070312,76.739578247070,739578.24707,-60421.7529297,-30.294944874,1.0323732495587309e-05,3.8484530757575036e-05,2.1420438530785166e-05,2.5247637394241917e-05,3.2684008347146224e-05,-49.8616325725,-44.1471380443,-46.691716423,-45.9777925575,-44.8566468726,-80.1565774465,-74.4420829184,-76.9866612971,-76.2727374315,-75.1515917466
76739723.205566406,76.739723205566,739723.205566,-60276.7944336,-30.2932431234,1.2528680699152839e-05,3.5183910468435648e-05,2.1477174915464076e-05,2.4236992814300284e-05,2.8446113324052258e-05,-49.0209465887,-44.5365589312,-46.6802284585,-46.1552126591,-45.4597706415,-79.3141897121,-74.8298020545,-76.9734715818,-76.4484557824,-75.7530137648
76739868.1640625,76.739868164062,739868.164062,-60131.8359375,-30.2915417063,1.1421140668082412e-05,2.9351002926431816e-05,1.7706146153571124e-05,1.606715487772656e-05,3.2932859152340792e-05,-49.4229051946,-45.3237705428,-47.5187595526,-47.9406101996,-44.8237056324,-79.7144469009,-75.6153122491,-77.8103012589,-78.2321519059,-75.1152473387
76740013.122558594,76.740013122559,740013.122559,-59986.8774414,-30.2898406228,1.4061869005697483e-05,3.5111795785474731e-05,1.7850025749486162e-05,1.5356516710969476e-05,3.4059898226646186e-05,-48.5195695208,-44.5454695807,-47.4836115306,-48.1370728331,-44.6775665407,-78.8094101436,-74.8353102035,-77.7734521534,-78.4269134559,-74.9674071635
76740158.081054688,76.740158081055,740158.081055,-59841.9189453,-30.2881398727,1.2089559879592514e-05,4.3024023370642851e-05,2.3838623391424044e-05,1.5301025529126052e-05,4.3759327718720128e-05,-49.1758950934,-43.6628897921,-46.227188274,-48.1527946025,-43.5892935876,-79.4640349661,-73.9510296648,-76.5153281467,-78.4409344751,-73.8774334602
76740303.039550781,76.740303039551,740303.039551,-59696.9604492,-30.2864394558,9.9021798914875783e-06,3.3538564180490638e-05,2.1765478955735416e-05,1.4830717709217497e-05,3.724673771941146e-05,-50.0426918817,-44.7445553391,-46.6223177162,-48.2883783147,-44.2891175922,-80.3291313375,-75.030994795,-76.9087571721,-78.5748177705,-74.5755570481
76740447.998046875,76.740447998047,740447.998047,-59552.0019531,-30.2847393721,1.2077385524126738e-05,3.2981163500190981e-05,2.5047315176058299e-05,1.3547840837550087e-05,4.142456058724219e-05,-49.180270703,-44.817340275,-46.0123881937,-48.6812991417,-43.8274208968,-79.465010075,-75.1020796471,-76.2971275658,-78.9660385138,-74.1121602689
76740592.956542969,76.740592956543,740592.956543,-59407.043457,-30.2830396214,1.3077751438444675e-05,3.4119727767621947e-05,2.8559443606048805e-05,1.5752329985543587e-05,4.1799022004193719e-05,-48.8346692129,-44.6699444261,-45.4425025772,-48.0265519902,-43.7883387954,-79.1177088343,-74.9529840475,-75.7255421986,-78.3095916115,-74.0713784168
76740737.915039062,76.740737915039,740737.915039,-59262.0849609,-30.2813402035,1.2911873404181476e-05,3.1873694718741239e-05,2.7112703671721021e-05,2.1537537705584841e-05,3.1880695908376531e-05,-48.8901074069,-44.9656759128,-45.6682717253,-46.6680394923,-44.9647220717,-79.1714476104,-75.2470161163,-75.9496119288,-76.9493796958,-75.2460622752
76740882.873535156,76.740882873535,740882.873535,-59117.1264648,-30.2796411184,1.0136078418201095e-05,3.6306544841690557e-05,2.2927751233734104e-05,2.8619031202461159e-05,3.7849628434361085e-05,-49.9413003817,-44.400150793,-46.3963853902,-45.4334507185,-44.2193837956,-80.2209415002,-74.6797919115,-76.6760265086,-75.7130918369,-74.4990249141
76741027.83203125,76.741027832031,741027.832031,-58972.1679688,-30.2779423659,1.1288693086045906e-05,2.9995716585823255e-05,2.8559902636443466e-05,2.871257722344426e-05,3.6460505475857229e-05,-49.4735633428,-45.2294075848,-45.4424327745,-45.4192782375,-44.3817731473,-79.7515057087,-75.5073499507,-75.7203751404,-75.6972206034,-74.6597155132
76741172.790527344,76.741172790527,741172.790527,-58827.2094727,-30.2762439459,1.3227365109280041e-05,3.8553459265703398e-05,3.1031162058478489e-05,2.282376398434583e-05,2.7667220567999505e-05,-48.7852665864,-44.1393664816,-45.082019606,-46.4161273227,-45.5803446762,-79.0615105324,-74.4156104275,-75.3582635519,-76.6923712687,-75.8565886222
76741317.749023438,76.741317749023,741317.749023,-58682.2509766,-30.2745458583,1.1987385398601141e-05,4.3182520120839533e-05,1.76423407168715e-05,1.8043172964821698e-05,3.9733016753057553e-05,-49.2127553173,-43.6469201595,-47.5344379489,-47.4368708764,-44.0084845962,-79.4873011755,-73.9214660177,-77.8089838071,-77.7114167346,-74.2830304545
76741462.707519531,76.741462707520,741462.70752,-58537.2924805,-30.2728481028,1.0810558759515594e-05,3.6528009562033667e-05,2.0547345832716107e-05,2.1241822849946755e-05,3.1183916992966982e-05,-49.6615185832,-44.3737399217,-46.8724426939,-46.7280821736,-45.0606933425,-79.934366686,-74.6465880245,-77.1452907967,-77.0009302764,-75.3335414453
76741607.666015625,76.741607666016,741607.666016,-58392.3339844,-30.2711506795,8.8247648204650885e-06,3.2642260486324463e-05,2.5042144843111665e-05,2.2221045995423781e-05,3.2891036921974485e-05,-50.5429685971,-44.8621977385,-46.0132847683,-46.5323550168,-44.8292243474,-80.8141192766,-75.133348418,-76.2844354478,-76.8035056963,-75.1003750269
76741752.624511719,76.741752624512,741752.624512,-58247.3754883,-30.2694535881,8.5439634563871155e-06,4.4242354652084943e-05,2.8529532981509842e-05,2.4263491109817985e-05,3.225245120831192e-05,-50.6834061784,-43.5416176721,-45.4470533753,-46.1504671127,-44.914372731,-80.9528597665,-73.8110712602,-75.7165069634,-76.4199207008,-75.1838263191
76741897.583007812,76.741897583008,741897.583008,-58102.4169922,-30.2677568285,1.0443784006409103e-05,4.1367309573435346e-05,2.9105038111628148e-05,2.6041160329061534e-05,2.8135976882803519e-05,-49.8114211864,-43.8334272362,-45.3603182769,-45.843396686,-45.5073800152,-80.0791780149,-74.1011840647,-75.6280751055,-76.1111535145,-75.7751368437
76742042.541503906,76.742042541504,742042.541504,-57957.4584961,-30.2660604007,1.1539095675947746e-05,3.9995813063632459e-05,2.5547787003723998e-05,2.0150257288283955e-05,3.1769799425088458e-05,-49.378282257,-43.9798547014,-45.9264671329,-46.957194042,-44.9798552703,-79.6443426577,-74.245915102,-76.1925275336,-77.2232544427,-75.245915671
76742187.5,76.742187500000,742187.5,-57812.5,-30.2643643044,1.2348966412668013e-05,3.8476653088813826e-05,3.035833631169742e-05,2.3624164720433466e-05,4.006077606350669e-05,-49.0836939059,-44.1480271232,-45.177220322,-46.266435379,-43.9728064174,-79.3480582103,-74.4123914276,-75.4415846264,-76.5307996834,-74.2371707218
76742332.458496094,76.742332458496,742332.458496,-57667.5415039,-30.2626685396,1.4173585958199288e-05,2.6536619166212013e-05,2.5717654644485923e-05,2.6163364415966729e-05,3.9605936155067282e-05,-48.4852025809,-45.7615440819,-45.8976864,-45.8230640968,-44.0223971695,-78.7478711205,-76.0242126215,-76.1603549396,-76.0857326364,-74.2850657091
76742477.416992188,76.742477416992,742477.416992,-57522.5830078,-30.2609731061,1.093438545294741e-05,2.9169185837750565e-05,2.2909889021128172e-05,2.1739005278383948e-05,4.1203847491615709e-05,-49.6120562066,-45.3507569262,-46.3997701459,-46.6276033201,-43.8506222896,-79.8730293127,-75.6117300323,-76.660743252,-76.8885764261,-74.1115953957
76742622.375488281,76.742622375488,742622.375488,-57377.6245117,-30.2592780038,9.5180750538224432e-06,3.2787405808405308e-05,2.8848472981000488e-05,2.0091202082809787e-05,3.377645801974245e-05,-50.2145087494,-44.8429294404,-45.3987717015,-46.9699407807,-44.7138589482,-80.4737867531,-75.1022074442,-75.6580497053,-77.2292187845,-74.973136952
76742767.333984375,76.742767333984,742767.333984,-57232.6660156,-30.2575832325,1.0171960664557499e-05,3.8145924363393705e-05,2.5863618333520849e-05,1.9333354698263754e-05,2.7398515476359874e-05,-49.9259532793,-44.1855185669,-45.8731071718,-47.1369278123,-45.6227296776,-80.1835365118,-74.4431017994,-76.1306904043,-77.3945110447,-75.8803129101
76742912.292480469,76.742912292480,742912.29248,-57087.7075195,-30.2558887921,1.1001621469717736e-05,4.3447040280272864e-05,2.3204133791113215e-05,1.7067310745512951e-05,4.4112598807100307e-05,-49.585433018,-43.6203980342,-46.3443463913,-47.6783490422,-43.5543735586,-79.8413218101,-73.8762868264,-76.6002351834,-77.9342378343,-73.8102623508
76743057.250976562,76.743057250977,743057.250977,-56942.7490234,-30.2541946826,1.2204668765927036e-05,3.3243507991962839e-05,2.2061522733776452e-05,1.7710365354945548e-05,4.3075098566644169e-05,-49.1347400282,-44.7829315393,-46.5636451492,-47.5177247946,-43.657737201,-79.3889347108,-75.0371262219,-76.8178398318,-77.7719194772,-73.9119318836
76743202.209472656,76.743202209473,743202.209473,-56797.7905273,-30.2525009037,1.1187633323768376e-05,3.9252893869771661e-05,2.2238024740615423e-05,1.6836720484591306e-05,3.4817086761909711e-05,-49.5126177613,-44.0612831993,-46.5290379094,-47.73742498,-44.5820757027,-79.765118665,-74.313784103,-76.7815388131,-77.9899258837,-74.8345766064
76743347.16796875,76.743347167969,743347.167969,-56652.8320312,-30.2508074554,1.2990412582285411e-05,3.4509234882423872e-05,2.7512114016143606e-05,2.1069224745893446e-05,3.6627594342863269e-05,-48.8637705529,-44.6206466951,-45.6047603737,-46.7635144421,-44.3619160435,-79.1145780083,-74.8714541505,-75.8555678291,-77.0143218975,-74.6127234989
76743492.126464844,76.743492126465,743492.126465,-56507.8735352,-30.2491143375,1.1273680453026025e-05,3.4457519749390023e-05,2.8073712191948414e-05,2.5647261508236862e-05,4.2771571055108617e-05,-49.4793427921,-44.6271598626,-45.5170015673,-45.9095899996,-43.6884479725,-79.7284571295,-74.8762742001,-75.7661159048,-76.1587043371,-73.93756231
76743637.084960938,76.743637084961,743637.084961,-56362.9150391,-30.2474215498,9.5256519147598622e-06,4.3379931054601166e-05,2.65875506820038e-05,2.8169268578968979e-05,3.5767837049049396e-05,-50.2110529247,-43.6271114256,-45.7532166922,-45.5022442942,-44.4650732169,-80.4584744745,-73.8745329754,-76.0006382421,-75.749665844,-74.7124947667
76743782.043457031,76.743782043457,743782.043457,-56217.956543,-30.2457290923,1.2010624752576319e-05,3.1147841617329842e-05,2.0541608949177059e-05,2.3661410663772911e-05,3.1680270157896171e-05,-49.2043440146,-45.065720423,-46.8736554271,-46.2595936684,-44.9921112356,-79.450073107,-75.3114495153,-77.1193845194,-76.5053227608,-75.2378403279
76743927.001953125,76.743927001953,743927.001953,-56072.9980469,-30.2440369649,8.2149487911873293e-06,3.2199214938479139e-05,3.1555222478776048e-05,2.0354462971577249e-05,3.2034015693642924e-05,-50.8539513944,-44.9215471688,-45.009287535,-46.9134035148,-44.94388616,-81.0979883593,-75.1655841336,-75.2533244999,-77.1574404797,-75.1879231248
76744071.960449219,76.744071960449,744071.960449,-55928.0395508,-30.2423451673,8.4455532719197097e-06,2.4899850015301645e-05,3.0301830494055521e-05,2.0702217318249173e-05,3.1363880619073923e-05,-50.7337189434,-46.0380326888,-45.1853113554,-46.8398313679,-45.0357020788,-80.9760641107,-76.2803778561,-75.4276565227,-77.0821765352,-75.2780472461
76744216.918945312,76.744216918945,744216.918945,-55783.0810547,-30.2406536995,9.9344734368045679e-06,2.3624789541329454e-05,2.914125324176218e-05,1.647737615041938e-05,3.8766660014342043e-05,-50.0285514713,-46.2663205166,-45.35491775,-47.8311194398,-44.1154161452,-80.2692051708,-76.5069742161,-75.5955714495,-78.0717731393,-74.3560698447
76744361.877441406,76.744361877441,744361.877441,-55638.1225586,-30.2389625614,1.0896949033992272e-05,3.8364374654673497e-05,2.3230158734976443e-05,1.6662069511886655e-05,3.3292678570099808e-05,-49.6269508033,-44.1607187647,-46.3394782259,-47.7827105804,-44.7765126218,-79.8659133647,-74.3996813261,-76.5784407873,-78.0216731418,-75.0154751831
76744506.8359375,76.744506835938,744506.835938,-55493.1640625,-30.2372717527,1.1253272416791662e-05,4.0720209335953645e-05,2.377186648245621e-05,2.2887810852048523e-05,3.4023147252620825e-05,-49.487211677,-43.9018999803,-46.2393671767,-46.4039574426,-44.682255152,-79.7244834297,-74.139171733,-76.4766389295,-76.6412291953,-74.9195269047
76744651.794433594,76.744651794434,744651.794434,-55348.2055664,-30.2355812734,1.233159427390392e-05,3.359726882426066e-05,2.2724560641924068e-05,2.0992716384528106e-05,3.674336935392861e-05,-49.0898077259,-44.7369602567,-46.435045047,-46.7793136159,-44.3482102155,-79.3253889993,-74.9725415301,-76.6706263205,-77.0148948893,-74.583791489
76744796.752929688,76.744796752930,744796.75293,-55203.2470703,-30.2338911234,1.4049156801862316e-05,3.6575704044634544e-05,1.899457395206061e-05,2.0013100530858228e-05,5.08161771623348e-05,-48.5234974033,-44.368073054,-47.2137044322,-46.9868562305,-42.9399800949,-78.7573885268,-74.6019641774,-77.4475955556,-77.220747354,-73.1738712183
76744941.711425781,76.744941711426,744941.711426,-55058.2885742,-30.2322013026,1.6235997984525866e-05,3.0978825695275018e-05,1.9214342074143391e-05,1.8113973827229743e-05,5.0827862712111201e-05,-47.8952101127,-45.0893504893,-47.1637448179,-47.419862641,-42.9389815179,-78.1274114152,-75.3215517919,-77.3959461205,-77.6520639436,-73.1711828205
76745086.669921875,76.745086669922,745086.669922,-54913.3300781,-30.2305118107,1.4900676701313775e-05,3.4186446116370124e-05,3.2285431565475664e-05,1.5696837053321469e-05,4.2275746571961971e-05,-48.2679400803,-44.6614604434,-44.9099340392,-48.0418785005,-43.739087142,-78.498451891,-74.8919722541,-75.1404458499,-78.2723903112,-73.9695989527
76745231.628417969,76.745231628418,745231.628418,-54768.371582,-30.2288226477,1.1215348822570633e-05,2.7864703726968886e-05,2.9883323820592057e-05,2.4311882209550196e-05,3.6826014983825368e-05,-49.5018721434,-45.5494557024,-45.2457109907,-46.1418141707,-44.3384527447,-79.730694791,-75.7782783501,-75.4745336384,-76.3706368184,-74.5672753924
76745376.586914062,76.745376586914,745376.586914,-54623.4130859,-30.2271338134,1.1735821172223368e-05,3.1804345638729134e-05,2.2464447597251838e-05,2.009318115239806e-05,4.0813743538393531e-05,-49.3048651679,-44.9751353543,-46.4850425628,-46.9695130031,-43.8919356883,-79.5319989813,-75.2022691676,-76.7121763762,-77.1966468165,-74.1190695017
76745521.545410156,76.745521545410,745521.54541,-54478.4545898,-30.2254453077,1.0762621124788607e-05,2.9675374702132365e-05,2.3673277494386687e-05,2.4535282802872891e-05,3.877408454591857e-05,-49.6808194787,-45.2760378863,-46.2574161114,-46.1020893181,-44.1145844706,-79.9062647864,-75.5014831941,-76.4828614191,-76.3275346259,-74.3400297784
76745666.50390625,76.745666503906,745666.503906,-54333.4960938,-30.2237571306,1.154821187744467e-05,3.0167430046544176e-05,2.8010417621076336e-05,1.7707205676191033e-05,4.7171535432076815e-05,-49.3748525663,-45.2046168565,-45.5268041602,-47.5184996818,-43.2631998725,-79.5986096968,-75.4283739871,-75.7505612908,-77.7422568124,-73.4869570031
76745811.462402344,76.745811462402,745811.462402,-54188.5375977,-30.2220692818,1.1771898746441054e-05,3.3995682877709988e-05,2.8881373682190765e-05,1.6411465690802485e-05,3.5612148459739216e-05,-49.2915348205,-44.6857623065,-45.393821543,-47.8485263083,-44.4840182481,-79.5136041023,-74.9078315882,-75.6158908248,-78.0705955901,-74.7060875298
76745956.420898438,76.745956420898,745956.420898,-54043.5791016,-30.2203817612,9.2457188472886795e-06,3.9562668704574046e-05,2.2897928750939112e-05,2.4963273603315048e-05,3.3534540628519933e-05,-50.3405931714,-44.027144207,-46.4020380031,-46.0269846328,-44.7450763845,-80.5609749326,-74.2475259682,-76.6224197643,-76.2473663939,-74.9654581457
76746101.379394531,76.746101379395,746101.379395,-53898.6206055,-30.2186945687,9.0295686213068592e-06,3.8736700653027143e-05,2.5283458982587199e-05,2.763816149965497e-05,4.2640901124467117e-05,-50.4433299718,-44.118773725,-45.9716351131,-45.5849084976,-43.70173626,-80.6620245405,-74.3374682937,-76.1903296818,-75.8036030663,-73.9204308287
76746246.337890625,76.746246337891,746246.337891,-53753.6621094,-30.2170077042,9.7894714713841951e-06,3.755649774512021e-05,2.1657920263820117e-05,3.0112854134286433e-05,4.4494092604506384e-05,-50.092407549,-44.2531491377,-46.6438324953,-45.2124807956,-43.5169764564,-80.3094152533,-74.4701568419,-76.8608401995,-75.4294884998,-73.7339841606
76746391.296386719,76.746391296387,746391.296387,-53608.7036133,-30.2153211676,1.1525628908182977e-05,3.3780918186818263e-05,2.1572341762523825e-05,2.2664498858053169e-05,4.7798961882058194e-05,-49.3833536755,-44.713285502,-46.6610270796,-46.4465387932,-43.2058153548,-79.5986748431,-74.9286066696,-76.8763482472,-76.6618599608,-73.4211365223
76746536.254882812,76.746536254883,746536.254883,-53463.7451172,-30.2136349587,1.015995409288171e-05,3.3959912950821256e-05,2.1808699961131234e-05,2.1132878608828907e-05,4.1208427819639167e-05,-49.9310825438,-44.6903343165,-46.6137022239,-46.7504134162,-43.8501395432,-80.1447175025,-74.9039692752,-76.8273371825,-76.9640483749,-74.0637745019
76746681.213378906,76.746681213379,746681.213379,-53318.7866211,-30.2119490774,1.1680482952817661e-05,3.3435879034421182e-05,2.2880113125343763e-05,2.2207766381716527e-05,3.0124761165845961e-05,-49.3253920008,-44.7578725465,-46.4054183261,-46.5349511983,-45.2107638756,-79.5373410782,-74.9698216238,-76.6173674034,-76.7469002757,-75.422712953
76746826.171875,76.746826171875,746826.171875,-53173.828125,-30.2102635235,1.274149075710025e-05,2.6802693311004407e-05,2.4014746298415235e-05,2.0167954371106345e-05,2.6814427840582374e-05,-48.9477975648,-45.7182156301,-46.1952199707,-46.953381499,-45.7163146547,-79.1580610883,-75.9284791536,-76.4054834941,-77.1636450225,-75.9265781782
76746971.130371094,76.746971130371,746971.130371,-53028.8696289,-30.208578297,1.3750733213297147e-05,2.9074723479296721e-05,2.4457748939500972e-05,2.5983919571717392e-05,3.7790526232651634e-05,-48.6167414387,-45.3648440702,-46.1158351738,-45.8529533671,-44.226170605,-78.8253197357,-75.5734223672,-76.3244134708,-76.0615316641,-74.4347489019
76747116.088867188,76.747116088867,747116.088867,-52883.9111328,-30.2068933977,1.1393104826661895e-05,3.3966156369077198e-05,2.2807027346849889e-05,2.6637148611229882e-05,3.2949981961743105e-05,-49.4335790671,-44.6895359538,-46.419313167,-45.7451226631,-44.8214481882,-79.6404724648,-74.8964293515,-76.6262065646,-75.9520160608,-75.0283415859
76747261.047363281,76.747261047363,747261.047363,-52738.9526367,-30.2052088255,8.9381961012341279e-06,3.3432281132908858e-05,2.6965060790686582e-05,2.7112522813220217e-05,2.7892675289262083e-05,-50.4875012129,-44.7583398986,-45.6919859629,-45.6683006955,-45.5450982895,-80.6927100383,-74.963548724,-75.8971947884,-75.873509521,-75.750307115
76747406.005859375,76.747406005859,747406.005859,-52593.9941406,-30.2035245802,1.0322577317901564e-05,2.8571108804460272e-05,2.7219995146746899e-05,2.4963567784860027e-05,3.2186665306078587e-05,-49.862118555,-45.4407290493,-45.6511195657,-46.0269334533,-44.9232401599,-80.0656431352,-75.6442536295,-75.8546441459,-76.2304580335,-75.1267647401
76747550.964355469,76.747550964355,747550.964355,-52449.0356445,-30.2018406618,1.0058420320272978e-05,3.713194631904537e-05,2.6417145163611141e-05,1.9725909341235264e-05,3.5290132900426811e-05,-49.9747022008,-44.3025228607,-45.7811411733,-47.0496296719,-44.5234670611,-80.1765428626,-74.5043635225,-75.9829818351,-77.2514703337,-74.7253077229
76747695.922851562,76.747695922852,747695.922852,-52304.0771484,-30.2001570701,1.0714278361407578e-05,3.4179457279533676e-05,2.3933571028801124e-05,2.314826164503997e-05,3.4695050143708398e-05,-49.7003707467,-44.6623483753,-46.2099249727,-46.3548161745,-44.597324805,-79.9005278167,-74.8625054454,-76.4100820428,-76.5549732445,-74.7974818751
76747840.881347656,76.747840881348,747840.881348,-52159.1186523,-30.1984738049,1.0938253202584019e-05,3.0238433724768114e-05,2.5950452643824428e-05,2.1330329175058279e-05,3.9569888754424696e-05,-49.6105202764,-45.1944070796,-45.8585506252,-46.7100244236,-44.0263517069,-79.8089940814,-75.3928808845,-76.0570244301,-76.9084982285,-74.2248255119
76747985.83984375,76.747985839844,747985.839844,-52014.1601562,-30.1967908663,8.8430614843256551e-06,3.2607279003799733e-05,2.6858745129303788e-05,1.6156976902593629e-05,3.7139830413838528e-05,-50.533973554,-44.8668544047,-45.7091428192,-47.9163989587,-44.3016008365,-80.7307644202,-75.063645271,-75.9059336855,-78.113189825,-74.4983917027
76748130.798339844,76.748130798340,748130.79834,-51869.2016602,-30.1951082539,9.5828755502576926e-06,3.1609777070260611e-05,2.4599482064773038e-05,1.878498210239632e-05,3.3879558760309484e-05,-50.1850415186,-45.0017856704,-46.0907403675,-47.2618921438,-44.7006225446,-80.3801497725,-75.1968939243,-76.2858486214,-77.4570003977,-74.8957307985
76748275.756835938,76.748275756836,748275.756836,-51724.2431641,-30.1934259678,9.393923567132002e-06,3.885187285471825e-05,2.562764568007011e-05,2.2473819347222783e-05,3.5521655338836197e-05,-50.2715297774,-44.1058804119,-45.9129128906,-46.4832311448,-44.4950680394,-80.4649557452,-74.2993063797,-76.1063388584,-76.6766571125,-74.6884940071
76748420.715332031,76.748420715332,748420.715332,-51579.284668,-30.1917440077,1.3338570692608166e-05,3.8776601068185292e-05,2.8882310332324585e-05,2.2473245820810539e-05,2.801907387348664e-05,-48.7489070517,-44.1143026132,-45.3936806995,-46.4833419771,-45.5254622374,-78.9406510594,-74.3060466209,-75.5854247072,-76.6750859848,-75.717206245
76748565.673828125,76.748565673828,748565.673828,-51434.3261719,-30.1900623736,1.55994484122809e-05,2.6762926785865319e-05,2.2242201397980746e-05,2.4894914305267174e-05,2.739895851507972e-05,-48.0689075778,-45.7246639399,-46.5282223113,-46.0388936434,-45.622659452,-78.2589699514,-75.9147263135,-76.7182846849,-76.228956017,-75.8127218256
76748710.632324219,76.748710632324,748710.632324,-51289.3676758,-30.1883810653,1.4408199620453488e-05,3.219986645520356e-05,2.8439899696654705e-05,2.030062087504113e-05,3.3843138102805377e-05,-48.4139028315,-44.9214592948,-45.4607193963,-46.924906794,-44.7052937384,-78.6022838968,-75.1098403601,-75.6491004616,-77.1132878593,-74.8936748036
76748855.590820312,76.748855590820,748855.59082,-51144.4091797,-30.1867000826,1.0613638578295238e-05,3.4263743763008451e-05,2.9249161269329112e-05,1.6483028336160876e-05,3.2864994462100147e-05,-49.741357053,-44.6516518641,-45.3388658296,-47.8296299477,-44.8326643656,-79.9280571356,-74.8383519468,-75.5255659123,-78.0163300304,-75.0193644483
76749000.549316406,76.749000549316,749000.549316,-50999.4506836,-30.1850194256,1.0594578583290669e-05,2.5006992030189631e-05,2.6799166575287874e-05,1.6697403750779066e-05,3.5025711106280628e-05,-49.7491631338,-46.0193854431,-45.7187871184,-47.7735105127,-44.5561303873,-79.9341825594,-76.2044048687,-75.903806544,-77.9585299383,-74.7411498129
76749145.5078125,76.749145507812,749145.507812,-50854.4921875,-30.183339094,1.2696015160999302e-05,2.593509458970805e-05,2.8138109330269383e-05,2.2022712065905392e-05,3.7576181045597555e-05,-48.9633256764,-45.8611216372,-45.5070508725,-46.5712919932,-44.2508736035,-79.1466647704,-76.0444607312,-75.6903899665,-76.7546310872,-74.4342126975
76749290.466308594,76.749290466309,749290.466309,-50709.5336914,-30.1816590877,1.2581537456388643e-05,2.9793557340484146e-05,2.7695242078896525e-05,2.4763544729667809e-05,3.4521072657991362e-05,-49.0026628512,-45.2587763908,-45.5759483441,-46.0618718896,-44.6191571811,-79.1843219389,-75.4404354785,-75.7576074319,-76.2435309773,-74.8008162688
76749435.424804688,76.749435424805,749435.424805,-50564.5751953,-30.1799794066,8.0139744545342852e-06,2.2270626132511296e-05,2.2367481019700933e-05,2.1248892535617839e-05,3.1003626213898466e-05,-50.9615204626,-46.5226757272,-46.5038292251,-46.7266369988,-45.085875077,-81.1414998693,-76.7026551339,-76.6838086318,-76.9066164055,-75.2658544836
76749580.383300781,76.749580383301,749580.383301,-50419.6166992,-30.1783000506,9.6588229094548912e-06,2.6051375043607632e-05,2.7874778426947461e-05,1.8430539141515742e-05,3.618573070764319e-05,-50.1507579647,-45.8416934883,-45.5478857608,-47.3446196034,-44.4146265313,-80.3290580153,-76.0199935389,-75.7261858114,-77.5229196541,-74.5929265819
76749725.341796875,76.749725341797,749725.341797,-50274.6582031,-30.1766210195,1.2388574635806951e-05,3.3171911360278027e-05,2.8982609556359413e-05,1.7415525130076984e-05,4.7132384201808587e-05,-49.0697865839,-44.7922950378,-45.378625138,-47.5906342573,-43.266805908,-79.2464076034,-74.9689160574,-75.5552461575,-77.7672552769,-73.4434269276
76749870.300292969,76.749870300293,749870.300293,-50129.699707,-30.1749423133,1.2398724092643147e-05,3.4587985783103068e-05,2.6603741256108953e-05,2.0090893555300724e-05,4.4441026782607731e-05,-49.066230042,-44.6107472821,-45.750572847,-46.970007473,-43.5221591551,-79.2411723552,-74.7856895954,-75.9255151603,-77.1449497863,-73.6971014684
76750015.258789062,76.750015258789,750015.258789,-49984.7412109,-30.1732639317,1.2525088347678672e-05,3.0861798617907782e-05,2.3774171776768062e-05,2.0819054034155698e-05,4.8033542908750012e-05,-49.0221920209,-45.1057876696,-46.2389460369,-46.8153900763,-43.1845537903,-79.1954559526,-75.2790516013,-76.4122099686,-76.9886540081,-73.357817722
76750160.217285156,76.750160217285,750160.217285,-49839.7827148,-30.1715858747,9.824720867179979e-06,3.3767202608972951e-05,2.3844517917878995e-05,2.3753055912195641e-05,3.690684005650922e-05,-50.0767977964,-44.7150491632,-46.2261145359,-46.2428050897,-44.3289313727,-80.2483836711,-74.8866350379,-76.3977004106,-76.4143909644,-74.5005172474
76750305.17578125,76.750305175781,750305.175781,-49694.8242188,-30.1699081421,9.4497685771760105e-06,4.4040830893128848e-05,2.3425408749706181e-05,1.8638600851560611e-05,3.1815624619534514e-05,-50.2457882714,-43.5614449604,-46.3031282237,-47.2958669205,-44.9735954607,-80.4156964135,-73.7313531025,-76.4730363659,-77.4657750626,-75.1435036028
76750450.134277344,76.750450134277,750450.134277,-49549.8657227,-30.1682307339,1.0957398692426677e-05,3.5140231028024679e-05,1.5952103621906512e-05,1.9631312719454412e-05,3.0728242750414477e-05,-49.6029253596,-44.5419538758,-47.9718203793,-47.0705065874,-45.1246227494,-79.7711560935,-74.7101846097,-78.1400511131,-77.2387373213,-75.2928534833
76750595.092773438,76.750595092773,750595.092773,-49404.9072266,-30.1665536498,1.1363324840334921e-05,3.167581162160951e-05,1.7185968994915291e-05,2.0923757415341461e-05,2.6192678777092811e-05,-49.4449457808,-44.9927224848,-47.6482597605,-46.7936032371,-45.8182008315,-79.6114994306,-75.1592761346,-77.8148134103,-76.9601568869,-75.9847544813
76750740.051269531,76.750740051270,750740.05127,-49259.9487305,-30.1648768898,1.1152100715205918e-05,3.1521392910955025e-05,2.5365061558636886e-05,1.7615012247450599e-05,2.195660887455993e-05,-49.5264331709,-45.0139459955,-45.9576407935,-47.5411705052,-46.5843473439,-79.6913100607,-75.1788228853,-76.1225176833,-77.706047395,-76.7492242337
76750885.009765625,76.750885009766,750885.009766,-49114.9902344,-30.1632004537,1.4523452393036651e-05,3.2779291946783181e-05,3.6153251211662547e-05,2.1064514729272023e-05,2.896507194586512e-05,-48.3793013453,-44.844004317,-44.4185264111,-46.7644854142,-45.3812538843,-78.542501799,-75.0072047707,-74.5817268649,-76.9276858679,-75.544454338
76751029.968261719,76.751029968262,751029.968262,-48970.0317383,-30.1615243415,1.5839217372106109e-05,3.8451911438840533e-05,3.1199422431351947e-05,2.102304531682571e-05,4.0712999555321751e-05,-48.0026628104,-44.1508206661,-45.0585344564,-46.7730437354,-43.9026689953,-78.1641871519,-74.3123450076,-75.2200587978,-76.9345680768,-74.0641933368
76751174.926757812,76.751174926758,751174.926758,-48825.0732422,-30.1598485529,1.0395411120252346e-05,3.55071406976805e-05,2.2004107411280331e-05,2.0775096136589524e-05,3.7651257937742253e-05,-49.8315833041,-44.4968429895,-46.5749624374,-46.8245695784,-44.2422050934,-79.991431857,-74.6566915424,-76.7348109903,-76.9844181314,-74.4020536463
76751319.885253906,76.751319885254,751319.885254,-48680.1147461,-30.1581730879,1.0578902737700798e-05,2.9932379414967178e-05,2.3858492196759716e-05,2.5062915824587724e-05,3.1806153720792694e-05,-49.7555937575,-45.2385875841,-46.2235700624,-46.009684045,-44.9748884642,-79.9137668454,-75.396760672,-76.3817431503,-76.1678571329,-75.1330615521
76751464.84375,76.751464843750,751464.84375,-48535.15625,-30.1564979463,1.6986976993650233e-05,3.3229305816989716e-05,2.8971798164315156e-05,2.7323679479275507e-05,3.1969107803118928e-05,-47.698839014,-44.7847873134,-45.3802454903,-45.634608178,-44.9526948389,-77.8553369604,-74.9412852597,-75.5367434366,-75.7911061244,-75.1091927852
76751609.802246094,76.751609802246,751609.802246,-48390.1977539,-30.1548231281,1.8215244672186351e-05,3.8303400226770496e-05,2.0222474433470412e-05,3.2046238558061703e-05,3.0107271234595739e-05,-47.3956499082,-44.1676267161,-46.9416570497,-44.9422293867,-45.2132860488,-77.5504730363,-74.3224498442,-77.0964801778,-75.0970525148,-75.3681091769
76751754.760742188,76.751754760742,751754.760742,-48245.2392578,-30.153148633,1.1153059129558812e-05,3.6919485628413666e-05,2.143131513055223e-05,2.7204366664589237e-05,3.2228339292228831e-05,-49.5260599532,-44.327443583,-46.689511777,-45.653613803,-44.9176207286,-79.6792085862,-74.4805922161,-76.84266041,-75.806762436,-75.0707693616
76751899.719238281,76.751899719238,751899.719238,-48100.2807617,-30.151474461,9.514890724138362e-06,3.5925190882959225e-05,2.9088829803292065e-05,1.9363443319789025e-05,5.0976548892011793e-05,-50.215961951,-44.4460091563,-45.3627374937,-47.130174114,-42.9262956957,-80.367436412,-74.5974836173,-75.5142119547,-77.281648575,-73.0777701567
76752044.677734375,76.752044677734,752044.677734,-47955.3222656,-30.149800612,1.0826882515821856e-05,3.1483940100480152e-05,2.0406088212724517e-05,1.6495549370228603e-05,5.6169043907286875e-05,-49.6549657579,-45.0191092254,-46.9024024028,-47.8263321607,-42.5050296849,-79.8047663699,-75.1689098374,-77.0522030148,-77.9761327727,-72.6548302969
76752189.636230469,76.752189636230,752189.63623,-47810.3637695,-30.1481270857,1.0142099581772357e-05,3.1269785316939104e-05,2.6007406431095986e-05,1.673653252918326e-05,4.3805679413977374e-05,-49.9387212958,-45.048751004,-45.8490295533,-47.7633451405,-43.5846957949,-80.0868483815,-75.1968780897,-75.9971566391,-77.9114722262,-73.7328228806
76752334.594726562,76.752334594727,752334.594727,-47665.4052734,-30.1464538822,9.8691623256586925e-06,3.1887708495055587e-05,2.7924824582131206e-05,1.7941216458791009e-05,4.7381380317008157e-05,-50.0571970779,-44.9637668878,-45.5400954635,-47.4614811406,-43.2439229154,-80.2036509601,-75.1102207699,-75.6865493457,-77.6079350227,-73.3903767976
76752479.553222656,76.752479553223,752479.553223,-47520.4467773,-30.1447810012,1.0139157037257939e-05,3.3810880531645905e-05,2.2461809235734518e-05,2.4384853251343806e-05,4.1365194306802915e-05,-49.9399815045,-44.7094351882,-46.4855526546,-46.1287985366,-43.833649313,-80.0847625057,-74.8542161894,-76.6303336558,-76.2735795378,-73.9784303142
76752624.51171875,76.752624511719,752624.511719,-47375.4882812,-30.1431084426,1.1318482418484157e-05,3.7699462653662234e-05,2.3370943043878957e-05,1.7433245846662937e-05,3.7232745373582719e-05,-49.4621179943,-44.2366483993,-46.3132376298,-47.586217453,-44.290749397,-79.6052264369,-74.379756842,-76.4563460725,-77.7293258957,-74.4338578396
76752769.470214844,76.752769470215,752769.470215,-47230.5297852,-30.1414362064,1.0194602102778318e-05,2.9529504145414171e-05,2.7922189780488692e-05,1.705553754486855e-05,4.332551372245704e-05,-49.9162972015,-45.2974384558,-45.5405052544,-47.6813458824,-43.6325627904,-80.0577334079,-75.4388746622,-75.6819414608,-77.8227820888,-73.7739989968
76752914.428710938,76.752914428711,752914.428711,-47085.5712891,-30.1397642924,1.0931744270833265e-05,3.4171976333590162e-05,2.5025332394277567e-05,2.0604995566191367e-05,4.0724936575638277e-05,-49.6131053643,-44.6632990309,-46.0162014538,-46.8602747459,-43.9013958338,-79.7528696566,-74.8030633233,-76.1559657461,-77.0000390383,-74.0411601262
76753059.387207031,76.753059387207,753059.387207,-46940.612793,-30.1380927004,9.8737004334033116e-06,2.7152489532092245e-05,2.9390332241219506e-05,2.202365257619098e-05,4.3434685359105749e-05,-50.0552005335,-45.6619034506,-45.3179550444,-46.5711065257,-43.6216332017,-80.1932932339,-75.7999961511,-75.4560477449,-76.7091992261,-73.7597259021
76753204.345703125,76.753204345703,753204.345703,-46795.6542969,-30.1364214304,1.1047737413661485e-05,3.2556547799463619e-05,3.7715186656921975e-05,1.9596514732031897e-05,5.0305726030202742e-05,-49.5672665676,-44.8736165265,-44.2348373857,-47.0782116167,-42.9838257873,-79.7036879981,-75.0100379569,-74.3712588161,-77.2146330471,-73.1202472177
76753349.304199219,76.753349304199,753349.304199,-46650.6958008,-30.1347504822,1.1157827274519206e-05,3.3485998838926671e-05,3.5178885292148164e-05,1.6957128510822196e-05,3.6506173374528525e-05,-49.5242036584,-44.7513674216,-44.5371792608,-47.7064768849,-44.3763368799,-79.6589541407,-74.8861179038,-74.671929743,-77.8412273671,-74.5110873621
76753494.262695312,76.753494262695,753494.262695,-46505.7373047,-30.1330798557,7.8227519821853448e-06,4.9029500997350594e-05,2.6567997340130687e-05,2.0814489794246964e-05,3.4714584067515727e-05,-51.066404387,-43.0954252681,-45.7564118089,-46.8163423009,-44.5948803387,-81.1994842427,-73.2285051238,-75.8894916646,-76.9494221567,-74.7279601945
76753639.221191406,76.753639221191,753639.221191,-46360.7788086,-30.1314095508,1.166337526038843e-05,4.0585835379846988e-05,2.9387562889493515e-05,2.1223213421936794e-05,4.6389576880165734e-05,-49.3317575105,-43.916255105,-45.3183642847,-46.7318885862,-43.3357958867,-79.4631670613,-74.0476646559,-75.4497738356,-76.863298137,-73.4672054375
76753784.1796875,76.753784179688,753784.179688,-46215.8203125,-30.1297395674,1.4312757240144397e-05,3.8830807417948303e-05,3.5895261091441918e-05,1.6223501056305893e-05,4.1425649898325962e-05,-48.4427669476,-44.1082357897,-44.4496288339,-47.898554186,-43.8273066951,-78.572506515,-74.2379753571,-74.5793684013,-78.0282937533,-73.9570462625
76753929.138183594,76.753929138184,753929.138184,-46070.8618164,-30.1280699052,1.4100943909340608e-05,3.8196427181511334e-05,3.3385495400987756e-05,2.3100022074091621e-05,4.6758341381558312e-05,-48.5075181494,-44.1797725824,-44.7644217497,-46.363876051,-43.3014090259,-78.6355880546,-74.3078424876,-74.8924916549,-76.4919459562,-73.4294789311
76754074.096679688,76.754074096680,754074.09668,-45925.9033203,-30.1264005643,1.3472967489822661e-05,4.1980895450056526e-05,3.3686862368984506e-05,2.0985320712038977e-05,4.6315544195199211e-05,-48.7053673817,-43.7694830218,-44.725394378,-46.7808438922,-43.3427322874,-78.8317679459,-73.8958835861,-74.8517949422,-76.9072444564,-73.4691328517
76754219.055175781,76.754219055176,754219.055176,-45780.9448242,-30.1247315444,1.4623348396843949e-05,2.8322506327691757e-05,2.8802657416031464e-05,1.9154291054634221e-05,4.7312791765288638e-05,-48.3495317295,-45.478683175,-45.4056744113,-47.1773391764,-43.2502142497,-78.4742632739,-75.6034147195,-75.5304059558,-77.3020707209,-73.3749457941
76754364.013671875,76.754364013672,754364.013672,-45635.9863281,-30.1230628455,1.4750213603320415e-05,2.6736432927206697e-05,2.6452336187779408e-05,2.0574289629431166e-05,6.1483492886539451e-05,-48.3120169046,-45.7289653512,-45.775359664,-46.8667515079,-42.1124146814,-78.4350797501,-75.8520281967,-75.8984225095,-76.9898143534,-72.2354775269
76754508.972167969,76.754508972168,754508.972168,-45491.027832,-30.1213944675,1.1920865864601372e-05,3.4430563152672336e-05,1.7800324820198021e-05,2.2787842390403032e-05,4.7844365941541837e-05,-49.2369219874,-44.6305587384,-47.4957207262,-46.4229679295,-43.2016919654,-79.3583164549,-74.7519532058,-77.6171151936,-76.544362397,-73.3230864329
76754653.930664062,76.754653930664,754653.930664,-45346.0693359,-30.1197264101,1.4030313490345217e-05,3.3882145918060768e-05,1.8850298407023125e-05,2.3441150140732994e-05,3.5479292067003825e-05,-48.5293262508,-44.7002909153,-47.2468177037,-46.3002108346,-44.5002505441,-78.6490526609,-74.8200173254,-77.3665441138,-76.4199372447,-74.6199769542
76754798.889160156,76.754798889160,754798.88916,-45201.1108398,-30.1180586734,1.3680052323076157e-05,3.7082482108828054e-05,2.4186086185561389e-05,2.0418326707012128e-05,3.1448016409883815e-05,-48.6391224154,-44.3083120414,-46.1643440388,-46.8997985146,-45.0240674257,-78.7571810887,-74.4263707147,-76.2824027122,-77.017857188,-75.142126099
76754943.84765625,76.754943847656,754943.847656,-45056.1523438,-30.1163912571,1.2429762436172901e-05,4.3926440168715989e-05,2.4074502142698011e-05,2.851652755441037e-05,3.9306035064957624e-05,-49.0553717173,-43.5727399086,-46.1844268526,-45.4490335946,-44.0554076275,-79.1717629744,-73.6891311656,-76.3008181096,-75.5654248516,-74.1717988846
76755088.806152344,76.755088806152,755088.806152,-44911.1938477,-30.1147241611,1.313967509061215e-05,3.6065013521017552e-05,3.3712278490798312e-05,2.7500410873452792e-05,3.6232831300092329e-05,-48.814153736,-44.4291390065,-44.722118941,-45.6066081749,-44.4089772807,-78.9288778971,-74.5438631676,-74.8368431021,-75.721332336,-74.5237014418
76755233.764648438,76.755233764648,755233.764648,-44766.2353516,-30.1130573854,1.2135490248784729e-05,2.939525183575766e-05,2.7025235037570813e-05,1.8094556944353442e-05,3.4462407752083423e-05,-49.1594267438,-45.3172281476,-45.6823052031,-47.4245204638,-44.6265438339,-79.2724841291,-75.430285533,-75.7953625885,-77.5375778491,-74.7396012193
76755378.723144531,76.755378723145,755378.723145,-44621.2768555,-30.1113909297,1.1059479136351639e-05,2.8965320571891028e-05,1.6488541661545056e-05,2.1663526646046196e-05,3.9303360778084185e-05,-49.5626532633,-45.3812166061,-47.8281775408,-46.6427084234,-44.0557031209,-79.6740441931,-75.4926075358,-77.9395684705,-76.7540993532,-74.1670940507
76755523.681640625,76.755523681641,755523.681641,-44476.3183594,-30.109724794,1.1325538236833915e-05,3.2588541614672294e-05,2.1532256633067471e-05,2.0900755325642648e-05,3.1954267696391827e-05,-49.4594114934,-44.8693507442,-46.6691045267,-46.7983801878,-44.9547113083,-79.5691362874,-74.9790755382,-76.7788293207,-76.9081049818,-75.0644361024
76755668.640136719,76.755668640137,755668.640137,-44331.3598633,-30.1080589782,1.0677715387090319e-05,2.8721550166575852e-05,1.9869302160081324e-05,3.0332842795786692e-05,3.9846560579931336e-05,-49.7152165938,-45.4179212395,-47.018173857,-45.1808688568,-43.9960915948,-79.823275572,-75.5259802177,-77.1262328352,-75.288927835,-74.104150573
76755813.598632812,76.755813598633,755813.598633,-44186.4013672,-30.1063934821,1.0260604368400835e-05,2.9292266467122185e-05,2.5815188967655637e-05,2.6671487640596447e-05,3.0979730058560192e-05,-49.8882705773,-45.3324702381,-45.8812469156,-45.7395276023,-45.0892237078,-79.9946640594,-75.4388637202,-75.9876403978,-75.8459210845,-75.1956171899
76755958.557128906,76.755958557129,755958.557129,-44041.4428711,-30.1047283057,1.152287634948316e-05,3.3354242109942744e-05,2.3938409966940435e-05,1.7922503949369382e-05,3.5502379886400569e-05,-49.3843909845,-44.7684892313,-46.2090469961,-47.4660131524,-44.4974253323,-79.4891192901,-74.873217537,-76.3137753017,-77.5707414581,-74.6021536379
76756103.515625,76.756103515625,756103.515625,-43896.484375,-30.1030634486,1.0048912487393806e-05,3.7916602044619549e-05,2.4169625153645415e-05,1.6534188718087413e-05,4.060447492186909e-05,-49.9788093588,-44.2117058957,-46.1673008501,-47.8161710973,-43.9142610123,-80.0818728075,-74.3147693443,-76.2703642987,-77.9192345459,-74.017324461
76756248.474121094,76.756248474121,756248.474121,-43751.5258789,-30.101398911,1.1050931972165185e-05,3.9820244506227055e-05,2.6274235462543262e-05,2.2342160354742987e-05,4.6897568828288741e-05,-49.5660109453,-43.9989607762,-45.8046991238,-46.5087483548,-43.2884967054,-79.6674098563,-74.1003596872,-75.9060980348,-76.6101472658,-73.3898956164
76756393.432617188,76.756393432617,756393.432617,-43606.5673828,-30.0997346926,1.1894739834552615e-05,4.0666335094112079e-05,2.8347143882108428e-05,2.8282912156564533e-05,5.5584009156540328e-05,-49.2464505255,-43.9076496505,-45.4749069193,-45.4847587534,-42.5505013169,-79.3461852181,-74.0073843431,-75.5746416119,-75.584493446,-72.6502360095
76756538.391113281,76.756538391113,756538.391113,-43461.6088867,-30.0980707933,1.4693096197324171e-05,2.9346660405573604e-05,2.1284629137459291e-05,2.9906107296858716e-05,2.7956797839999987e-05,-48.3288667802,-45.3244131349,-46.7193391255,-45.2424011286,-45.5351257399,-78.4269375735,-75.4224839283,-76.8174099188,-75.3404719219,-75.6331965332
76756683.349609375,76.756683349609,756683.349609,-43316.6503906,-30.096407213,1.3789578440463559e-05,2.5635820189702309e-05,2.2171939830194329e-05,2.3049614160440748e-05,3.2188981369144949e-05,-48.6044901039,-45.9115278323,-46.5419630866,-46.373363401,-44.9229276649,-78.7008973169,-76.0079350453,-76.6383702996,-76.469770614,-75.0193348779
76756828.308105469,76.756828308105,756828.308105,-43171.6918945,-30.0947439516,1.2591475217242954e-05,2.4085411531074718e-05,2.3101421991802163e-05,1.9588995131638601e-05,3.614074992893185e-05,-48.9992338497,-46.1824592879,-46.3636128659,-47.079878417,-44.4200283997,-79.0939778013,-76.2772032395,-76.4583568175,-77.1746223685,-74.5147723513
76756973.266601562,76.756973266602,756973.266602,-43026.7333984,-30.0930810089,1.2022258424405581e-05,2.8208372688703464e-05,2.427702958803874e-05,1.6862660199899563e-05,3.3318450764083667e-05,-49.2001394089,-45.4962196711,-46.1480445238,-47.7307391138,-44.7731520055,-79.2932204178,-75.58930068,-76.2411255327,-77.8238201227,-74.8662330144
76757118.225097656,76.757118225098,757118.225098,-42881.7749023,-30.0914183849,1.267325728874168e-05,2.5566602226539696e-05,2.920023741773012e-05,1.8914533223518365e-05,3.8817064181364187e-05,-48.9711174812,-45.923269854,-45.3461361743,-47.2320437184,-44.1097731434,-79.0625358661,-76.0146882389,-75.4375545591,-77.3234621033,-74.2011915282
76757263.18359375,76.757263183594,757263.183594,-42736.8164062,-30.0897560793,1.130037118417325e-05,3.1164651635119543e-05,2.6448669764579641e-05,2.0077922961419532e-05,3.8079437279118621e-05,-49.4690729098,-45.0633772338,-45.7759616591,-46.9728121648,-44.1930947805,-79.5588289891,-75.1531333131,-75.8657177384,-77.0625682441,-74.2828508598
76757408.142089844,76.757408142090,757408.14209,-42591.8579102,-30.0880940921,1.2816402707543165e-05,3.3822360820100729e-05,2.0860817609932964e-05,1.8673119464008864e-05,3.6360130657052978e-05,-48.9223385496,-44.7079608168,-46.8066867402,-47.2878312432,-44.3937456485,-79.0104326418,-74.7960549089,-76.8947808324,-77.3759253353,-74.4818397406
76757553.100585938,76.757553100586,757553.100586,-42446.8994141,-30.0864324232,1.0183274306169427e-05,3.7442097225863508e-05,3.0779246585366409e-05,2.7292251234571974e-05,3.1528098522863791e-05,-49.9211255751,-44.2663983333,-45.1174201504,-45.6396063954,-45.01302221,-80.0075579984,-74.3528307565,-75.2038525736,-75.7260388187,-75.0994546333
76757698.059082031,76.757698059082,757698.059082,-42301.940918,-30.0847710725,9.0198704031455356e-06,3.2795068310197654e-05,2.7564224898834245e-05,3.2649336191972527e-05,4.1493667327176696e-05,-50.4479970233,-44.8419146015,-45.596542153,-44.8612564413,-43.8201817931,-80.5327680957,-74.926685674,-75.6813132255,-74.9460275138,-73.9049528655
76757843.017578125,76.757843017578,757843.017578,-42156.9824219,-30.0831100397,1.1425242115732597e-05,3.0988908641013236e-05,2.5953587310608401e-05,2.6361323464855399e-05,4.0394704925676879e-05,-49.421345879,-45.0879371836,-45.8580260539,-45.7903278987,-43.9367555995,-79.5044559187,-75.1710472233,-75.9411360936,-75.8734379384,-74.0198656392
76757987.976074219,76.757987976074,757987.976074,-42012.0239258,-30.0814493249,1.4797331899245703e-05,3.773635267467674e-05,2.2471987804737474e-05,2.249533437776173e-05,3.8405872291074308e-05,-48.29816585,-44.2324007793,-46.4835850949,-46.4790754696,-44.1560236655,-78.3796151749,-74.3138501042,-76.5650344198,-76.5605247945,-74.2374729904
76758132.934570312,76.758132934570,758132.93457,-41867.0654297,-30.0797889278,1.2670003217954166e-05,2.9978058842415434e-05,2.7582831887443135e-05,2.3461991162089392e-05,3.3068477649012434e-05,-48.9722327481,-45.2319649228,-45.5936114752,-46.2963513314,-44.8058579795,-79.0520216759,-75.3117538506,-75.673400403,-76.3761402592,-74.8856469073
76758277.893066406,76.758277893066,758277.893066,-41722.1069336,-30.0781288484,1.2282211261184157e-05,3.7500889451089993e-05,3.0122265317224741e-05,2.3480903022349333e-05,3.0201973592990869e-05,-49.1072343677,-44.259584315,-45.2111237053,-46.2928520512,-45.199646765,-79.1853632161,-74.3377131633,-75.2892525536,-76.3709808996,-75.2777756133
76758422.8515625,76.758422851562,758422.851562,-41577.1484375,-30.0764690865,1.3265714145635085e-05,5.3857060240570998e-05,2.5543532013382038e-05,1.751557760091349e-05,3.5829113908966263e-05,-48.7726936527,-42.6875735601,-45.9271905117,-47.5657553664,-44.4576393225,-78.8491627392,-72.7640426466,-76.0036595981,-77.6422244529,-74.534108409
76758567.810058594,76.758567810059,758567.810059,-41432.1899414,-30.074809642,1.1105252943866366e-05,4.504394769827925e-05,2.784832874712067e-05,1.8055896903591001e-05,4.302042237107276e-05,-49.544715451,-43.4636355447,-45.5520086288,-47.4338093368,-43.6632533006,-79.619525093,-73.5384451867,-75.6268182709,-77.5086189788,-73.7380629426
76758712.768554688,76.758712768555,758712.768555,-41287.2314453,-30.0731505148,8.6182980671526752e-06,2.881753158545014e-05,2.7184336005205765e-05,1.7791348889983879e-05,3.3544058890562819e-05,-50.6457848975,-45.4034322216,-45.6568127045,-47.4979112368,-44.7438438815,-80.7189354123,-75.4765827364,-75.7299632194,-77.5710617517,-74.8169943963
76758857.727050781,76.758857727051,758857.727051,-41142.2729492,-30.0714917048,1.1611203401355772e-05,3.0147518197005039e-05,2.9478908816276298e-05,2.0396847602291196e-05,3.4367281547147431e-05,-49.3512276704,-45.2074843403,-45.3048859625,-46.9043694898,-44.6385481921,-79.4227193752,-75.2789760451,-75.3763776673,-76.9758611946,-74.7100398969
76759002.685546875,76.759002685547,759002.685547,-40997.3144531,-30.0698332118,1.4051072684675595e-05,3.322350433739436e-05,2.5960399155208281e-05,2.2401418013818629e-05,3.671682889378404e-05,-48.5229051966,-44.785545611,-45.8568863431,-46.4972448988,-44.3513483437,-78.5927384084,-74.8553788229,-75.9267195549,-76.5670781106,-74.4211815555
76759147.644042969,76.759147644043,759147.644043,-40852.355957,-30.0681750358,1.3914913599534342e-05,2.919751146242238e-05,2.0666940224625639e-05,2.3232995663796457e-05,3.7998958444500737e-05,-48.5651948594,-45.3465416239,-46.8472381664,-46.3389478863,-44.2022830728,-78.6333698952,-75.4147166597,-76.9154132022,-76.4071229221,-74.2704581086
76759292.602539062,76.759292602539,759292.602539,-40707.3974609,-30.0665171765,1.1523893134623775e-05,2.515042111110437e-05,2.4085352366686082e-05,1.9420958454195906e-05,4.2334808072355216e-05,-49.3840077775,-45.9945473885,-46.1824699561,-47.117293408,-43.7330240479,-79.450524954,-76.061064565,-76.2489871326,-77.1838105845,-73.7995412244
76759437.561035156,76.759437561035,759437.561035,-40562.4389648,-30.064859634,1.0612520914231254e-05,3.2499737854110678e-05,2.0594220644214786e-05,1.4429747054787584e-05,4.0545831137253129e-05,-49.7418144088,-44.8812014207,-46.8625463859,-48.4074128177,-43.9205379268,-79.8066740427,-74.9460610546,-76.9274060198,-78.4722724517,-73.9853975607
76759582.51953125,76.759582519531,759582.519531,-40417.4804688,-30.063202408,1.3293497502087877e-05,2.8550696539431635e-05,2.3477547244196917e-05,2.5286886463054838e-05,3.3243824503080075e-05,-48.763607417,-45.4438329199,-46.2934727684,-45.971046414,-44.7828901903,-78.826809825,-75.5070353278,-76.3566751764,-76.034248822,-74.8460925983
76759727.478027344,76.759727478027,759727.478027,-40272.5219727,-30.0615454984,1.1739390537974055e-05,3.3416713800067759e-05,2.833640245349046e-05,2.7026572902924941e-05,3.0857369071578569e-05,-49.3035444933,-44.7603626087,-45.4765528795,-45.682090214,-45.1064110505,-79.3650899917,-74.8219081071,-75.538098378,-75.7436357124,-75.1679565489
76759872.436523438,76.759872436523,759872.436523,-40127.5634766,-30.0598889052,8.5866013861401414e-06,3.6815411065417632e-05,1.9692676606976708e-05,2.0351328714691963e-05,2.9638838825387673e-05,-50.6617869779,-44.3397034601,-47.0569525102,-46.9140723093,-45.2813881492,-80.7216758831,-74.3995923653,-77.1168414154,-76.9739612145,-75.3412770544
76760017.395019531,76.760017395020,760017.39502,-39982.6049805,-30.0582326281,8.7983953068188268e-06,2.7242339281484473e-05,1.9730640081119098e-05,2.285100232750965e-05,3.3005209862196617e-05,-50.5559652932,-45.6475560258,-47.0485882558,-46.4109474545,-44.8141750146,-80.6141979214,-75.705788654,-77.106820884,-76.4691800827,-74.8724076428
76760162.353515625,76.760162353516,760162.353516,-39837.6464844,-30.0565766672,1.2955630448546631e-05,3.8928124545668182e-05,2.3219899963418637e-05,2.0494122070202393e-05,4.0569347446660334e-05,-48.8754144847,-44.0973651894,-46.3413965563,-46.8837068131,-43.9180197782,-78.9319911519,-74.1539418566,-76.3979732235,-76.9402834803,-73.9745964454
76760307.312011719,76.760307312012,760307.312012,-39692.6879883,-30.0549210222,1.4296924157079523e-05,2.8220306979256005e-05,1.7774830283299188e-05,1.4606864309703686e-05,3.0815935036718607e-05,-48.4475738668,-45.4943826632,-47.5019453729,-48.3544300509,-45.1122465009,-78.502494889,-75.5493036854,-77.5568663951,-78.4093510731,-75.1671675231
76760452.270507812,76.760452270508,760452.270508,-39547.7294922,-30.053265693,9.2683564777078515e-06,3.0503149632365051e-05,1.9988281074226572e-05,2.336281943265179e-05,3.6846217393407013e-05,-50.3299727081,-45.1565531484,-46.9922455216,-46.314747476,-44.3360708988,-80.3832384012,-75.2098188414,-77.0455112146,-76.368013169,-74.3893365919
76760597.229003906,76.760597229004,760597.229004,-39402.7709961,-30.0516106796,9.0988851343001104e-06,2.5636207178063791e-05,2.5164433297647421e-05,2.3528212232161172e-05,3.5304199968014992e-05,-50.4101181753,-45.9114622734,-45.9921284546,-46.2841107101,-44.5217362565,-80.461728855,-75.963072953,-76.0437391342,-76.3357213897,-74.5733469361
76760742.1875,76.760742187500,760742.1875,-39257.8125,-30.0499559818,9.8805146470423237e-06,3.3107808300414218e-05,2.8545753158868146e-05,2.0504093115050645e-05,3.4570123112877636e-05,-50.052204337,-44.800695681,-45.4445849396,-46.8815943456,-44.6129907382,-80.1021603187,-74.8506516628,-75.4945409214,-76.9315503274,-74.66294672
76760887.145996094,76.760887145996,760887.145996,-39112.8540039,-30.0483015994,1.2796493444748262e-05,2.5661056979930943e-05,2.2001116913455386e-05,2.6129648954237143e-05,3.1790683560420011e-05,-48.9290902146,-45.9072545899,-46.5755527113,-45.8286642488,-44.9770013382,-78.9773918141,-75.9555561893,-76.6238543107,-75.8769658482,-75.0253029377
76761032.104492188,76.761032104492,761032.104492,-38967.8955078,-30.0466475324,1.3039777893976593e-05,2.9116352190946014e-05,2.4703991625826303e-05,2.2246483580974621e-05,3.3364733872730334e-05,-48.8472980586,-45.3586303604,-46.0723286856,-46.5273862657,-44.7671233486,-78.893945591,-75.4052778928,-76.118976218,-76.5740337982,-74.8137708811
76761177.062988281,76.761177062988,761177.062988,-38822.9370117,-30.0449937807,1.1912231047510789e-05,3.5117266465267544e-05,2.6307620338168445e-05,1.7636279332618551e-05,3.0993771750595748e-05,-49.2400689168,-44.5447929702,-45.7991843434,-47.5359303121,-45.0872556959,-79.2850626974,-74.5897867508,-75.8441781241,-77.5809240927,-75.1322494765
76761322.021484375,76.761322021484,761322.021484,-38677.9785156,-30.043340344,1.0893869891321902e-05,3.2507657065178151e-05,2.6410067867145341e-05,1.9510441365487386e-05,3.53107909631168e-05,-49.6281781594,-44.8801433042,-45.7823048277,-47.0973290588,-44.5209255411,-79.6715185034,-74.9234836482,-75.8256451717,-77.1406694028,-74.5642658852
76761466.979980469,76.761466979980,761466.97998,-38533.0200195,-30.0416872224,1.046804629843898e-05,3.4623062237632979e-05,2.1100815295001339e-05,2.238502757394423e-05,3.6459061889355475e-05,-49.8013436522,-44.6063452358,-46.7570076407,-46.5004236631,-44.3819451016,-79.8430308745,-74.6480324581,-76.7986948631,-76.5421108855,-74.423632324
76761611.938476562,76.761611938477,761611.938477,-38388.0615234,-30.0400344156,1.1077884370951488e-05,2.6933564363830623e-05,2.0985756836798117e-05,2.0009471837498669e-05,3.9219904148379103e-05,-49.5554317226,-45.6970616864,-46.7807536364,-46.9876437469,-44.0649347206,-79.5954661382,-75.737096102,-76.820788052,-77.0276781625,-74.1049691362
76761756.896972656,76.761756896973,761756.896973,-38243.1030273,-30.0383819236,1.1406431513963615e-05,2.401308571705103e-05,2.2024433342101685e-05,1.7862843369377111e-05,3.7205769450826792e-05,-49.4285020275,-46.1955202887,-46.5709525656,-47.4804940987,-44.2938970941,-79.4668839511,-76.2339022123,-76.6093344892,-77.5188760223,-74.3322790177
76761901.85546875,76.761901855469,761901.855469,-38098.1445312,-30.0367297462,1.1717447363189285e-05,4.071303989509519e-05,2.4342324957718325e-05,1.50619661696119e-05,3.9271841573035994e-05,-49.3116698873,-43.9026646922,-46.1363794426,-48.2211833219,-44.059187329,-79.3483996335,-73.9393944384,-76.1731091889,-78.2579130682,-74.0959170752
76762046.813964844,76.762046813965,762046.813965,-37953.1860352,-30.0350778834,8.5921932536082642e-06,4.1890772413121908e-05,2.9159884362281533e-05,1.9491588392738429e-05,3.9082574554134653e-05,-50.6589596348,-43.7788163172,-45.3521420261,-47.1015276827,-44.0801683498,-80.6940375182,-73.8138942006,-75.3872199095,-77.136605566,-74.1152462332
76762191.772460938,76.762191772461,762191.772461,-37808.2275391,-30.0334263349,8.4404040051637676e-06,3.4108697051538952e-05,2.8918933868962798e-05,2.7896043509524846e-05,3.3081151537591791e-05,-50.736367651,-44.6713487028,-45.3881772187,-45.5445738826,-44.8041938129,-80.769793986,-74.7047750377,-75.4216035536,-75.5780002175,-74.8376201479
76762336.730957031,76.762336730957,762336.730957,-37663.269043,-30.0317751008,1.0906968731514435e-05,3.6651130539502952e-05,1.9367751864808446e-05,2.43779397563814e-05,3.3624462119286951e-05,-49.6229593191,-44.3591262458,-47.1292078761,-46.1300300053,-44.7334465422,-79.6547344199,-74.3909013466,-77.1609829769,-76.1618051061,-74.7652216429
76762481.689453125,76.762481689453,762481.689453,-37518.3105469,-30.0301241808,1.1148649083179439e-05,3.2274613612060085e-05,1.962593958533801e-05,2.1369199108138571e-05,3.7538371792768778e-05,-49.5277775425,-44.9113894835,-47.0716954238,-46.7021175437,-44.255245686,-79.5579017233,-74.9415136643,-77.1018196046,-76.7322417244,-74.2853698668
76762626.647949219,76.762626647949,762626.647949,-37373.3520508,-30.0284735748,1.0774368278941299e-05,3.0151504349643595e-05,2.4165054036939335e-05,2.6541011826089474e-05,3.8889913106206565e-05,-49.6760818391,-45.2069101472,-46.1681222937,-45.760825245,-44.1016302722,-79.7045554139,-75.235383722,-76.1965958685,-75.7892988198,-74.130103847
76762771.606445312,76.762771606445,762771.606445,-37228.3935547,-30.0268232827,1.0978460911463719e-05,3.5476279410579835e-05,2.3572902579216062e-05,2.6711694263894962e-05,3.4674300614475336e-05,-49.5945854008,-44.5006193326,-46.2758693862,-45.7329856476,-44.5999228995,-79.6214086835,-74.5274426154,-76.302692669,-75.7598089304,-74.6267461822
76762916.564941406,76.762916564941,762916.564941,-37083.4350586,-30.0251733045,1.3237614448314771e-05,3.3512674575474683e-05,2.3108258028509888e-05,2.2020842063321563e-05,2.5721023445420491e-05,-48.7819027209,-44.7479091066,-46.3623279174,-46.571660779,-45.8971175473,-78.8070760254,-74.7730824111,-76.3875012219,-76.5968340835,-75.9222908518
76763061.5234375,76.763061523438,763061.523438,-36938.4765625,-30.0235236399,1.3042147535095594e-05,2.7420452521739832e-05,2.3474767514099194e-05,2.3338215804267223e-05,3.0486489451352609e-05,-48.8465089128,-45.6192538229,-46.2939870014,-46.3193234863,-45.1589258218,-78.8700325528,-75.6427774629,-76.3175106414,-76.3428471263,-75.1824494618
76763206.481933594,76.763206481934,763206.481934,-36793.5180664,-30.0218742889,1.3241508747121137e-05,2.0823787570992672e-05,2.946987075387636e-05,2.3479890037057093e-05,3.0650415425256362e-05,-48.7806252825,-46.8144027523,-45.3062176883,-46.2930394134,-45.1356363483,-78.8024995714,-76.8362770412,-75.3280919773,-76.3149137024,-75.1575106372
76763351.440429688,76.763351440430,763351.44043,-36648.5595703,-30.0202252514,1.1321050224065172e-05,3.2401995458192517e-05,3.01346429241184e-05,1.9790259171870734e-05,3.1874611721050808e-05,-49.4611328292,-44.8942824319,-45.2093395027,-47.0354851827,-44.9655509686,-79.4813580806,-74.9145076833,-75.2295647541,-77.0557104341,-74.98577622
76763496.398925781,76.763496398926,763496.398926,-36503.6010742,-30.0185765272,1.2707927751308198e-05,4.3827759359112752e-05,2.4439122265449773e-05,1.2471808358284196e-05,4.1298762116191942e-05,-48.9592526294,-43.5825073156,-46.119143959,-49.0407057113,-43.8406296564,-78.9778291566,-73.6010838427,-76.1377204861,-79.0592822385,-73.8592061835
76763641.357421875,76.763641357422,763641.357422,-36358.6425781,-30.0169281162,1.4318767036211494e-05,3.4221916161787117e-05,2.0471086871288952e-05,1.4532182439110644e-05,4.5702463915909896e-05,-48.4409437675,-44.6569567699,-46.8885909873,-48.3766915858,-43.4006038557,-78.4578718837,-74.6738848861,-76.9055191035,-78.393619702,-73.4175319719
76763786.315917969,76.763786315918,763786.315918,-36213.684082,-30.0152800182,1.0951198474216671e-05,2.9683095867635665e-05,2.1475177162209677e-05,1.4485656519900052e-05,4.3317489939102647e-05,-49.6053835002,-45.2749080528,-46.6806324471,-48.3906181689,-43.633367168,-79.6206635185,-75.290188071,-76.6959124654,-78.4058981871,-73.6486471862
76763931.274414062,76.763931274414,763931.274414,-36068.7255859,-30.0136322333,1.304316110619741e-05,3.3093092279573946e-05,2.7660642954577487e-05,1.8152570409513949e-05,3.7997469667970052e-05,-48.8461714138,-44.8026264967,-45.581377292,-47.4106187004,-44.2024532301,-78.8598036471,-74.8162587299,-75.5950095253,-77.4242509337,-74.2160854634
76764076.232910156,76.764076232910,764076.23291,-35923.7670898,-30.0119847612,1.2973277891761203e-05,3.0440719909493743e-05,2.7709098033857113e-05,1.9319469751967409e-05,3.4216685789041568e-05,-48.8695027909,-45.1654508091,-45.5737761082,-47.1400479754,-44.657620583,-78.881487552,-75.1774355702,-75.5857608694,-77.1520327365,-74.6696053442
76764221.19140625,76.764221191406,764221.191406,-35778.8085938,-30.0103376018,1.3061984040567941e-05,3.0418695429200783e-05,2.3420360477158593e-05,1.8634317867209725e-05,3.4001282243607258e-05,-48.8399085121,-45.1685941553,-46.3040642472,-47.2968650052,-44.685047047,-78.8502461138,-75.1789317571,-76.314401849,-77.307202607,-74.6953846488
76764366.149902344,76.764366149902,764366.149902,-35633.8500977,-30.008690755,1.1641283992788507e-05,3.6005681996208441e-05,3.0378723820480383e-05,2.3153309609620975e-05,3.4935294206317874e-05,-49.3399911589,-44.4362895854,-45.1743047436,-46.3538692074,-44.56735595,-79.3486819139,-74.4449803404,-75.1829954987,-76.3625599624,-74.576046705
76764511.108398438,76.764511108398,764511.108398,-35488.8916016,-30.0070442208,1.0204826100498505e-05,4.8712996866999447e-05,3.7846255658745005e-05,2.1546217449091211e-05,3.8253580617806066e-05,-49.9119439166,-43.1235515142,-44.2197708122,-46.6662896147,-44.1732790771,-79.9189881373,-73.130595735,-74.2268150329,-76.6733338355,-74.1803232978
76764656.066894531,76.764656066895,764656.066895,-35343.9331055,-30.0053979989,1.0073333665067086e-05,3.9127030031768183e-05,3.7183413831630869e-05,1.9736172839153795e-05,3.7673421837665584e-05,-49.9682678041,-44.0752311632,-44.296507399,-47.0473706018,-44.2396493149,-79.973665803,-74.080629162,-74.3019053978,-77.0527686006,-74.2450473138
76764801.025390625,76.764801025391,764801.025391,-35198.9746094,-30.0037520892,1.1367512863999726e-05,3.7203552894912758e-05,2.3874266604538497e-05,2.3770029794229978e-05,3.6998808742444854e-05,-49.4433454565,-44.2941558353,-46.2206996067,-46.2397027391,-44.3181225877,-79.4470975458,-74.2979079246,-76.2244516959,-76.2434548283,-74.3218746769
76764945.983886719,76.764945983887,764945.983887,-35054.0161133,-30.0021064917,1.3617220153251828e-05,3.6054108788517763e-05,2.1224109701078756e-05,2.3729760418490243e-05,3.5446514699707103e-05,-48.6591154113,-44.4304523517,-46.7317051828,-46.247066465,-44.5042646065,-78.661221903,-74.4325588435,-76.7338116746,-76.2491729568,-74.5063710983
76765090.942382812,76.765090942383,765090.942383,-34909.0576172,-30.0004612063,1.0917964833041394e-05,3.5295001354422427e-05,2.1009132119493055e-05,2.7282085745426707e-05,3.4427160703080123e-05,-49.618583089,-44.522867971,-46.7759188779,-45.6412243046,-44.6309879321,-79.6190442953,-74.5233291773,-76.7763800842,-75.6416855108,-74.6314491383
76765235.900878906,76.765235900879,765235.900879,-34764.0991211,-29.9988162327,1.0499478502404582e-05,3.4435927285270404e-05,1.9602544454634297e-05,2.3970832614072519e-05,3.5785619579370404e-05,-49.7883227133,-44.6298821791,-47.0768755258,-46.2031688072,-44.4629145917,-79.787138946,-74.6286984118,-77.0756917585,-76.2019850399,-74.4617308244
76765380.859375,76.765380859375,765380.859375,-34619.140625,-29.9971715709,1.3157576341132903e-05,3.9698259966608575e-05,2.3181600365797906e-05,2.4385649526015402e-05,3.8745699516030897e-05,-48.808241015,-44.0122852859,-46.3485658537,-46.1286567223,-44.1177649393,-78.8054125859,-74.0094568568,-76.3457374246,-76.1258282932,-74.1149365103
76765525.817871094,76.765525817871,765525.817871,-34474.1821289,-29.9955272208,1.4654424949982257e-05,3.4408685311303121e-05,2.9149034619546472e-05,1.8960156085301295e-05,3.0152079057999773e-05,-48.3403121891,-44.6333192061,-45.3537582397,-47.2215809175,-45.2068273685,-78.33583941,-74.6288464269,-75.3492854605,-77.2171081383,-75.2023545893
76765670.776367188,76.765670776367,765670.776367,-34329.2236328,-29.9938831823,1.6018710905092028e-05,2.9222441286382041e-05,3.2642304244790545e-05,1.5232106018388556e-05,3.6517252805076518e-05,-47.953724364,-45.3428350528,-44.8621919166,-48.1724004618,-44.3750190191,-77.9476075463,-75.336718235,-74.8560750989,-78.166283644,-74.3689022013
76765815.734863281,76.765815734863,765815.734863,-34184.2651367,-29.9922394551,1.5767981158870614e-05,2.5898347456411941e-05,3.3826276783254754e-05,2.0877713226669687e-05,3.3533520962314262e-05,-48.0222390767,-45.8672794686,-44.7074580184,-46.8031707212,-44.74520844,-78.0144785318,-75.8595189238,-74.6996974735,-76.7954101763,-74.7374478951
76765960.693359375,76.765960693359,765960.693359,-34039.3066406,-29.9905960393,1.1945949483660823e-05,1.841679810257687e-05,2.8472858428458865e-05,2.4161058311711445e-05,3.7103265772951275e-05,-49.227793261,-47.347858729,-45.4556893126,-46.168840465,-44.3058786276,-79.2183893004,-77.3384547684,-75.4462853519,-76.1594365044,-74.2964746669
76766105.651855469,76.766105651855,766105.651855,-33894.3481445,-29.9889529347,1.1120731679516026e-05,3.3448495847325136e-05,2.1699715766542523e-05,2.2128381189022498e-05,3.4534841710911086e-05,-49.5386663776,-44.7562340734,-46.6354595472,-46.5505035591,-44.6174253022,-79.5276193123,-74.7451870081,-76.6244124818,-76.5394564937,-74.6063782369
76766250.610351562,76.766250610352,766250.610352,-33749.3896484,-29.9873101411,1.1533354114688001e-05,3.7649078919148362e-05,3.0381603363495189e-05,2.634540805014026e-05,2.4015159586355594e-05,-49.3804437339,-44.242456443,-45.1738931034,-45.7929507048,-46.1951452303,-79.3677538751,-74.2297665842,-75.1612032446,-75.7802608459,-76.1824553714
76766395.568847656,76.766395568848,766395.568848,-33604.4311523,-29.9856676586,1.2301979179031111e-05,3.3323890498242493e-05,2.7471528681671214e-05,2.4247878455483845e-05,2.5869831969622805e-05,-49.1002501235,-44.7724430128,-45.6111717314,-46.1532625357,-45.8720639211,-79.0859177821,-74.7581106714,-75.59683939,-76.1389301943,-75.8577315797
76766540.52734375,76.766540527344,766540.527344,-33459.4726562,-29.9840254868,1.4159366766188041e-05,3.0282416977253987e-05,2.8506256803965172e-05,1.836356690393299e-05,3.5157948302772566e-05,-48.4895616869,-45.1880946477,-45.4505980676,-47.3604295842,-44.5397647679,-78.4735871737,-75.1721201345,-75.4346235544,-77.344455071,-74.5237902548
76766685.485839844,76.766685485840,766685.48584,-33314.5141602,-29.9823836258,1.1554843628936154e-05,3.4188400510947024e-05,2.6576791736976264e-05,1.8369592065711003e-05,3.1641602644107107e-05,-49.3723592743,-44.66121217,-45.7549744683,-47.3590048798,-44.9974152764,-79.3547429001,-74.6435957958,-75.7373580941,-77.3413885056,-74.9797989022
76766830.444335938,76.766830444336,766830.444336,-33169.5556641,-29.9807420754,1.012302068160452e-05,2.9831867689149768e-05,2.1590014247921041e-05,2.3611664558325251e-05,3.8422429251436708e-05,-49.9468987588,-45.2531955583,-46.6574707106,-46.2687339526,-44.1541518041,-79.9276408341,-75.2339376337,-76.638212786,-76.249476028,-74.1348938795
76766975.402832031,76.766975402832,766975.402832,-33024.597168,-29.9791008355,1.0780135980626577e-05,3.6892205483300878e-05,2.7209978661288653e-05,2.077470491980742e-05,3.0750603535918726e-05,-49.6737576092,-44.3306538108,-45.652717988,-46.8246513614,-45.1214635599,-79.6528584447,-74.3097546463,-75.6318188235,-76.8037521969,-75.1005643954
76767120.361328125,76.767120361328,767120.361328,-32879.6386719,-29.9774599059,1.0925902332203085e-05,4.2869559193250331e-05,2.3034811283893106e-05,1.8124143110275059e-05,2.8784737784686572e-05,-49.6154268601,-43.678509821,-46.3761534142,-47.4174251724,-45.4083772241,-79.592886766,-73.655969727,-76.3536133201,-77.3948850783,-75.38583713
76767265.319824219,76.767265319824,767265.319824,-32734.6801758,-29.9758192866,9.7721616211558327e-06,3.0833515788353801e-05,2.0350035933854525e-05,2.1469326503934245e-05,2.4891019962349634e-05,-50.1000935887,-45.1097695207,-46.9143481957,-46.6818157923,-46.0395730689,-80.0759128753,-75.0855888073,-76.8901674823,-76.657635079,-76.0153923555
76767410.278320312,76.767410278320,767410.27832,-32589.7216797,-29.9741789775,9.2797371127991792e-06,3.3525190383007477e-05,2.1614814006203503e-05,2.0843243157955898e-05,3.4219878152184967e-05,-50.3246432681,-44.746287472,-46.6524849718,-46.8103470495,-44.657215412,-80.2988222456,-74.7204664495,-76.6266639493,-76.784526027,-74.6313943895
76767555.236816406,76.767555236816,767555.236816,-32444.7631836,-29.9725389784,9.9659782598676607e-06,3.4726535297401219e-05,1.9330816419673246e-05,2.236216247042214e-05,4.4440556310607323e-05,-50.0148006455,-44.5933854454,-47.1374980355,-46.5048620152,-43.5222051316,-79.9873396239,-74.5659244238,-77.1100370138,-76.4774009936,-73.49474411
76767700.1953125,76.767700195312,767700.195312,-32299.8046875,-29.9708992891,1.2129771546211794e-05,3.6769382027002195e-05,2.306570036716252e-05,2.3734238399565409e-05,4.9796655268978179e-05,-49.1614737862,-44.3451366914,-46.3703335393,-46.2462469966,-43.0279982686,-79.1323730753,-74.3160359805,-76.3412328285,-76.2171462857,-72.9988975577
76767845.153808594,76.767845153809,767845.153809,-32154.8461914,-29.9692599097,1.1246350016989868e-05,3.3156881730131927e-05,2.2913712208432636e-05,2.4728689335768999e-05,4.7764109600882405e-05,-49.4898840419,-44.7942631983,-46.3990454586,-46.067989014,-43.2089831378,-79.4591439516,-74.763523108,-76.3683053683,-76.0372489237,-73.1782430475
76767990.112304688,76.767990112305,767990.112305,-32009.8876953,-29.9676208399,1.1256593030469582e-05,3.6103184219453314e-05,2.3233472506756408e-05,2.5579187677763579e-05,3.8471474956369615e-05,-49.4859303506,-44.4245449261,-46.338858751,-45.921132516,-44.1486116297,-79.4535511905,-74.3921657661,-76.3064795909,-75.8887533559,-74.1162324697
76768135.070800781,76.768135070801,768135.070801,-31864.9291992,-29.9659820797,1.1765576686182575e-05,2.8772577850951694e-05,2.8480739267919313e-05,3.3791228837436416e-05,3.6611505145109985e-05,-49.2938678115,-45.4102122618,-45.4544874201,-44.7119601457,-44.3638241636,-79.2598498913,-75.3761943415,-75.4204694998,-74.6779422254,-74.3298062433
76768280.029296875,76.768280029297,768280.029297,-31719.9707031,-29.964343629,8.0475369140985856e-06,2.1310604959047982e-05,2.3765859161250133e-05,2.8130288485386187e-05,3.959113469259543e-05,-50.9433702253,-46.7140422149,-46.2404648087,-45.5082581398,-44.0240205107,-80.9077138542,-76.6783858439,-76.2048084377,-75.4726017687,-73.9883641397
76768424.987792969,76.768424987793,768424.987793,-31575.012207,-29.9627054875,7.2104660283744934e-06,2.7041016591196869e-05,2.0923915357866025e-05,2.3352775114749528e-05,3.7111611402119434e-05,-51.4203666496,-45.6797698538,-46.7935704546,-46.3166150287,-44.3049018799,-81.3830721371,-75.6424753413,-76.7562759421,-76.2793205163,-74.2676073674
76768569.946289062,76.768569946289,768569.946289,-31430.0537109,-29.9610676553,1.1154763154272961e-05,2.8870526684790527e-05,1.991210224032935e-05,2.6134008721413617e-05,3.3793629813189123e-05,-49.5253964653,-45.3954529322,-47.0088288647,-45.827939683,-44.7116515764,-79.4864641205,-75.3565205874,-76.96989652,-75.7890073383,-74.6727192317
76768714.904785156,76.768714904785,768714.904785,-31285.0952148,-29.9594301321,1.4381572767343374e-05,2.6478098850740279e-05,2.8761619796850241e-05,2.8428638492989846e-05,3.6395127092521416e-05,-48.4219361696,-45.7711320081,-45.41186659,-45.4624393908,-44.3895675972,-78.3813663017,-75.7305621402,-75.3712967221,-75.4218695229,-74.3489977293
76768859.86328125,76.768859863281,768859.863281,-31140.1367188,-29.9577929179,1.6058834585534306e-05,2.4035582049638429e-05,2.8525445235106516e-05,2.4565458570498241e-05,4.156488203231923e-05,-47.9428597534,-46.1914535646,-45.4476756824,-46.0967512435,-43.8127344776,-77.9006526713,-76.1492464825,-75.4054686003,-76.0545441614,-73.7705273955
76769004.821777344,76.769004821777,769004.821777,-30995.1782227,-29.9561560126,9.4797717122899692e-06,2.7888249032143947e-05,2.6003958142220419e-05,1.7934516628028065e-05,4.5297574458070851e-05,-50.2320212103,-45.5457875212,-45.849605417,-47.4631032396,-43.4392505246,-80.1881772228,-75.5019435338,-75.8057614296,-77.4192592521,-73.3954065372
76769149.780273438,76.769149780273,769149.780273,-30850.2197266,-29.954519416,6.0190031134368302e-06,3.5941301962589712e-05,2.5761384004504277e-05,2.3200101666934309e-05,4.5117024351268284e-05,-52.2047543203,-44.4440619476,-45.8903080865,-46.3451011195,-43.4565955154,-82.1592737363,-74.3985813636,-75.8448275025,-76.2996205355,-73.4111149314
76769294.738769531,76.769294738770,769294.73877,-30705.2612305,-29.952883128,9.6638528837587452e-06,2.8961401626515725e-05,2.8244634873800812e-05,2.7831820110801442e-05,3.496892828474445e-05,-50.1484969009,-45.3818042369,-45.4906403514,-45.5545839129,-44.5631767759,-80.1013800289,-75.3346873649,-75.4435234794,-75.5074670409,-74.5160599039
76769439.697265625,76.769439697266,769439.697266,-30560.3027344,-29.9512471485,1.193430807707276e-05,2.9324356717719127e-05,2.1889340572198813e-05,2.1419456572441346e-05,3.6242649999447749e-05,-49.2320275529,-45.3277150614,-46.5976732158,-46.6919155174,-44.4078005498,-79.1832747015,-75.2789622099,-76.5489203643,-76.6431626659,-74.3590476983
76769584.655761719,76.769584655762,769584.655762,-30415.3442383,-29.9496114774,8.3164900416913141e-06,3.6922058711780944e-05,2.4230055889075547e-05,1.9588592336593179e-05,3.5983486069865141e-05,-50.8005992818,-44.3271409144,-46.1564558412,-47.0799677189,-44.4389676463,-80.7502107592,-74.2767523919,-76.1060673186,-77.0295791963,-74.3885791237
76769729.614257812,76.769729614258,769729.614258,-30270.3857422,-29.9479761146,7.0504715624627202e-06,4.0060668911298733e-05,2.4639466122689237e-05,2.2175521780674217e-05,4.1443170711874679e-05,-51.5178183476,-43.9728180337,-46.0836870651,-46.5412615261,-43.8254702522,-81.4657944623,-73.9207941483,-76.0316631797,-76.4892376407,-73.7734463669
76769874.572753906,76.769874572754,769874.572754,-30125.4272461,-29.94634106,9.396067327069795e-06,3.9499192626243687e-05,2.0124565512971872e-05,1.8227330452405846e-05,3.8857149241224912e-05,-50.2705387997,-44.0341178137,-46.9627348723,-47.3927693281,-44.1052906463,-80.2168798596,-73.9804588737,-76.9090759322,-77.3391103881,-74.0516317062
76770019.53125,76.770019531250,770019.53125,-29980.46875,-29.9447063134,9.5297299943057769e-06,4.0257117571933808e-05,1.6240467303440549e-05,2.3984033998213173e-05,3.9740989489777308e-05,-50.2091940405,-43.9515732402,-47.8940147852,-46.2007776887,-44.0076132382,-80.1539003538,-73.8962795535,-77.8387210986,-76.145484002,-73.9523195516
76770164.489746094,76.770164489746,770164.489746,-29835.5102539,-29.9430718747,9.1160364976528483e-06,2.8192566189507344e-05,2.0749215655420632e-05,2.8161120059108194e-05,3.3733843728951489e-05,-50.4019394471,-45.4986539127,-46.8299831548,-45.5035007589,-44.7193417126,-80.3450113218,-75.4417257874,-76.7730550295,-75.4465726335,-74.6624135873
76770309.448242188,76.770309448242,770309.448242,-29690.5517578,-29.9414377438,1.0052649739194806e-05,3.3964677391889077e-05,2.35711903449004e-05,2.3682328175812888e-05,2.9698776997436161e-05,-49.9771944915,-44.6897250613,-46.2761848505,-46.2557560498,-45.2726143466,-79.9186322353,-74.6311628051,-76.2176225943,-76.1971937936,-75.2140520904
76770454.406738281,76.770454406738,770454.406738,-29545.5932617,-29.9398039206,1.2104837657795855e-05,3.0662992927631106e-05,2.2060269241784174e-05,2.3096250070922575e-05,4.1357847858989943e-05,-49.1704103066,-45.1338545716,-46.5638919137,-46.3645852685,-43.8344206874,-79.1102142272,-75.0736584922,-76.5036958344,-76.3043891891,-73.774224608
76770599.365234375,76.770599365234,770599.365234,-29400.6347656,-29.938170405,1.1709578294960486e-05,3.1510222176155005e-05,2.1269821629651057e-05,1.5330503403307738e-05,5.059990916149449e-05,-49.3145874519,-45.0154853464,-46.7223615211,-48.1444358411,-42.9585026282,-79.2527578569,-74.9536557514,-76.6605319261,-78.0826062461,-72.8966730332
76770744.323730469,76.770744323730,770744.32373,-29255.6762695,-29.9365371969,1.044711193892786e-05,3.7534150200707086e-05,2.2420890021871194e-05,2.0485779188375535e-05,4.5919631159640772e-05,-49.8100375188,-44.2557341242,-46.493471516,-46.8854751276,-43.3800160898,-79.7465747157,-74.192271321,-76.4300087129,-76.8220123244,-73.3165532867
76770889.282226562,76.770889282227,770889.282227,-29110.7177734,-29.9349042961,8.2079082683171797e-06,3.2170392272729929e-05,1.8131707817143347e-05,2.7090769655095268e-05,3.8264931411215277e-05,-50.8576750589,-44.9254364345,-47.4156128798,-45.6717865638,-44.1719906079,-80.7925793549,-74.8603407306,-77.3505171759,-75.6066908599,-74.106894904
76771034.240722656,76.771034240723,771034.240723,-28965.7592773,-29.9332717025,1.0447120832962119e-05,2.1354083295472705e-05,2.2650509893709756e-05,2.2438627399919233e-05,3.5401557496579136e-05,-49.8100338215,-46.7051906756,-46.4492201698,-46.4900371296,-44.5097763071,-79.743305524,-76.6384623781,-76.3824918723,-76.4233088321,-74.4430480096
76771179.19921875,76.771179199219,771179.199219,-28820.8007812,-29.931639416,1.281583226931497e-05,3.2083915285563017e-05,2.6614877409399096e-05,2.3158329129041737e-05,3.5606802137309135e-05,-48.9225318517,-44.9371263904,-45.7487552989,-46.3529277811,-44.4846702875,-78.8541712677,-74.8687658065,-75.6803947149,-76.2845671972,-74.4163097036
76771324.157714844,76.771324157715,771324.157715,-28675.8422852,-29.9300074366,1.3637609144143147e-05,4.5864395114686954e-05,2.9402582346772086e-05,2.1070750262752298e-05,3.0368370256139077e-05,-48.6526176066,-43.3852432984,-45.3161452504,-46.7632000026,-45.1757851423,-78.5826250431,-73.315250735,-75.246152687,-76.6932074392,-75.1057925789
76771469.116210938,76.771469116211,771469.116211,-28530.8837891,-29.928375764,1.4581802935676648e-05,3.8020433517304417e-05,2.7265009681578212e-05,1.5442916230410097e-05,2.9994323040591809e-05,-48.3618877529,-44.1998293552,-45.6439434376,-48.1127068436,-45.2296093546,-78.2902635169,-74.1282051192,-75.5723192016,-78.0410826077,-75.1579851186
76771614.074707031,76.771614074707,771614.074707,-28385.925293,-29.9267443982,1.3209134835584931e-05,3.2956033937539378e-05,3.0656026899372906e-05,1.3354122268525209e-05,4.3201540614930747e-05,-48.7912562663,-44.8206505859,-45.1348413153,-48.7438465174,-43.6450076549,-78.7180006645,-74.7473949841,-75.0615857135,-78.6705909156,-73.5717520531
76771759.033203125,76.771759033203,771759.033203,-28240.9667969,-29.9251133391,1.3304398409525463e-05,3.0921999077384304e-05,2.2509971285834287e-05,1.8681104850016486e-05,4.7235400093900939e-05,-48.7600475834,-45.0973243713,-46.4762505899,-47.2859744202,-43.2573240173,-78.6851609225,-75.0224377103,-76.401363929,-77.2110877593,-73.1824373563
76771903.991699219,76.771903991699,771903.991699,-28096.0083008,-29.9234825865,1.0604417902253584e-05,3.1125537566583293e-05,2.0725296846625804e-05,2.4715269758133003e-05,4.4918358992891775e-05,-49.7451316579,-45.0688313917,-46.8349924037,-46.0703464501,-43.4757611825,-79.6686142443,-74.9923139781,-76.7584749902,-75.9938290366,-73.3992437689
76772048.950195312,76.772048950195,772048.950195,-27951.0498047,-29.9218521403,1.151057050339034e-05,3.7341427338485122e-05,2.0982988826462779e-05,1.9869092470829593e-05,4.2992625330993764e-05,-49.3890315071,-44.278090856,-46.7813265063,-47.0182196902,-43.6660603402,-79.3108836474,-74.1999429963,-76.7031786466,-76.9400718305,-73.5879124805
76772193.908691406,76.772193908691,772193.908691,-27806.0913086,-29.9202220004,1.1783126414255109e-05,2.9265634044540231e-05,3.0114898669080618e-05,2.0781259655113108e-05,3.9909294886072314e-05,-49.28739463,-45.3364206239,-45.2121859381,-46.8232813124,-43.9892594523,-79.2076166304,-75.2566426243,-75.1324079385,-76.7435033128,-73.9094814527
76772338.8671875,76.772338867188,772338.867188,-27661.1328125,-29.9185921667,9.4137609885161064e-06,2.9306569835972469e-05,3.9184908247433374e-05,2.2147914076975386e-05,2.949717205699809e-05,-50.2623683245,-45.3303501024,-44.0688116581,-46.5466717001,-45.3021961856,-80.1809604912,-75.2489422691,-73.9874038248,-76.4652638668,-75.2207883523
76772483.825683594,76.772483825684,772483.825684,-27516.1743164,-29.9169626391,1.1863756424688021e-05,2.6196826781657224e-05,3.2256872375585369e-05,2.4652741804139227e-05,3.1084827305487377e-05,-49.2577777841,-45.8175131153,-44.9137774407,-46.0813477277,-45.0745154105,-79.1747404232,-75.7344757544,-74.8307400798,-75.9983103668,-74.9914780496
76772628.784179688,76.772628784180,772628.78418,-27371.2158203,-29.9153334175,1.1038958600600409e-05,2.5430825106648779e-05,2.5393981390261939e-05,2.1806200868675325e-05,2.6346197646793847e-05,-49.5707189539,-45.9463954885,-45.9526920301,-46.6141999171,-45.7928205446,-79.4860523714,-75.861728906,-75.8680254476,-76.5295333346,-75.7081539621
76772773.742675781,76.772773742676,772773.742676,-27226.2573242,-29.9137045017,1.1139298300830446e-05,3.5282223511773833e-05,2.503366081008569e-05,2.1423013592103962e-05,3.7571769480831995e-05,-49.5314216587,-44.5244405312,-46.0147563647,-46.6911943666,-44.2513835091,-79.4451261603,-74.4381450329,-75.9284608664,-76.6048988683,-74.1650880108
76772918.701171875,76.772918701172,772918.701172,-27081.2988281,-29.9120758916,1.0426589979550457e-05,4.4150733531646038e-05,2.6902513176098286e-05,1.6440198837402342e-05,3.4489034184086525e-05,-49.8185770454,-43.5506207655,-45.7020714723,-47.8409293415,-44.6231896726,-79.730652937,-73.4626966571,-75.6141473639,-77.7530052332,-74.5352655642
76773063.659667969,76.773063659668,773063.659668,-26936.340332,-29.9104475872,1.0125358107090133e-05,4.0884341628104139e-05,2.4530038808999445e-05,2.059543916164485e-05,3.0205076826960744e-05,-49.94589608,-43.8844299142,-46.103017647,-46.8622894304,-45.199200553,-79.8563436672,-73.7948775014,-76.0134652342,-76.7727370176,-75.1096481402
76773208.618164062,76.773208618164,773208.618164,-26791.3818359,-29.9088195883,9.5052497784096861e-06,3.1540839383931664e-05,2.5004616293175411e-05,2.4328159028666315e-05,3.5481466654320242e-05,-50.2203646628,-45.0112675315,-46.019798055,-46.1389075395,-44.4999843657,-80.1291842511,-74.9200871197,-75.9286176433,-76.0477271278,-74.4088039539
76773353.576660156,76.773353576660,773353.57666,-26646.4233398,-29.9071918947,1.0884027581316032e-05,2.5903329998277645e-05,2.6041218737277894e-05,2.2032515534908889e-05,2.8189639459229194e-05,-49.6321036634,-45.8664440167,-45.8433869451,-46.5693591499,-45.4991047865,-79.5392955582,-75.7736359115,-75.7505788398,-76.4765510446,-75.4062966812
76773498.53515625,76.773498535156,773498.535156,-26501.4648438,-29.9055645065,1.1839937597748569e-05,2.3374731502040758e-05,2.4681721133468498e-05,2.2172511428982369e-05,3.7929986287434559e-05,-49.2665058655,-46.3125336903,-46.0762455887,-46.5418511257,-44.210173143,-79.172070372,-76.2180981967,-75.9818100952,-76.4474156322,-74.1157376495
76773643.493652344,76.773643493652,773643.493652,-26356.5063477,-29.9039374234,1.1972378441532035e-05,3.253324001703545e-05,2.7223006633190559e-05,2.2758341121725628e-05,4.4288191325429017e-05,-49.2181956376,-44.8767268275,-45.6506391102,-46.4285939728,-43.537120554,-79.122133061,-74.7806642509,-75.5545765336,-76.3325313962,-73.4410579774
76773788.452148438,76.773788452148,773788.452148,-26211.5478516,-29.9023106453,7.827179744085023e-06,3.0387102694658179e-05,2.4017879099718334e-05,2.0788014318903293e-05,2.8033530694677894e-05,-51.0639469289,-45.1731070643,-46.1946534564,-46.821869927,-45.523222014,-80.9662575742,-75.0754177096,-76.0969641017,-76.7241805724,-75.4255326593
76773933.410644531,76.773933410645,773933.410645,-26066.5893555,-29.9006841722,1.037987996907803e-05,3.7105937148733972e-05,2.4223562212484052e-05,2.2113975307211064e-05,2.2078813993464759e-05,-49.8380766856,-44.3055659538,-46.1576199102,-46.5533317968,-46.5602425929,-79.7387608578,-74.206250126,-76.0583040825,-76.454015969,-76.4609267651
76774078.369140625,76.774078369141,774078.369141,-25921.6308594,-29.8990580039,1.4674289250186449e-05,3.4755787288579322e-05,2.6657251795592127e-05,1.8756177971930075e-05,2.1711681699851105e-05,-48.3344292464,-44.589728694,-45.741846258,-47.2685565502,-46.6330653653,-78.2334872503,-74.4887866979,-75.6409042619,-77.1676145541,-76.5321233692
76774223.327636719,76.774223327637,774223.327637,-25776.6723633,-29.8974321403,1.5351956837593074e-05,2.0965568434464151e-05,2.6563782166136733e-05,1.3965191829496362e-05,3.0728848389873742e-05,-48.138362593,-46.7849335818,-45.7571008981,-48.5495309434,-45.1245371528,-78.0357947333,-76.6823657221,-75.6545330384,-78.4469630837,-75.0219692931
76774368.286132812,76.774368286133,774368.286133,-25631.7138672,-29.8958065813,1.437360242689367e-05,3.6162491242511523e-05,1.8979521306194863e-05,1.9497079268855545e-05,3.4869966575172515e-05,-48.4243437188,-44.4174165852,-47.2171474537,-47.1003044261,-44.5754846892,-78.3201503001,-74.3132231665,-77.112954035,-76.9961110074,-74.4712912705
76774513.244628906,76.774513244629,774513.244629,-25486.7553711,-29.8941813268,1.1602651974956011e-05,3.9480706371322675e-05,1.8947907754721671e-05,2.4086598617145111e-05,3.9874350077185595e-05,-49.3544273435,-44.0361508573,-47.2243873824,-46.1822452446,-43.9930638256,-79.2486086703,-73.9303321841,-77.1185687092,-76.0764265714,-73.8872451524
76774658.203125,76.774658203125,774658.203125,-25341.796875,-29.8925563766,1.3239415016222406e-05,2.2922977076571105e-05,2.8544593379650171e-05,2.4905663869522336e-05,4.2599147983726899e-05,-48.7813120378,-46.397289799,-45.4447613918,-46.037018775,-43.7059908704,-78.6738684145,-76.2898461756,-75.3373177684,-75.9295751516,-73.598547247
76774803.161621094,76.774803161621,774803.161621,-25196.8383789,-29.8909317307,1.4298631402925899e-05,2.886303677779787e-05,2.3533174158431224e-05,2.227824259296918e-05,4.9188246729378089e-05,-48.4470552915,-45.3965797725,-46.2831949116,-46.5211907123,-43.081386572,-78.3379870222,-75.2875115032,-76.1741266423,-76.412122443,-72.9723183027
76774948.120117188,76.774948120117,774948.120117,-25051.8798828,-29.889307389,1.2078399372689199e-05,2.7723146798827799e-05,2.4688510197826747e-05,2.2805659488832413e-05,4.4542523114132654e-05,-49.1799061453,-45.5715747537,-46.0750511632,-46.4195736441,-43.5122518597,-79.0692135342,-75.4608821426,-75.9643585522,-76.3088810331,-73.4015592486
76775093.078613281,76.775093078613,775093.078613,-24906.9213867,-29.8876833512,1.2017765003561533e-05,3.9333397084710685e-05,2.2847897981363289e-05,2.010529920638411e-05,3.7740311448412973e-05,-49.2017629247,-44.0523854351,-46.4115374908,-46.9668945936,-44.2319452018,-79.0894462759,-73.9400687863,-76.299220842,-76.8545779448,-74.119628553
76775238.037109375,76.775238037109,775238.037109,-24761.9628906,-29.8860596174,1.3813195674456203e-05,3.7161383856042233e-05,2.4242919450367601e-05,1.7269789823067778e-05,3.8678131097033231e-05,-48.5970583603,-44.2990812165,-46.154150815,-47.6271294785,-44.1253451892,-78.4831179777,-74.1851408338,-76.0402104324,-77.5131890959,-74.0114048065
76775382.995605469,76.775382995605,775382.995605,-24617.0043945,-29.8844361873,1.0759901492673525e-05,3.3508881424840124e-05,2.9292784429971107e-05,1.8787844207760228e-05,3.8901276024265895e-05,-49.6819170463,-44.748400693,-45.3323934443,-47.2612304972,-44.1003615288,-79.5663532336,-74.6328368803,-75.2168296316,-77.1456666845,-73.9847977162
76775527.954101562,76.775527954102,775527.954102,-24472.0458984,-29.8828130609,1.0967255222504511e-05,3.6625023640192996e-05,2.6815966442040575e-05,2.0606835477229265e-05,2.2462721209058094e-05,-49.5990204981,-44.3622208632,-45.7160654653,-46.8598869625,-46.48537633,-79.481833559,-74.2450339241,-75.5988785263,-76.7427000234,-76.368189391
76775672.912597656,76.775672912598,775672.912598,-24327.0874023,-29.8811902381,1.3694816043974066e-05,3.3430678976560322e-05,2.5766079527706412e-05,2.5232624782889926e-05,2.0565261214180576e-05,-48.6344379704,-44.758548028,-45.8895165708,-45.9803757035,-46.8686576983,-78.5156282086,-74.6397382662,-75.7707068089,-75.8615659417,-76.7498479365
76775817.87109375,76.775817871094,775817.871094,-24182.1289062,-29.8795677188,1.0181531865217232e-05,3.2703214115189841e-05,2.4016540063361299e-05,2.3492909061428664e-05,3.0702259201070823e-05,-49.9218687519,-44.8540956221,-46.1948955895,-46.2906320242,-45.1282966614,-79.8014364706,-74.7336633408,-76.0744633083,-76.170199743,-75.0078643802
76775962.829589844,76.775962829590,775962.82959,-24037.1704102,-29.8779455028,9.0965542892670296e-06,3.0199918760784815e-05,2.7190304515973258e-05,2.2436524620603232e-05,2.8972903390079353e-05,-50.4112308422,-45.1999422531,-45.6558592853,-46.4904441368,-45.3800798173,-80.289176345,-75.0778877559,-75.5338047881,-76.3683896396,-75.2580253201
76776107.788085938,76.776107788086,776107.788086,-23892.2119141,-29.87632359,1.0390391980087949e-05,3.1590441815416616e-05,3.2543559352318637e-05,2.8000501669021326e-05,3.9807840096000639e-05,-49.8336806827,-45.0044430013,-44.8753494917,-45.5283418758,-44.0003138584,-79.7100042727,-74.8807665913,-74.7516730817,-75.4046654658,-73.8766374484
76776252.746582031,76.776252746582,776252.746582,-23747.253418,-29.8747019803,1.1894797981833411e-05,2.1188252443471794e-05,2.7043729545339757e-05,1.9190967851407608e-05,4.0696199666630551e-05,-49.2464292951,-46.7390486139,-45.6793341594,-47.1690312209,-43.904461446,-79.1211312754,-76.6137505942,-75.5540361397,-77.0437332012,-73.7791634264
76776397.705078125,76.776397705078,776397.705078,-23602.2949219,-29.8730806737,1.3632279589939302e-05,1.9719441661218813e-05,2.4364659512987502e-05,2.0816684213760548e-05,3.9254374147705236e-05,-48.6543151536,-47.0510538589,-46.1323965334,-46.8158844593,-44.0611194243,-78.5273958273,-76.9241345326,-76.0054772071,-76.6889651329,-73.9342000979
76776542.663574219,76.776542663574,776542.663574,-23457.3364258,-29.8714596699,9.3967845375339989e-06,3.1140505327964365e-05,3.4487795724613279e-05,2.4077333166607973e-05,3.5073983003426767e-05,-50.2702073113,-45.0667434426,-44.6233456253,-46.1839161771,-44.5501491281,-80.1416669812,-74.9382031125,-74.4948052952,-76.055375847,-74.421608798
76776687.622070312,76.776687622070,776687.62207,-23312.3779297,-29.8698389689,1.1087365874471105e-05,3.6195374741397623e-05,3.0261967956798272e-05,2.9112711258616354e-05,3.4097666151087893e-05,-49.5517162085,-44.4134692263,-45.1910283292,-45.3591734695,-44.6727534571,-79.4215551774,-74.2833081952,-75.0608672981,-75.2290124384,-74.542592426
76776832.580566406,76.776832580566,776832.580566,-23167.4194336,-29.8682185706,1.282264488988532e-05,3.3726161806354795e-05,2.1989010130866112e-05,2.6341769756851034e-05,3.1438839342901944e-05,-48.9202238491,-44.7203308073,-46.5779432063,-45.7935505057,-45.0253349559,-78.7884424197,-74.5885493778,-76.4461617769,-75.6617690762,-74.8935535265
76776977.5390625,76.776977539062,776977.539062,-23022.4609375,-29.8665984748,1.4619852263797509e-05,3.3029685615807256e-05,2.8947290488791305e-05,2.2035134289283271e-05,4.0346380040015879e-05,-48.3505701598,-44.8109556,-45.3839208067,-46.5688429841,-43.9419542499,-78.2171686346,-74.6775540748,-75.2505192815,-76.4354414589,-73.8085527246
76777122.497558594,76.777122497559,777122.497559,-22877.5024414,-29.8649786814,1.2658618985018308e-05,3.7188815720501065e-05,3.2076553743691298e-05,2.3815168269576554e-05,4.1484180214863721e-05,-48.9761367188,-44.2958765155,-44.9381229782,-46.2314634557,-43.8211748775,-78.8411154002,-74.1608551969,-74.8031016596,-76.0964421371,-73.6861535589
76777267.456054688,76.777267456055,777267.456055,-22732.5439453,-29.8633591904,9.700130958388116e-06,2.8781356903685155e-05,3.4668664967861429e-05,2.5563663255017103e-05,3.9901409056846734e-05,-50.1322240242,-45.40888735,-44.6006288197,-45.9237691196,-43.990117676,-79.9955832146,-75.2722465404,-74.4639880101,-75.78712831,-73.8534768664
76777412.414550781,76.777412414551,777412.414551,-22587.5854492,-29.8617400016,1.031771135953765e-05,3.5659115970408493e-05,2.6297075672567665e-05,1.9684456860998336e-05,3.9127777191491007e-05,-49.8641662579,-44.4782942768,-45.800925439,-47.0587656388,-44.0751482322,-79.7259062594,-74.3400342783,-75.6626654406,-76.9205056404,-73.9368882338
76777557.373046875,76.777557373047,777557.373047,-22442.6269531,-29.8601211149,1.0863802378747889e-05,3.826770481558377e-05,2.4152233704303521e-05,2.3069543286685444e-05,3.0761481726178017e-05,-49.6401814316,-44.171675847,-46.170426976,-46.3696100323,-45.1199274917,-79.5003025464,-74.0317969619,-76.0305480909,-76.2297311471,-74.9800486066
76777702.331542969,76.777702331543,777702.331543,-22297.668457,-29.8585025301,1.1722874972719075e-05,3.5345769443328505e-05,2.2817727220865681e-05,2.166505059844624e-05,3.3743540328248221e-05,-49.3096586684,-44.5166255973,-46.4172761603,-46.6424029234,-44.7180935375,-79.1681611986,-74.3751281274,-76.2757786905,-76.5009054535,-74.5765960676
76777847.290039062,76.777847290039,777847.290039,-22152.7099609,-29.8568842473,1.2259339140100349e-05,4.3346618498803139e-05,2.0385671788794995e-05,1.9471171057328255e-05,4.696612901283136e-05,-49.1153294055,-43.6304477649,-46.9067497225,-47.1060792786,-43.2821523325,-78.9722136527,-73.4873320122,-76.7636339698,-76.9629635259,-73.1390365798
76777992.248535156,76.777992248535,777992.248535,-22007.7514648,-29.8552662662,9.5847905160347868e-06,5.4680348450942571e-05,2.4962813476511032e-05,1.7849916751872787e-05,3.8332472535130225e-05,-50.1841737457,-42.6216872655,-46.0270646833,-47.48363805,-44.1643316682,-80.0394400118,-72.4769535317,-75.8823309495,-77.3389043162,-74.0195979344
76778137.20703125,76.778137207031,778137.207031,-21862.7929688,-29.8536485867,9.3634941689005835e-06,3.8318240460376072e-05,3.2732951709840477e-05,1.760639827221548e-05,3.4464491447553429e-05,-50.2856205563,-44.1659444155,-44.8501483021,-47.5432947825,-44.626281255,-80.139269143,-74.0195930022,-74.7037968888,-77.3969433692,-74.4799298417
76778282.165527344,76.778282165527,778282.165527,-21717.8344727,-29.8520312088,9.4146998959467253e-06,3.1686461184335541e-05,2.5820404534907854e-05,2.736008363064809e-05,3.6239092196268113e-05,-50.2619351905,-44.9912626109,-45.8803695781,-45.6288257946,-44.4082269011,-80.1139663993,-74.8432938197,-75.7324007869,-75.4808570034,-74.2602581099
76778427.124023438,76.778427124023,778427.124023,-21572.8759766,-29.8504141323,1.6083956354774739e-05,3.2753117074031536e-05,2.7745153390422251e-05,2.5110837519927093e-05,4.2825293391994684e-05,-47.9360711406,-44.8474736243,-45.5681286983,-46.0013880205,-43.6829965304,-77.7864852729,-74.6978877566,-75.4185428306,-75.8518021528,-73.5334106627
76778572.082519531,76.778572082520,778572.08252,-21427.9174805,-29.8487973571,1.6261273891462088e-05,2.4744109904186801e-05,2.9709391176608866e-05,1.9493280377399711e-05,4.1596170910998759e-05,-47.8884543523,-46.0652816403,-45.2710624794,-47.1011507058,-43.8094664603,-77.7372517094,-75.9140789974,-75.1198598365,-76.949948063,-73.6582638174
76778717.041015625,76.778717041016,778717.041016,-21282.9589844,-29.8471808831,1.2111456536698467e-05,2.6443630278233705e-05,2.8695304878154883e-05,1.6608409524228559e-05,3.4337604432149493e-05,-49.16803625,-45.7767892356,-45.4218915666,-47.7967195502,-44.6423000673,-79.0152171331,-75.6239701187,-75.2690724497,-77.6439004334,-74.4894809505
76778861.999511719,76.778861999512,778861.999512,-21138.0004883,-29.8455647102,1.1855185634546952e-05,2.9190341265239415e-05,2.4402202190907545e-05,1.7247865577349216e-05,3.8976217344826335e-05,-49.2609164123,-45.3476082763,-46.1257097873,-47.6326464119,-44.092003116,-79.1064811225,-75.1931729866,-75.9712744976,-77.4782111221,-73.9375678263
76779006.958007812,76.779006958008,779006.958008,-20993.0419922,-29.8439488383,1.1426601560548843e-05,3.1481229961973921e-05,2.5253275744092663e-05,1.6006221519461183e-05,3.7431461732439543e-05,-49.4208291597,-45.0194830823,-45.9768227912,-47.9571117695,-44.2676321296,-79.264777998,-74.8634319206,-75.8207716295,-77.8010606078,-74.111580968
76779151.916503906,76.779151916504,779151.916504,-20848.0834961,-29.8423332673,1.2491424385086991e-05,3.7205740779706104e-05,2.8359924982961117e-05,2.2809896898296021e-05,3.0424312935211122e-05,-49.0338803662,-44.2939004408,-45.4729492227,-46.4187667775,-45.1677922055,-78.8762136335,-74.1362337081,-75.31528249,-76.2611000448,-75.0101254728
76779296.875,76.779296875000,779296.875,-20703.125,-29.840717997,1.1130470229521845e-05,3.665211030318152e-05,2.7032545008855708e-05,2.3429961258197277e-05,2.7442933751106013e-05,-49.5348648762,-44.3590101511,-45.6811306524,-46.3022842952,-45.615694628,-79.3755828731,-74.1997281481,-75.5218486494,-76.1430022921,-75.4564126249
76779441.833496094,76.779441833496,779441.833496,-20558.1665039,-29.8391030273,8.2136837752712106e-06,2.2524840220400386e-05,2.5326887931385608e-05,1.8631740890742462e-05,3.1679237556256065e-05,-50.8546202139,-46.47338281,-45.9641817133,-47.2974656411,-44.9922527939,-80.6937232412,-76.3124858373,-75.8032847406,-77.1365686684,-74.8313558212
76779586.791992188,76.779586791992,779586.791992,-20413.2080078,-29.8374883582,8.0105699287774672e-06,2.5520412558775099e-05,2.3665525932375356e-05,1.5655201053734427e-05,2.8474700144646455e-05,-50.9633658403,-45.9311230916,-46.2588383952,-48.0534135053,-45.455408406,-80.8008541984,-75.7686114498,-76.0963267533,-77.8909018635,-75.2928967642
76779731.750488281,76.779731750488,779731.750488,-20268.2495117,-29.8358739894,1.0048562419491537e-05,3.2495345251574969e-05,2.0120757102042569e-05,1.6356773172924827e-05,3.1603014263920898e-05,-49.978960654,-44.8817884445,-46.9635568171,-47.8630236884,-45.0027149283,-79.8148346435,-74.7176624339,-76.7994308066,-77.6988976779,-74.8385889178
76779876.708984375,76.779876708984,779876.708984,-20123.2910156,-29.834259921,1.0316642446155317e-05,2.7898601291270531e-05,3.0455823875742431e-05,2.1643070742383447e-05,3.3083796632046999e-05,-49.8646162096,-45.5441756973,-45.1632964769,-46.6468112102,-44.8038465747,-79.6988761306,-75.3784356183,-74.9975563979,-76.4810711312,-74.6381064957
76780021.667480469,76.780021667480,780021.66748,-19978.3325195,-29.8326461528,1.1212463147971948e-05,2.3529083414676108e-05,3.2590831469424302e-05,2.6517541760515749e-05,3.0453605561997182e-05,-49.5029897134,-46.2839499062,-44.8690455951,-45.7646673854,-45.1636128159,-79.3356358662,-76.116596059,-74.7016917479,-75.5973135382,-74.9962589687
76780166.625976562,76.780166625977,780166.625977,-19833.3740234,-29.8310326847,8.6660126542738128e-06,2.5375452369228719e-05,2.4780997269361628e-05,2.3627972647953667e-05,2.9960742006927013e-05,-50.6218068114,-45.9558620682,-46.0588122016,-46.2657354056,-45.2344743511,-80.452839496,-75.7868947529,-75.8898448863,-76.0967680903,-75.0655070358
76780311.584472656,76.780311584473,780311.584473,-19688.4155273,-29.8294195165,8.8429463959445369e-06,3.4980473519609259e-05,2.7325407501482045e-05,2.1700654017868202e-05,2.8027993079573857e-05,-50.5340300758,-44.5617431591,-45.6343335273,-46.6352717712,-45.5240799841,-80.3634495923,-74.3911626756,-75.4637530438,-76.4646912877,-75.3534995006
76780456.54296875,76.780456542969,780456.542969,-19543.4570312,-29.8278066482,1.1000569789951066e-05,3.3248622111358865e-05,3.2503707550603987e-05,2.1831287083658679e-05,2.9142083831467419e-05,-49.5858481937,-44.7822634801,-44.8806709819,-46.609206593,-45.3547939683,-79.4136548418,-74.6100701283,-74.7084776301,-76.4370132412,-75.1826006165
76780601.501464844,76.780601501465,780601.501465,-19398.4985352,-29.8261940796,1.1257410074324843e-05,3.6284168749986011e-05,2.7818910332477508e-05,1.7677323707881237e-05,3.4154070533023431e-05,-49.4856151355,-44.4028282191,-45.5565988534,-47.5258348519,-44.6655752903,-79.3118092151,-74.2290222987,-75.382792933,-77.3520289315,-74.49176937
76780746.459960938,76.780746459961,780746.459961,-19253.5400391,-29.8245818107,1.19991198478948e-05,3.3843396245307468e-05,2.7686200224099892e-05,1.9385575194624567e-05,4.3239445611571084e-05,-49.2085060889,-44.7052606122,-45.5773664465,-47.125213084,-43.6411988293,-79.0330878996,-74.5298424229,-75.4019482572,-76.9497948947,-73.46578064
76780891.418457031,76.780891418457,780891.418457,-19108.581543,-29.8229698413,1.2627548221367926e-05,3.5823439866130511e-05,2.3999633661758605e-05,2.5673767888618217e-05,4.5608641565888226e-05,-48.9868096435,-44.4583271432,-46.1979538745,-45.9051038948,-43.4095286284,-78.8097794848,-74.2812969845,-76.0209237158,-75.7280737361,-73.2324984697
76781036.376953125,76.781036376953,781036.376953,-18963.6230469,-29.8213581713,1.2387435426782987e-05,2.7863240728601421e-05,2.2802972676374892e-05,2.6458841019569582e-05,3.202816286168565e-05,-49.0701859639,-45.5496837288,-46.4200853314,-45.774291832,-44.9446797179,-78.8915441352,-75.3710419001,-76.2414435027,-75.5956500032,-74.7660378892
76781181.335449219,76.781181335449,781181.335449,-18818.6645508,-29.8197468006,9.9504178690665547e-06,2.934767425418285e-05,3.2533910377564385e-05,2.6481914465980322e-05,3.2269180107256941e-05,-50.0215868062,-45.3242631004,-44.8766373403,-45.770506215,-44.9121206898,-79.8413336068,-75.144009901,-74.6963841409,-75.5902530156,-74.7318674903
76781326.293945312,76.781326293945,781326.293945,-18673.7060547,-29.8181357291,1.5934378924627763e-05,3.2633230833456588e-05,2.5050810949129574e-05,2.6497864618947358e-05,4.151061958212378e-05,-47.9766485939,-44.8633992702,-46.0117821051,-45.767891231,-43.8184078435,-77.7947843229,-74.6815349993,-75.8299178342,-75.5860269601,-73.6365435726
76781471.252441406,76.781471252441,781471.252441,-18528.7475586,-29.8165249567,1.2605311494468202e-05,3.4931277246162587e-05,2.1092123657239231e-05,1.9084303571115293e-05,3.3241125139402796e-05,-48.9944641784,-44.5678553429,-46.7587969119,-47.193236838,-44.7832428472,-78.8109891351,-74.3843802996,-76.5753218685,-77.0097617947,-74.5997678039
76781616.2109375,76.781616210938,781616.210938,-18383.7890625,-29.8149144832,1.0566527688736518e-05,3.7392855210346642e-05,1.9867506807396056e-05,2.0491346469277544e-05,2.848319795214541e-05,-49.7606770459,-44.2721137211,-47.018566295,-46.8842950353,-45.4541125187,-79.5755915291,-74.0870282043,-76.8334807783,-76.6992095186,-75.2690270019
76781761.169433594,76.781761169434,781761.169434,-18238.8305664,-29.8133043086,1.2529394362611307e-05,3.8784354030252868e-05,1.842048657482681e-05,1.6662436302972647e-05,3.8276455883901448e-05,-49.0206992113,-44.1134343752,-47.3469890215,-47.7826149779,-44.1706828148,-78.8340035199,-73.9267386838,-77.1602933302,-77.5959192866,-73.9839871235
76781906.127929688,76.781906127930,781906.12793,-18093.8720703,-29.8116944328,1.1954857575540341e-05,2.7891544417281582e-05,2.1095557107070935e-05,1.4356126527105241e-05,4.1570482929121826e-05,-49.2245559349,-45.5452743721,-46.7580900096,-48.4296272269,-43.8121493022,-79.0362503677,-75.3569688049,-76.5697844424,-78.2413216596,-73.6238437349
76782051.086425781,76.782051086426,782051.086426,-17948.9135742,-29.8100848556,9.5134408019290024e-06,2.9947128695690857e-05,2.4955074123999023e-05,1.8421980682435698e-05,3.4112130391524199e-05,-50.2166237991,-45.2364481105,-46.0284113581,-47.3466367744,-44.6709115692,-80.0267086546,-75.0465329661,-75.8384962137,-77.15672163,-74.4809964248
76782196.044921875,76.782196044922,782196.044922,-17803.9550781,-29.8084755769,1.3485928212424222e-05,3.1770468440760183e-05,3.0082217522530618e-05,1.8432854693438019e-05,3.4762419879289923e-05,-48.7011915647,-44.9797638166,-45.2169015271,-47.3440740045,-44.5888999909,-78.5096671416,-74.7882393935,-75.025377104,-77.1525495814,-74.3973755678
76782341.003417969,76.782341003418,782341.003418,-17658.996582,-29.8068665966,1.6277154888569693e-05,2.9058007750817216e-05,2.810992208071402e-05,2.2478951294642798e-05,3.9183134103536287e-05,-47.8842150388,-45.3673416473,-45.5114035823,-46.4822395367,-44.0690082946,-77.6910816354,-75.1742082439,-75.318270179,-76.2891061333,-73.8758748912
76782485.961914062,76.782485961914,782485.961914,-17514.0380859,-29.8052579147,1.4218385162759751e-05,3.3021616465180858e-05,2.5067621110577151e-05,2.6664444251184218e-05,3.6228962945756309e-05,-48.4714972532,-44.8120167109,-46.0088687815,-45.7406746359,-44.4094409747,-78.2767551678,-74.6172746255,-75.8141266962,-75.5459325506,-74.2146988894
76782630.920410156,76.782630920410,782630.92041,-17369.0795898,-29.8036495309,1.1050000408152332e-05,3.6986815331209985e-05,2.3203990131783893e-05,2.2956276039399948e-05,3.4442747715463106e-05,-49.5663770594,-44.3195306105,-46.344373279,-46.3909856169,-44.6290220942,-79.3700265903,-74.1231801414,-76.1480228099,-76.1946351478,-74.4326716251
76782775.87890625,76.782775878906,782775.878906,-17224.1210938,-29.8020414452,1.029317479995355e-05,3.6442244875335539e-05,1.9493062379323076e-05,2.2306582118252503e-05,2.7104355075762158e-05,-49.8745065192,-44.3839487794,-47.1011992743,-46.5156696853,-45.6696092191,-79.6765479644,-74.1859902246,-76.9032407195,-76.3177111305,-75.4716506644
76782920.837402344,76.782920837402,782920.837402,-17079.1625977,-29.8004336575,1.7168410504810478e-05,3.3905685810237635e-05,1.9332666597045372e-05,1.7175453260131739e-05,3.7577750110271324e-05,-47.6526991107,-44.6972746672,-47.1370823865,-47.6509179309,-44.2506922594,-77.4531327682,-74.4977083248,-76.937516044,-77.4513515884,-74.0511259169
76783065.795898438,76.783065795898,783065.795898,-16934.2041016,-29.7988261677,1.4083583856096857e-05,3.1832772290738118e-05,2.6857022301667756e-05,2.2344746378594605e-05,4.6634011703516087e-05,-48.5128681601,-44.9712553737,-45.709421402,-46.5082457038,-43.3129722264,-78.3116943278,-74.7700815414,-75.5082475697,-76.3070718715,-73.1117983941
76783210.754394531,76.783210754395,783210.754395,-16789.2456055,-29.7972189756,9.847876656098267e-06,3.9320230063487741e-05,3.2146099864320345e-05,2.5134055261532831e-05,3.7414793574558603e-05,-50.0665739955,-44.0538394977,-44.9287171046,-45.9973743438,-44.2695664653,-79.8637929711,-73.8510584732,-74.7259360802,-75.7945933194,-74.0667854409
76783355.712890625,76.783355712891,783355.712891,-16644.2871094,-29.7956120811,1.0580212000318558e-05,3.225027654832135e-05,2.9812314091487813e-05,2.1202066037620882e-05,3.4673030312240814e-05,-49.7550563007,-44.9146655691,-45.2560431185,-46.7362181714,-44.6000820073,-79.5506683818,-74.7102776502,-75.0516551997,-76.5318302525,-74.3956940885
76783500.671386719,76.783500671387,783500.671387,-16499.3286133,-29.7940054842,1.1239017375610848e-05,3.8698700691398052e-05,2.7486103349190324e-05,1.722219540718479e-05,2.6921687835581368e-05,-49.4927165736,-44.1230361617,-45.6088682487,-47.6391148747,-45.6989771582,-79.2867220578,-73.9170416459,-75.4028737329,-77.4331203589,-75.4929826424
76783645.629882812,76.783645629883,783645.629883,-16354.3701172,-29.7923991847,1.577798660858999e-05,3.7769784920539146e-05,3.0157764327653421e-05,1.9348628576482604e-05,3.5218894882174006e-05,-48.0194841688,-44.2285548825,-45.2060085697,-47.1334981218,-44.5322427569,-77.8118833535,-74.0209540672,-74.9984077545,-76.9258973066,-74.3246419416
76783790.588378906,76.783790588379,783790.588379,-16209.4116211,-29.7907931826,1.2060557516310153e-05,2.9018778690739492e-05,2.7943664335036909e-05,1.5671785886155478e-05,4.5375574229584779e-05,-49.1863261586,-45.373208696,-45.5371664417,-48.0488151047,-43.4317786591,-78.9771193411,-75.1640018786,-75.3279596243,-77.8396082872,-73.2225718416
76783935.546875,76.783935546875,783935.546875,-16064.453125,-29.7891874776,1.1337185025273841e-05,2.610877131826272e-05,2.8246293851115475e-05,1.6814262635472241e-05,4.1366915586154179e-05,-49.4549476553,-45.8321356564,-45.4903852716,-47.7432217327,-43.8334685991,-79.2441351329,-75.621323134,-75.2795727492,-77.5324092103,-73.6226560767
76784080.505371094,76.784080505371,784080.505371,-15919.4946289,-29.7875820697,1.1633429945817687e-05,3.1724892908897154e-05,2.6981209510918801e-05,1.5494709776725872e-05,2.9156573810709245e-05,-49.3429222105,-44.9859983524,-45.6893858572,-48.0981655389,-45.352635113,-79.1305042802,-74.7735804221,-75.4769679269,-77.8857476086,-75.1402171828
76784225.463867188,76.784225463867,784225.463867,-15774.5361328,-29.7859769588,9.5665800702823228e-06,2.5357447704762333e-05,2.4614170999544533e-05,2.3450638707289993e-05,3.0781943137746621e-05,-50.1924328919,-45.958944615,-46.088147866,-46.2984532424,-45.1170396841,-79.9784098507,-75.7449215738,-75.8741248248,-76.0844302012,-74.9030166429
76784370.422363281,76.784370422363,784370.422363,-15629.5776367,-29.7843721448,8.5574004260546625e-06,2.57380196259151e-05,1.8530458419784717e-05,2.2319543097847782e-05,3.088718017177159e-05,-50.6765814561,-45.894248723,-47.3211383666,-46.5131470006,-45.1022173857,-80.4609536009,-75.6786208678,-77.1055105114,-76.2975191454,-74.8865895305
76784515.380859375,76.784515380859,784515.380859,-15484.6191406,-29.7827676275,1.1691813026723951e-05,3.7349969628699392e-05,1.7561614794940993e-05,2.0388718453727699e-05,3.5821390699007429e-05,-49.3211813841,-44.27709747,-47.5543555311,-46.9061007123,-44.4585755748,-79.1039490117,-74.0598650975,-77.3371231586,-76.6888683398,-74.2413432024
76784660.339355469,76.784660339355,784660.339355,-15339.6606445,-29.7811634069,1.4317872291021943e-05,3.8347875708333543e-05,2.5622197685685119e-05,2.2532109956810154e-05,3.3067516703672416e-05,-48.4412151561,-44.1625868892,-45.9138362237,-46.4719813807,-44.805984184,-78.222378563,-73.9437502961,-75.6949996307,-76.2531447876,-74.587147591
76784805.297851562,76.784805297852,784805.297852,-15194.7021484,-29.7795594829,1.1640967504724128e-05,3.1004694546392326e-05,2.7607464407564581e-05,2.0483263825916802e-05,3.7605075997801751e-05,-49.3401092308,-45.085725429,-45.5897347907,-46.8860084122,-44.247535293,-79.1196687137,-74.8652849119,-75.3692942735,-76.6655678951,-74.0270947759
76784950.256347656,76.784950256348,784950.256348,-15049.7436523,-29.7779558552,1.0655293357244337e-05,3.1896890857444224e-05,2.4727002387641502e-05,2.0810923105381033e-05,4.2995727542909548e-05,-49.7243458896,-44.9625164764,-46.0682852923,-46.8170865546,-43.6657469783,-79.5023017449,-74.7404723317,-75.8462411475,-76.5950424098,-73.4437028336
76785095.21484375,76.785095214844,785095.214844,-14904.7851562,-29.7763525239,1.1508100016103217e-05,2.7191928337174207e-05,1.9270231670540096e-05,2.1764017096912292e-05,3.8688994640154405e-05,-49.3899637234,-45.6555999298,-47.1511306414,-46.622609416,-44.1241255557,-79.1663162474,-75.4319524538,-76.9274831653,-76.39896194,-73.9004780796
76785240.173339844,76.785240173340,785240.17334,-14759.8266602,-29.7747494889,1.2085084769712431e-05,2.2311310354995637e-05,1.8291944279894781e-05,2.1637959424027044e-05,2.5016253014430068e-05,-49.1775029893,-46.5147492262,-47.3774013022,-46.6478369794,-46.0177773929,-78.9522524781,-76.2894987151,-77.152150791,-76.4225864683,-75.7925268817
76785385.131835938,76.785385131836,785385.131836,-14614.8681641,-29.7731467499,1.0215315554261357e-05,2.6841277630980518e-05,2.1320766269413674e-05,1.8396715603993249e-05,2.023904196982341e-05,-49.9074821333,-45.7119681582,-46.711971908,-47.3525970538,-46.93810049,-79.6806288832,-75.4851149081,-76.4851186579,-77.1257438037,-76.7112472399
76785530.090332031,76.785530090332,785530.090332,-14469.909668,-29.7715443069,1.4159813886578769e-05,3.098140176418186e-05,2.4603022501255723e-05,1.7592868095927204e-05,2.9566869756475664e-05,-48.4894245488,-45.0889893633,-46.0901153619,-47.5466335345,-45.2919465178,-78.2609688557,-74.8605336702,-75.8616596688,-77.3181778415,-75.0634908247
76785675.048828125,76.785675048828,785675.048828,-14324.9511719,-29.7699421598,1.6416707832075088e-05,4.0063925033482727e-05,2.2688464629551339e-05,1.8951745011141167e-05,4.520711953122406e-05,-47.8471393088,-43.9724650544,-46.4419489263,-47.2235079552,-43.4479316409,-77.6170814686,-73.7424072143,-76.2118910862,-76.993450115,-73.2178738007
76785820.007324219,76.785820007324,785820.007324,-14179.9926758,-29.7683403085,1.1837057558217151e-05,3.0133836241539818e-05,2.1288146144417477e-05,1.8044240282157739e-05,5.0272869386874228e-05,-49.2675624061,-45.2094557618,-46.7186215699,-47.4366139835,-42.9866632616,-79.0359027146,-74.9777960703,-76.4869618784,-77.204954292,-72.7550035702
76785964.965820312,76.785964965820,785964.96582,-14035.0341797,-29.7667387529,8.8721942387654705e-06,2.9822777206729374e-05,2.2815195208001799e-05,1.7981729943100595e-05,3.3386556383712006e-05,-50.5196895875,-45.254519159,-46.4177581103,-47.4516852903,-44.7642837342,-80.2864283404,-75.0212579119,-76.1844968632,-77.2184240432,-74.5310224871
76786109.924316406,76.786109924316,786109.924316,-13890.0756836,-29.7651374928,9.7795117402661555e-06,3.6789956948230967e-05,2.7286112146430267e-05,2.3598277529084071e-05,2.6760575816365222e-05,-50.0968282761,-44.3427072038,-45.6405834024,-46.2711969563,-45.7250454594,-79.8619657689,-74.1078446966,-75.4057208952,-76.0363344491,-75.4901829522
76786254.8828125,76.786254882812,786254.882812,-13745.1171875,-29.7635365282,1.2433343881065809e-05,3.1540660127872625e-05,2.1811477030135308e-05,2.7781442086252324e-05,3.8642639380608246e-05,-49.0541205448,-45.0112922138,-46.6131492386,-45.5624521454,-44.1293321794,-78.817657073,-74.774828742,-76.3766857668,-75.3259886736,-73.8928687076
76786399.841308594,76.786399841309,786399.841309,-13600.1586914,-29.7619358589,1.0767338258476417e-05,2.559878074959158e-05,2.064693991677842e-05,1.8351379443051873e-05,4.7519349470915209e-05,-49.6789164327,-45.9178071931,-46.8514430603,-47.3633128498,-43.2312951338,-79.4408522916,-75.679743052,-76.6133789192,-77.1252487087,-72.9932309927
76786544.799804688,76.786544799805,786544.799805,-13455.2001953,-29.7603354849,8.4079651559416496e-06,3.7645901821945987e-05,2.0192988660961108e-05,1.9088865835880783e-05,3.3073900788013354e-05,-50.7530909677,-44.2428229471,-46.9479939859,-47.1921987443,-44.8051458069,-80.5134264525,-74.003158432,-76.7083294708,-76.9525342291,-74.5654812918
76786689.758300781,76.786689758301,786689.758301,-13310.2416992,-29.758735406,7.3025163801834856e-06,4.1006884735465621e-05,2.4296454637889394e-05,1.9745267297460836e-05,3.6272242873350738e-05,-51.3652746019,-43.8714322251,-46.1445709445,-47.0453698272,-44.4042558924,-81.1240100079,-73.630167631,-75.9033063504,-76.8041052331,-74.1629912983
76786834.716796875,76.786834716797,786834.716797,-13165.2832031,-29.7571356221,8.2619456277024572e-06,4.4794989816213379e-05,2.334743904583799e-05,1.8525021973118064e-05,3.9473746878843575e-05,-50.8291766746,-43.4877055781,-46.3176074976,-47.3224126822,-44.0369164808,-80.5863122967,-73.2448412001,-76.0747431196,-77.0795483042,-73.7940521028
76786979.675292969,76.786979675293,786979.675293,-13020.324707,-29.7555361331,1.1788383450326312e-05,3.8734135516840614e-05,1.5274325659551771e-05,2.347657062331537e-05,3.2701957245252835e-05,-49.2854574594,-44.1190613234,-48.1603795417,-46.2936534304,-44.854262536,-79.0409935925,-73.8745974565,-77.9159156747,-76.0491895634,-74.609798669
76787124.633789062,76.787124633789,787124.633789,-12875.3662109,-29.7539369389,1.1136351581175551e-05,3.3092630045066962e-05,1.6550722973466209e-05,2.327258254883145e-05,3.482074709827493e-05,-49.5325706658,-44.8026871581,-47.811830305,-46.3315542056,-44.5816191509,-79.2865076047,-74.5566240969,-77.5657672438,-76.0854911445,-74.3355560898
76787269.592285156,76.787269592285,787269.592285,-12730.4077148,-29.7523380394,1.0768300876085459e-05,2.9547892459472697e-05,1.948364677821231e-05,1.9744732441690038e-05,2.895861863296537e-05,-49.6785281837,-45.2947349028,-47.1032975241,-47.0454874696,-45.3822215844,-79.4308662231,-75.0470729422,-76.8556355635,-76.7978255089,-75.1345596238
76787414.55078125,76.787414550781,787414.550781,-12585.4492188,-29.7507394345,1.2703266977495036e-05,3.1924361734155184e-05,2.2962572963662987e-05,2.1707584256516181e-05,3.8690606475222944e-05,-48.9608457449,-44.9587777686,-46.3897945071,-46.6338850462,-44.1239446266,-78.7115851794,-74.709517203,-76.1405339416,-76.3846244806,-73.8746840611
76787559.509277344,76.787559509277,787559.509277,-12440.4907227,-29.749141124,1.3432093677247398e-05,3.4062624269588117e-05,2.6165572007311835e-05,2.1165781388070897e-05,4.39831148022526e-05,-48.7185628803,-44.6772189595,-45.8226976668,-46.7436569382,-43.5671401796,-78.4677040043,-74.4263600836,-75.5718387908,-76.4927980622,-73.3162813036
76787704.467773438,76.787704467773,787704.467773,-12295.5322266,-29.7475431079,1.3272879737098324e-05,3.5699861306953587e-05,2.8667022166398252e-05,2.2312854151972065e-05,3.3103689038259803e-05,-48.7703484064,-44.4733347111,-45.4261741776,-46.5144487332,-44.8012360623,-78.5178915144,-74.220877819,-75.1737172855,-76.2619918412,-74.5487791703
76787849.426269531,76.787849426270,787849.42627,-12150.5737305,-29.7459453861,1.263541173079323e-05,3.5117837756855948e-05,2.4164234945964313e-05,1.8184697270453491e-05,3.6148937966662429e-05,-48.9841060182,-44.5447223192,-46.1682695033,-47.4029392446,-44.4190445748,-78.7300514044,-74.2906677054,-75.9142148894,-77.1488846308,-74.164989961
76787994.384765625,76.787994384766,787994.384766,-12005.6152344,-29.7443479585,1.2879468279938888e-05,4.1714853545323431e-05,2.6014715253638579e-05,1.7735766470535175e-05,3.5602367413585771e-05,-48.9010206616,-43.7970927682,-45.8478092335,-47.5115003828,-44.4852112224,-78.64536862,-73.5414407267,-75.592157192,-77.2558483412,-74.2295591809
76788139.343261719,76.788139343262,788139.343262,-11860.6567383,-29.7427508248,1.5993270682541666e-05,3.8096807993615363e-05,2.2221567378340667e-05,1.5888388562275005e-05,3.5766673926806568e-05,-47.9606271236,-44.1911141091,-46.5322531174,-47.9892014773,-44.465214446,-77.7033779484,-73.9338649339,-76.2750039423,-77.7319523021,-74.2079652708
76788284.301757812,76.788284301758,788284.301758,-11715.6982422,-29.7411539852,1.1803634432200297e-05,4.0898804012533844e-05,1.7998711772060985e-05,1.7208237458395309e-05,4.1699534598875783e-05,-49.279842494,-43.8828939171,-47.4475857769,-47.642636097,-43.7986879208,-79.0209964792,-73.6240479022,-77.1887397621,-77.3837900822,-73.539841906
76788429.260253906,76.788429260254,788429.260254,-11570.7397461,-29.7395574393,1.0250495069177803e-05,4.2971040279159659e-05,2.1438320662690645e-05,2.592144341000105e-05,3.5688787346258667e-05,-49.8925515894,-43.6682413242,-46.6880923743,-45.8634081887,-44.474682085,-79.6321090287,-73.4077987635,-76.4276498135,-75.602965628,-74.2142395243
76788574.21875,76.788574218750,788574.21875,-11425.78125,-29.7379611871,1.1074527360977947e-05,3.3233282594238963e-05,2.0258916433821945e-05,2.7466686888323965e-05,2.3799659140563291e-05,-49.5567479954,-44.7842675947,-46.9338378698,-45.6119372328,-46.2342926288,-79.2947091826,-74.5222287818,-76.671799057,-75.34989842,-75.9722538159
76788719.177246094,76.788719177246,788719.177246,-11280.8227539,-29.7363652286,1.295704061913222e-05,3.9963571741973593e-05,2.4078108887166741e-05,1.9892266993932705e-05,2.9146033092824832e-05,-48.8749417976,-43.9833570367,-46.1837762589,-47.013157203,-45.3542054633,-78.6113070262,-73.7197222653,-75.9201414875,-76.7495224316,-75.0905706919
76788864.135742188,76.788864135742,788864.135742,-11135.8642578,-29.7347695636,1.3058855375498862e-05,2.9936157828741463e-05,2.9878040442782957e-05,2.1681963537527947e-05,4.205469959172323e-05,-48.8409488783,-45.2380394016,-45.2464788921,-46.6390139027,-43.7618546496,-78.5757184419,-74.9728089652,-74.9812484557,-76.3737834662,-73.4966242132
76789009.094238281,76.789009094238,789009.094238,-10990.9057617,-29.7331741919,1.1869398896357425e-05,3.4838422874223317e-05,3.1236506212472443e-05,2.2555228528371228e-05,3.8023333296662525e-05,-49.2557127453,-44.5794151361,-45.053375477,-46.467527683,-44.1994981359,-78.9888869372,-74.312589328,-74.7865496689,-76.2007018749,-73.9326723278
76789154.052734375,76.789154052734,789154.052734,-10845.9472656,-29.7315791136,8.5257314057701713e-06,3.9070153054872633e-05,2.9830047747725096e-05,2.3113464143151261e-05,4.1614149416016647e-05,-50.6926835347,-44.0815488745,-45.2534605148,-46.3613495952,-43.8075897782,-80.4242626482,-73.8131279881,-74.9850396284,-76.0929287088,-73.5391688918
76789299.011230469,76.789299011230,789299.01123,-10700.9887695,-29.7299843284,9.6624859193966084e-06,3.2937445523766296e-05,2.3989159013552604e-05,2.4957007629784427e-05,3.358666918482411e-05,-50.1491112595,-44.8231008574,-46.199849768,-46.0280748821,-44.7383306333,-79.8790955879,-74.5530851858,-75.9298340964,-75.7580592105,-74.4683149617
76789443.969726562,76.789443969727,789443.969727,-10556.0302734,-29.7283898363,9.8544175400135141e-06,2.9022443705600999e-05,2.0851051115522511e-05,2.9634502665452391e-05,2.9349980746487999e-05,-50.0636904025,-45.3726602253,-46.8087204706,-45.2820235682,-45.3239217931,-79.7920802388,-75.1010500616,-76.5371103069,-75.0104134044,-75.0523116294
76789588.928222656,76.789588928223,789588.928223,-10411.0717773,-29.7267956371,7.8743245351155962e-06,3.3718108440225181e-05,1.8731204320340558e-05,2.967813161045853e-05,3.9501043510562896e-05,-51.0378669002,-44.7213679695,-47.2743429882,-45.2756344358,-44.0339143134,-80.7646625373,-74.4481636066,-77.0011386253,-75.002430073,-73.7607099505
76789733.88671875,76.789733886719,789733.886719,-10266.1132812,-29.7252017309,1.1140488941299552e-05,3.8943578601271695e-05,1.9146582318097245e-05,2.1739901597768455e-05,3.8836422911226355e-05,-49.5309574813,-44.0956414282,-47.1790873673,-46.6274242601,-44.1076077829,-79.2561592122,-73.820843159,-76.9042890981,-76.352625991,-73.8328095137
76789878.845214844,76.789878845215,789878.845215,-10121.1547852,-29.7236081173,1.014199635500306e-05,4.2099844231532113e-05,2.2402986348276191e-05,2.1064484459728763e-05,3.3740768092907994e-05,-49.9387654987,-43.7571951104,-46.4969408577,-46.764491655,-44.7184503512,-79.662373616,-73.4808032277,-76.220548975,-76.4880997723,-74.4420584685
76790023.803710938,76.790023803711,790023.803711,-9976.19628906,-29.7220147964,9.7217220607372062e-06,4.2678381404049057e-05,2.4466634351877575e-05,2.2771654804474615e-05,2.6690907381677892e-05,-50.1225679935,-43.6979205974,-46.1142576841,-46.4260540828,-45.7363666173,-79.8445827899,-73.4199353938,-75.8362724805,-76.1480688792,-75.4583814137
76790168.762207031,76.790168762207,790168.762207,-9831.23779297,-29.7204217681,1.2389836159463295e-05,3.5988693601891018e-05,2.1451443929750241e-05,2.0060091904305812e-05,3.629635415495877e-05,-49.069344366,-44.4383391805,-46.6854346946,-46.9766708161,-44.4013699617,-78.7897661341,-74.1587609486,-76.4058564627,-76.6970925842,-74.1217917298
76790313.720703125,76.790313720703,790313.720703,-9686.27929688,-29.7188290321,1.4174645777043383e-05,3.6486561315288279e-05,2.4852132172472625e-05,2.4311665707633456e-05,3.9631361719696778e-05,-48.4848778527,-44.3786706489,-46.0463634532,-46.1418528456,-44.019610052,-78.2037068849,-74.0974996811,-75.7651924853,-75.8606818777,-73.7384390842
76790458.679199219,76.790458679199,790458.679199,-9541.32080078,-29.7172365885,1.1286654046920942e-05,3.2470224520693201e-05,2.7363423582528145e-05,2.2250937360674281e-05,3.8737059379755675e-05,-49.4743478654,-44.8851470836,-45.6282956667,-46.5265168886,-44.1187335067,-79.1915844539,-74.6023836721,-75.3455322553,-76.2437534771,-73.8359700952
76790603.637695312,76.790603637695,790603.637695,-9396.36230469,-29.7156444371,1.0777574968095198e-05,2.7502659727068838e-05,2.1835092952335489e-05,1.6791629274987244e-05,3.9338340525652179e-05,-49.6747894754,-45.6062530439,-46.6084495494,-47.7490716266,-44.0518396459,-79.3904339125,-75.321897481,-76.3240939865,-77.4647160637,-73.767484083
76790748.596191406,76.790748596191,790748.596191,-9251.40380859,-29.7140525778,1.3731728207904304e-05,3.2870582977759581e-05,1.9834754781744067e-05,2.4623119011657379e-05,3.8276978186062279e-05,-48.6227480115,-44.831925934,-47.0257316437,-46.0865693582,-44.1706235535,-78.3368005893,-74.5459785118,-76.7397842214,-75.800621936,-73.8846761313
76790893.5546875,76.790893554688,790893.554688,-9106.4453125,-29.7124610105,1.4579929778983384e-05,3.2008889087796674e-05,2.1516331608826917e-05,2.3331519364951512e-05,3.4000258889585259e-05,-48.362445677,-44.9472939838,-46.6723177101,-46.3205697872,-44.6851777608,-78.0749066875,-74.6597549943,-76.3847787206,-76.0330307977,-74.3976387713
76791038.513183594,76.791038513184,791038.513184,-8961.48681641,-29.7108697351,1.2372277414201929e-05,2.9025145338959208e-05,2.2966862010476101e-05,2.1456455957426989e-05,3.2671115546647994e-05,-49.075503507,-45.3722559692,-46.3889833892,-46.6844201048,-44.858360364,-78.7863732421,-75.0831257043,-76.0998531243,-76.3952898399,-74.5692300991
76791183.471679688,76.791183471680,791183.47168,-8816.52832031,-29.7092787514,1.160442308433769e-05,3.550616003513187e-05,2.7111283908550896e-05,1.7221191936303121e-05,4.3198457987947929e-05,-49.3537644569,-44.4969629378,-45.6684991506,-47.6393679287,-43.6453175548,-79.0630432083,-74.2062416893,-75.377777902,-77.3486466801,-73.3545963063
76791328.430175781,76.791328430176,791328.430176,-8671.56982422,-29.7076880595,9.93498740494437e-06,5.0361380074164118e-05,2.9350365373251923e-05,1.790517502772897e-05,4.0177375478174172e-05,-50.0283267913,-42.9790237725,-45.3238648799,-47.4702142929,-43.9601843624,-79.7360148508,-72.686711832,-75.0315529394,-77.1779023524,-73.6678724219
76791473.388671875,76.791473388672,791473.388672,-8526.61132812,-29.7060976591,7.591033774668285e-06,4.1806948906337951e-05,3.0623933677795439e-05,1.9424200979872443e-05,3.1644991694287802e-05,-51.1969907627,-43.7875152634,-45.1393902445,-47.1165683699,-44.9969501398,-80.9030884218,-73.4936129225,-74.8454879036,-76.822666029,-74.7030477989
76791618.347167969,76.791618347168,791618.347168,-8381.65283203,-29.7045075502,8.466184510833878e-06,2.6838607192412482e-05,2.3527211981642204e-05,1.8264393763297223e-05,3.1108953297865412e-05,-50.7231227081,-45.7124002592,-46.2842953448,-47.3839473843,-45.0711460106,-80.4276302583,-75.4169078094,-75.988802895,-77.0884549345,-74.7756535608
76791763.305664062,76.791763305664,791763.305664,-8236.69433594,-29.7029177326,9.9895110634976232e-06,2.4935515412716305e-05,2.2842468550869212e-05,1.8067020048048516e-05,4.1653138338158802e-05,-50.0045576779,-46.0318165056,-46.4125696435,-47.4311347353,-43.8035227129,-79.7074754105,-75.7347342383,-76.1154873761,-77.1340524679,-73.5064404455
76791908.264160156,76.791908264160,791908.26416,-8091.73583984,-29.7013282063,1.086457064555868e-05,3.8860721301223283e-05,2.3340743874217923e-05,2.0416297595832857e-05,4.3950534245177846e-05,-49.6398743179,-44.1048914264,-46.3188530702,-46.9002301247,-43.5703584145,-79.3412025242,-73.8062196327,-76.0201812765,-76.601558331,-73.2716866208
76792053.22265625,76.792053222656,792053.222656,-7946.77734375,-29.6997389711,1.2867085026166543e-05,3.5759552978765027e-05,2.0419492325877161e-05,2.1311096294824111e-05,3.6723570945340438e-05,-48.905198292,-44.4660791885,-46.8995505964,-46.7139420854,-44.3505509527,-78.6049372631,-74.1658181596,-76.5992895676,-76.4136810566,-74.0502899238
76792198.181152344,76.792198181152,792198.181152,-7801.81884766,-29.698150027,1.0160322955999152e-05,2.8132343984719575e-05,2.406513084395981e-05,2.0260697305723531e-05,2.7969943601591167e-05,-49.9309248735,-45.5079408094,-46.1861177269,-46.9334561175,-45.5330840934,-79.6290749005,-75.2060908365,-75.8842677539,-76.6316061445,-75.2312341204
76792343.139648438,76.792343139648,792343.139648,-7656.86035156,-29.6965613738,7.8033392834046986e-06,3.1890151117635266e-05,3.092531826027094e-05,2.1678467585501464e-05,3.5912104820176672e-05,-51.0771950987,-44.9634342276,-45.0968582224,-46.639714206,-44.4475913999,-80.7737564725,-74.6599956015,-74.7934195962,-76.3362755798,-74.1441527737
76792488.098144531,76.792488098145,792488.098145,-7511.90185547,-29.6949730114,9.2684391848761801e-06,2.3700015962645502e-05,2.2172537189768804e-05,3.1065251635826313e-05,3.4251984889429365e-05,-50.3299339536,-46.2525136148,-46.5418460799,-45.0772512415,-44.6531425624,-80.024906965,-75.9474866262,-76.2368190914,-74.7722242529,-74.3481155739
76792633.056640625,76.792633056641,792633.056641,-7366.94335938,-29.6933849398,1.136964678686242e-05,2.7715360154675656e-05,2.3024054049853621e-05,3.0648952594589597e-05,3.6462878256157962e-05,-49.4425302704,-45.5727947348,-46.3781820388,-45.1358436259,-44.3814905259,-79.1359152101,-75.2661796746,-76.0715669786,-74.8292285656,-74.0748754657
76792778.015136719,76.792778015137,792778.015137,-7221.98486328,-29.6917971587,1.0444796068098086e-05,3.7947406791173372e-05,2.0449822205374799e-05,3.3700111375857117e-05,4.1147137121617396e-05,-49.8110003509,-44.208178971,-46.8931046348,-44.7236866382,-43.8566037614,-79.5027975096,-73.8999761297,-76.5849017935,-74.4154837969,-73.5484009201
76792922.973632812,76.792922973633,792922.973633,-7077.02636719,-29.6902096682,1.0855388290834853e-05,3.33321813381603e-05,2.0731145172272158e-05,2.4224907810850354e-05,3.8270879656699246e-05,-49.6435463747,-44.7713626413,-46.8337670716,-46.15737867,-44.171315554,-79.3337560429,-74.4615723095,-76.5239767397,-75.8475883382,-73.8615252221
76793067.932128906,76.793067932129,793067.932129,-6932.06787109,-29.688622468,1.2452627600297944e-05,2.931945848073702e-05,2.2837849050579509e-05,1.7783339405678407e-05,3.7870964161046895e-05,-49.0473899942,-45.3284405521,-46.4134480189,-47.4998668266,-44.2169363799,-78.7360124622,-75.0170630201,-76.1020704869,-77.1884892947,-73.9055588479
76793212.890625,76.793212890625,793212.890625,-6787.109375,-29.6870355582,1.0995461237153789e-05,2.9861257746723606e-05,2.8089233837422036e-05,2.2535123247316812e-05,4.0589692725998492e-05,-49.5878654815,-45.2489190388,-45.5146010646,-46.4714006238,-43.9158423639,-79.2749010397,-74.935954597,-75.2016366228,-76.158436182,-73.6028779221
76793357.849121094,76.793357849121,793357.849121,-6642.15087891,-29.6854489385,1.0613039540901015e-05,3.4800326318985111e-05,2.5371909848017018e-05,2.1585694195980069e-05,3.6420352599293818e-05,-49.7416021772,-44.584166837,-45.9564684042,-46.6583397987,-44.3865585395,-79.4270511157,-74.2696157755,-75.6419173427,-76.3437887372,-74.072007478
76793502.807617188,76.793502807617,793502.807617,-6497.19238281,-29.6838626089,1.2023721319424226e-05,3.9802681093353208e-05,2.4033832946288862e-05,2.539800307337418e-05,3.8339578289160319e-05,-49.1996109819,-44.0008767303,-46.1917696184,-45.9520042859,-44.1635266839,-78.8834735909,-73.6847393392,-75.8756322273,-75.6358668948,-73.8473892929
76793647.766113281,76.793647766113,793647.766113,-6352.23388672,-29.6822765693,1.036623963621246e-05,4.4887851011359275e-05,2.8291654393203377e-05,2.180246830007253e-05,3.4645987618272663e-05,-49.843787558,-43.4787118578,-45.4834165584,-46.6149433628,-44.6034705416,-79.5260641273,-73.1609884272,-75.1656931277,-76.2972199322,-74.2857471109
76793792.724609375,76.793792724609,793792.724609,-6207.27539062,-29.6806908196,1.2806821694791929e-05,5.0706329398945815e-05,2.5088687043737336e-05,2.243668486515162e-05,3.3364619714387975e-05,-48.9255863697,-42.9493782663,-46.0052206585,-46.490413119,-44.7671382082,-78.6062771893,-72.6300690859,-75.6859114781,-76.1711039386,-74.4478290278
76793937.683105469,76.793937683105,793937.683105,-6062.31689453,-29.6791053596,1.1886653712906439e-05,3.9495691295795002e-05,2.4764178599383437e-05,2.605100783755425e-05,3.5226351658451902e-05,-49.2494038916,-44.0345028029,-46.0617607251,-45.8417547045,-44.5313233373,-78.9285092512,-73.7136081625,-75.7408660848,-75.5208600641,-74.2104286969
76794082.641601562,76.794082641602,794082.641602,-5917.35839844,-29.6775201893,1.1203318323421204e-05,3.6278184464372021e-05,2.3672149360513865e-05,2.7620231112054363e-05,3.4975448526370196e-05,-49.5065332411,-44.4035445526,-46.2576230764,-45.5877269179,-44.5623670739,-79.1840534304,-74.0810647419,-75.9351432657,-75.2652471072,-74.2398872632
76794227.600097656,76.794227600098,794227.600098,-5772.39990234,-29.6759353085,1.2385062450249071e-05,3.5740267049320679e-05,2.7345532362266229e-05,2.2033280983998734e-05,3.480422760448846e-05,-49.0710179919,-44.4684220679,-45.6311361737,-46.5692082708,-44.5836799991,-78.7469533005,-74.1443573765,-75.3070714822,-76.2451435794,-74.2596153076
76794372.55859375,76.794372558594,794372.558594,-5627.44140625,-29.6743507172,1.3755436703419994e-05,3.1233599312616445e-05,2.3148352240953659e-05,1.9615126466157551e-05,3.6078627818972153e-05,-48.6152561721,-45.0537796545,-46.3547991774,-47.0740888746,-44.4274998837,-78.2896068893,-74.7281303717,-76.0291498946,-76.7484395919,-74.1018506009
76794517.517089844,76.794517517090,794517.51709,-5482.48291016,-29.6727664152,1.6234680512340408e-05,2.9724826984314143e-05,2.6075782999704513e-05,2.2644169248978871e-05,3.6238864492592523e-05,-47.8955625358,-45.2688066455,-45.8376264178,-46.4504360773,-44.4082541895,-77.568328951,-74.9415730607,-75.510392833,-76.1232024926,-74.0810206047
76794662.475585938,76.794662475586,794662.475586,-5337.52441406,-29.6711824025,1.8500680293098197e-05,2.9942583173278059e-05,2.3923550906314309e-05,2.2930297816504157e-05,3.4151185891343238e-05,-47.3281230175,-45.2371073541,-46.2117435877,-46.3959030466,-44.6659421095,-76.99930542,-74.9082897565,-75.8829259902,-76.0670854491,-74.337124512
76794807.434082031,76.794807434082,794807.434082,-5192.56591797,-29.6695986789,1.4037510579567264e-05,3.2982081628835449e-05,2.1592861976119658e-05,1.8945135735020685e-05,4.0746279226502216e-05,-48.5270990342,-44.8172193779,-46.6568979129,-47.2250227882,-43.89912043,-78.196697713,-74.4868180568,-76.3264965918,-76.894621467,-73.5687191089
76794952.392578125,76.794952392578,794952.392578,-5047.60742188,-29.6680152443,1.1734239186204444e-05,3.0539509957543485e-05,2.6406738043277851e-05,2.3345136737895418e-05,3.8292759917754067e-05,-49.3054506354,-45.1513793599,-45.7828524277,-46.3180357796,-44.1688333112,-78.9734658797,-74.8193946042,-75.4508676719,-75.9860510239,-73.8368485555
76795097.351074219,76.795097351074,795097.351074,-4902.64892578,-29.6664320986,1.0396503957701496e-05,3.4755797892301548e-05,2.4153972012451242e-05,3.2077796850284743e-05,3.810869203779104e-05,-49.8311267677,-44.589727369,-46.1701144126,-44.9379546734,-44.1897595678,-79.4975588663,-74.2561594676,-75.8365465112,-74.604386772,-73.8561916664
76795242.309570312,76.795242309570,795242.30957,-4757.69042969,-29.6648492417,1.1955713489589701e-05,3.9854988339500073e-05,2.1584543248003221e-05,1.6585447504592533e-05,4.1842233003565745e-05,-49.2242450108,-43.995173136,-46.6585713705,-47.8027280596,-43.7838514643,-78.8890942525,-73.6600223777,-76.3234206122,-77.4675773013,-73.4487007061
76795387.268066406,76.795387268066,795387.268066,-4612.73193359,-29.6632666736,1.0179307064622929e-05,2.7640718898633561e-05,2.8701264468956499e-05,1.5726059577167911e-05,3.3031103331198771e-05,-49.922817847,-45.5845066572,-45.4209896948,-48.0338008337,-44.8107691942,-79.5860845206,-75.2477733308,-75.0842563683,-77.6970675073,-74.4740358678
76795532.2265625,76.795532226562,795532.226562,-4467.7734375,-29.661684394,9.9867516991684351e-06,2.3270616084737773e-05,3.8118080378298327e-05,1.9996923783067121e-05,3.7920089666797238e-05,-50.0057574786,-46.331921187,-44.188689785,-46.9903680868,-44.2113064439,-79.6674418727,-75.9936055811,-73.850374179,-76.6520524808,-73.8729908379
76795677.185058594,76.795677185059,795677.185059,-4322.81494141,-29.660102403,1.2378283930282371e-05,2.7399791258472802e-05,3.082074333444614e-05,2.0335984836867311e-05,4.5881870815444259e-05,-49.0733955978,-45.6225274578,-45.1115689118,-46.9173479061,-43.3835888222,-78.7334980008,-75.2826298608,-74.7716713148,-76.5774503091,-73.0436912252
76795822.143554688,76.795822143555,795822.143555,-4177.85644531,-29.6585207003,1.1522826986229939e-05,3.0123456523497482e-05,3.3370081066635596e-05,1.417770447390756e-05,4.673125454515909e-05,-49.3844095894,-45.2109519638,-44.766427383,-48.4839408051,-43.3039255977,-79.0429302898,-74.8694726642,-74.4249480834,-78.1424615054,-72.962446298
76795967.102050781,76.795967102051,795967.102051,-4032.89794922,-29.656939286,1.0037835824955594e-05,3.4427704514549002e-05,2.719152271652462e-05,1.617956899228549e-05,4.036067785585537e-05,-49.9835991175,-44.6309193314,-45.6556647138,-47.9103305175,-43.9404154842,-79.6405384035,-74.2878586174,-75.3126039998,-77.5672698034,-73.5973547701
76796112.060546875,76.796112060547,796112.060547,-3887.93945312,-29.6553581598,1.1634057548762746e-05,3.3646580118232216e-05,2.67319836312106e-05,2.4972292683252716e-05,3.7039649477214423e-05,-49.3426879226,-44.7305907145,-45.7296881348,-46.0254158364,-44.3133313189,-78.9980460824,-74.3859488743,-75.3850462946,-75.6807739962,-73.9686894787
76796257.019042969,76.796257019043,796257.019043,-3742.98095703,-29.6537773217,1.0233564008525074e-05,2.5696420998246541e-05,2.3119094895373037e-05,2.3331958607383133e-05,3.2017957969282983e-05,-49.8997308968,-45.9012736106,-46.360291724,-46.3204880271,-44.9460636982,-79.5535082185,-75.5550509323,-76.0140690457,-75.9742653488,-74.5998410199
76796401.977539062,76.796401977539,796401.977539,-3598.02246094,-29.6521967715,8.9739355214346509e-06,2.8835568098710629e-05,2.4112290042243643e-05,2.0588533013728993e-05,3.4744746955721984e-05,-50.4701705524,-45.4007148799,-46.1776154095,-46.8637459689,-44.5911084692,-80.1223673239,-75.0529116515,-75.829812181,-76.5159427404,-74.2433052407
76796546.936035156,76.796546936035,796546.936035,-3453.06396484,-29.6506165093,1.2286153410110045e-05,3.2735470374205553e-05,3.1006447877829226e-05,1.6702006437538443e-05,3.9475745493579016e-05,-49.105840662,-44.8498141434,-45.0854798402,-47.7723135326,-44.0366965966,-78.7564571712,-74.5004306527,-74.7360963494,-77.4229300419,-73.6873131058
76796691.89453125,76.796691894531,796691.894531,-3308.10546875,-29.6490365348,1.4089854590640439e-05,2.438963200880472e-05,2.565863616763563e-05,1.5950265606975045e-05,4.1440808191258169e-05,-48.5109348885,-46.1279475228,-45.9076643138,-47.9723208059,-43.8257178344,-78.1599714233,-75.7769840576,-75.5567008486,-77.6213573407,-73.4747543691
76796836.853027344,76.796836853027,796836.853027,-3163.14697266,-29.6474568479,1.1022700774862591e-05,3.2138863174601853e-05,2.3029009095917859e-05,1.6059925314723305e-05,4.1520036408475331e-05,-49.577119819,-44.9296948929,-46.3772474868,-47.942564787,-43.8174227433,-79.2245766669,-74.5771517409,-76.0247043347,-77.5900216349,-73.4648795912
76796981.811523438,76.796981811523,796981.811523,-3018.18847656,-29.6458774486,1.2278298148517588e-05,2.8791194503440852e-05,2.6638641124674683e-05,1.5200084230188739e-05,3.5261426049531965e-05,-49.1086182505,-45.4074031652,-45.7448793292,-48.1815400544,-44.5270012786,-78.7544956991,-75.0532806138,-75.3907567778,-77.827417503,-74.1728787272
76797126.770019531,76.797126770020,797126.77002,-2873.22998047,-29.6442983368,1.2292547362427361e-05,2.6542076171005322e-05,2.5141407142614753e-05,2.0889929398227689e-05,3.0006166861360775e-05,-49.1035810972,-45.7606510881,-45.9961041889,-46.800630278,-45.2278947999,-78.747879434,-75.4049494249,-75.6404025257,-76.4449286148,-74.8721931367
76797271.728515625,76.797271728516,797271.728516,-2728.27148438,-29.6427195123,9.8813231555920845e-06,2.9838506704647941e-05,2.4775733686650146e-05,2.2069721417377952e-05,2.6256359992159493e-05,-50.0518489745,-45.2522291532,-46.0597347584,-46.5620314883,-45.8076548178,-79.6945684868,-74.8949486655,-75.7024542707,-76.2047510006,-75.4503743301
76797416.687011719,76.797416687012,797416.687012,-2583.31298828,-29.641140975,9.6523636468663323e-06,3.5701673117798536e-05,2.4243075736905952e-05,2.3908698463550481e-05,2.8220528380124719e-05,-50.1536632468,-44.473114307,-46.1541228175,-46.2144406527,-45.494348591,-79.7948042218,-74.114255282,-75.7952637925,-75.8555816277,-75.135489566
76797561.645507812,76.797561645508,797561.645508,-2438.35449219,-29.6395627249,1.1877191022795562e-05,3.3390763028958238e-05,2.3133738705604987e-05,2.8328963515950623e-05,3.6853967381843021e-05,-49.2528625864,-44.7637365655,-46.3575417406,-45.4776931491,-44.3351575287,-78.8924253114,-74.4032992904,-75.9971044655,-75.117255874,-73.9747202536
76797706.604003906,76.797706604004,797706.604004,-2293.39599609,-29.6379847618,1.1014260103063338e-05,2.5007076609810749e-05,1.904236640510672e-05,2.4296128626573466e-05,3.303430370041371e-05,-49.5804467182,-46.0193707542,-47.2027908259,-46.1446292188,-44.8103484285,-79.21843148,-75.657355516,-76.8407755877,-75.7826139806,-74.4483331903
76797851.5625,76.797851562500,797851.5625,-2148.4375,-29.6364070857,9.4152218246122206e-06,2.6117452476952032e-05,2.0909553282666538e-05,2.5346536697230641e-05,3.6842798338647025e-05,-50.2616944346,-45.8306918686,-46.7965524547,-45.9608137345,-44.3364739105,-79.8981015202,-75.4670989543,-76.4329595404,-75.5972208202,-73.9728809961
76797996.520996094,76.797996520996,797996.520996,-2003.47900391,-29.6348296963,1.0945958644932306e-05,3.365451944528911e-05,2.2771646672571658e-05,2.5556872680624013e-05,4.0578676703977254e-05,-49.60746197,-44.7295660638,-46.4260556337,-45.924922906,-43.9170211969,-79.2422916664,-74.3643957601,-76.06088533,-75.5597526024,-73.5518508932
76798141.479492188,76.798141479492,798141.479492,-1858.52050781,-29.6332525937,1.107176195037882e-05,3.8290960881118827e-05,3.494755727370242e-05,2.6362393090652953e-05,4.7566489865196379e-05,-49.5578326038,-44.1690373524,-44.565831747,-45.7901516848,-43.2269889585,-79.1910851976,-73.8022899461,-74.1990843407,-75.4234042785,-72.8602415522
76798286.437988281,76.798286437988,798286.437988,-1713.56201172,-29.6316757777,1.2173233943336637e-05,3.4534336437661081e-05,3.8078175739769847e-05,2.769551932197879e-05,4.3089826489523488e-05,-49.145940317,-44.6174888436,-44.1932386609,-45.5759048693,-43.6562525469,-78.7776160947,-74.2491646213,-73.8249144387,-75.2075806471,-73.2879283246
76798431.396484375,76.798431396484,798431.396484,-1568.60351562,-29.6300992482,1.5633028042157139e-05,3.4746787647419884e-05,2.8940753218141725e-05,2.7056450490539549e-05,5.1029602425341283e-05,-48.0595689309,-44.5908533989,-45.3849017003,-45.6772917867,-42.9217781527,-77.6896681791,-74.2209526472,-75.0150009485,-75.307391035,-72.5518774009
76798576.354980469,76.798576354980,798576.35498,-1423.64501953,-29.6285230052,1.2837426580367122e-05,2.602427118404349e-05,2.1876724750169921e-05,2.6818860027168252e-05,4.6218543851014777e-05,-48.915220272,-45.8462142417,-46.6001769739,-45.7155968638,-43.3518374141,-78.5437432771,-75.4747372468,-76.2286999791,-75.344119869,-72.9803604192
76798721.313476562,76.798721313477,798721.313477,-1278.68652344,-29.6269470484,1.1615215265665056e-05,3.754425823919767e-05,2.3174011149836376e-05,2.2211269433404798e-05,3.006435576109149e-05,-49.3497273698,-44.2545647159,-46.3499878842,-46.5342661965,-45.2194809807,-78.9766744181,-73.8815117643,-75.9769349325,-76.1612132449,-74.8464280291
76798866.271972656,76.798866271973,798866.271973,-1133.72802734,-29.6253713778,1.1543065510217096e-05,3.7501826922570544e-05,2.8988974403578679e-05,1.7240980315097048e-05,2.1669754693542298e-05,-49.3767883959,-44.2594757486,-45.3776714921,-47.63438044,-46.6414600496,-79.0021597737,-73.8848471264,-75.0030428699,-77.2597518178,-76.2668314274
76799011.23046875,76.799011230469,799011.230469,-988.76953125,-29.6237959933,7.5765856707354799e-06,2.743526533163145e-05,2.0979060859802983e-05,2.094602192865316e-05,3.3973331256020398e-05,-51.2052646171,-45.616908353,-46.7821395716,-46.7889844613,-44.6886186628,-80.8290606104,-75.2407043464,-76.4059355649,-76.4127804547,-74.3124146562
76799156.188964844,76.799156188965,799156.188965,-843.811035156,-29.6222208948,1.1291136883703692e-05,3.5129199305011163e-05,1.815133394927121e-05,3.3365898386734583e-05,3.0762466247348287e-05,-49.4726232756,-44.5433174891,-47.4109145297,-44.7669717715,-45.119788498,-79.0948441705,-74.1655383839,-77.0331354245,-74.3891926663,-74.7420093928
76799301.147460938,76.799301147461,799301.147461,-698.852539062,-29.6206460822,1.0228310941148957e-05,3.6981548334687142e-05,2.0850290618265617e-05,2.561762547249849e-05,3.6407966151043221e-05,-49.9019607787,-44.3201490986,-46.8088788731,-45.9146112799,-44.3880358127,-79.5226068609,-73.9407951808,-76.4295249553,-75.5352573621,-74.0086818949
76799446.105957031,76.799446105957,799446.105957,-553.894042969,-29.6190715554,9.2998032941740583e-06,4.0040285530348229e-05,2.6849645502013122e-05,1.9734330400623535e-05,3.4432385887059481e-05,-50.3152623738,-43.9750283419,-45.7106144395,-47.0477760493,-44.6303288314,-79.9343339292,-73.5940998974,-75.3296859949,-76.6668476047,-74.2494003868
76799591.064453125,76.799591064453,799591.064453,-408.935546875,-29.6174973143,1.0060979251303224e-05,2.8297306822360284e-05,2.2615465739209212e-05,1.8695094308463867e-05,2.9670750826744852e-05,-49.9735974664,-45.482548962,-46.4559446404,-47.2827233968,-45.276714636,-79.5910947807,-75.1000462763,-76.0734419546,-76.9002207111,-74.8942119503
76799736.022949219,76.799736022949,799736.022949,-263.977050781,-29.6159233587,1.0788313153645524e-05,2.6480776801468385e-05,2.1715448119049752e-05,1.563828357058988e-05,3.6740878200940846e-05,-49.6704645572,-45.7706927922,-46.6323120413,-48.0581091603,-44.3485046716,-79.2863879159,-75.3866161509,-76.2482354,-77.674032519,-73.9644280303
76799880.981445312,76.799880981445,799880.981445,-119.018554688,-29.6143496886,9.0530439719735093e-06,3.4649818887554621e-05,2.316877538101114e-05,1.9726915915474219e-05,3.7451631430406393e-05,-50.4320537019,-44.6029903108,-46.3509692086,-47.0494080657,-44.2652925925,-80.0464033905,-74.2173399994,-75.9653188973,-76.6637577543,-73.8796422811
76800025.939941406,76.800025939941,800025.939941,25.9399414062,-29.6127763039,1.057400039695523e-05,3.7821676497489248e-05,2.4438107389704587e-05,2.1910837301784444e-05,3.4896771730709365e-05,-49.7576067763,-44.2225922437,-46.1193243108,-46.5934102597,-44.5721474738,-79.3703830802,-73.8353685476,-75.7321006147,-76.2061865636,-74.1849237777
76800170.8984375,76.800170898438,800170.898438,170.8984375,-29.6112032045,1.5355467324141611e-05,4.1207641104668892e-05,2.4347511696926471e-05,2.6972525898317094e-05,3.0350071274277027e-05,-48.1373696182,-43.8502224557,-46.1354541685,-45.6907838123,-45.1784028469,-77.7485728227,-73.4614256602,-75.746657373,-75.3019870168,-74.7896060513
76800315.856933594,76.800315856934,800315.856934,315.856933594,-29.6096303902,1.3339535776790173e-05,4.3168343162566164e-05,2.1375905066686874e-05,3.185142178562506e-05,3.0491405772745371e-05,-48.7485928384,-43.6483461961,-46.7007548796,-44.9687117683,-45.158225525,-78.3582232286,-73.2579765863,-76.3103852698,-74.5783421585,-74.7678559152
76800460.815429688,76.800460815430,800460.81543,460.815429688,-29.608057861,1.2392210919765854e-05,4.2670899646093119e-05,2.1571862750461351e-05,2.0645381886221139e-05,3.9229233017321326e-05,-49.0685120334,-43.6986820066,-46.6611235154,-46.8517707939,-44.0639018281,-78.6765698944,-73.3067398675,-76.2691813764,-76.4598286549,-73.6719596891
76800605.773925781,76.800605773926,800605.773926,605.773925781,-29.6064856167,1.4909692106076361e-05,3.6341791521070837e-05,2.1864264546869138e-05,2.6345792673936414e-05,4.9473012015069345e-05,-48.2653132489,-44.3959366733,-46.6026512653,-45.7928873014,-43.0563164812,-77.8717988656,-74.00242229,-76.209136882,-75.3993729181,-72.6628020979
76800750.732421875,76.800750732422,800750.732422,750.732421875,-29.6049136573,1.5068018470887175e-05,3.1508418625018911e-05,1.8265247365115837e-05,2.6721771022832471e-05,5.1933241001940862e-05,-48.219438561,-45.0157339307,-47.3837444179,-45.7313476177,-42.8455457351,-77.8243522182,-74.620647588,-76.9886580752,-75.336261275,-72.4504593924
76800895.690917969,76.800895690918,800895.690918,895.690917969,-29.6033419826,1.2797194864688455e-05,3.2742013082725088e-05,2.2719575853527478e-05,2.2418164929420332e-05,3.8738554615951317e-05,-48.9288521694,-44.848946223,-46.4359978063,-46.4939994007,-44.1185658739,-78.532194152,-74.4522882056,-76.0393397889,-76.0973413834,-73.7219078565
76801040.649414062,76.801040649414,801040.649414,1040.64941406,-29.6017705926,1.1367492808808675e-05,3.516593934329681e-05,1.837865036555859e-05,1.7982326118795249e-05,2.2342016100148986e-05,-49.4433531186,-44.5387777734,-47.3568638415,-47.4515413044,-46.5087763956,-79.0451237112,-74.140548366,-76.9586344341,-77.0533118971,-76.1105469882
76801185.607910156,76.801185607910,801185.60791,1185.60791016,-29.6001994871,9.949084851400082e-06,2.6659304279077256e-05,2.2351057995356469e-05,2.1192374239422112e-05,3.4344262844039504e-05,-50.0221686521,-45.7415118844,-46.5070191456,-46.7382038537,-44.6414580077,-79.6223681393,-75.3417113716,-76.1072186327,-76.3384033408,-74.2416574948
76801330.56640625,76.801330566406,801330.566406,1330.56640625,-29.5986286661,1.1286088550364779e-05,3.4482530605225515e-05,2.744401602455347e-05,2.473795781668386e-05,4.5319482399306493e-05,-49.4745654659,-44.6240086966,-45.6155233576,-46.0663615538,-43.4371505892,-79.073194132,-74.2226373627,-75.2141520237,-75.6649902199,-73.0357792554
76801475.524902344,76.801475524902,801475.524902,1475.52490234,-29.5970581294,9.7931548362705268e-06,3.2240187140174643e-05,2.6058733567371801e-05,2.5742184735747223e-05,3.9966858637348637e-05,-50.0907737896,-44.9160244597,-45.8404669446,-45.8935459735,-43.9829998559,-79.687831919,-74.5130825891,-75.437525074,-75.490604103,-73.5800579854
76801620.483398438,76.801620483398,801620.483398,1620.48339844,-29.595487877,1.1854928102180938e-05,3.1692541288759055e-05,2.2389467361937303e-05,1.9789956981451491e-05,3.8414509505681388e-05,-49.2610107559,-44.990429352,-46.4995623802,-47.0355514984,-44.1550470771,-78.8564986329,-74.585917229,-76.0950502572,-76.6310393754,-73.7505349541
76801765.441894531,76.801765441895,801765.441895,1765.44189453,-29.5939179087,1.1318620893469938e-05,2.7979133869872342e-05,2.3156690939684054e-05,1.8147595261762307e-05,3.9887044309377083e-05,-49.4620648612,-45.5316573378,-46.3532350061,-47.4118091519,-43.9916814438,-79.0559827699,-75.1255752465,-75.9471529148,-77.0057270605,-73.5855993525
76801910.400390625,76.801910400391,801910.400391,1910.40039062,-29.5923482244,1.1076460711261328e-05,4.3990093570093613e-05,2.4447627669224936e-05,2.1313157547590026e-05,3.2372541689116042e-05,-49.5559898863,-43.5664511425,-46.1176327724,-46.7135220472,-44.8982320118,-79.1483381106,-73.1587993669,-75.7099809968,-76.3058702716,-74.4905802362
76802055.358886719,76.802055358887,802055.358887,2055.35888672,-29.590778824,1.309788028266898e-05,5.4352612725542251e-05,2.3498756771852345e-05,2.2825025985783691e-05,3.3518113798251651e-05,-48.8279898343,-42.6477957458,-46.2895511396,-46.4158871936,-44.7472042889,-78.4187686583,-72.2385745698,-75.8803299636,-76.0066660176,-74.3379831129
76802200.317382812,76.802200317383,802200.317383,2200.31738281,-29.5892097075,1.2982995699284628e-05,3.190345725301467e-05,2.1452859511530577e-05,1.9767488939626788e-05,3.8959111016149125e-05,-48.8662508677,-44.961622516,-46.685148113,-47.0404849553,-44.0939096158,-78.4554605752,-74.5508322235,-76.2743578205,-76.6296946628,-73.6831193233
76802345.275878906,76.802345275879,802345.275879,2345.27587891,-29.5876408747,1.1223935817841356e-05,3.7536096783982292e-05,2.0127355699320359e-05,1.7709624735746191e-05,3.4674426889140316e-05,-49.4985482541,-44.2555088977,-46.962132783,-47.5179064135,-44.5999070836,-79.0861891288,-73.8431497724,-76.5497736577,-77.1055472882,-74.1875479583
76802490.234375,76.802490234375,802490.234375,2490.234375,-29.5860723255,1.121046278474837e-05,3.2376293962999874e-05,2.4044286725860566e-05,2.3174693702161278e-05,3.1899391170756045e-05,-49.5037645871,-44.8977286539,-46.1898810175,-46.3498599718,-44.9621760577,-79.0898369126,-74.4838009794,-75.775953343,-75.9359322973,-74.5482483833
76802635.192871094,76.802635192871,802635.192871,2635.19287109,-29.5845040599,1.0931999905968367e-05,3.1550583314503824e-05,2.4681614934153453e-05,2.1600625522743307e-05,4.076304356247973e-05,-49.6130038071,-45.0099260701,-46.0762642754,-46.6553367213,-43.8973339697,-79.197507867,-74.5944301299,-75.6607683352,-76.2398407812,-73.4818380295
76802780.151367188,76.802780151367,802780.151367,2780.15136719,-29.5829360776,8.154236530774515e-06,3.461835624655927e-05,1.6194387116555809e-05,2.1153319399655201e-05,3.8103216818229133e-05,-50.8861669508,-44.606935572,-47.906354834,-46.7462147302,-44.1903835799,-80.4691030284,-74.1898716496,-77.4892909116,-76.3291508079,-73.7733196575
76802925.109863281,76.802925109863,802925.109863,2925.10986328,-29.5813683787,8.6303837581521095e-06,3.1290507555032739e-05,2.6537313930130755e-05,2.2416059666292371e-05,3.0360548607615784e-05,-50.6396989254,-45.0458739222,-45.7614303793,-46.4944072607,-45.1769038511,-80.2210673041,-74.6272423009,-75.342798758,-76.0757756393,-74.7582722298
76803070.068359375,76.803070068359,803070.068359,3070.06835938,-29.5798009629,1.0447561854969295e-05,3.1607727910587028e-05,2.5740403093684907e-05,1.7702686851391668e-05,3.2791215286351895e-05,-49.8098504893,-45.0020672186,-45.8938465634,-47.5196081295,-44.842424875,-79.3896514522,-74.5818681815,-75.4736475264,-77.0994090925,-74.4222258379
76803215.026855469,76.803215026855,803215.026855,3215.02685547,-29.5782338303,8.2647519868982752e-06,3.560913369559081e-05,2.4218628978269192e-05,2.0430708076849784e-05,3.1337121414678755e-05,-50.8277017444,-44.4843859178,-46.15850446,-46.8971658155,-45.0394089974,-80.4059355747,-74.0626197481,-75.7367382903,-76.4753996459,-74.6176428277
76803359.985351562,76.803359985352,803359.985352,3359.98535156,-29.5766669807,7.0972981976093055e-06,3.790396051323347e-05,2.8416512854936884e-05,2.0783124108705247e-05,3.4128261618413093e-05,-51.4890694722,-44.2131540905,-45.4642921778,-46.8228916894,-44.6688583269,-81.0657364529,-73.7898210712,-75.0409591585,-76.3995586702,-74.2455253077
76803504.943847656,76.803504943848,803504.943848,3504.94384766,-29.575100414,1.3167262132162186e-05,2.9948986543412675e-05,2.88035617249127e-05,2.3928644750246186e-05,3.7327959852710569e-05,-48.8050451847,-45.236178693,-45.4055380593,-46.2108189788,-44.2796574565,-78.3801455987,-74.8112791071,-74.9806384733,-75.7859193929,-73.8547578705
76803649.90234375,76.803649902344,803649.902344,3649.90234375,-29.5735341301,1.3334837455606604e-05,3.7107058983173274e-05,1.8969125772393898e-05,2.3278405886936027e-05,4.219763128602007e-05,-48.7501227375,-44.3054346543,-47.2195268392,-46.3304676364,-43.7471192696,-78.3236568677,-73.8789687844,-76.7930609694,-75.9040017665,-73.3206533997
76803794.860839844,76.803794860840,803794.86084,3794.86083984,-29.5719681289,9.5513668341409466e-06,2.9460157575744146e-05,2.1101090573575851e-05,1.3700514671975603e-05,3.6769422617718253e-05,-50.199344749,-45.3076493454,-46.7569509836,-48.6326311788,-44.3451318971,-79.771312878,-74.8796174744,-76.3289191125,-78.2045993077,-73.917100026
76803939.819335938,76.803939819336,803939.819336,3939.81933594,-29.5704024103,8.5819292383123869e-06,2.4679820135970338e-05,2.1984157366018584e-05,1.3043819600505632e-05,2.8327023800221205e-05,-50.6641507073,-46.0765800972,-46.5789017586,-48.8459521623,-45.4779905255,-80.2345531177,-75.6469825075,-76.1493041689,-78.4163545727,-75.0483929359
76804084.777832031,76.804084777832,804084.777832,4084.77783203,-29.5688369742,9.9002360534032376e-06,3.4669890209785711e-05,1.9407864023296658e-05,2.0545067217944814e-05,3.3046952359366087e-05,-50.043544503,-44.6004753364,-47.1202225925,-46.872924335,-44.8086858563,-79.6123814773,-74.1693123106,-76.6890595667,-76.4417613093,-74.3775228306
76804229.736328125,76.804229736328,804229.736328,4229.73632812,-29.5672718205,7.7097598898363831e-06,2.5269538789464299e-05,3.1552601559495886e-05,2.2775020762418353e-05,4.7803956536068624e-05,-51.1295914726,-45.9740268459,-45.0096482671,-46.4254121844,-43.2053615714,-80.6968632931,-75.5412986665,-74.5769200876,-75.9926840049,-72.7726333919
76804374.694824219,76.804374694824,804374.694824,4374.69482422,-29.5657069491,8.0360755497012511e-06,3.3147177071627041e-05,2.6935714264034246e-05,1.4930985351664794e-05,5.0084630367356631e-05,-50.9495598896,-44.7955345171,-45.6967150362,-48.2591153061,-43.0029552704,-80.5152668388,-74.3612414662,-75.2624219853,-77.8248222552,-72.5686622195
76804519.653320312,76.804519653320,804519.65332,4519.65332031,-29.5641423599,1.3661600729290858e-05,5.3399510986225888e-05,2.4340191782646307e-05,1.6918505706910873e-05,4.0832184419372173e-05,-48.644984114,-42.7246272007,-46.1367600417,-47.7163799779,-43.8899738579,-78.2091264739,-72.2887695606,-75.7009024016,-77.2805223378,-73.4541162178
76804664.611816406,76.804664611816,804664.611816,4664.61181641,-29.5625780528,1.4169785478073622e-05,4.6542504759711367e-05,2.1813591906418179e-05,1.5389177011961449e-05,4.0190004231085967e-05,-48.4863672466,-43.3215024816,-46.61272816,-48.1278460491,-43.9588194809,-78.0489452993,-72.8840805344,-76.1753062128,-77.6904241018,-73.5213975336
76804809.5703125,76.804809570312,804809.570312,4809.5703125,-29.5610140276,1.4326112568435496e-05,4.3577768682143165e-05,2.5445896490523426e-05,2.3116898265356818e-05,3.4692141081100022e-05,-48.4387164066,-43.6073501075,-45.9438224379,-46.3607043827,-44.5976889615,-77.9997304343,-73.1683641352,-75.5048364655,-75.9217184103,-74.1587029891
76804954.528808594,76.804954528809,804954.528809,4954.52880859,-29.5594502844,1.3151425856609526e-05,4.0467560812375472e-05,2.8494226179891231e-05,2.3159135462331327e-05,3.1803818411159345e-05,-48.8102715911,-43.9289297198,-45.452431327,-46.3527765699,-44.9752073488,-78.3697218754,-73.4883800041,-75.0118816114,-75.9122268543,-74.5346576332
76805099.487304688,76.805099487305,805099.487305,5099.48730469,-29.5578868229,1.0804607271166872e-05,3.3016052722025425e-05,2.9062480453453834e-05,1.9456617698190399e-05,3.6183468127752215e-05,-49.6639101435,-44.8127485062,-45.3666732186,-47.1093265444,-44.4148980905,-79.2217969664,-74.3706353291,-74.9245600415,-76.6672133673,-73.9727849134
76805244.445800781,76.805244445801,805244.445801,5244.44580078,-29.5563236431,1.1259505978774145e-05,3.7238551523545595e-05,2.2985229757111541e-05,2.5789635304540559e-05,3.384829393413529e-05,-49.4848066414,-44.2900722021,-46.3855115075,-45.8855479925,-44.704632163,-79.0411302845,-73.8463958453,-75.9418351506,-75.4418716356,-74.2609558062
76805389.404296875,76.805389404297,805389.404297,5389.40429688,-29.5547607449,1.1204308271700262e-05,3.1353009452620242e-05,2.0158860427599974e-05,2.6349870954776983e-05,2.5294673562545398e-05,-49.5061495065,-45.0372076661,-46.9553402203,-45.7922150735,-45.9697092096,-79.0609102514,-74.591968411,-76.5101009652,-75.3469758184,-75.5244699545
76805534.362792969,76.805534362793,805534.362793,5534.36279297,-29.5531981282,8.9377191645413113e-06,3.7763714449343156e-05,2.1901314588052388e-05,2.2932939884183794e-05,2.82294427516826e-05,-50.4877329559,-44.2292529495,-46.5952981661,-46.395402674,-45.4929769473,-80.0409310841,-73.7824510777,-76.1484962943,-75.9486008022,-75.0461750755
76805679.321289062,76.805679321289,805679.321289,5679.32128906,-29.5516357929,6.8148334446041447e-06,4.0710501115121913e-05,2.091874639234831e-05,1.925213871098023e-05,3.024528252320302e-05,-51.6654475391,-43.9029355175,-46.794643452,-47.1552101791,-45.1934235436,-81.217083332,-73.4545713104,-76.3462792448,-76.7068459719,-74.7450593365
76805824.279785156,76.805824279785,805824.279785,5824.27978516,-29.5500737388,6.5521583960546777e-06,3.3351983111017873e-05,2.2923179869911246e-05,1.757574126981762e-05,2.7806287974322639e-05,-51.8361561221,-44.768783378,-46.3972513783,-47.5508634923,-45.558569838,-81.3862298609,-74.3188571168,-75.9473251171,-77.1009372311,-75.1086435768
76805969.23828125,76.805969238281,805969.238281,5969.23828125,-29.5485119659,9.3346175338198961e-06,3.2282307879683608e-05,2.2003248819157551e-05,1.8944645905135702e-05,3.3040658154216567e-05,-50.2990347165,-44.9103542489,-46.5751319008,-47.2251350772,-44.8095131033,-79.8475466824,-74.4588662149,-76.1236438668,-76.7736470432,-74.3580250692
76806114.196777344,76.806114196777,806114.196777,6114.19677734,-29.5469504741,9.6775950177773665e-06,3.6517691042939088e-05,2.0668216487771363e-05,2.1745853807092955e-05,3.1354178659119527e-05,-50.1423255594,-44.3749669004,-46.8469699812,-46.6262353597,-45.0370457134,-79.6892760336,-73.9219173745,-76.3939204553,-76.1731858338,-74.5839961875
76806259.155273438,76.806259155273,806259.155273,6259.15527344,-29.5453892633,1.2310661307160876e-05,3.9883580017102792e-05,2.5782910170844788e-05,1.8285238464983876e-05,3.3992747006779102e-05,-49.097186169,-43.9920586561,-45.8866806449,-47.3789937148,-44.6861373799,-78.6425754323,-73.5374479194,-75.4320699082,-76.9243829781,-74.2315266432
76806404.113769531,76.806404113770,806404.11377,6404.11376953,-29.5438283334,1.1981938212350018e-05,3.3588198549184029e-05,2.9862668040793988e-05,2.2297936276195039e-05,2.892720055808681e-05,-49.2147292428,-44.7381328824,-45.2487139341,-46.5173533002,-45.3869359335,-78.7585575762,-74.2819612158,-74.7925422674,-76.0611816335,-74.9307642668
76806549.072265625,76.806549072266,806549.072266,6549.07226562,-29.5422676842,9.7488397036350387e-06,2.658099056570446e-05,2.1749701982156175e-05,2.6280360667761728e-05,3.8793437153505614e-05,-50.1104707049,-45.754288387,-46.6254668944,-45.8036867888,-44.1124173959,-79.652738389,-75.2965560712,-76.1677345786,-75.345954473,-73.6546850801
76806694.030761719,76.806694030762,806694.030762,6694.03076172,-29.5407073157,9.3891360603290388e-06,3.9761104546355169e-05,2.4851448314960923e-05,2.3865116404938171e-05,3.956902795661295e-05,-50.2737436742,-44.0054155959,-46.0464829599,-46.2223644297,-44.0264461838,-79.8144509899,-73.5461229116,-75.5871902756,-75.7630717454,-73.5671534995
76806838.989257812,76.806838989258,806838.989258,6838.98925781,-29.5391472277,7.9954943765185255e-06,3.5157450417832442e-05,2.7360875841072586e-05,2.3993083357570299e-05,3.220257796023375e-05,-50.9715467784,-44.5398262705,-45.6287000465,-46.1991393715,-44.921093597,-80.5106940061,-74.0789734982,-75.1678472743,-75.7382865992,-74.4602408247
76806983.947753906,76.806983947754,806983.947754,6983.94775391,-29.5375874203,1.1218514534453522e-05,2.5858587960813488e-05,1.8783997133747245e-05,1.6134758974026871e-05,3.3385382089291331e-05,-49.5006464506,-45.8739519398,-47.262119867,-47.9223751784,-44.7644364899,-79.0382338709,-75.4115393601,-76.7997072873,-77.4599625986,-74.3020239101
76807128.90625,76.807128906250,807128.90625,7128.90625,-29.5360278932,1.4129742453893104e-05,3.1281945601268011e-05,2.3545182010015965e-05,2.0111419055850731e-05,3.3468301849621475e-05,-48.4986575407,-45.0470624354,-46.2809794801,-46.9655728463,-44.7536632278,-78.0346854339,-74.5830903286,-75.8170073732,-76.5016007395,-74.289691121
76807273.864746094,76.807273864746,807273.864746,7273.86474609,-29.5344686464,1.4902850939447417e-05,3.42052589459893e-05,2.9400420139691341e-05,2.6813530317739591e-05,3.0038300049547829e-05,-48.267306424,-44.6590711746,-45.3164646336,-45.7164600226,-45.223246489,-77.8017750704,-74.193539821,-74.85093328,-75.250928669,-74.7577151354
76807418.823242188,76.807418823242,807418.823242,7418.82324219,-29.5329096797,1.3360559484581735e-05,3.4527501344084184e-05,2.9803427234490247e-05,2.3632417487318198e-05,2.5706810248911396e-05,-48.7417535504,-44.6183484916,-45.2573379151,-46.2649184977,-45.8995180812,-78.2746632301,-74.1512581713,-74.7902475949,-75.7978281775,-75.4324277609
76807563.781738281,76.807563781738,807563.781738,7563.78173828,-29.5313509931,1.0829889737313931e-05,3.4520441077818477e-05,3.04868470285671e-05,1.9445255785824194e-05,4.1070164516472268e-05,-49.6537596505,-44.6192366381,-45.1588748836,-47.111863397,-43.8647355747,-79.1851106436,-74.1505876313,-74.6902258767,-76.6432143902,-73.3960865679
76807708.740234375,76.807708740234,807708.740234,7708.74023438,-29.5297925865,1.0517875486859425e-05,3.385428126573016e-05,2.8596829078427282e-05,2.2128167453410386e-05,3.5213044457963945e-05,-49.7807197477,-44.7038640194,-45.4368212037,-46.5505455073,-44.5329642497,-79.3105123343,-74.2336566059,-74.9666137902,-76.0803380938,-74.0627568362
76807853.698730469,76.807853698730,807853.69873,7853.69873047,-29.5282344598,1.2114191610243651e-05,2.8498397581790241e-05,2.5810137334274282e-05,2.2923830725504581e-05,4.013486959892735e-05,-49.1670556138,-45.4517955897,-45.8820968459,-46.3971280713,-43.9647814374,-78.6952900736,-74.9800300495,-75.4103313057,-75.9253625311,-73.4930158972
76807998.657226562,76.807998657227,807998.657227,7998.65722656,-29.5266766128,1.0607263464633762e-05,3.4595738943684979e-05,2.228218670361777e-05,2.0522320304176853e-05,3.6214321869303931e-05,-49.7439664395,-44.609773887,-46.5204219111,-46.8777353838,-44.4111964276,-79.2706430523,-74.1364504998,-76.047098524,-76.4044119966,-73.9378730404
76808143.615722656,76.808143615723,808143.615723,8143.61572266,-29.5251190455,9.5389308718846363e-06,3.0929087808324273e-05,2.175268637954031e-05,1.954401640841728e-05,2.8194362295000662e-05,-50.2050029851,-45.0963288846,-46.6248710157,-47.0898618142,-45.4983772391,-79.7301220306,-74.6214479301,-76.1499900612,-76.6149808597,-75.0234962846
76808288.57421875,76.808288574219,808288.574219,8288.57421875,-29.5235617578,1.1814848535019541e-05,2.4043961990728548e-05,2.8397216049897905e-05,1.7777838857743572e-05,3.0214991660676134e-05,-49.275718416,-46.1899396725,-45.4672423437,-47.5012103466,-45.1977752128,-78.7992801738,-75.7135014302,-74.9908041015,-77.0247721044,-74.7213369706
76808433.532714844,76.808433532715,808433.532715,8433.53271484,-29.5220047495,1.0117721371589218e-05,3.1073501261671716e-05,3.026519561081437e-05,2.4896639696040012e-05,2.9745020489711687e-05,-49.9491728465,-45.0760980909,-45.190565148,-46.0385926575,-45.2658572758,-79.471177596,-74.5981028404,-74.7125698975,-75.560597407,-74.7878620253
76808578.491210938,76.808578491211,808578.491211,8578.49121094,-29.5204480206,8.9356058651076444e-06,2.3087325316250237e-05,2.9516300377176433e-05,2.3670110540419932e-05,2.8342767416577663e-05,-50.4887599549,-46.3662637751,-45.2993807864,-46.2579971389,-45.4755774706,-80.0092079754,-75.8867117956,-74.819828807,-75.7784451595,-74.9960254912
76808723.449707031,76.808723449707,808723.449707,8723.44970703,-29.5188915709,9.4111286086935108e-06,3.0684611373260753e-05,3.1877162683884349e-05,2.058279837111783e-05,4.0051600666844883e-05,-50.2635829165,-45.1307937277,-44.9652034115,-46.8649558028,-43.973801226,-79.7824744874,-74.6496852987,-74.4840949825,-76.3838473737,-73.492692797
76808868.408203125,76.808868408203,808868.408203,8868.40820312,-29.5173354005,8.7698124209930962e-06,2.9426054210039949e-05,3.1935126402546543e-05,1.4128809046772904e-05,3.8921622833746941e-05,-50.5700969573,-45.3126796929,-44.9573136052,-48.4989444439,-44.0980906015,-80.0874323578,-74.8300150933,-74.4746490057,-78.0162798444,-73.615426002
76809013.366699219,76.809013366699,809013.366699,9013.36669922,-29.5157795091,1.0307452922469057e-05,3.1151713267021578e-05,3.0849966495175364e-05,1.568649968090175e-05,3.6932198499261527e-05,-49.8684864009,-45.0651806323,-45.107453033,-48.04473955,-44.3259483891,-79.3842659099,-74.5809601413,-74.6232325421,-77.5605190591,-73.8417278981
76809158.325195312,76.809158325195,809158.325195,9158.32519531,-29.5142238966,8.9364189583812174e-06,2.5916259885292662e-05,3.2094488614929219e-05,2.6653439671360575e-05,3.5830581009749488e-05,-50.4883647876,-45.8642767365,-44.9356953986,-45.7424673659,-44.4574614949,-80.0025886843,-75.3785006331,-74.4499192952,-75.2566912625,-73.9716853915
76809303.283691406,76.809303283691,809303.283691,9303.28369141,-29.512668563,1.1784721696573301e-05,3.5566074646548523e-05,3.0145080077131067e-05,2.8165124474964751e-05,3.8050999543290696e-05,-49.2868066915,-44.4896406435,-45.2078355814,-45.5028832507,-44.1963393047,-78.7994752545,-74.0023092065,-74.7205041445,-75.0155518138,-73.7090078678
76809448.2421875,76.809448242188,809448.242188,9448.2421875,-29.5111135082,1.0748998309464517e-05,3.1118729264533699e-05,2.5323053894434307e-05,2.3345030180603081e-05,4.4764785852483104e-05,-49.6863200542,-45.0697814577,-45.9648392071,-46.3180556027,-43.4906348876,-79.1974335624,-74.5808949659,-75.4759527154,-75.829169111,-73.0017483958
76809593.200683594,76.809593200684,809593.200684,9593.20068359,-29.5095587321,1.3874855660068742e-05,3.7873530376947251e-05,3.1489238040042148e-05,2.3520205490868979e-05,4.2086831875651795e-05,-48.5777152614,-44.2166421028,-45.0183784806,-46.2855888824,-43.7585376493,-78.0872739935,-73.7262008349,-74.5279372128,-75.7951476145,-73.2680963814
76809738.159179688,76.809738159180,809738.15918,9738.15917969,-29.5080042345,1.3684628778315671e-05,3.4617395025419192e-05,2.5381308391699757e-05,3.0562058745112646e-05,3.3805138124201163e-05,-48.6376697916,-44.6070561609,-45.9548599404,-45.1481739383,-44.7101728524,-78.1456740261,-74.1150603954,-75.4628641749,-74.6561781728,-74.218177087
76809883.117675781,76.809883117676,809883.117676,9883.11767578,-29.5064500154,1.3368254620619632e-05,2.7895256025854336e-05,3.0195486420344058e-05,2.9111980628450949e-05,3.6790394351993326e-05,-48.7392529118,-45.5446964823,-45.2005796993,-45.3592824641,-44.3426555699,-78.2457029272,-75.0511464977,-74.7070297147,-74.8657324795,-73.8491055853
76810028.076171875,76.810028076172,810028.076172,10028.0761719,-29.5048960747,1.0241482177012496e-05,3.0371772561381423e-05,2.936556286989902e-05,2.7693765779867537e-05,3.3070050809549398e-05,-49.8963718645,-45.1752986099,-45.3216167032,-45.5761798516,-44.8056513783,-79.4012679392,-74.6801946846,-74.8265127779,-75.0810759263,-74.3105474529
76810173.034667969,76.810173034668,810173.034668,10173.034668,-29.5033424122,1.1275477251634235e-05,3.7159596842210888e-05,2.8986460950362068e-05,2.3589739404561745e-05,3.0773196599589566e-05,-49.4786506689,-44.2992900647,-45.3780480581,-46.2727685673,-45.1182738859,-78.9819930811,-73.8026324769,-74.8813904703,-75.7761109795,-74.6216162981
76810317.993164062,76.810317993164,810317.993164,10317.9931641,-29.5017890279,1.256437383026939e-05,3.4543356203383187e-05,3.5841627252347107e-05,2.7327833641663988e-05,3.1132199702556073e-05,-49.0085915043,-44.6163546903,-44.4561228108,-45.6339479475,-45.0679019236,-78.5103805322,-74.1181437182,-73.9579118387,-75.1357369754,-74.5696909515
76810462.951660156,76.810462951660,810462.95166,10462.9516602,-29.5002359217,8.4014240070769124e-06,4.0223926371460977e-05,1.9262435218535567e-05,2.3504252487340328e-05,3.2482687396251138e-05,-50.7564709656,-43.9551553895,-47.1528880885,-46.2885355625,-44.8834804738,-80.2567068873,-73.4553913112,-76.6531240101,-75.7887714842,-74.3837163955
76810607.91015625,76.810607910156,810607.910156,10607.9101562,-29.4986830934,8.8755771472303629e-06,4.4319713655731888e-05,2.7950124625342003e-05,2.1080635143889751e-05,3.6339959242355299e-05,-50.5180339673,-43.5340305419,-45.5361625132,-46.7611630829,-44.3961556412,-80.0167170607,-73.0327136354,-75.0348456066,-76.2598461763,-73.8948387346
76810752.868652344,76.810752868652,810752.868652,10752.8686523,-29.497130543,1.0080759982996966e-05,4.4822348304468511e-05,3.1687418734833608e-05,2.476077338250399e-05,3.5988676181840712e-05,-49.9650672543,-43.4850539392,-44.9911313711,-46.0623579461,-44.4383412827,-79.4621977974,-72.9821844822,-74.4882619141,-75.5594884891,-73.9354718257
76810897.827148438,76.810897827148,810897.827148,10897.8271484,-29.4955782704,1.0341214590467466e-05,4.6889930295480039e-05,2.2697323561373305e-05,2.117924595278669e-05,4.0006237589472628e-05,-49.8542844974,-43.2892041286,-46.4402535122,-46.7408950619,-43.9787229018,-79.3498627678,-72.7847823991,-75.9358317826,-76.2364733323,-73.4743011723
76811042.785644531,76.811042785645,811042.785645,11042.7856445,-29.4940262755,1.2781741008193316e-05,3.6152716686598111e-05,2.6779197865352286e-05,2.1345856401974879e-05,3.2593147111751042e-05,-48.9340998665,-44.418590622,-45.7220243583,-46.7068641649,-44.8687370313,-78.428126142,-73.9126168974,-75.2160506338,-76.2008904404,-74.3627633068
76811187.744140625,76.811187744141,811187.744141,11187.7441406,-29.4924745581,1.337586431888765e-05,3.2908715477120547e-05,2.535779783168417e-05,2.1086800916475798e-05,2.8095207281359867e-05,-48.7367814525,-44.8268906915,-45.9588846495,-46.7598930218,-45.5136775941,-78.2292560106,-74.3193652496,-75.4513592076,-76.2523675799,-75.0061521522
76811332.702636719,76.811332702637,811332.702637,11332.7026367,-29.4909231182,1.1410304800785656e-05,2.7110027955964701e-05,2.1537958125949697e-05,2.3363764177395201e-05,4.025147097385399e-05,-49.4270275422,-45.6687003457,-46.6679547173,-46.3145718597,-43.9521824389,-78.9179506604,-75.1596234639,-76.1588778355,-75.8054949779,-73.4431055571
76811477.661132812,76.811477661133,811477.661133,11477.6611328,-29.4893719557,1.1072739066242544e-05,2.8575963825619898e-05,1.9543584887533418e-05,2.740647194598813e-05,3.9311562120973185e-05,-49.557449343,-45.4399911257,-47.089957705,-45.6214686789,-44.0547969831,-79.0468212986,-74.9293630813,-76.5793296607,-75.1108406346,-73.5441689387
76811622.619628906,76.811622619629,811622.619629,11622.6196289,-29.4878210704,1.2038333332400596e-05,2.6120263876025804e-05,2.561980593873709e-05,2.0236076581057895e-05,3.7186944844914431e-05,-49.1943363556,-45.8302243998,-45.9142416421,-46.9387368572,-44.2960950036,-78.682157426,-75.3180454702,-75.4020627125,-76.4265579277,-73.783916074
76811767.578125,76.811767578125,811767.578125,11767.578125,-29.4862704623,1.2929531680174004e-05,3.4377342613180393e-05,2.6968959951749689e-05,2.0408186440463056e-05,3.240131168601351e-05,-48.8841720539,-44.6372769755,-45.6913580163,-46.9019558685,-44.8943740811,-78.3704425162,-74.1235474378,-75.1776284787,-76.3882263309,-74.3806445435
76811912.536621094,76.811912536621,811912.536621,11912.5366211,-29.4847201313,1.3999264925745325e-05,4.236585113783757e-05,2.2523434560145634e-05,1.9837716484529384e-05,3.1616305063685796e-05,-48.5389476768,-43.7298406411,-46.4736538395,-47.0250832085,-45.0008888659,-78.0236678082,-73.2145607725,-75.9583739708,-76.5098033399,-74.4856089973
76812057.495117188,76.812057495117,812057.495117,12057.4951172,-29.4831700773,1.3879492420020206e-05,3.5180078890673696e-05,2.255392308559328e-05,1.8649680324806629e-05,3.3813259219603e-05,-48.5762641596,-44.5370319098,-46.4677790495,-47.2932860806,-44.7091296609,-78.0594342369,-74.0202019871,-75.9509491268,-76.7764561579,-74.1922997382
76812202.453613281,76.812202453613,812202.453613,12202.4536133,-29.4816203002,1.6129555837847233e-05,3.3246441218510776e-05,2.2055512184163738e-05,2.7051148501811365e-05,3.0114480786628029e-05,-47.9237759168,-44.7825483583,-46.5648285236,-45.6781429147,-45.2122462024,-77.405396217,-74.2641686585,-76.0464488238,-75.1597632149,-74.6938665026
76812347.412109375,76.812347412109,812347.412109,12347.4121094,-29.4800707998,1.1472440288076305e-05,2.9329250700270232e-05,2.9375312680210184e-05,3.1718875274674208e-05,3.4423046867042296e-05,-49.4034419405,-45.3269903217,-45.3201750193,-44.9868222081,-44.6315069185,-78.8835127403,-74.8070611216,-74.8002458191,-74.4668930079,-74.1115777184
76812492.370605469,76.812492370605,812492.370605,12492.3706055,-29.4785215762,8.9685027370704298e-06,3.4074151893541228e-05,3.5824826546497737e-05,2.5843205936763942e-05,3.3384749294703138e-05,-50.4728005498,-44.6757494496,-44.4581590365,-45.8765361164,-44.7645188079,-79.951322126,-74.1542710257,-73.9366806127,-75.3550576926,-74.243040384
76812637.329101562,76.812637329102,812637.329102,12637.3291016,-29.4769726291,9.1215874091678612e-06,3.9939249246831072e-05,2.3733840845794879e-05,1.986622625675711e-05,2.8378328416183712e-05,-50.3992957581,-43.9860010299,-46.2463197425,-47.0188462265,-45.470131896,-79.8762683872,-73.4629736589,-75.7232923716,-76.4958188556,-74.9471045251
76812782.287597656,76.812782287598,812782.287598,12782.2875977,-29.4754239585,8.6649580788612231e-06,3.1902001583111443e-05,2.1899791475636707e-05,1.5475814243754202e-05,3.6039224154809038e-05,-50.6223353407,-44.9618206775,-46.5956002038,-48.1034649176,-44.43224567,-80.0977592991,-74.437244636,-76.0710241623,-77.578888876,-73.9076696284
76812927.24609375,76.812927246094,812927.246094,12927.2460938,-29.4738755642,1.4448554378526568e-05,3.4488166459880255e-05,1.9563352007115573e-05,1.9854857469598333e-05,3.5119641444239067e-05,-48.4017560321,-44.6232989399,-47.0855673066,-47.0213322622,-44.5444992669,-77.8756315963,-74.0971745042,-76.5594428708,-76.4952078265,-74.0183748312
76813072.204589844,76.813072204590,813072.20459,13072.2045898,-29.4723274463,1.4445881036472956e-05,2.8604743615086597e-05,1.9907749248493683e-05,2.1412710422776455e-05,3.7177183728988254e-05,-48.4025596593,-45.4356194047,-47.0097783812,-46.6932835619,-44.2972351229,-77.8748871056,-74.907946851,-76.4821058276,-76.1656110082,-73.7695625692
76813217.163085938,76.813217163086,813217.163086,13217.1630859,-29.4707796046,9.9256570326794438e-06,2.4316466445198962e-05,1.8055181616437407e-05,2.2539727040156606e-05,3.3758779097504167e-05,-50.0324073532,-46.1409953445,-47.4339813866,-46.4705134764,-44.7161326823,-79.5031869578,-75.6117749491,-76.9047609912,-75.9412930809,-74.1869122869
76813362.121582031,76.813362121582,813362.121582,13362.121582,-29.4692320389,1.1559480976058254e-05,2.8487546771137698e-05,2.1534362734681848e-05,2.5325927789120913e-05,3.6646083057448859e-05,-49.3706166542,-45.4534494878,-46.6686797577,-45.9643463575,-44.3597243842,-78.8398486931,-74.9226815267,-76.1379117966,-75.4335783964,-73.8289564231
76813507.080078125,76.813507080078,813507.080078,13507.0800781,-29.4676847492,1.3532811191990353e-05,2.3586141040389621e-05,2.6990694789069991e-05,1.8589107347534363e-05,3.4531105114594721e-05,-48.6861197736,-46.2734310879,-45.6878593578,-47.3074146463,-44.6178952251,-78.1538045228,-75.7411158372,-75.155544107,-76.7750993956,-74.0855799743
76813652.038574219,76.813652038574,813652.038574,13652.0385742,-29.4661377355,1.1848648194340825e-05,3.3455020342986631e-05,2.5048366231744033e-05,2.396242595924912e-05,2.9810362673934986e-05,-49.2633119524,-44.755387017,-46.0122059553,-46.2046921602,-45.2563274029,-78.7294496879,-74.2215247525,-75.4783436908,-75.6708298957,-74.7224651384
76813796.997070312,76.813796997070,813796.99707,13796.9970703,-29.4645909975,1.1276736876425431e-05,3.5679372781563331e-05,2.6612926215000887e-05,1.5754024302033861e-05,3.2442233404383046e-05,-49.4781655298,-44.4758278882,-45.7490737013,-48.0260848893,-44.8888925551,-78.9427565273,-73.9404188857,-75.2136646988,-77.4906758868,-74.3534835527
76813941.955566406,76.813941955566,813941.955566,13941.9555664,-29.4630445352,1.0642781667244452e-05,3.4863148624436043e-05,2.4001918047966704e-05,1.5444993378248315e-05,3.092840454052296e-05,-49.7294484715,-44.5763339266,-46.1975405144,-48.1121227356,-45.0964248275,-79.1924930067,-74.0393784618,-75.6605850496,-77.5751672708,-74.5594693627
76814086.9140625,76.814086914062,814086.914062,14086.9140625,-29.4614983486,1.0936706521147507e-05,2.8943782929049392e-05,2.9075493200806759e-05,1.8963266251953151e-05,3.549465710541405e-05,-49.6111344172,-45.3844470757,-45.364729097,-47.2208685724,-44.4983701495,-79.0726327657,-74.8459454243,-74.8262274456,-76.682366921,-73.9598684981
76814231.872558594,76.814231872559,814231.872559,14231.8725586,-29.4599524374,1.5152264277817156e-05,2.647167345682892e-05,2.3870868010738427e-05,2.3740562417079606e-05,3.6452358254340794e-05,-48.1952246354,-45.7721860308,-46.2213178856,-46.2450899677,-44.3827437012,-77.6551770728,-75.2321384682,-75.681270323,-75.7050424051,-73.8426961386
76814376.831054688,76.814376831055,814376.831055,14376.8310547,-29.4584068016,1.3622054880117699e-05,3.0311158670006853e-05,2.6268202792311508e-05,2.0991470815453237e-05,3.4014530863520789e-05,-48.6575737438,-45.1839746204,-45.8056963959,-46.7795713051,-44.6833551455,-78.1159805454,-74.642381422,-75.2641031975,-76.2379781068,-74.1417619472
76814521.789550781,76.814521789551,814521.789551,14521.7895508,-29.4568614412,1.064075491380823e-05,3.2237064146719447e-05,3.6734737959944228e-05,2.1606334860202822e-05,3.9536560152939152e-05,-49.730275597,-44.9164451659,-44.3492305376,-46.6541889739,-44.0300111883,-79.1871370382,-74.373306607,-73.8060919788,-76.1110504151,-73.4868726294
76814666.748046875,76.814666748047,814666.748047,14666.7480469,-29.4553163559,1.0368080815021683e-05,2.6134216830029057e-05,3.0838204479775382e-05,2.093968680516561e-05,3.5884202155003644e-05,-49.8430162631,-45.8279050997,-45.109109162,-46.7902981835,-44.4509670538,-79.298332619,-75.2832214556,-74.5644255179,-76.2456145394,-73.9062834097
76814811.706542969,76.814811706543,814811.706543,14811.706543,-29.4537715458,1.1552869348242381e-05,3.0176817360778714e-05,2.8832995893470644e-05,2.0485243923071382e-05,3.9790249089006295e-05,-49.3731013808,-45.2032656561,-45.4011022988,-46.8855886042,-44.0022334214,-78.8268729266,-74.6570372018,-74.8548738446,-76.33936015,-73.4560049672
76814956.665039062,76.814956665039,814956.665039,14956.6650391,-29.4522270106,1.123055066802054e-05,2.7548920519470962e-05,2.6203202436311298e-05,1.4760908258883231e-05,4.0645984645874697e-05,-49.4959894844,-45.5989541393,-45.8164562794,-48.3088691896,-43.9098235123,-78.948216495,-75.0511811499,-75.26868329,-77.7610962002,-73.362050523
76815101.623535156,76.815101623535,815101.623535,15101.6235352,-29.4506827504,1.047659001851841e-05,2.2885165245343605e-05,2.3204911557325892e-05,1.33087178286213e-05,3.0628258238257234e-05,-49.7978005105,-46.4044594734,-46.344200825,-48.7586378275,-45.1387769986,-79.2484832609,-75.8551422239,-75.7948835754,-78.2093205779,-74.5894597491
76815246.58203125,76.815246582031,815246.582031,15246.5820312,-29.449138765,9.4520248865557088e-06,3.0824561107213605e-05,2.3604786093001249e-05,2.0740315211686767e-05,3.4672417856075068e-05,-50.2447514357,-45.1110309835,-46.269999308,-46.8318464748,-44.6001587207,-79.6938902007,-74.5601697485,-75.719138073,-76.2809852398,-74.0492974858
76815391.540527344,76.815391540527,815391.540527,15391.5405273,-29.4475950543,1.1028162486175556e-05,3.4612564035014346e-05,2.1557226024221627e-05,2.2203779612623818e-05,3.5252874253437447e-05,-49.5749684373,-44.6076622778,-46.6640712474,-46.5357309198,-44.5280546813,-79.0225634917,-74.0552573321,-76.1116663018,-75.9833259742,-73.9756497357
76815536.499023438,76.815536499023,815536.499023,15536.4990234,-29.4460516183,7.8647806885317274e-06,3.5204139940940181e-05,2.4153048552576355e-05,2.4876590787291376e-05,4.0284979144106732e-05,-51.0431338329,-44.534062613,-46.1702804562,-46.042091378,-43.9485685686,-80.4891854511,-73.9801142313,-75.6163320744,-75.4881429962,-73.3946201869
76815681.457519531,76.815681457520,815681.45752,15681.4575195,-29.4445084567,9.2617610808214003e-06,3.2907403161150808e-05,2.4971546062651048e-05,2.2951691758320233e-05,3.8425050778823406e-05,-50.3330642639,-44.8270638806,-46.0255456835,-46.3918529731,-44.1538554991,-79.7775727206,-74.2715723373,-75.4700541403,-75.8363614298,-73.5983639558
76815826.416015625,76.815826416016,815826.416016,15826.4160156,-29.4429655696,1.0263855122127328e-05,3.4288107170366888e-05,2.3196997481182385e-05,1.7855834945738163e-05,3.3722752401297977e-05,-49.8868948681,-44.6485648888,-46.3456822467,-47.4821983722,-44.7207698613,-79.3298604377,-74.0915304584,-75.7886478163,-76.9251639418,-74.1637354309
76815971.374511719,76.815971374512,815971.374512,15971.3745117,-29.4414229568,8.7906655486959472e-06,3.3998829575399344e-05,1.6911915826776741e-05,2.1337475984545336e-05,3.6284603819326503e-05,-50.5597824288,-44.6853603348,-47.7180719158,-46.7085695468,-44.4027761449,-80.0012053856,-74.1267832916,-77.1594948727,-76.1499925036,-73.8441991017
76816116.333007812,76.816116333008,816116.333008,16116.3330078,-29.4398806183,1.2630013330924354e-05,3.6754883966534242e-05,2.0836577744915407e-05,2.3567738520112333e-05,3.8229847714244723e-05,-48.9859619105,-44.3468494396,-46.811736092,-46.276820889,-44.1759743196,-78.4258425288,-73.7867300579,-76.2516167103,-75.7167015072,-73.6158549379
76816261.291503906,76.816261291504,816261.291504,16261.2915039,-29.4383385539,1.202571989351597e-05,3.2499922371243506e-05,2.8351188632545951e-05,2.919680824289859e-05,3.1457719970052632e-05,-49.1988891608,-44.8811767637,-45.4742872846,-45.3466462246,-45.0227275788,-78.6372277147,-74.3195153175,-74.9126258384,-74.7849847785,-74.4610661327
76816406.25,76.816406250000,816406.25,16406.25,-29.4367967635,9.5438553369052529e-06,3.5997325299577139e-05,2.3340623789873786e-05,2.8252478472842384e-05,4.1781416981722112e-05,-50.202761522,-44.4372976731,-46.318875414,-45.4894344732,-43.7901683537,-79.6395582855,-73.8740944366,-75.7556721775,-74.9262312367,-73.2269651172
76816551.208496094,76.816551208496,816551.208496,16551.2084961,-29.435255247,1.4473665973203984e-05,3.3331453125087287e-05,2.5853319118686772e-05,2.0708882285314173e-05,3.121778167751316e-05,-48.3942145435,-44.7714575233,-45.874836931,-46.8384334053,-45.0559796096,-77.8294697905,-74.2067127704,-75.310092178,-76.2736886523,-74.4912348566
76816696.166992188,76.816696166992,816696.166992,16696.1669922,-29.4337140044,1.506452124211033e-05,3.2653989319955501e-05,2.5735983904260871e-05,1.7671803673006421e-05,3.2609907672163524e-05,-48.2204466586,-44.8606375363,-45.8945922372,-47.5271912196,-44.866504308,-77.6541606631,-74.2943515407,-75.3283062416,-76.960905224,-74.3002183125
76816841.125488281,76.816841125488,816841.125488,16841.1254883,-29.4321730356,1.355650636941954e-05,3.8094901630806594e-05,3.0035195516587054e-05,1.8155567830753105e-05,3.4528631834567134e-05,-48.6785221755,-44.1913314353,-45.2236953663,-47.4099016361,-44.6182062983,-78.110695211,-73.6235044709,-74.6558684019,-76.8420746717,-74.0503793339
76816986.083984375,76.816986083984,816986.083984,16986.0839844,-29.4306323404,1.2866412174548171e-05,2.780732381647291e-05,2.7988126536602296e-05,1.8187476321494194e-05,3.1761588597815205e-05,-48.9054254012,-45.5584080573,-45.5302617127,-47.4022755908,-44.9809778389,-78.3360577416,-74.9890403977,-74.9608940531,-76.8329079312,-74.4116101793
76817131.042480469,76.817131042480,817131.04248,17131.0424805,-29.4290919187,1.3485384197335489e-05,3.1261540555681059e-05,2.1892997671030533e-05,2.169604532889524e-05,4.0390430657527161e-05,-48.7013667603,-45.0498962394,-46.5969476914,-46.6361942045,-43.937215162,-78.130458679,-74.4789881581,-76.0260396101,-76.0652861232,-73.3663070807
76817276.000976562,76.817276000977,817276.000977,17276.0009766,-29.4275517705,1.7274171564339681e-05,3.9778211274908441e-05,2.4371795184244942e-05,2.7217219039089161e-05,4.5576400985920885e-05,-47.6260277137,-44.0035474989,-46.1311248026,-45.6515625157,-43.4125997257,-77.0535794842,-73.4310992694,-75.5586765731,-75.0791142862,-72.8401514962
76817420.959472656,76.817420959473,817420.959473,17420.9594727,-29.4260118956,1.5563817807527878e-05,3.4580694447765878e-05,3.1436830887747475e-05,2.4784780104796358e-05,4.2629161490991337e-05,-48.0788386176,-44.6116628949,-45.0256124117,-46.0581492988,-43.7029320977,-77.5048505132,-74.0376747906,-74.4516243074,-75.4841611945,-73.1289439934
76817565.91796875,76.817565917969,817565.917969,17565.9179688,-29.4244722941,1.1255718873939459e-05,3.0717585196400958e-05,2.2144938143404229e-05,2.2788156641605465e-05,3.3910510626258981e-05,-49.486267625,-45.1261292852,-46.5472552848,-46.4229080394,-44.6966567054,-78.9107399191,-74.5506015793,-75.9717275788,-75.8473803335,-74.1211289995
76817710.876464844,76.817710876465,817710.876465,17710.8764648,-29.4229329656,1.2873094330541896e-05,3.1884320331130018e-05,2.8692225183366273e-05,2.0817752028356726e-05,3.6592961808727712e-05,-48.9031704834,-44.9642283631,-45.4223576938,-46.8156616889,-44.366024376,-78.3261034491,-74.3871613287,-74.8452906594,-76.2385946545,-73.7889573416
76817855.834960938,76.817855834961,817855.834961,17855.8349609,-29.4213939103,1.3378945908629986e-05,3.122751080185784e-05,3.2154060851441579e-05,2.173880467539097e-05,4.2931547868734754e-05,-48.7357810212,-45.0546263274,-44.9276417067,-46.627643396,-43.6722345304,-78.1571749315,-74.4760202377,-74.349035617,-76.0490373063,-73.0936284406
76818000.793457031,76.818000793457,818000.793457,18000.793457,-29.4198551279,1.2916438834798774e-05,3.3119235015537426e-05,2.1953532771002233e-05,1.7446039857542467e-05,4.6455346505999995e-05,-48.8885720829,-44.7991970306,-46.5849558296,-47.5830313966,-43.3296429621,-78.3084272108,-74.2190521584,-76.0048109575,-77.0028865245,-72.74949809
76818145.751953125,76.818145751953,818145.751953,18145.7519531,-29.4183166184,1.0230857714537355e-05,4.1838499092021056e-05,1.9421583098681904e-05,1.5697968186110869e-05,4.2831469754213695e-05,-49.9008795523,-43.7842390368,-47.1171537263,-48.041565554,-43.6823702261,-79.3191961707,-73.2025556551,-76.5354703446,-77.4598821724,-73.1006868445
76818290.710449219,76.818290710449,818290.710449,18290.7104492,-29.4167783816,1.0939908988393124e-05,4.0615565675315227e-05,1.96071327861752e-05,1.6044134342250995e-05,4.0658171940780057e-05,-49.6098629098,-43.9130749373,-47.0758590996,-47.946837102,-43.9085215186,-79.0266412914,-73.3298533189,-76.4926374812,-77.3636154836,-73.3252999002
76818435.668945312,76.818435668945,818435.668945,18435.6689453,-29.4152404175,1.0365982899507727e-05,3.9639047988096662e-05,1.6305086543049759e-05,1.7574524106196273e-05,3.4626973926032646e-05,-49.8438951194,-44.0187678452,-47.8767689173,-47.5511642624,-44.6058546007,-79.2591355369,-73.4340082628,-77.2920093349,-76.96640468,-74.0210950183
76818580.627441406,76.818580627441,818580.627441,18580.6274414,-29.4137027261,8.1252366256049331e-06,4.1121408984118248e-05,2.7433696267776598e-05,2.197081299798881e-05,4.0988516474673787e-05,-50.9016398251,-43.8593201309,-45.6171567396,-46.5815387235,-43.8733780012,-80.3153425512,-73.273022857,-75.0308594657,-75.9952414495,-73.2870807272
76818725.5859375,76.818725585938,818725.585938,18725.5859375,-29.4121653071,1.124722492996235e-05,3.5366939195017249e-05,2.7942386287846441e-05,2.0944340139458274e-05,3.8866953193671458e-05,-49.4895461944,-44.5140252425,-45.5373650776,-46.7893331772,-44.1041950267,-78.9017115015,-73.9261905495,-74.9495303847,-76.2014984843,-73.5163603337
76818870.544433594,76.818870544434,818870.544434,18870.5444336,-29.4106281605,9.9411317920157435e-06,3.3983748365061987e-05,2.829408934455405e-05,2.0403533367611861e-05,3.5950229532955949e-05,-50.0256416862,-44.6872872069,-45.4830427943,-46.9029461742,-44.4429833241,-79.4362698466,-74.0979153673,-74.8936709547,-76.3135743346,-73.8536114846
76819015.502929688,76.819015502930,819015.50293,19015.5029297,-29.4090912861,1.0416321077388016e-05,3.3651189531333709e-05,2.7522115794686514e-05,2.3206124095412705e-05,3.5628148201365451e-05,-49.8228564168,-44.7299957935,-45.6031818226,-46.3439738968,-44.4820674983,-79.2319477029,-74.1390870797,-75.0122731087,-75.753065183,-73.8911587844
76819160.461425781,76.819160461426,819160.461426,19160.4614258,-29.407554684,1.242830867343329e-05,3.3130360487262697e-05,2.8832999974641328e-05,2.1137981308114626e-05,3.7277462585510054e-05,-49.0558796901,-44.7977383859,-45.4011016841,-46.7493649047,-44.2855365701,-78.4634343741,-74.2052930699,-74.8086563681,-76.1569195888,-73.6930912541
76819305.419921875,76.819305419922,819305.419922,19305.4199219,-29.406018354,1.2848956285024608e-05,4.1053331193086087e-05,2.1970750458494946e-05,2.5355244084460614e-05,3.0188760565526154e-05,-48.9113214845,-43.8665159713,-46.5815510856,-45.9593220432,-45.2015471707,-78.3173398385,-73.2725343253,-75.9875694396,-75.3653403972,-74.6075655247
76819450.378417969,76.819450378418,819450.378418,19450.378418,-29.404482296,1.2445493419763131e-05,3.3700890252397625e-05,2.7585705028296697e-05,2.0588609683322169e-05,3.3752450024078032e-05,-49.0498788048,-44.7235862653,-45.5931591198,-46.8637297962,-44.716946971,-78.4543611008,-74.1280685613,-74.9976414158,-76.2682120922,-74.1214292671
76819595.336914062,76.819595336914,819595.336914,19595.3369141,-29.4029465099,1.1975974288241323e-05,3.3593530292945909e-05,3.5791003984448002e-05,1.7889545884910995e-05,4.3294874135313269e-05,-49.2168914507,-44.7374435441,-44.4622611891,-47.4740068359,-43.6356351858,-78.6198379606,-74.140390054,-73.865207699,-76.8769533458,-73.0385816957
76819740.295410156,76.819740295410,819740.29541,19740.2954102,-29.4014109956,1.1916724233360277e-05,3.6844969644427036e-05,2.6466168919198504e-05,2.0646352202763179e-05,4.4981967848343043e-05,-49.2384311061,-44.3362179694,-45.7730891996,-46.8515666837,-43.4696154919,-78.6398421017,-73.7376289651,-75.1745001952,-76.2529776793,-72.8710264875
76819885.25390625,76.819885253906,819885.253906,19885.2539062,-29.399875753,1.0022729851767149e-05,4.1867704962714944e-05,2.4405398992722444e-05,1.9636046106851599e-05,4.0170336870796534e-05,-49.9901397527,-43.7812084492,-46.1251408787,-47.0694595682,-43.9609452623,-79.3900155057,-73.1810842022,-75.5250166317,-76.4693353212,-73.3608210154
76820030.212402344,76.820030212402,820030.212402,20030.2124023,-29.3983407821,1.1409647031136892e-05,3.5837416976802583e-05,2.3325655953330564e-05,2.7380715508438596e-05,4.6772045558720925e-05,-49.4272779071,-44.4566330016,-46.3216613438,-45.6255520714,-43.3001363596,-78.8256186892,-73.8549737837,-75.7200021259,-75.0238928535,-72.6984771417
76820175.170898438,76.820175170898,820175.170898,20175.1708984,-29.3968060826,1.2429766938895081e-05,3.6276703627344523e-05,2.7004706287140272e-05,2.2106932217758158e-05,4.1977725392138875e-05,-49.0553701441,-44.4037218306,-45.685605419,-46.5547152035,-43.7698109783,-78.4521762267,-73.8005279133,-75.0824115016,-75.9515212861,-73.1666170609
76820320.129394531,76.820320129395,820320.129395,20320.1293945,-29.3952716546,1.5840549832101988e-05,3.8740496201961151e-05,2.7273830324282175e-05,1.7538742593241104e-05,3.6531977528700665e-05,-48.0022974794,-44.1183482098,-45.6425386566,-47.5600154577,-44.3732681816,-77.3975691341,-73.5136198645,-75.0378103112,-76.9552871123,-73.7685398363
76820465.087890625,76.820465087891,820465.087891,20465.0878906,-29.393737498,1.2557013010073264e-05,3.4667211695887103e-05,2.4332514630023502e-05,1.800005364903231e-05,3.3365036452675944e-05,-49.0111365578,-44.600810875,-46.1381300683,-47.4472620048,-44.7670839633,-78.4048740558,-73.994548373,-75.5318675663,-76.8409995028,-74.1608214613
76820610.046386719,76.820610046387,820610.046387,20610.0463867,-29.3922036125,1.029010627557995e-05,3.8701514720758733e-05,2.0654502859154818e-05,1.9500143099804788e-05,4.067884996386131e-05,-49.8758013985,-44.12272037,-46.8498525376,-47.099622016,-43.9063133356,-79.268005011,-73.5149239825,-76.2420561501,-76.4918256285,-73.2985169482
76820755.004882812,76.820755004883,820755.004883,20755.0048828,-29.3906699982,1.1751874138980616e-05,3.9811086823747684e-05,2.7686381944461463e-05,1.7134021426690926e-05,3.0053924031252645e-05,-49.2989286843,-43.9999596622,-45.5773379414,-47.6614069433,-45.2209881571,-78.6895986825,-73.3906296605,-74.9680079396,-77.0520769416,-74.6116581554
76820899.963378906,76.820899963379,820899.963379,20899.9633789,-29.389136655,1.3469619971318833e-05,3.1419949600606426e-05,2.550347602456725e-05,2.1003677173420801e-05,3.4438040645762002e-05,-48.7064465719,-45.0279451593,-45.9340062288,-46.7770466544,-44.6296156572,-78.0955832269,-74.4170818143,-75.3231428838,-76.1661833094,-74.0187523122
76821044.921875,76.821044921875,821044.921875,21044.921875,-29.3876035827,1.3245500920632376e-05,4.3760691245159434e-05,2.8110322924164243e-05,2.1369707295616981e-05,3.9631149926012266e-05,-48.7793161283,-43.5891582649,-45.511341653,-46.702014264,-44.0196332612,-78.166919711,-72.9767618476,-74.8989452357,-76.0896178467,-73.4072368439
76821189.880371094,76.821189880371,821189.880371,21189.8803711,-29.3860707813,1.1467486515648183e-05,5.2524653862218744e-05,3.2614228075791587e-05,2.2348193140604933e-05,3.6579701953831626e-05,-49.4053176187,-42.7963680092,-44.8659289604,-46.5075758398,-44.3675983741,-78.7913884,-72.1824387904,-74.2519997417,-75.893646621,-73.7536691554
76821334.838867188,76.821334838867,821334.838867,21334.8388672,-29.3845382506,9.2064678276548481e-06,3.7167887267236968e-05,3.4558954872020521e-05,2.0715625724913982e-05,3.7133032263359138e-05,-50.3590696016,-44.2983212479,-44.6143939988,-46.837019441,-44.3023958507,-79.7436078522,-73.6828594984,-73.9989322494,-76.2215576916,-73.6869341013
76821479.797363281,76.821479797363,821479.797363,21479.7973633,-29.3830059905,9.9357331622123345e-06,4.3728088997039243e-05,2.9449265525701763e-05,2.583443104188749e-05,4.1511035876479165e-05,-50.0280008059,-43.5923950176,-45.3092553219,-45.8780109859,-43.81836429,-79.4110067964,-72.9754010081,-74.6922613124,-75.2610169764,-73.2013702805
76821624.755859375,76.821624755859,821624.755859,21624.7558594,-29.3814740011,9.2763314158418412e-06,3.5886109421470245e-05,3.4657826338753327e-05,2.1149197651212949e-05,4.2713367105650602e-05,-50.326237437,-44.4507362298,-44.6019867875,-46.7470610405,-43.6943619168,-79.7077114381,-73.8322102309,-73.9834607885,-76.1285350415,-73.0758359179
76821769.714355469,76.821769714355,821769.714355,21769.7143555,-29.3799422821,1.1029723330735227e-05,2.3526884033304718e-05,2.5961241423876439e-05,1.5407717965233578e-05,3.9126234552244331e-05,-49.5743538125,-46.284355882,-45.8567454413,-48.1226167981,-44.0753194591,-78.9542960946,-75.6642981641,-75.2366877234,-77.5025590802,-73.4552617412
76821914.672851562,76.821914672852,821914.672852,21914.6728516,-29.3784108335,1.4361480774517012e-05,3.3509525343691496e-05,1.9275730125413177e-05,1.7652089981450188e-05,3.6020420574837337e-05,-48.4280077882,-44.7483172382,-47.1498916277,-47.5320386741,-44.4345122066,-77.8064186217,-74.1267280717,-76.5283024612,-76.9104495075,-73.8129230401
76822059.631347656,76.822059631348,822059.631348,22059.6313477,-29.3768796552,1.0493482831722858e-05,2.9150357372170587e-05,2.4551377635919374e-05,2.5182895720529792e-05,2.9539449096645176e-05,-49.7908034369,-45.3535611659,-46.0992413357,-45.9889433288,-45.2959760843,-79.167683092,-74.730440821,-75.4761209908,-75.365822984,-74.6728557395
76822204.58984375,76.822204589844,822204.589844,22204.5898438,-29.375348747,1.2014850518032099e-05,2.748750229478672e-05,2.7825941879724251e-05,2.0669568569784246e-05,2.8299727876583284e-05,-49.2028162807,-45.6086472137,-45.5555012632,-46.8466858819,-45.4821774053,-78.5781650277,-74.9839959608,-74.9308500102,-76.2220346289,-74.8575261523
76822349.548339844,76.822349548340,822349.54834,22349.5483398,-29.373818109,1.7006819820593481e-05,2.651373832881194e-05,2.7313954684543026e-05,2.1317025792817568e-05,4.0799349132787425e-05,-47.6937688941,-45.765290342,-45.6361541545,-46.7127338932,-43.893467651,-77.0675870031,-75.139108451,-75.0099722634,-76.0865520022,-73.26728576
76822494.506835938,76.822494506836,822494.506836,22494.5068359,-29.3722877409,1.314097609582925e-05,2.9130850475669538e-05,1.7183869768232522e-05,2.4674293456604602e-05,3.9711266383709998e-05,-48.8137237471,-45.3564683595,-47.6487902737,-46.0775527441,-44.0108626316,-78.186011488,-74.7287561004,-77.0210780146,-75.4498404851,-73.3831503725
76822639.465332031,76.822639465332,822639.465332,22639.465332,-29.3707576427,1.0967352347428454e-05,3.2819272440493185e-05,1.7916406053381046e-05,1.7009986326480769e-05,3.0921353811962012e-05,-49.5989820375,-44.8387105091,-47.4674910336,-47.692960355,-45.0974149987,-78.9697396803,-74.2094681518,-76.8382486764,-77.0637179977,-74.4681726414
76822784.423828125,76.822784423828,822784.423828,22784.4238281,-29.3692278144,1.0962389332800223e-05,2.6916733226874017e-05,2.1226161014349013e-05,1.5817979468820321e-05,3.2028416656379448e-05,-49.6009477788,-45.6997764978,-46.7312854569,-48.0084899249,-44.9446453041,-78.9701755932,-75.0690043122,-76.1005132712,-77.3777177393,-74.3138731185
76822929.382324219,76.822929382324,822929.382324,22929.3823242,-29.3676982557,1.0858256671548954e-05,2.553008571793298e-05,1.793749082986826e-05,2.074280510702278e-05,4.0586011722111313e-05,-49.6423989654,-45.9294772704,-47.4623830794,-46.8313251313,-43.9162362353,-79.0100972212,-75.2971755261,-76.8300813352,-76.199023387,-73.2839344911
76823074.340820312,76.823074340820,823074.34082,23074.3408203,-29.3661689667,1.2422420828063771e-05,2.5348214110397962e-05,2.2640180341562305e-05,2.191062057320883e-05,4.4156536669416252e-05,-49.0579376247,-45.9605263315,-46.4512011807,-46.5934532177,-43.5500499697,-78.4241065914,-75.3266952982,-75.8173701475,-75.9596221844,-72.9162189364
76823219.299316406,76.823219299316,823219.299316,23219.2993164,-29.3646399472,1.1221685177390936e-05,2.5640719742862462e-05,2.0726702201798679e-05,1.9655343205200527e-05,4.0023929875093855e-05,-49.4994191952,-45.910697882,-46.8346979243,-47.0651936849,-43.9768027104,-78.8640591425,-75.2753378292,-76.1993378715,-76.4298336321,-73.3414426576
76823364.2578125,76.823364257812,823364.257812,23364.2578125,-29.3631111971,1.3114253387063871e-05,3.3070811823170368e-05,1.9730068494418249e-05,1.8502936963148595e-05,3.6768100843496854e-05,-48.8225642937,-44.8055514388,-47.0487140706,-47.3275933075,-44.3452880186,-78.1856754908,-74.168662636,-76.4118252677,-76.6907045046,-73.7083992157
76823509.216308594,76.823509216309,823509.216309,23509.2163086,-29.3615827164,1.2642838844969217e-05,3.8966932261722808e-05,2.0526678605733363e-05,1.6696397935368628e-05,2.9427158908508064e-05,-48.9815539787,-44.0930378344,-46.8768131755,-47.7737721302,-45.3125166552,-78.343136695,-73.4546205507,-76.2383958919,-77.1353548465,-74.6740993716
76823654.174804688,76.823654174805,823654.174805,23654.1748047,-29.3600545049,1.0017989151565295e-05,3.5121455613615566e-05,2.2342255895678993e-05,2.0800243421761264e-05,3.4699009458601214e-05,-49.9921944294,-44.54427493,-46.5087297833,-46.8193158253,-44.596829227,-79.3522489343,-73.9043294348,-75.8687842882,-76.1793703302,-73.9568837318
76823799.133300781,76.823799133301,823799.133301,23799.1333008,-29.3585265625,7.7223383883374838e-06,3.3651659089746938e-05,2.1470756961002356e-05,1.9983216831123401e-05,2.6783395336355795e-05,-51.1225117177,-44.7299351938,-46.6815264405,-46.9933459922,-45.7213436824,-80.4810382801,-74.0884617563,-76.040053003,-76.3518725546,-75.0798702448
76823944.091796875,76.823944091797,823944.091797,23944.0917969,-29.3569988892,1.0849114688612478e-05,3.9008569690410341e-05,2.5318882484807486e-05,2.4263492576409336e-05,2.6133970891462257e-05,-49.6460569975,-44.0883997348,-45.9655546696,-46.1504668502,-45.8279459696,-79.0030558866,-73.4453986239,-75.3225535587,-75.5074657394,-75.1849448588
76824089.050292969,76.824089050293,824089.050293,24089.050293,-29.3554714848,1.3481086207930724e-05,3.2567470293618971e-05,2.6654661774967476e-05,2.2459080802131299e-05,3.9907969869863135e-05,-48.702751141,-44.8721597432,-45.7422682393,-46.4860802237,-43.9894036434,-78.0582226258,-74.227631228,-75.0977397241,-75.8415517085,-73.3448751282
76824234.008789062,76.824234008789,824234.008789,24234.0087891,-29.3539443493,1.6700531487376495e-05,2.6355353054305129e-05,2.6437114904844934e-05,1.925370480293902e-05,3.6475258497800434e-05,-47.7726970739,-45.7913116163,-45.7778594137,-47.1548569106,-44.3800162161,-77.1266414232,-75.1452559656,-75.1318037629,-76.5088012598,-73.7339605653
76824378.967285156,76.824378967285,824378.967285,24378.9672852,-29.3524174825,1.6192693758112014e-05,3.3881074167911236e-05,3.2139421062031004e-05,2.1196093297791505e-05,2.9023677024231768e-05,-47.9068089757,-44.7004282922,-44.9296195059,-46.7374417754,-45.3724756743,-77.2592264582,-74.0528457747,-74.2820369884,-76.0898592579,-74.7248931568
76824523.92578125,76.824523925781,824523.925781,24523.9257812,-29.3508908844,1.2329370475234691e-05,2.9975810355793211e-05,2.6882423907297934e-05,2.4300570397628613e-05,2.942088661086072e-05,-49.0905909746,-45.232290675,-45.7053157483,-46.1438353226,-45.3134424376,-78.441481859,-74.5831815594,-75.0562066327,-75.494726207,-74.664333322
76824668.884277344,76.824668884277,824668.884277,24668.8842773,-29.3493645549,1.0770984569627845e-05,4.1626611631190611e-05,1.828959443089643e-05,3.1944011119788871e-05,2.4696651302990305e-05,-49.6774459627,-43.8062893886,-47.3779592483,-44.9561055163,-46.0736193011,-79.0268105176,-73.1556539434,-76.7273238032,-74.3054700712,-75.422983856
76824813.842773438,76.824813842773,824813.842773,24813.8427734,-29.3478384939,9.6742085335507323e-06,3.4861418409471177e-05,3.0378608160414738e-05,2.5510938743664862e-05,3.3036821184061546e-05,-50.1438455536,-44.5765494669,-45.1743212784,-45.9327356006,-44.8100174733,-79.4916840475,-73.9243879608,-74.5221597723,-75.2805740945,-74.1578559671
76824958.801269531,76.824958801270,824958.80127,24958.8012695,-29.3463127012,7.1242561276068012e-06,3.5579285880668482e-05,2.9877760801140449e-05,2.3163142522937613e-05,4.3125271104063479e-05,-51.472604754,-44.4880277298,-45.2465195398,-46.352025206,-43.6526816175,-80.8189174552,-73.834340431,-74.592832241,-75.6983379072,-72.9989943187
76825103.759765625,76.825103759766,825103.759766,25103.7597656,-29.3447871768,1.0657390730579068e-05,3.6112401149123463e-05,2.9773104550012674e-05,1.7848704459555535e-05,3.2353730131234525e-05,-49.7234911145,-44.4234363395,-45.2617587753,-47.4839330148,-44.9007564136,-79.0682782913,-73.7682235163,-74.6065459521,-76.8287201917,-74.2455435905
76825248.718261719,76.825248718262,825248.718262,25248.7182617,-29.3432619207,1.6356648751686294e-05,3.4187504472287914e-05,2.7834370700705834e-05,2.0606100857303668e-05,2.3343770338024242e-05,-47.8630567241,-44.6613259951,-45.5541859309,-46.8600417884,-46.3182899813,-77.2063186448,-74.0045879158,-74.8974478515,-76.203303709,-75.661551902
76825393.676757812,76.825393676758,825393.676758,25393.6767578,-29.3417369326,1.2720624002764445e-05,2.5416741286199642e-05,2.6325202760261986e-05,2.0983187106390246e-05,3.5950306375456485e-05,-48.954915841,-45.9488013168,-45.7962827513,-46.7812854676,-44.4429740412,-78.2966527736,-75.2905382494,-75.138019684,-76.1230224002,-73.7847109738
76825538.635253906,76.825538635254,825538.635254,25538.6352539,-29.3402122126,1.2101639136686247e-05,2.3482572520505444e-05,2.7492283533606018e-05,1.9092442502660896e-05,4.9889188416888695e-05,-49.171558016,-46.2925432777,-45.6078918577,-47.1913850861,-43.0199356098,-78.5117702286,-75.6327554903,-74.9481040703,-76.5315972987,-72.3601478224
76825683.59375,76.825683593750,825683.59375,25683.59375,-29.3386877604,1.2982214258587313e-05,2.6153690569283044e-05,2.3738026802752992e-05,2.2173036182412466e-05,4.1682743693532231e-05,-48.8665122755,-45.8246701881,-46.2455538413,-46.5417483431,-43.8004370209,-78.2052000359,-75.1633579485,-75.5842416017,-75.8804361035,-73.1391247814
76825828.552246094,76.825828552246,825828.552246,25828.5522461,-29.3371635761,1.2952922303725064e-05,3.6273455968462921e-05,2.4718755801215995e-05,1.91280409493106e-05,2.289347592145899e-05,-48.8763223952,-44.4041106486,-46.069733929,-47.1832950715,-46.4028826329,-78.2134859713,-73.7412742247,-75.4068975051,-76.5204586476,-75.740046209
76825973.510742188,76.825973510742,825973.510742,25973.5107422,-29.3356396595,9.3171960313075391e-06,4.2346169523868058e-05,2.8258229368962526e-05,2.0785259041491967e-05,3.4990501579611967e-05,-50.3071476698,-43.7318586821,-45.4885505407,-46.8224455862,-44.5604983198,-79.6427873292,-73.0674983416,-74.8241902002,-76.1580852457,-73.8961379792
76826118.469238281,76.826118469238,826118.469238,26118.4692383,-29.3341160105,1.0781067314921129e-05,4.06523696373895e-05,2.6151421428719518e-05,2.4117075758429315e-05,3.8841309858445071e-05,-49.673382423,-43.9091413419,-45.8250470061,-46.1767535238,-44.1070613266,-79.0074984335,-73.2432573524,-75.1591630166,-75.5108695343,-73.4411773371
76826263.427734375,76.826263427734,826263.427734,26263.4277344,-29.3325926291,1.1979726503259619e-05,3.3799501576602571e-05,2.431930722968788e-05,2.0924559603272807e-05,3.8378548980459803e-05,-49.2155309676,-44.7108970399,-46.1404880072,-46.7934367378,-44.1591144913,-78.5481235967,-74.043489669,-75.4730806363,-76.1260293669,-73.4917071204
76826408.386230469,76.826408386230,826408.38623,26408.3862305,-29.3310695151,9.6810511567521718e-06,2.7181193703877441e-05,2.7120197047667789e-05,1.5864999301857123e-05,4.292434553040935e-05,-50.1407748497,-45.6573147448,-45.6670715933,-47.9955994267,-43.6729631783,-79.4718443648,-74.9883842599,-74.9981411085,-77.3266689419,-73.0040326934
76826553.344726562,76.826553344727,826553.344727,26553.3447266,-29.3295466685,6.7666530654138512e-06,2.8787423290017797e-05,3.2987655031915124e-05,2.0503441352481404e-05,3.2652998755887379e-05,-51.6962608976,-45.4079720629,-44.8164855572,-46.8817323968,-44.8607692822,-81.025807566,-74.7375187314,-74.1460322256,-76.2112790653,-74.1903159507
76826698.303222656,76.826698303223,826698.303223,26698.3032227,-29.3280240891,9.5499342779364699e-06,3.073992540983049e-05,3.1030712918166354e-05,2.3587772975824986e-05,3.049809387546335e-05,-50.1999961719,-45.1229719065,-45.0820824656,-46.2731306081,-45.1572730312,-79.5280202611,-74.4509959956,-74.4101065547,-75.6011546972,-74.4852971203
76826843.26171875,76.826843261719,826843.261719,26843.2617188,-29.3265017769,1.3005002444440417e-05,3.4387818292276232e-05,2.5164910519430498e-05,2.2038766469995242e-05,4.0264113348402434e-05,-48.8588956184,-44.6359537677,-45.9920460951,-46.56812717,-43.9508186002,-78.1853973953,-73.9624555446,-75.3185478721,-75.8946289469,-73.2773203771
76826988.220214844,76.826988220215,826988.220215,26988.2202148,-29.3249797318,1.0040489594810256e-05,3.9856797486653807e-05,2.5292559711352361e-05,1.3706147247629815e-05,4.1725498483112845e-05,-49.9824510959,-43.9949760001,-45.9700721604,-48.6308460679,-43.7959846622,-79.3074308276,-73.3199557319,-75.2950518922,-77.9558257997,-73.120964394
76827133.178710938,76.827133178711,827133.178711,27133.1787109,-29.3234579536,1.0861937135748478e-05,2.6197372029917117e-05,2.4708714044957996e-05,1.4207870780579397e-05,3.7607828151340223e-05,-49.6409271505,-45.8174227243,-46.0714985669,-48.4747100142,-44.2472174632,-78.9643851041,-75.1408806779,-75.3949565205,-77.7981679678,-73.5706754168
76827278.137207031,76.827278137207,827278.137207,27278.137207,-29.3219364423,1.0247398313229319e-05,2.0916528460205996e-05,2.134122983847225e-05,2.0816297396510134e-05,4.0646946968099459e-05,-49.8938638257,-46.7951039417,-46.7078055695,-46.815965161,-43.9097206913,-79.215800268,-76.117040384,-76.0297420118,-76.1379016033,-73.2316571336
76827423.095703125,76.827423095703,827423.095703,27423.0957031,-29.3204151978,1.248697218039316e-05,2.6620675931690894e-05,2.9052564780180301e-05,2.4089044909157409e-05,4.1429064771216188e-05,-49.0354285584,-45.7478092145,-45.3681552177,-46.1818041872,-43.8269487045,-78.3558437562,-75.0682244123,-74.6885704155,-75.502219385,-73.1473639023
76827568.054199219,76.827568054199,827568.054199,27568.0541992,-29.31889422,1.5039607628871463e-05,3.2367092375375263e-05,2.9381134093637499e-05,2.1088856045793322e-05,3.424362235493275e-05,-48.2276349399,-44.8989631271,-45.3193144472,-46.759469777,-44.6542030108,-77.5465291599,-74.2178573471,-74.6382086673,-76.0783639971,-73.9730972308
76827713.012695312,76.827713012695,827713.012695,27713.0126953,-29.3173735088,1.3360957638936844e-05,3.0497727814554107e-05,2.9626934028724767e-05,2.1614376426702936e-05,2.8723511524731589e-05,-48.7416241294,-45.1573251588,-45.2831328957,-46.6525728932,-45.4176246754,-78.0589976382,-74.4746986676,-74.6005064045,-75.969946402,-74.7349981843
76827857.971191406,76.827857971191,827857.971191,27857.9711914,-29.3158530641,9.4520039063696823e-06,3.4063949768295717e-05,3.1607954250053356e-05,2.6498921954096908e-05,2.3489829343376897e-05,-50.2447610755,-44.6770499633,-45.0020361193,-45.7677179395,-46.2912013842,-79.5606141397,-73.9929030274,-74.3178891835,-75.0835710036,-75.6070544483
76828002.9296875,76.828002929688,828002.929688,28002.9296875,-29.3143328859,8.9502588733468167e-06,4.4683457454506959e-05,2.8372724821738886e-05,2.5714826458815333e-05,3.1050038337262546e-05,-50.4816440316,-43.4985323002,-45.4709895401,-45.8981640225,-45.0793785927,-79.7959769175,-72.8128651861,-74.785322426,-75.2124969084,-74.3937114785
76828147.888183594,76.828147888184,828147.888184,28147.8881836,-29.3128129739,1.0271310728384558e-05,4.415874974006706e-05,2.7827382461542671e-05,2.6755674778567248e-05,3.2387771808159315e-05,-49.8837413228,-43.5498323122,-45.5552764296,-45.7258409164,-44.8961892926,-79.1965542967,-72.8626452861,-74.8680894036,-75.0386538903,-74.2090022665
76828292.846679688,76.828292846680,828292.84668,28292.8466797,-29.3112933282,1.0290354368134847e-05,2.6599795744347447e-05,2.9036292000580265e-05,2.7787718177413996e-05,3.1776612803762306e-05,-49.8756966921,-45.7512169824,-45.3705884481,-45.5614711438,-44.9789239785,-79.1869900204,-75.0625103106,-74.6818817763,-74.872764472,-74.2902173067
76828437.805175781,76.828437805176,828437.805176,28437.8051758,-29.3097739486,1.0614052022013171e-05,2.6033518791729549e-05,2.6440109283355983e-05,2.0469835053273565e-05,4.0111143998875828e-05,-49.7411878812,-45.8446712699,-45.7773675414,-46.8888565689,-43.9673495145,-79.0509618298,-75.1544452185,-75.08714149,-76.1986305175,-73.2771234631
76828582.763671875,76.828582763672,828582.763672,28582.7636719,-29.3082548351,7.3051963242096878e-06,3.5117890416857633e-05,2.8374335702803243e-05,1.6908509515724006e-05,3.9153708839763818e-05,-51.3636810808,-44.5447158069,-45.4707429734,-47.7189467375,-44.0722709306,-80.6719359159,-73.852970642,-74.7789978085,-77.0272015726,-73.3805257657
76828727.722167969,76.828727722168,828727.722168,28727.722168,-29.3067359875,1.0687630706077306e-05,3.2387907046585444e-05,2.5169522017378657e-05,1.6518066454170996e-05,3.6307647409227122e-05,-49.7111856096,-44.8961711582,-45.9912503186,-47.82040791,-44.4000189073,-79.0179215971,-74.2029071457,-75.2979863061,-77.1271438975,-73.7067548948
76828872.680664062,76.828872680664,828872.680664,28872.6806641,-29.3052174058,1.3077120754333525e-05,3.2684122245477908e-05,2.2339632483798792e-05,1.7200774039814698e-05,3.1021889704419032e-05,-48.8348786596,-44.8566317382,-46.5092397587,-47.6445200928,-45.0833175058,-78.1400960654,-74.1618491439,-75.8144571645,-76.9497374985,-74.3885349116
76829017.639160156,76.829017639160,829017.63916,29017.6391602,-29.3036990898,1.0477071597959608e-05,2.6994525845094633e-05,2.2843400415897482e-05,1.5703208765698361e-05,2.8186085601973675e-05,-49.7976008821,-45.6872429644,-46.4123924754,-48.0401159556,-45.4996523344,-79.1012999719,-74.9909420542,-75.7160915652,-77.3438150454,-74.8033514242
76829162.59765625,76.829162597656,829162.597656,29162.5976562,-29.3021810395,1.2657160917695814e-05,2.8434810478517686e-05,2.5448493404185342e-05,1.7340883840178722e-05,3.8161924890271164e-05,-48.9766369843,-45.4614966203,-45.9433792357,-47.6092877092,-44.1836972757,-78.2788180238,-74.7636776598,-75.2455602752,-76.9114687487,-73.4858783152
76829307.556152344,76.829307556152,829307.556152,29307.5561523,-29.3006632548,1.5470125266307065e-05,3.7967070254315858e-05,2.346830553728893e-05,2.400883107470232e-05,4.721317667991859e-05,-48.1050616967,-44.2059291409,-46.2951826628,-46.1962898406,-43.2593677762,-77.4057249515,-73.5065923957,-75.5958459175,-75.4969530953,-72.560031031
76829452.514648438,76.829452514648,829452.514648,29452.5146484,-29.2991457355,1.235083049137833e-05,3.4046714713138992e-05,2.6437218552989154e-05,1.8765023789819484e-05,3.6966184042186654e-05,-49.083038387,-44.6792478833,-45.777842387,-47.2665088066,-44.3219537861,-78.3821841226,-73.9783936188,-75.0769881225,-76.5656545422,-73.6210995216
76829597.473144531,76.829597473145,829597.473145,29597.4731445,-29.2976284817,1.0125295026434388e-05,4.2030965281795619e-05,3.2019085863640348e-05,1.2994071133016928e-05,4.100559233971095e-05,-49.9459231365,-43.7643063589,-44.9459107123,-48.8625476012,-43.8715691019,-79.2435516181,-73.0619348406,-74.243539194,-78.1601760829,-73.1691975836
76829742.431640625,76.829742431641,829742.431641,29742.4316406,-29.2961114931,1.2911849200340259e-05,4.0875149605072638e-05,3.4304563417824001e-05,2.0497617386702489e-05,3.045651505981911e-05,-48.8901155479,-43.8854064479,-44.6464810342,-46.8829661777,-45.1631979164,-78.1862270411,-73.181517941,-73.9425925273,-76.1790776709,-74.4593094095
76829887.390136719,76.829887390137,829887.390137,29887.3901367,-29.2945947698,1.3050416779977552e-05,3.6077829087113369e-05,3.1026892433522343e-05,2.4272661280411869e-05,2.5185525726735868e-05,-48.8437561841,-44.4275960317,-45.0826171995,-46.1488260455,-45.9884897918,-78.1383509539,-73.7221908015,-74.3772119693,-75.4434208153,-75.2830845616
76830032.348632812,76.830032348633,830032.348633,30032.3486328,-29.2930783116,1.0929245018643963e-05,3.6996325472998517e-05,2.7759279561655109e-05,2.1082808529503544e-05,3.0315892938523402e-05,-49.6140983764,-44.3184140853,-45.5659180934,-46.7607153541,-45.1832963533,-78.907176688,-73.6114923969,-74.858996405,-76.0537936657,-74.4763746649
76830177.307128906,76.830177307129,830177.307129,30177.3071289,-29.2915621184,1.0325713271145564e-05,3.9711697117053041e-05,1.8104428518790681e-05,2.409215926125972e-05,2.9241702855728463e-05,-49.860799388,-44.0108155255,-47.4221517949,-46.1812427459,-45.3399734036,-79.1523615064,-73.3023776439,-76.7137139133,-75.4728048643,-74.6315355219
76830322.265625,76.830322265625,830322.265625,30322.265625,-29.2900461901,1.1686922611304244e-05,3.6074662047106238e-05,1.5731117627173995e-05,2.5100486397167884e-05,2.6533661319629942e-05,-49.3229983177,-44.4279772875,-48.0324042156,-46.0031786268,-45.7620281857,-78.6130445078,-73.7180234776,-77.3224504057,-75.2932248169,-75.0520743759
76830467.224121094,76.830467224121,830467.224121,30467.2241211,-29.2885305267,9.4373540808924423e-06,3.6967208214903408e-05,2.3375740748468304e-05,1.9787054353969315e-05,2.8547822965656152e-05,-50.2514975031,-44.3218334636,-46.3123461798,-47.0361885324,-45.4442700511,-79.5400280298,-73.6103639903,-75.6008767065,-76.3247190591,-74.7328005778
76830612.182617188,76.830612182617,830612.182617,30612.1826172,-29.287015128,9.9441665491839901e-06,2.8523764467023478e-05,2.8087343924208635e-05,1.7549547185426426e-05,3.3306856376277735e-05,-50.0243161055,-45.4479315837,-45.5148932785,-47.5573408475,-44.7746635569,-79.3113312335,-74.7349467116,-74.8019084065,-76.8443559755,-74.0616786849
76830757.141113281,76.830757141113,830757.141113,30757.1411133,-29.285499994,9.4408010022583835e-06,3.3163964191960513e-05,3.022323438373721e-05,1.76644450132617e-05,3.6445094628034752e-05,-50.2499115654,-44.7933356245,-45.1965906085,-47.5290000281,-44.3836091781,-79.5354115593,-74.0788356184,-74.4820906025,-76.814500022,-73.669109172
76830902.099609375,76.830902099609,830902.099609,30902.0996094,-29.2839851245,1.1202660130340245e-05,2.9341239926520795e-05,2.2670335783731486e-05,1.8010915326231889e-05,4.1419205658127339e-05,-49.5067883958,-45.3252153733,-46.4454204723,-47.444642155,-43.8279823431,-78.7907735203,-74.6092004978,-75.7294055968,-76.7286272794,-73.1119674676
76831047.058105469,76.831047058105,831047.058105,31047.0581055,-29.2824705195,1.1720750840801786e-05,2.7981860763184456e-05,2.3228848301981044e-05,2.3499950840292861e-05,3.5003294578502965e-05,-49.3104456617,-45.5312340878,-46.3397232221,-46.2893304623,-44.5589107708,-78.5929161812,-74.8137046072,-75.6221937415,-75.5718009818,-73.8413812903
76831192.016601562,76.831192016602,831192.016602,31192.0166016,-29.2809561788,1.0909613089129994e-05,2.496611660237435e-05,2.6144357656600173e-05,2.1172038910093263e-05,4.0624250178253903e-05,-49.6219065145,-46.0264900548,-45.8262202393,-46.7423731653,-43.9121464193,-78.9028626933,-75.3074462336,-75.1071764181,-76.0233293442,-73.1931025981
76831336.975097656,76.831336975098,831336.975098,31336.9750977,-29.2794421025,1.0956329429485474e-05,3.62145996687169e-05,2.8137989153819761e-05,2.2363569564250411e-05,3.5321091201736609e-05,-49.6033491807,-44.4111631131,-45.507069421,-46.5045887528,-44.5196588789,-78.8827912832,-73.6906052156,-74.7865115235,-75.7840308553,-73.7991009814
76831481.93359375,76.831481933594,831481.933594,31481.9335938,-29.2779282903,1.1352795090587738e-05,3.8224873699800352e-05,2.4089951127665528e-05,2.1916925701093299e-05,3.5777052333934088e-05,-49.4489720076,-44.1765394088,-46.1816408107,-46.5922036464,-44.4639544375,-78.726900298,-73.4544676992,-75.4595691011,-75.8701319367,-73.7418827279
76831626.892089844,76.831626892090,831626.89209,31626.8920898,-29.2764147423,1.0048255796451159e-05,3.6882554122561838e-05,2.6034868442837688e-05,2.0253037507960192e-05,4.8928435444984015e-05,-49.9790931772,-44.3317901162,-45.8444461252,-46.9350983299,-43.1043867119,-79.2555079195,-73.6082048584,-75.1208608675,-76.2115130722,-72.3808014542
76831771.850585938,76.831771850586,831771.850586,31771.8505859,-29.2749014582,9.3073530292904906e-06,4.2483766160541402e-05,2.8926367812182642e-05,1.5525372833334147e-05,3.7822138144364442e-05,-50.3117381292,-43.7177699027,-45.3870609584,-48.0895796168,-44.2225392345,-79.5866395874,-72.992671361,-74.6619624166,-77.364481075,-73.4974406928
76831916.809082031,76.831916809082,831916.809082,31916.809082,-29.2733884381,9.2780592334605233e-06,4.2559488832044508e-05,2.8561339716136345e-05,1.7479199293605764e-05,2.8082206722216486e-05,-50.3254285916,-43.7100359685,-45.4422142513,-47.5747846589,-45.5156876799,-79.5988170297,-72.9834244066,-74.7156026894,-76.8481730969,-74.789076118
76832061.767578125,76.832061767578,832061.767578,32061.7675781,-29.2718756818,1.1138341383668134e-05,3.2839670783271554e-05,2.5581620576257612e-05,2.097957899121017e-05,3.8822484203558659e-05,-49.5317947537,-44.8360120532,-45.9207194676,-46.7820323128,-44.1091667808,-78.8036704355,-74.107887735,-75.1925951494,-76.0539079946,-73.3810424626
76832206.726074219,76.832206726074,832206.726074,32206.7260742,-29.2703631892,1.4368459906738972e-05,4.5694149936049131e-05,2.1541596625808107e-05,2.7075073941448011e-05,3.992891545996438e-05,-48.4258977952,-43.4013939759,-46.6672211069,-45.6743034865,-43.9871248585,-77.6962609844,-72.6717571651,-75.9375842961,-74.9446666757,-73.2574880477
76832351.684570312,76.832351684570,832351.68457,32351.6845703,-29.2688509603,1.2290342278983291e-05,4.5174487389820097e-05,2.7231462796968958e-05,2.8152559362496979e-05,3.6915806038353963e-05,-49.1043602209,-43.4510676683,-45.6492902897,-45.504821171,-44.3278764453,-78.3732111812,-72.7199186285,-74.9181412499,-74.7736721313,-73.5967274056
76832496.643066406,76.832496643066,832496.643066,32496.6430664,-29.2673389949,1.2251968601453298e-05,3.4218985891378969e-05,1.8980911049846134e-05,2.5795218341158107e-05,4.4311828523303705e-05,-49.1179412485,-44.6573286529,-47.2168294605,-45.8846079173,-43.5348032848,-78.3852802433,-73.9246676477,-76.4841684553,-75.1519469122,-72.8021422796
76832641.6015625,76.832641601562,832641.601562,32641.6015625,-29.2658272929,9.835065480493103e-06,3.2486395558286464e-05,2.109416783575106e-05,2.1845069021308073e-05,4.14131349672129e-05,-50.0722274426,-44.8829847197,-46.7583760285,-46.6064657876,-43.8286189224,-79.3380547355,-74.1488120126,-76.0242033214,-75.8722930805,-73.0944462153
76832786.560058594,76.832786560059,832786.560059,32786.5600586,-29.2643158543,1.3201823717517794e-05,3.5842034322659725e-05,2.7821475992077083e-05,2.2878660791226905e-05,4.418760017556312e-05,-48.7936607063,-44.4560734862,-45.5561983343,-46.4056940068,-43.5469958429,-78.0579765607,-73.7203893405,-74.8205141887,-75.6700098612,-72.8113116972
76832931.518554688,76.832931518555,832931.518555,32931.5185547,-29.262804679,1.5124031231791516e-05,3.7138163671227798e-05,2.0885016111941057e-05,2.3905797237020011e-05,4.0097481762863441e-05,-48.2033243447,-44.3017957413,-46.8016518536,-46.2149676839,-43.9688290147,-77.4661290238,-73.5646004204,-76.0644565326,-75.477772363,-73.2316336937
76833076.477050781,76.833076477051,833076.477051,33076.4770508,-29.2612937669,1.0917449167135298e-05,3.3989851814339113e-05,1.6592454439962193e-05,2.0630028964358338e-05,4.3986383117382324e-05,-49.6187882153,-44.6865072881,-47.8008936618,-46.8550016228,-43.5668174743,-78.8800819822,-73.947801055,-77.0621874287,-76.1162953897,-72.8281112412
76833221.435546875,76.833221435547,833221.435547,33221.4355469,-29.2597831179,1.4577104730063836e-05,3.0106919033315344e-05,2.2818238732079689e-05,2.4230647503105539e-05,4.0800275330515889e-05,-48.3632872599,-45.2133368538,-46.4171788045,-46.1563498028,-43.8933690617,-77.6230703778,-74.4731199717,-75.6769619224,-75.4161329207,-73.1531521796
76833366.394042969,76.833366394043,833366.394043,33366.394043,-29.2582727319,1.4530398332659175e-05,2.3163787231166517e-05,2.4086283442049463e-05,2.7554246645992781e-05,3.7597708652801383e-05,-48.377224799,-46.3519043289,-46.1823020727,-45.5981145842,-44.2483862182,-77.6354975309,-75.6101770608,-75.4405748046,-74.856387316,-73.5066589501
76833511.352539062,76.833511352539,833511.352539,33511.3525391,-29.2567626087,1.3215678361167093e-05,2.9846522292227786e-05,2.5904953831950487e-05,2.2822844793879981e-05,3.4610260433226331e-05,-48.7891053961,-45.2510626545,-45.8661717738,-46.4163022314,-44.6079513274,-78.0458680048,-74.5078252632,-75.1229343825,-75.6730648401,-73.8647139361
76833656.311035156,76.833656311035,833656.311035,33656.3110352,-29.2552527484,1.0523331294259959e-05,3.2905349670039103e-05,2.4412445593318289e-05,2.5799912142611332e-05,3.0436556510839691e-05,-49.7784675698,-44.8273348979,-46.1238871159,-45.8838177295,-45.1660448373,-79.0337203182,-74.0825876463,-75.3791398643,-75.139070478,-74.4212975857
76833801.26953125,76.833801269531,833801.269531,33801.2695312,-29.2537431508,8.7676879867102136e-06,3.0800209223881801e-05,2.3333654893249054e-05,2.5033030059762265e-05,2.7676751337681172e-05,-50.571149137,-45.1144633335,-46.3201722967,-46.0148657913,-45.5788488816,-79.8248922879,-74.3682064844,-75.5739154476,-75.2686089422,-74.8325920325
76833946.228027344,76.833946228027,833946.228027,33946.2280273,-29.2522338159,1.0214209207387026e-05,3.1355289295937372e-05,2.1600006936279184e-05,2.1805059833541122e-05,3.3422935022946987e-05,-49.9079525117,-45.036891879,-46.6554610939,-46.6144271728,-44.7595541536,-79.1601863276,-74.2891256949,-75.9076949097,-75.8666609886,-74.0117879694
76834091.186523438,76.834091186523,834091.186523,34091.1865234,-29.2507247435,1.2631719480420044e-05,3.3049618514897666e-05,2.1848522327881646e-05,2.023191902133034e-05,2.9054608196315789e-05,-48.9853752751,-44.8083354912,-46.6057793016,-46.9396292193,-45.3678497668,-78.2361000186,-74.0590602347,-75.8565040451,-76.1903539628,-74.6185745103
76834236.145019531,76.834236145020,834236.14502,34236.1450195,-29.2492159335,1.2121800103572431e-05,3.1470476794144797e-05,2.2916018256727478e-05,2.106632694761256e-05,3.412380706729344e-05,-49.1643288207,-45.0209667725,-46.3986084043,-46.7641117989,-44.6694252217,-78.4135447542,-74.270182706,-75.6478243378,-76.0133277324,-73.9186411552
76834381.103515625,76.834381103516,834381.103516,34381.1035156,-29.2477073859,1.2038542785009713e-05,2.9406305875467884e-05,2.4040653008069212e-05,1.7784218890918365e-05,3.8643482580311204e-05,-49.1942607942,-45.3155952968,-46.1905373992,-47.4996520491,-44.1292374154,-78.4419681801,-74.5633026827,-75.4382447851,-76.747359435,-73.3769448013
76834526.062011719,76.834526062012,834526.062012,34526.0620117,-29.2461991006,1.4089564375160777e-05,3.231714232033625e-05,2.6581567599564021e-05,1.9029242781477353e-05,4.263221940667279e-05,-48.5110243431,-44.9056704918,-45.7541941091,-47.2057849297,-43.7026205767,-77.7572234437,-74.1518695923,-75.0003932097,-76.4519840303,-72.9488196772
76834671.020507812,76.834671020508,834671.020508,34671.0205078,-29.2446910774,1.2725961943795187e-05,3.7131472700470909e-05,2.7654153107442757e-05,1.8647823570581011e-05,4.0473937789790535e-05,-48.9530937983,-44.3025782554,-45.5823963701,-47.2937184838,-43.9282454018,-78.1977848757,-73.5472693328,-74.8270874475,-76.5384095612,-73.1729364792
76834815.979003906,76.834815979004,834815.979004,34815.9790039,-29.2431833163,1.1182614058294966e-05,3.725944217839472e-05,2.4932283851644952e-05,1.3973151325705554e-05,3.5385660916979423e-05,-49.514566635,-44.2876365134,-46.0323793735,-48.5470563762,-44.5117268843,-78.7577499513,-73.5308198297,-75.2755626898,-77.7902396925,-73.7549102006
76834960.9375,76.834960937500,834960.9375,34960.9375,-29.2416758173,1.1542902386976297e-05,3.6614252474612836e-05,2.5866803007631058e-05,1.7225206817104456e-05,3.4854466676649895e-05,-49.3768497695,-44.363498281,-45.8725724434,-47.6383555497,-44.5774155821,-78.6185255868,-73.6051740982,-75.1142482606,-76.8800313669,-73.8190913993
76835105.895996094,76.835105895996,835105.895996,35105.8959961,-29.2401685801,1.1590579496724245e-05,3.7880019496221643e-05,2.7821584096003803e-05,1.9248053770861979e-05,2.7997475506343003e-05,-49.3589484998,-44.2158980614,-45.5561814593,-47.1561317677,-45.5288112663,-78.5991170799,-73.4560666415,-74.7963500393,-76.3963003478,-74.7689798463
76835250.854492188,76.835250854492,835250.854492,35250.8544922,-29.2386616047,1.067025649548435e-05,2.9370150462209056e-05,2.0441228342827163e-05,1.9923356327902442e-05,2.376096332789463e-05,-49.7182514072,-45.320938286,-46.8949301037,-47.0063749764,-46.2413595597,-78.9569130119,-74.5595998907,-76.1335917084,-76.2450365812,-75.4800211644
76835395.812988281,76.835395812988,835395.812988,35395.8129883,-29.2371548911,1.1311829335031168e-05,2.7033050935912952e-05,1.5249113623136699e-05,2.4136182415638683e-05,3.2343301203059691e-05,-49.4646715583,-45.6810493729,-48.1675539958,-46.1733142052,-44.9021565477,-78.7018264494,-74.918204264,-77.4047088869,-75.4104690963,-74.1393114388
76835540.771484375,76.835540771484,835540.771484,35540.7714844,-29.2356484391,9.3246800218266136e-06,3.368417001390764e-05,2.3984426666543912e-05,2.0341407816267383e-05,3.1212615376194519e-05,-50.3036606216,-44.725741493,-46.2007065863,-46.9161899312,-45.0566983929,-79.5393090607,-73.9613899321,-75.4363550253,-76.1518383703,-74.2923468319
76835685.729980469,76.835685729980,835685.72998,35685.7299805,-29.2341422486,1.2582217266992586e-05,2.88667737244653e-05,2.6759982952908819e-05,2.146512641294123e-05,4.5830205866502359e-05,-49.0024281978,-45.3960175204,-45.7251416757,-46.6826654952,-43.3884819193,-78.2365704464,-74.630159769,-74.9592839243,-75.9168077438,-72.6226241679
76835830.688476562,76.835830688477,835830.688477,35830.6884766,-29.2326363196,1.3393227150991932e-05,3.5341770521781395e-05,2.2149821266889023e-05,1.8168953939169068e-05,4.7305173164647154e-05,-48.7311476541,-44.5171169737,-46.5462977387,-47.4067007608,-43.2509136341,-77.9637839737,-73.7497532933,-75.7789340583,-76.6393370804,-72.4835499536
76835975.646972656,76.835975646973,835975.646973,35975.6469727,-29.2311306519,1.1443650463366126e-05,3.1912615903275574e-05,2.4949567068804072e-05,2.0061450096854244e-05,3.3415147794211254e-05,-49.4143541582,-44.9603759487,-46.0293698596,-46.9763767818,-44.7605661366,-78.6454848101,-74.1915066006,-75.2605005115,-76.2075074337,-73.9916967886
76836120.60546875,76.836120605469,836120.605469,36120.6054688,-29.2296252455,9.7903325312050553e-06,2.5374816959176637e-05,2.4958379729673562e-05,2.2682488163350652e-05,3.2607776632897195e-05,-50.0920255702,-45.9559708184,-46.0278361199,-46.4430930708,-44.8667881263,-79.3216508157,-75.185596064,-75.2574613654,-75.6727183164,-74.0964133718
76836265.563964844,76.836265563965,836265.563965,36265.5639648,-29.2281201003,1.0972074645289801e-05,2.6665333886619043e-05,2.5874517116900492e-05,1.6540307322626305e-05,3.213458823873981e-05,-49.5971124646,-45.7405297398,-45.8712774648,-47.8145642542,-44.9302726061,-78.8252325649,-74.9686498401,-75.0993975651,-77.0426843545,-74.1583927065
76836410.522460938,76.836410522461,836410.522461,36410.5224609,-29.2266152162,1.2082251209663957e-05,2.7935347502510365e-05,2.4287449745257671e-05,2.0103154870770749e-05,2.8659990261203744e-05,-49.1785213882,-45.5384592185,-46.1461808502,-46.9673578161,-45.4272396151,-78.4051366044,-74.7650744347,-75.3727960664,-76.1939730323,-74.6538548313
76836555.480957031,76.836555480957,836555.480957,36555.480957,-29.2251105931,1.2948110131509825e-05,3.4667886329025492e-05,2.3118890090781575e-05,1.8493206737441413e-05,3.2313685310016499e-05,-48.8779361532,-44.6007263609,-46.3603301969,-47.3298777529,-44.9061350876,-78.1030467462,-73.825836954,-75.58544079,-76.5549883459,-74.1312456806
76836700.439453125,76.836700439453,836700.439453,36700.4394531,-29.2236062308,1.2736392077535014e-05,3.3764753142545146e-05,3.1101419264578404e-05,2.3271514791024168e-05,3.4217456597365062e-05,-48.9495358006,-44.715364211,-45.0721979217,-46.3317534667,-44.6575227495,-78.1731420315,-73.9389704419,-74.2958041526,-75.5553596975,-73.8811289803
76836845.397949219,76.836845397949,836845.397949,36845.3979492,-29.2221021294,1.0528233939041344e-05,3.2193240718334495e-05,3.4093473816898484e-05,1.8006395160204936e-05,3.2620655870744497e-05,-49.7764447353,-44.9223530305,-44.6732874583,-47.4457322326,-44.8650731129,-78.9985468647,-74.14445516,-73.8953895878,-76.667834362,-74.0871752423
76836990.356445312,76.836990356445,836990.356445,36990.3564453,-29.2205982888,9.2281188225559159e-06,3.298618328651235e-05,2.8486689559933023e-05,1.8885889067420859e-05,3.126963253726048e-05,-50.3488682208,-44.8166793221,-45.4535801722,-47.2386256562,-45.0487722231,-79.5694665095,-74.0372776109,-74.6741784609,-76.4592239449,-74.2693705118
76837135.314941406,76.837135314941,837135.314941,37135.3149414,-29.2190947087,7.8342137092053919e-06,2.7624145723777275e-05,2.7240026846494459e-05,1.7336139390730127e-05,2.8129581244442799e-05,-51.0600458552,-45.5871114365,-45.6479246874,-47.6104760974,-45.5083673298,-80.279140564,-74.8062061452,-74.8670193961,-76.8295708061,-74.7274620385
76837280.2734375,76.837280273438,837280.273438,37280.2734375,-29.2175913892,9.3970211900395081e-06,2.5583992988048984e-05,2.1379200948470008e-05,2.2283114818508223e-05,3.8585314687137626e-05,-50.2700979382,-45.9203167263,-46.7000853066,-46.5202410192,-44.1357795346,-79.4876893274,-75.1379081155,-75.9176766958,-75.7378324084,-73.3533709238
76837425.231933594,76.837425231934,837425.231934,37425.2319336,-29.2160883302,1.247663163232153e-05,2.4233411348577599e-05,2.2962574607400125e-05,1.8765663739043874e-05,4.1265849210442735e-05,-49.039026471,-46.1558544572,-46.3897941962,-47.2663607004,-43.8440921311,-78.2551148012,-75.3719427874,-75.6058825264,-76.4824490306,-73.0601804613
76837570.190429688,76.837570190430,837570.19043,37570.1904297,-29.2145855315,1.0739036270055154e-05,2.038336765887551e-05,2.501145616368011e-05,1.9598564822228577e-05,4.3132599859645605e-05,-49.6903469083,-46.90724062,-46.0186102297,-47.0777573031,-43.6519436354,-78.9049324398,-76.1218261515,-75.2331957612,-76.2923428346,-72.8665291669
76837715.148925781,76.837715148926,837715.148926,37715.1489258,-29.2130829931,9.9393638479779113e-06,2.8228531793553161e-05,2.944862892389759e-05,2.3564046930251636e-05,3.8086383154928799e-05,-50.0264141099,-45.4931170954,-45.3093492039,-46.2775012099,-44.1923026783,-79.239497103,-74.7062000885,-74.522432197,-75.490584203,-73.4053856714
76837860.107421875,76.837860107422,837860.107422,37860.1074219,-29.2115807149,1.2099521655591865e-05,3.089450141917895e-05,2.9982636317105502e-05,2.5838541092769463e-05,3.7871870946072854e-05,-49.1723179881,-45.1011880911,-45.2313018311,-45.8773201131,-44.2168323933,-78.383898703,-74.312768806,-74.442882546,-75.088900828,-73.4284131082
76838005.065917969,76.838005065918,838005.065918,38005.065918,-29.2100786968,9.9300174686368884e-06,3.600608529743879e-05,2.411006584085253e-05,2.7084747744571102e-05,3.7932207935054682e-05,-50.030499875,-44.4362409402,-46.1780160363,-45.6727520489,-44.2099187741,-79.2405785718,-73.6463196369,-75.3880947331,-74.8828307456,-73.4199974709
76838150.024414062,76.838150024414,838150.024414,38150.0244141,-29.2085769386,9.0479076315182728e-06,3.8858728778652727e-05,2.3474729488114317e-05,2.4848960511035214e-05,2.7203749836575742e-05,-50.434518417,-44.1051141098,-46.2939940364,-46.0469177408,-45.6537122754,-79.6430953556,-73.3136910484,-75.502570975,-75.2554946795,-74.8622892141
76838294.982910156,76.838294982910,838294.98291,38294.9829102,-29.2070754404,8.8501617980212174e-06,3.9443206600471785e-05,2.7518943564062814e-05,2.0598009776666657e-05,3.5122310491852505e-05,-50.5304878949,-44.0402778561,-45.6036824242,-46.8617474006,-44.5441692213,-79.7375633353,-73.2473532965,-74.8107578647,-76.068822841,-73.7512446617
76838439.94140625,76.838439941406,838439.941406,38439.9414062,-29.2055742021,9.2992368459142768e-06,3.5759091507385952e-05,2.6557701737522322e-05,2.48036369152035e-05,4.374344804927294e-05,-50.3155269093,-44.4661352339,-45.7580951085,-46.0548463464,-43.5908698696,-79.5211011114,-73.6717094359,-74.9636693106,-75.2604205485,-72.7964440717
76838584.899902344,76.838584899902,838584.899902,38584.8999023,-29.2040732234,1.279629291482446e-05,4.1869099377574551e-05,2.1252147323742689e-05,2.631901864829387e-05,4.3710877854894347e-05,-48.9291582721,-43.7810638087,-46.7259718214,-45.797303082,-43.5941047139,-78.1332314956,-72.9851370321,-75.9300450449,-75.0013763055,-72.7981779374
76838729.858398438,76.838729858398,838729.858398,38729.8583984,-29.2025725044,1.1602211403137622e-05,3.2426072683898638e-05,2.6287473345172565e-05,2.4161168764973118e-05,4.0390240896260057e-05,-49.3545922554,-44.8910564815,-45.8025115467,-46.1688206111,-43.9372355659,-78.5571647599,-74.0936289859,-75.0050840511,-75.3713931156,-73.1398080704
76838874.816894531,76.838874816895,838874.816895,38874.8168945,-29.201072045,9.844957133822087e-06,3.0656556690829325e-05,3.0352722325978233e-05,2.1155044528840732e-05,4.7201583775789364e-05,-50.0678617049,-45.134766262,-45.1780235111,-46.7458605619,-43.2604342905,-79.2689337499,-74.335838307,-74.3790955561,-75.9469326069,-72.4615063354
76839019.775390625,76.839019775391,839019.775391,39019.7753906,-29.199571845,1.0964873915573073e-05,2.8544968850743508e-05,2.5504103992322032e-05,2.1326804101751383e-05,4.5624792510874819e-05,-49.5999635788,-45.4447042657,-45.9338992946,-46.7107422026,-43.4079909758,-78.7995354239,-74.6442761108,-75.1334711396,-75.9103140477,-72.6075628209
76839164.733886719,76.839164733887,839164.733887,39164.7338867,-29.1980719044,1.2334111890280777e-05,2.9231751055967495e-05,2.2670268303288391e-05,2.4526727919293264e-05,4.31940458594187e-05,-49.0889211614,-45.3414516852,-46.4454333996,-46.1036038662,-43.6457611496,-78.2869930658,-74.5395235897,-75.643505304,-75.3016757707,-72.843833054
76839309.692382812,76.839309692383,839309.692383,39309.6923828,-29.1965722231,1.1998383564784104e-05,4.6264175572806337e-05,2.6419441558591244e-05,2.0492526896103706e-05,3.5865115011856006e-05,-49.2087725863,-43.3475517255,-45.7807636653,-46.8840448624,-44.4532777214,-78.4053448095,-72.5441239486,-74.9773358884,-76.0806170855,-73.6498499445
76839454.650878906,76.839454650879,839454.650879,39454.6508789,-29.195072801,1.1509378159280097e-05,4.5082144884382147e-05,2.4324065422590566e-05,2.4615161053949945e-05,2.9436411173049544e-05,-49.3894814025,-43.459954296,-46.1396383717,-46.0879731835,-45.311151394,-78.5845542035,-72.655027097,-75.3347111727,-75.2830459845,-74.506224195
76839599.609375,76.839599609375,839599.609375,39599.609375,-29.193573638,1.0716509752857211e-05,3.7558728859257788e-05,3.2936443552795605e-05,1.6477414041748683e-05,3.7932946063670684e-05,-49.6994663646,-44.2528911446,-44.8232329736,-47.8311094528,-44.2098342649,-78.8930400026,-73.4464647826,-74.0168066116,-77.0246830908,-73.4034079029
76839744.567871094,76.839744567871,839744.567871,39744.5678711,-29.192074734,1.1905724450578044e-05,4.5228523368785791e-05,2.843878444925487e-05,1.9357691109676382e-05,3.7197913117002877e-05,-49.242441731,-43.4458759097,-45.4608897047,-47.1314644445,-44.2948142429,-78.434516465,-72.6379506437,-74.6529644387,-76.3235391785,-73.4868889769
76839889.526367188,76.839889526367,839889.526367,39889.5263672,-29.190576089,1.1776496947075216e-05,3.097077342772428e-05,2.3517291250603749e-05,2.0347793752358326e-05,4.1445531891831611e-05,-49.2898387617,-45.0904794895,-46.2861270227,-46.9148267308,-43.8252228247,-78.4804148507,-74.2810555785,-75.4767031117,-76.1054028198,-73.0157989137
76840034.484863281,76.840034484863,840034.484863,40034.4848633,-29.1890777028,1.1042800604808547e-05,2.3129366539420752e-05,1.667548621166253e-05,2.3253682196235787e-05,3.7668531808635248e-05,-49.5692076964,-46.358362614,-47.7792149439,-46.3350826725,-44.2402130679,-78.7582853991,-75.5474403168,-76.9682926466,-75.5241603753,-73.4292907707
76840179.443359375,76.840179443359,840179.443359,40179.4433594,-29.1875795753,1.4385259586980741e-05,3.9170765480194835e-05,2.1054747456211009e-05,2.3416062336179981e-05,3.1851245509370101e-05,-48.4208229671,-44.0703794133,-46.7664996341,-46.3048613443,-44.9687358037,-77.6084025424,-73.2579589886,-75.9540792094,-75.4924409196,-74.156315379
76840324.401855469,76.840324401855,840324.401855,40324.4018555,-29.1860817065,1.3224319054766699e-05,3.7194087179272424e-05,2.49838892640258e-05,2.1019168060186681e-05,3.2921415429534142e-05,-48.7862668136,-44.2952609532,-46.0233995369,-46.7738447737,-44.8252150092,-77.9723485201,-73.4813426597,-75.2094812435,-75.9599264802,-74.0112967157
76840469.360351562,76.840469360352,840469.360352,40469.3603516,-29.1845840963,1.0765469614722377e-05,3.2960424480353702e-05,2.068610776965205e-05,1.6128003404899269e-05,2.9839612767185327e-05,-49.679670205,-44.8200720388,-46.8432121708,-47.9241939355,-45.2520681706,-78.8642543012,-74.0046561351,-76.027796267,-77.1087780318,-74.4366522669
76840614.318847656,76.840614318848,840614.318848,40614.3188477,-29.1830867445,1.0863025038739837e-05,3.7155773004299323e-05,1.6857338443581281e-05,1.7291457497457921e-05,3.0092076409781442e-05,-49.6404921943,-44.2997369902,-47.732109938,-47.6216839849,-45.2154784409,-78.8235789389,-73.4828237347,-76.9151966825,-76.8047707294,-74.3985651855
76840759.27734375,76.840759277344,840759.277344,40759.2773438,-29.1815896512,1.1748273335623322e-05,4.0717387968052097e-05,2.3397703419902434e-05,2.2843477684622402e-05,3.2920716255056266e-05,-49.3002595773,-43.9022008989,-46.3082676827,-46.4123777852,-44.8253072442,-78.4818492284,-73.0837905501,-75.4898573339,-75.5939674364,-74.0068968954
76840904.235839844,76.840904235840,840904.23584,40904.2358398,-29.1800928162,1.3434991504815947e-05,3.1258100823977474e-05,2.6928825006987216e-05,1.9290424979731273e-05,2.9326212474008812e-05,-48.7176260384,-45.0503741233,-45.6978259587,-47.1465820448,-45.3274402321,-77.8977188546,-74.2304669394,-74.8779187748,-76.326674861,-74.5075330482
76841049.194335938,76.841049194336,841049.194336,41049.1943359,-29.1785962393,1.3612575832876615e-05,3.0304867896540331e-05,2.9508255959294954e-05,1.8682399978365548e-05,3.4145041537151999e-05,-48.6605968786,-45.184876048,-45.3005645806,-47.2856733419,-44.6667235463,-77.839193118,-74.3634722874,-74.4791608199,-76.4642695812,-73.8453197856
76841194.152832031,76.841194152832,841194.152832,41194.152832,-29.1770999206,1.251560230020816e-05,2.5619903736264578e-05,2.6061539111555009e-05,1.2847486269318823e-05,4.2664333622785312e-05,-49.0254824559,-45.914225064,-45.8399993982,-48.9118183779,-43.6993503325,-78.2025823765,-75.0913249846,-75.0170993188,-78.0889182985,-72.8764502532
76841339.111328125,76.841339111328,841339.111328,41339.1113281,-29.17560386,1.1437083562289147e-05,3.139058271512549e-05,2.4859623945273168e-05,1.3888843942919595e-05,3.200845139498552e-05,-49.4168470581,-45.0320062225,-46.0450544527,-48.5733390186,-44.94735337,-78.5924509181,-74.2076100825,-75.2206583127,-77.7489428785,-74.12295723
76841484.069824219,76.841484069824,841484.069824,41484.0698242,-29.1741080573,9.5468033087697433e-06,2.7553576246419243e-05,1.8407766550106348e-05,1.3939706843947446e-05,3.2738613322309495e-05,-50.2014202504,-45.5982202501,-47.3499890209,-48.5574635948,-44.8493971952,-79.3755283077,-74.7723283073,-76.5240970781,-77.7315716521,-74.0235052525
76841629.028320312,76.841629028320,841629.02832,41629.0283203,-29.1726125124,9.6219686507015922e-06,2.6407801113118801e-05,2.2872165674631878e-05,1.5359469355083966e-05,3.3769681680630097e-05,-50.167360624,-45.782677595,-46.4069271182,-48.1362378822,-44.7147303309,-79.3399731364,-74.9552901074,-75.5795396306,-77.3088503946,-73.8873428433
76841773.986816406,76.841773986816,841773.986816,41773.9868164,-29.1711172253,1.0595749773476948e-05,3.8053946991340545e-05,2.6259544312860085e-05,2.0252630655497976e-05,4.158254649696084e-05,-49.7486830644,-44.1960029112,-45.8071281458,-46.9351855739,-43.8108891819,-78.9198002897,-73.3671201366,-74.9782453711,-76.1063027992,-72.9820064072
76841918.9453125,76.841918945312,841918.945312,41918.9453125,-29.1696221959,1.0329810165859883e-05,4.2683937471670277e-05,1.9068336916447013e-05,1.9884225259461659e-05,3.5082631314578611e-05,-49.8590765957,-43.6973552497,-47.1968718317,-47.0149132558,-44.5490784055,-79.0286987916,-72.8669774456,-76.3664940277,-76.1845354517,-73.7187006014
76842063.903808594,76.842063903809,842063.903809,42063.9038086,-29.1681274241,1.1150594024725559e-05,3.5451839961902668e-05,2.7148140190726566e-05,2.0412639393269532e-05,3.7342712753517485e-05,-49.5270199586,-44.5036121987,-45.6625991681,-46.9010083655,-44.2779413601,-78.6951473828,-73.6717396228,-74.8307265923,-76.0691357896,-73.4460687842
76842208.862304688,76.842208862305,842208.862305,42208.8623047,-29.1666329098,1.3216739368915598e-05,3.5063792154085308e-05,2.7246081511463218e-05,1.4347121325676214e-05,3.8808141374077062e-05,-48.7887567411,-44.5514111669,-45.6469594844,-48.4323522909,-44.1107715629,-77.9553896509,-73.7180440768,-74.8135923943,-77.5989852007,-73.2774044727
76842353.820800781,76.842353820801,842353.820801,42353.8208008,-29.1651386529,1.590616914323411e-05,3.1626526031055091e-05,2.8035186875494634e-05,1.9614571168232955e-05,3.5971025998135175e-05,-47.9843440365,-44.999485099,-45.5229654466,-47.0742118238,-44.4404717466,-77.1494826895,-74.1646237519,-74.6881040995,-76.2393504767,-73.6056103996
76842498.779296875,76.842498779297,842498.779297,42498.7792969,-29.1636446534,1.4888780006854166e-05,2.9157524587682212e-05,2.9309416729031589e-05,2.2309798463054876e-05,3.0180074240124559e-05,-48.2714088707,-45.3524934947,-45.3299282414,-46.5150435292,-45.2027969624,-77.4350535241,-74.5161381481,-74.4935728948,-75.6786881826,-74.3664416158
76842643.737792969,76.842643737793,842643.737793,42643.737793,-29.1621509111,1.2104302085280687e-05,2.7530909211039671e-05,2.863399638502405e-05,1.718111299861982e-05,2.0751755087212695e-05,-49.1706024623,-45.6017944575,-45.4311803421,-47.6494870584,-46.8294516679,-78.3327533733,-74.7639453686,-74.5933312531,-76.8116379695,-75.9916025789
76842788.696289062,76.842788696289,842788.696289,42788.6962891,-29.1606574259,7.3691623754233421e-06,2.8778251122451838e-05,1.9534579872535764e-05,1.8792022134020086e-05,3.1876729861519086e-05,-51.3258187393,-45.4093560202,-47.0919592465,-47.260264847,-44.9652623796,-80.4864761653,-74.5700134462,-76.2526166724,-76.4209222729,-74.1259198056
76842933.654785156,76.842933654785,842933.654785,42933.6547852,-29.1591641978,9.9642107803670608e-06,2.9741012617001792e-05,2.8014009957371231e-05,2.2127505476494873e-05,3.9451047477628903e-05,-50.0155709408,-45.2664424878,-45.5262472132,-46.5506754309,-44.0394146121,-79.1747351387,-74.4256066856,-74.685411411,-75.7098396288,-73.1985788099
76843078.61328125,76.843078613281,843078.613281,43078.6132812,-29.1576712267,1.1279309495890743e-05,4.2021462875133272e-05,2.7520917676716864e-05,2.594833057514114e-05,3.3461941494596176e-05,-49.4771748646,-43.7652883276,-45.6033708878,-45.8589057791,-44.7544886445,-78.6348460913,-72.9229595543,-74.7610421145,-75.0165770058,-73.9121598712
76843223.571777344,76.843223571777,843223.571777,43223.5717773,-29.1561785125,1.2084160285896655e-05,3.6337890132373695e-05,2.4781938810747978e-05,2.541910890929154e-05,3.6171582918257259e-05,-49.1778352282,-44.3964029251,-46.0586471968,-45.9483967812,-44.416324855,-78.3340137407,-73.5525814375,-75.2148257092,-75.1045752936,-73.5725033675
76843368.530273438,76.843368530273,843368.530273,43368.5302734,-29.154686055,1.2345761464817127e-05,3.1187725275014435e-05,2.3880548835265224e-05,2.3373142966862386e-05,3.2297135176546442e-05,-49.0848211839,-45.0601630003,-46.2195569625,-46.3128288447,-44.9083599879,-78.2395072389,-74.2148490553,-75.3742430175,-75.4675148997,-74.0630460429
76843513.488769531,76.843513488770,843513.48877,43513.4887695,-29.1531938543,8.885136626726182e-06,3.6012777407003104e-05,1.9214067813969388e-05,2.1491676532186719e-05,3.4819690812378675e-05,-50.5133588966,-44.4354338332,-47.1638068084,-46.6772970455,-44.581750896,-79.6665527509,-73.5886276875,-76.3170006627,-75.8304908998,-73.7349447503
76843658.447265625,76.843658447266,843658.447266,43658.4472656,-29.1517019102,9.1469259338867185e-06,3.1239149024749481e-05,2.1484233764901607e-05,1.7929069848328951e-05,2.8087663309337995e-05,-50.3872483755,-45.053008051,-46.6788013081,-47.4644224085,-45.5148438946,-79.5389502857,-74.2047099613,-75.8305032184,-76.6161243187,-74.6665458048
76843803.405761719,76.843803405762,843803.405762,43803.4057617,-29.1502102226,1.0148824948149766e-05,2.8484542396177499e-05,2.1497555947086101e-05,1.6684552819855937e-05,3.6799902853206894e-05,-49.9358423835,-45.4539075309,-46.6761091213,-47.7768542883,-44.341533278,-79.0860526061,-74.6041177535,-75.826319344,-76.927064511,-73.4917435007
76843948.364257812,76.843948364258,843948.364258,43948.3642578,-29.1487187915,9.5701718421826478e-06,2.4911935054889345e-05,2.1871701493492815e-05,1.7595489909441082e-05,3.1810689590033786e-05,-50.1908026395,-46.0359253697,-46.6011743002,-47.5459863664,-44.9742691618,-79.3395214311,-75.1846441613,-75.7498930917,-76.694705158,-74.1229879534
76844093.322753906,76.844093322754,844093.322754,44093.3227539,-29.1472276168,9.7878310329117188e-06,2.6257386383079208e-05,2.1159498862248963e-05,2.3673596079602e-05,3.655343535705895e-05,-50.0931353647,-45.8074850505,-46.7449462227,-46.2573576662,-44.3707180102,-79.2403629815,-74.9547126673,-75.8921738394,-75.404585283,-73.5179456269
76844238.28125,76.844238281250,844238.28125,44238.28125,-29.1457366983,1.0951910791346028e-05,3.4662251810926895e-05,2.0739385233936892e-05,2.0197757850470733e-05,3.3518494950142815e-05,-49.605101024,-44.6014322704,-46.8320412131,-46.9469683883,-44.7471549033,-78.7508377223,-73.7471689687,-75.9777779113,-76.0927050866,-73.8928916015
76844383.239746094,76.844383239746,844383.239746,44383.2397461,-29.1442460359,9.7262072161061545e-06,4.0747640529787354e-05,1.7761984186074002e-05,1.8964633949068726e-05,3.3950500161124335e-05,-50.1205648206,-43.8989753378,-47.5050852094,-47.2205553553,-44.6915382328,-79.2648108565,-73.0432213738,-76.6493312453,-76.3648013912,-73.8357842687
76844528.198242188,76.844528198242,844528.198242,44528.1982422,-29.1427556297,9.9369326408539154e-06,3.9871506075067647e-05,2.2146835171190111e-05,1.8665267416120181e-05,3.751710311624454e-05,-50.0274765411,-43.9933735933,-46.5468832659,-47.2896578358,-44.2577070305,-79.1702321708,-73.136129223,-75.6896388956,-76.4324134655,-73.4004626603
76844673.156738281,76.844673156738,844673.156738,44673.1567383,-29.1412654795,1.0443834724225001e-05,3.4659987604541124e-05,2.7458539202499599e-05,2.0020045224766967e-05,2.9348040042939929e-05,-49.8114000959,-44.6017159694,-45.61322571,-46.985349458,-45.3242089704,-78.9526655754,-73.7429814489,-74.7544911895,-76.1266149375,-74.4654744499
76844818.115234375,76.844818115234,844818.115234,44818.1152344,-29.1397755852,9.889622805782327e-06,3.0765481569236576e-05,2.3355485200827594e-05,2.0495804884435444e-05,3.1504755288182632e-05,-50.0482027225,-45.1193628255,-46.3161110599,-46.8833502197,-45.016238894,-79.1879783077,-74.2591384107,-75.4558866451,-76.0231258049,-74.1560144792
76844963.073730469,76.844963073730,844963.07373,44963.0737305,-29.1382859467,1.3369372668786245e-05,3.7740052062191771e-05,2.6476882062030904e-05,2.3222737218388667e-05,3.4289014127180088e-05,-48.7388897066,-44.2319750506,-45.7713315907,-46.3408659214,-44.6484500148,-77.8771756534,-73.3702609974,-74.9096175375,-75.4791518682,-73.7867359615
76845108.032226562,76.845108032227,845108.032227,45108.0322266,-29.136796564,1.1391299305620602e-05,4.1460104173034402e-05,2.8669502388780326e-05,2.2978304630647401e-05,2.7975565870801177e-05,-49.4342673693,-43.8236961103,-45.4257984496,-46.3868201728,-45.532211201,-78.5710639333,-72.9604926743,-74.5625950136,-75.5236167368,-74.669007765
76845252.990722656,76.845252990723,845252.990723,45252.9907227,-29.1353074369,1.266437356842159e-05,3.3154650690697587e-05,2.2781202245367464e-05,2.3249586826802978e-05,3.4386462114905132e-05,-48.9741628732,-44.7945554335,-46.4242336038,-46.3358476064,-44.636125047,-78.1094703101,-73.9298628704,-75.5595410408,-75.4711550434,-73.7714324839
76845397.94921875,76.845397949219,845397.949219,45397.9492188,-29.1338185654,1.3094252307339638e-05,3.866637508333751e-05,1.7217297127484297e-05,2.3579490543864181e-05,3.4134031816916142e-05,-48.8291929511,-44.126665405,-47.6403502563,-46.2746558246,-44.6681241104,-77.9630115165,-73.2604839704,-76.7741688218,-75.4084743901,-73.8019426758
76845542.907714844,76.845542907715,845542.907715,45542.9077148,-29.1323299494,1.4796110481524925e-05,3.8296157019566654e-05,2.2544306760231942e-05,1.9892303603853306e-05,3.3810547306395344e-05,-48.298524345,-44.1684480485,-46.4696311475,-47.0131492102,-44.7094779906,-77.4308542944,-73.300777998,-75.6019610969,-76.1454791596,-73.84180794
76845687.866210938,76.845687866211,845687.866211,45687.8662109,-29.1308415888,1.174132418181189e-05,2.7980728683203414e-05,2.37400092841189e-05,1.2369502331186678e-05,3.454155208891768e-05,-49.3028292077,-45.5314097966,-46.2451911554,-49.0764777322,-44.6165815176,-78.4336707965,-74.6622513854,-75.3760327442,-78.207319321,-73.7474231063
76845832.824707031,76.845832824707,845832.824707,45832.824707,-29.1293534834,1.3169967252157755e-05,2.7890920156415566e-05,2.1923529482565743e-05,1.6982716507074989e-05,2.8422532576673368e-05,-48.8041530493,-45.5453715758,-46.5908952722,-47.6999284002,-45.4633722707,-77.9335065328,-74.6747250592,-75.7202487557,-76.8292818837,-74.5927257542
76845977.783203125,76.845977783203,845977.783203,45977.7832031,-29.1278656333,1.6165404050443784e-05,3.7375214730132683e-05,2.2014929691905e-05,1.8382508118360295e-05,3.5153590947219287e-05,-47.9141343583,-44.2741630353,-46.5728269719,-47.3559523356,-44.540303051,-77.0419999916,-73.4020286686,-75.7006926052,-76.4838179689,-73.6681686843
76846122.741699219,76.846122741699,846122.741699,46122.7416992,-29.1263780384,1.2307549440822986e-05,3.9544561302734726e-05,2.8145047860570608e-05,2.01961786018274e-05,4.376370413991133e-05,-49.0982841094,-44.0291323805,-45.5059800849,-46.9473079734,-43.5888592663,-78.2246621478,-73.1555104188,-74.6323581232,-76.0736860118,-72.7152373047
76846267.700195312,76.846267700195,846267.700195,46267.7001953,-29.1248906984,1.0969747452644381e-05,3.8656998289884863e-05,2.9681558381212608e-05,1.8009139741698098e-05,3.274235507885047e-05,-49.5980337071,-44.127718719,-45.2751330088,-47.4450703201,-44.8489008604,-78.7229244055,-73.2526094174,-74.4000237072,-76.5699610185,-73.9737915588
76846412.658691406,76.846412658691,846412.658691,46412.6586914,-29.1234036134,1.2556347569989709e-05,3.059059051828823e-05,3.3661134923949687e-05,1.8571689208459715e-05,4.4588325141468085e-05,-49.0113667118,-45.1441213935,-44.7287124537,-47.3114859273,-43.5077884062,-78.1347703252,-74.2675250069,-73.8521160672,-76.4348895407,-72.6311920197
76846557.6171875,76.846557617188,846557.617188,46557.6171875,-29.1219167833,1.252211866909828e-05,3.3015228043568839e-05,2.967076792111512e-05,2.2383459748005408e-05,4.4464049191154784e-05,-49.0232218483,-44.8128569861,-45.2767121339,-46.5007278495,-43.519909901,-78.1451386316,-73.9347737694,-74.3986289172,-75.6226446328,-72.6418266843
76846702.575683594,76.846702575684,846702.575684,46702.5756836,-29.120430208,1.0064247369291028e-05,3.5776075483008981e-05,1.8094534275891801e-05,2.4181407842232216e-05,3.1688664203985675e-05,-49.9721869724,-44.4640730182,-47.4245259045,-46.165184181,-44.9909606756,-79.0926171803,-73.5845032262,-76.5449561125,-75.285614389,-74.1113908836
76846847.534179688,76.846847534180,846847.53418,46847.5341797,-29.1189438873,1.1604008982212902e-05,4.6908444413198162e-05,2.3225418505080887e-05,2.5347630098144725e-05,2.9959776610089834e-05,-49.353919437,-43.2874896897,-46.3403645159,-45.9606263923,-45.234614292,-78.4728633243,-72.406433577,-75.4593084033,-75.0795702796,-74.3535581794
76846992.492675781,76.846992492676,846992.492676,46992.4926758,-29.1174578213,1.1307234639793378e-05,4.015232874719178e-05,2.5673311983710255e-05,2.2988032621776676e-05,3.4205544508847112e-05,-49.4664359556,-43.9628926153,-45.9051810159,-46.3849819524,-44.6590349177,-78.5838937769,-73.0803504365,-75.0226388372,-75.5024397737,-73.776492739
76847137.451171875,76.847137451172,847137.451172,47137.4511719,-29.1159720098,1.2515254622791948e-05,3.0496025133913896e-05,2.3218214833499579e-05,1.837534059437733e-05,3.3174553625555147e-05,-49.0256031025,-45.1575676311,-46.3417117468,-47.3576460235,-44.79194912,-78.1415751122,-74.2735396409,-75.4576837566,-76.4736180332,-73.9079211298
76847282.409667969,76.847282409668,847282.409668,47282.409668,-29.1144864527,1.5118588930243321e-05,2.4533107179423831e-05,2.6849360818977635e-05,2.5654438361558446e-05,2.2819414449858316e-05,-48.2048874114,-46.1024744383,-45.7106604874,-45.9083748867,-46.4169550385,-77.3193738641,-75.216960891,-74.8251469401,-75.0228613394,-75.5314414912
76847427.368164062,76.847427368164,847427.368164,47427.3681641,-29.1130011499,1.5492040222928531e-05,2.2328983141347596e-05,2.9033280333770647e-05,2.7734727732318084e-05,2.6646259688841579e-05,-48.098913841,-46.5113105419,-45.3710389251,-45.5697609317,-45.7436374388,-77.2119149909,-75.6243116918,-74.484040075,-74.6827620816,-74.8566385887
76847572.326660156,76.847572326660,847572.32666,47572.3266602,-29.1115161015,1.1225184435455564e-05,3.4623875592494638e-05,2.8243351470251002e-05,2.0838931596411619e-05,3.2491029111157974e-05,-49.4980651459,-44.6062432138,-45.4908376942,-46.811245509,-44.8823653272,-78.6095812473,-73.7177593152,-74.6023537957,-75.9227616105,-73.9938814287
76847717.28515625,76.847717285156,847717.285156,47717.2851562,-29.1100313072,1.1954062294170344e-05,4.2196280468570108e-05,2.4019181708837753e-05,1.5758649192591473e-05,4.0844319045470318e-05,-49.2248448533,-43.7472582968,-46.1944179233,-48.0248101231,-43.8886834008,-78.3348761605,-72.857289604,-75.3044492304,-77.1348414303,-72.998714708
76847862.243652344,76.847862243652,847862.243652,47862.2436523,-29.1085467669,1.0093884422652654e-05,2.347971322340083e-05,2.0573658671037588e-05,1.3557037315223752e-05,3.5910764088659708e-05,-49.9594167235,-46.2930721178,-46.8668846964,-48.6783520857,-44.4477535411,-79.0679634904,-75.4016188847,-75.9754314633,-77.7868988526,-73.556300308
76848007.202148438,76.848007202148,848007.202148,48007.2021484,-29.1070624807,1.1574320248254993e-05,2.8418168911336193e-05,2.2969324374511938e-05,1.5710360949267817e-05,2.9618556711314224e-05,-49.3650450537,-45.4640390872,-46.3885177906,-48.0381383683,-45.2843610812,-78.4721075344,-74.5711015679,-75.4955802713,-77.145200849,-74.3914235619
76848152.160644531,76.848152160645,848152.160645,48152.1606445,-29.1055784484,1.179249692108051e-05,2.695728832634417e-05,2.3933766635546447e-05,1.7469776053490528e-05,3.4011379582965662e-05,-49.2839422847,-45.6932379627,-46.2098894784,-47.5771266224,-44.6837575169,-78.3895207331,-74.798816411,-75.3154679268,-76.6827050708,-73.7893359652
76848297.119140625,76.848297119141,848297.119141,48297.1191406,-29.1040946699,1.4847700009684314e-05,2.6784403339000948e-05,1.8421057570903199e-05,1.7047598323645791e-05,3.3566671832753902e-05,-48.2834081574,-45.7211802372,-47.3468544015,-47.6833679604,-44.7409171733,-77.3875028273,-74.825274907,-76.4509490714,-76.7874626303,-73.8450118431
76848442.077636719,76.848442077637,848442.077637,48442.0776367,-29.1026111451,1.1828837382497687e-05,2.7232603386218729e-05,1.3742952655895227e-05,1.9403004321039048e-05,3.8232025980741378e-05,-49.2705793865,-45.6491083893,-48.6191994963,-47.121310196,-44.1757268736,-78.3731905316,-74.7517195344,-77.7218106415,-76.2239213412,-73.2783380187
76848587.036132812,76.848587036133,848587.036133,48587.0361328,-29.101127874,1.0370744758529347e-05,2.7568342828928672e-05,1.6917396095454054e-05,2.5343598545758307e-05,3.908083431688519e-05,-49.8419005432,-45.5958933915,-47.7166648222,-45.9613171946,-44.0803617332,-78.9430284172,-74.6970212655,-76.8177926962,-75.0624450686,-73.1814896072
76848731.994628906,76.848731994629,848731.994629,48731.9946289,-29.0996448565,1.2176502746855384e-05,3.0188006213625761e-05,1.988600434620797e-05,1.8668779179519406e-05,3.5939012971830047e-05,-49.1447742893,-45.2016556929,-47.0145247,-47.2888408124,-44.4443385452,-78.2444191458,-74.3013005493,-76.1141695565,-76.3884856689,-73.5439834016
76848876.953125,76.848876953125,848876.953125,48876.953125,-29.0981620924,1.5776832374818607e-05,3.1668870473855752e-05,1.6114346361446853e-05,1.4464594137942164e-05,3.8214024723118935e-05,-48.0198018872,-44.9936742623,-47.9278730587,-48.3969374771,-44.1777721976,-77.1179639796,-74.0918363547,-77.0260351511,-77.4950995695,-73.27593429
76849021.911621094,76.849021911621,849021.911621,49021.9116211,-29.0966795817,1.2738400460639564e-05,2.4675694480331739e-05,1.8829280217299762e-05,1.9500148419661018e-05,2.3306218236421159e-05,-48.948851022,-46.0773061557,-47.2516628134,-47.0996208312,-46.3252819119,-78.0455306037,-75.1739857374,-76.3483423951,-76.1963004129,-75.4219614936
76849166.870117188,76.849166870117,849166.870117,49166.8701172,-29.0951973243,9.5641504516968877e-06,3.5624108009650692e-05,1.8582030955058083e-05,2.2259622132115516e-05,2.3186975602334451e-05,-50.193536007,-44.4825600113,-47.3090682079,-46.524822123,-46.3475589495,-79.2887333314,-73.5777573356,-76.4042655322,-75.6200194473,-75.4427562739
76849311.828613281,76.849311828613,849311.828613,49311.8286133,-29.0937153202,8.3068503581500703e-06,3.6591206469023054e-05,2.2483703231194327e-05,2.4088689454055425e-05,3.1597941092334868e-05,-50.8056361296,-44.3662327091,-46.4813215572,-46.1818682716,-45.0034121489,-79.8993514498,-73.4599480293,-75.5750368773,-75.2755835918,-74.0971274691
76849456.787109375,76.849456787109,849456.787109,49456.7871094,-29.0922335691,8.9106372705309937e-06,3.6162046534932358e-05,2.4394320969119552e-05,1.8478716863281421e-05,2.9937124919467519e-05,-50.50091235,-44.4174699928,-46.1271126624,-47.3332818888,-45.2378991046,-79.5931459191,-73.5097035619,-75.2193462315,-76.425515458,-74.3301326737
76849601.745605469,76.849601745605,849601.745605,49601.7456055,-29.0907520712,1.2588334976586436e-05,2.7924438197305358e-05,2.7043004971633543e-05,2.0380620186403617e-05,3.6688845473106441e-05,-49.0003170899,-45.5401555555,-45.67945052,-46.9078260446,-44.3546595444,-78.0910691611,-74.6309076267,-74.7702025912,-75.9985781158,-73.4454116155
76849746.704101562,76.849746704102,849746.704102,49746.7041016,-29.0892708261,1.0161640540635771e-05,2.7371855582436553e-05,2.8785740934938024e-05,2.4798819482610035e-05,3.8602188248205992e-05,-49.9303617195,-45.6269576007,-45.4082258748,-46.0556899274,-44.1338807571,-79.0196325456,-74.7162284268,-74.4974967009,-75.1449607535,-73.2231515833
76849891.662597656,76.849891662598,849891.662598,49891.6625977,-29.087789834,1.0170614531427428e-05,3.4420980113774489e-05,2.6152539918049806e-05,2.1279579167692738e-05,2.8338953256827578e-05,-49.9265280523,-44.631767676,-45.8248612634,-46.7203696505,-45.4761619513,-79.0143178863,-73.7195575099,-74.9126510974,-75.8081594845,-74.5639517853
76850036.62109375,76.850036621094,850036.621094,50036.6210938,-29.0863090946,1.3216901177761228e-05,3.5378879657771076e-05,2.282273443096929e-05,1.507622083316716e-05,3.6418193225640887e-05,-48.7887035719,-44.51255924,-46.4163232323,-48.2170750973,-44.3868160416,-77.8750126665,-73.5988683347,-75.502632327,-77.3033841919,-73.4731251363
76850181.579589844,76.850181579590,850181.57959,50181.5795898,-29.084828608,1.1471702856969905e-05,3.3076871176437026e-05,2.5178022706002668e-05,1.8884728336456854e-05,4.3047809064301764e-05,-49.4037211074,-44.8047557817,-45.9897837914,-47.2388925827,-43.6604894724,-78.4885497154,-73.8895843897,-75.0746123993,-76.3237211907,-72.7453180804
76850326.538085938,76.850326538086,850326.538086,50326.5380859,-29.0833483739,8.8106190358073796e-06,4.3093579062127637e-05,2.5165162500724306e-05,2.5535621447708772e-05,3.3195109725791641e-05,-50.549935769,-43.6558743484,-45.9920026086,-45.9285356847,-44.7892589146,-79.6332841429,-72.7392227223,-75.0753509825,-75.0118840586,-73.8726072885
76850471.496582031,76.850471496582,850471.496582,50471.496582,-29.0818683924,1.1432612478013338e-05,3.781546479520855e-05,2.2442011230042215e-05,2.2601943873784605e-05,3.6714671069917681e-05,-49.4185451719,-44.2233055726,-46.4893822465,-46.4585420787,-44.3516035832,-78.5004135642,-73.305173965,-75.5712506388,-75.5404104711,-73.4334719756
76850616.455078125,76.850616455078,850616.455078,50616.4550781,-29.0803886633,1.4194757594308862e-05,3.3189168841028557e-05,2.9238330347059176e-05,2.3877541872639958e-05,2.9198278451836276e-05,-48.4787201958,-44.7900362353,-45.3404743136,-46.2201038467,-45.3464275406,-77.5591088591,-73.8704248986,-74.4208629769,-75.30049251,-74.4268162039
76850761.413574219,76.850761413574,850761.413574,50761.4135742,-29.0789091866,1.1372669081665451e-05,5.1174495606080523e-05,2.7561257058408545e-05,2.3185708820304581e-05,2.7552171708617122e-05,-49.4413759763,-42.909464292,-45.5970097831,-46.3477962256,-45.5984416364,-78.5202851629,-71.9883734786,-74.6759189697,-75.4267054122,-74.677350823
76850906.372070312,76.850906372070,850906.37207,50906.3720703,-29.0774299621,1.0839312779799864e-05,4.5333676183908082e-05,2.0105155541962571e-05,2.0556995163806793e-05,3.5310968345234333e-05,-49.6499825151,-43.4357906184,-46.9669256266,-46.8704036629,-44.5209037246,-78.7274124772,-72.5132205806,-76.0443555888,-75.947833625,-73.5983336867
76851051.330566406,76.851051330566,851051.330566,51051.3305664,-29.0759509899,1.0272375107229746e-05,2.7663024192435631e-05,2.294758321469469e-05,2.2020292381946219e-05,3.3474879280873513e-05,-49.8832913024,-45.5810034345,-46.3926304659,-46.5717691883,-44.7528098049,-78.9592422922,-74.6569544243,-75.4685814557,-75.6477201782,-73.8287607948
76851196.2890625,76.851196289062,851196.289062,51196.2890625,-29.0744722697,1.1289276653454597e-05,3.2782046271253626e-05,2.4168302924292671e-05,3.0787646779068754e-05,3.1143411146126296e-05,-49.4733388407,-44.8436394105,-46.1675384428,-45.1162350466,-45.0663382077,-78.5478111104,-73.9181116801,-75.2420107124,-74.1907073163,-74.1408104774
76851341.247558594,76.851341247559,851341.247559,51341.2475586,-29.0729938015,1.0385070970257304e-05,3.35250402872299e-05,2.0151373775004702e-05,2.4077683211995543e-05,4.0538800255568874e-05,-49.8359053121,-44.7463069158,-46.9569534146,-46.1838530382,-43.9212910838,-78.9088991136,-73.8193007173,-76.0299472161,-75.2568468397,-72.9942848853
76851486.206054688,76.851486206055,851486.206055,51486.2060547,-29.0715155853,1.001245561154548e-05,3.6934097378273504e-05,1.8305678209147051e-05,1.8606509694357837e-05,3.8875556006557808e-05,-49.9945939627,-44.3257251011,-47.3741417626,-47.3033508644,-44.1032338655,-79.066109548,-73.3972406864,-76.4456573479,-76.3748664497,-73.1747494508
76851631.164550781,76.851631164551,851631.164551,51631.1645508,-29.0700376209,1.0318721089834957e-05,4.4435021259691453e-05,2.07231825513949e-05,2.1036209960384036e-05,2.5357516529309103e-05,-49.8637412616,-43.5227460771,-46.8354354727,-46.7703250319,-45.9589328275,-78.9337788825,-72.592783698,-75.9054730936,-75.8403626527,-75.0289704484
76851776.123046875,76.851776123047,851776.123047,51776.1230469,-29.0685599082,1.1975537602850007e-05,4.0387439402830349e-05,2.7886380423141685e-05,2.1146327007958323e-05,3.0043581352611162e-05,-49.2170498124,-43.9375368059,-45.5460785233,-46.7476505612,-45.222482984,-78.2856097206,-73.0060967141,-74.6146384315,-75.8162104695,-74.2910428922
76851921.081542969,76.851921081543,851921.081543,51921.081543,-29.0670824473,1.3520895095719777e-05,3.9057157465880235e-05,3.5116140050568616e-05,1.5902104873908112e-05,3.7636803272303684e-05,-48.6899455675,-44.0829936734,-44.5449322759,-47.9854538671,-44.2438727101,-77.7570280147,-73.1500761207,-73.6120147231,-77.0525363144,-73.3109551574
76852066.040039062,76.852066040039,852066.040039,52066.0400391,-29.0656052379,1.46753326969071e-05,3.997898371503003e-05,2.5185870338270292e-05,1.6228934835780378e-05,3.4079132769802473e-05,-48.334120443,-43.9816825005,-45.988430368,-47.8970998357,-44.6751146549,-77.3997256809,-73.0472877384,-75.0540356059,-76.9627050736,-73.7407198928
76852210.998535156,76.852210998535,852210.998535,52210.9985352,-29.06412828,1.6469486345824796e-05,3.7323761621797918e-05,2.2894715821800649e-05,1.8316904912538984e-05,3.0234819105070177e-05,-47.833199455,-44.2801459297,-46.4026474274,-47.3714790911,-45.1949262543,-76.897327735,-73.3442742097,-75.4667757074,-76.435607371,-74.2590545343
76852355.95703125,76.852355957031,852355.957031,52355.9570312,-29.0626515735,1.1028581875531218e-05,3.481467703929142e-05,2.2580429021387647e-05,1.973582815428787e-05,3.0379648241343022e-05,-49.5748032829,-44.5823762923,-46.4626781087,-47.0474464503,-45.1741725904,-78.6374548564,-73.6450278658,-75.5253296822,-76.1100980238,-74.2368241639
76852500.915527344,76.852500915527,852500.915527,52500.9155273,-29.0611751184,1.3036198075894874e-05,3.0554364473500174e-05,2.3206925864563166e-05,1.7862952977916655e-05,4.0071221495548651e-05,-48.8484904936,-45.1492674511,-46.3438238511,-47.48046745,-43.9716741872,-77.9096656119,-74.2104425695,-75.4049989695,-76.5416425684,-73.0328493056
76852645.874023438,76.852645874023,852645.874023,52645.8740234,-29.0596989145,1.2162778923560151e-05,4.1609697223520049e-05,2.6046412059230478e-05,1.9748870192535686e-05,4.3754802507854062e-05,-49.1496718713,-43.8080544438,-45.842520931,-47.0445774476,-43.5897427205,-78.2093707857,-72.8677533582,-74.9022198455,-76.104276362,-72.649441635
76852790.832519531,76.852790832520,852790.83252,52790.8325195,-29.0582229617,1.1352586779862097e-05,3.6971447181998959e-05,2.7147535651041497e-05,2.8674719869959985e-05,3.7943036961454472e-05,-49.4490516964,-44.321335494,-45.6626958787,-45.4250081613,-44.2086791112,-78.5072746581,-73.3795584557,-74.7209188404,-74.483231123,-73.2669020729
76852935.791015625,76.852935791016,852935.791016,52935.7910156,-29.05674726,1.3169778744950249e-05,3.3303807086159714e-05,2.7312099097314443e-05,2.8122978405114281e-05,2.5548173712602269e-05,-48.8042152122,-44.7750611778,-45.6364492046,-45.5093868662,-45.9264013956,-77.8609624722,-73.8318084379,-74.6931964647,-74.5661341263,-74.9831486556
76853080.749511719,76.853080749512,853080.749512,53080.7495117,-29.0552718093,1.0921836576892574e-05,2.7106177988956162e-05,2.6003953340724531e-05,1.9357680661384106e-05,2.6029810009703355e-05,-49.6170432609,-45.6693171426,-45.8496062189,-47.1314667886,-45.8452900177,-78.6723150702,-74.724588952,-74.9048780283,-76.186738598,-74.9005618271
76853225.708007812,76.853225708008,853225.708008,53225.7080078,-29.0537966095,1.2559681394740886e-05,3.39124267257062e-05,2.4743566770576364e-05,1.7192433043463522e-05,3.8903710260645386e-05,-49.0102137734,-44.6964113161,-46.065376969,-47.6466265836,-44.1000897788,-78.0640103829,-73.7502079256,-75.1191735785,-76.7004231931,-73.1538863883
76853370.666503906,76.853370666504,853370.666504,53370.6665039,-29.0523216606,1.5595830318829696e-05,3.7501711208428642e-05,2.6626988819787826e-05,2.0925320532366146e-05,3.7615759327934092e-05,-48.0699149854,-44.259489149,-45.7467794407,-46.793278808,-44.246301669,-77.122236646,-73.3118108096,-74.7991011013,-75.8456004685,-73.2986233296
76853515.625,76.853515625000,853515.625,53515.625,-29.0508469623,1.4516056785730585e-05,3.4805424987313546e-05,1.9858591897494419e-05,2.5771062111066373e-05,3.8546382250039842e-05,-48.3815134154,-44.5835305897,-47.0205154903,-45.8886768236,-44.1401637618,-77.4323603777,-73.634377552,-76.0713624527,-74.9395237859,-73.1910107241
76853660.583496094,76.853660583496,853660.583496,53660.5834961,-29.0493725147,1.1986755319087559e-05,2.914930687149686e-05,2.1717045972296793e-05,2.574588842267901e-05,3.4562361943340918e-05,-49.2129835966,-45.3537176768,-46.631992493,-45.8929211722,-44.613965861,-78.2623561113,-74.4030901915,-75.6813650077,-74.9422936869,-73.6633383757
76853805.541992188,76.853805541992,853805.541992,53805.5419922,-29.0478983177,1.7332726095665363e-05,3.1876246109073528e-05,2.6802874376904023e-05,2.1530955216255238e-05,3.1753681783301011e-05,-47.6113312596,-44.9653282875,-45.7181862914,-46.6693670237,-44.9820591177,-76.6592295773,-74.0132266051,-74.7660846091,-75.7172653413,-74.0299574354
76853950.500488281,76.853950500488,853950.500488,53950.5004883,-29.0464243711,1.4521277236008858e-05,3.5396005741523242e-05,3.1719602182201306e-05,2.5226096572174952e-05,3.8437888354402916e-05,-48.3799518307,-44.5104574312,-44.9867226811,-45.9814994601,-44.15240479,-77.4263762018,-73.5568818023,-74.0331470522,-75.0279238312,-73.1988291611
76854095.458984375,76.854095458984,854095.458984,54095.4589844,-29.0449506749,1.1620077435533519e-05,3.4884322269556954e-05,2.7915454423820103e-05,1.9108266351480155e-05,3.2172973408859034e-05,-49.3479097782,-44.5736971005,-45.5415529806,-47.1877871368,-44.9250879998,-78.3928604531,-73.6186477754,-74.5865036555,-76.2327378118,-73.9700386747
76854240.417480469,76.854240417480,854240.41748,54240.4174805,-29.043477229,1.2538387070451613e-05,3.1160815839963071e-05,2.1483499661524596e-05,1.9170266643325629e-05,3.0736276320562479e-05,-49.0175832726,-45.0639118033,-46.6789497065,-47.1737184639,-45.1234874814,-78.0610605016,-74.1073890323,-75.7224269355,-76.2171956929,-74.1669647104
76854385.375976562,76.854385375977,854385.375977,54385.3759766,-29.0420040334,1.2070882856699339e-05,3.1298780270980928e-05,1.9940178462247888e-05,2.0445131321240999e-05,2.8818351165942456e-05,-49.1826096472,-45.044725868,-47.0027095912,-46.8941009558,-45.4033087085,-78.2246136806,-74.0867299013,-76.0447136246,-75.9361049892,-74.4453127419
76854530.334472656,76.854530334473,854530.334473,54530.3344727,-29.0405310879,1.4167932346364977e-05,4.1585304132611228e-05,1.9983821637794929e-05,2.0303215839227346e-05,2.8335034792241871e-05,-48.4869352562,-43.8106011797,-46.9932145517,-46.9243516846,-45.4767624976,-77.5274663441,-72.8511322676,-76.0337456396,-75.9648827725,-74.5172935854
76854675.29296875,76.854675292969,854675.292969,54675.2929688,-29.0390583924,1.2052153793977806e-05,3.3167277515889191e-05,2.1219552476374522e-05,1.8291437882485254e-05,2.5395017177854184e-05,-49.1893533506,-44.792901754,-46.7326377968,-47.3775215347,-45.9525148907,-78.228411743,-73.8319601464,-75.7716961892,-76.4165799271,-74.9915732831
76854820.251464844,76.854820251465,854820.251465,54820.2514648,-29.0375859469,1.2574928774867484e-05,2.8074983384455476e-05,2.8768290372290692e-05,1.8320422510910089e-05,3.7176163619012779e-05,-49.0049446613,-45.5168049209,-45.4108594638,-47.3706451473,-44.2973542912,-78.0425306082,-74.5543908678,-74.4484454107,-76.4082310942,-73.3349402381
76854965.209960938,76.854965209961,854965.209961,54965.2099609,-29.0361137513,1.2175051120919248e-05,3.1721565158009418e-05,3.6394363658920547e-05,1.9160004319008045e-05,3.9193207968294132e-05,-49.1452920658,-44.9864539252,-44.3896586969,-47.1760439736,-44.0678918802,-78.1814058171,-74.0225676764,-73.4257724481,-76.2121577249,-73.1040056314
76855110.168457031,76.855110168457,855110.168457,55110.168457,-29.0346418054,1.26552194440183e-05,2.8290964812136866e-05,2.3886464046618736e-05,2.3962619900482805e-05,3.8316194943109808e-05,-48.9773031969,-45.4835224146,-46.2184813483,-46.2046570105,-44.1661762583,-78.0119450023,-74.5181642201,-75.2531231538,-75.239298816,-73.2008180637
76855255.126953125,76.855255126953,855255.126953,55255.1269531,-29.0331701093,1.0804690981889523e-05,2.9928238713104895e-05,1.7378564581578552e-05,2.0526900476229148e-05,4.0635947030318308e-05,-49.6638764958,-45.2391884078,-47.5998609786,-46.8767662334,-43.9108961446,-78.6970466052,-74.2723585172,-76.6330310879,-75.9099363427,-72.9440662539
76855400.085449219,76.855400085449,855400.085449,55400.0854492,-29.0316986628,1.0592966157029871e-05,4.5490670202205947e-05,3.3470219220258066e-05,2.3514152810582692e-05,4.1485209554917073e-05,-49.7498241522,-43.4207766478,-44.7534144313,-46.286706638,-43.8210671181,-78.7815228151,-72.4524753106,-73.7851130941,-75.3184053008,-72.8527657809
76855545.043945312,76.855545043945,855545.043945,55545.0439453,-29.0302274659,1.2237145576893888e-05,5.0947106327027822e-05,4.4198604485665522e-05,2.4988948685203022e-05,4.3783037602516503e-05,-49.1231987343,-42.9288047784,-43.5459144273,-46.0225201477,-43.5869411101,-78.1534262002,-71.9590322443,-72.5761418932,-75.0527476136,-72.617168576
76855690.002441406,76.855690002441,855690.002441,55690.0024414,-29.0287565184,1.0153374504300427e-05,5.4108685805455764e-05,3.1858755368976799e-05,2.0271676940538739e-05,3.9031409993546701e-05,-49.9338959469,-42.6673301411,-44.9677119485,-46.9311032354,-44.0858575973,-78.9626524653,-71.6960866595,-73.996468467,-75.9598597538,-73.1146141157
76855834.9609375,76.855834960938,855834.960938,55834.9609375,-29.0272858203,1.1262357842649917e-05,4.1780413920164084e-05,2.6948363645060482e-05,2.0741910270500679e-05,4.2764592826867402e-05,-49.4837067779,-43.7902726176,-45.6946760085,-46.8315124883,-43.6891565865,-78.5109925982,-72.8175584379,-74.7219618288,-75.8587983086,-72.7164424068
76855979.919433594,76.855979919434,855979.919434,55979.9194336,-29.0258153715,9.3188234532458436e-06,2.631801286929109e-05,2.5731400107572035e-05,2.0235795711418466e-05,4.5524141123413919e-05,-50.3063891597,-45.7974690505,-45.8953658214,-46.9387971362,-43.4175823903,-79.3322045312,-74.8232844219,-74.9211811928,-75.9646125077,-72.4433977617
76856124.877929688,76.856124877930,856124.87793,56124.8779297,-29.0243451718,1.2390774112125823e-05,3.0060681112310243e-05,2.2857727598388913e-05,1.7949231478111378e-05,3.401902614035657e-05,-49.0690156028,-45.2200118343,-46.4096694719,-47.4595414162,-44.6827812306,-78.0933607746,-74.2443570061,-75.4340146438,-76.4838865881,-73.7071264024
76856269.836425781,76.856269836426,856269.836426,56269.8364258,-29.0228752213,1.5779347539025579e-05,3.0498564596026949e-05,2.1290258080152715e-05,1.6951697525634523e-05,3.3256365880543712e-05,-48.0191095842,-45.1572060009,-46.7181907402,-47.7078680548,-44.7812521045,-77.0419848055,-74.1800812222,-75.7410659615,-76.7307432761,-73.8041273258
76856414.794921875,76.856414794922,856414.794922,56414.7949219,-29.0214055199,1.6903776161793407e-05,2.472769497948904e-05,2.6295117954432298e-05,1.9190681530678099e-05,3.1477546104614692e-05,-47.720162668,-46.0681636501,-45.8012487669,-47.1690960162,-45.0199913129,-76.7415681879,-75.08956917,-74.8226542868,-76.1905015361,-74.0413968328
76856559.753417969,76.856559753418,856559.753418,56559.753418,-29.0199360674,1.3868514436298637e-05,3.1810312588096495e-05,3.2951145752079931e-05,2.371870895308925e-05,2.6971061167196121e-05,-48.5797005707,-44.9743206322,-44.8212947985,-46.24908954,-45.6910196604,-77.5996366381,-73.9942566996,-73.8412308659,-75.2690256074,-74.7109557278
76856704.711914062,76.856704711914,856704.711914,56704.7119141,-29.0184668637,9.0078558859095784e-06,3.0871724745927602e-05,2.5993819607966992e-05,2.3515960299058853e-05,2.9574750628209599e-05,-50.4537857059,-45.1043910661,-45.8512989931,-46.2863728168,-45.2907890862,-79.4722525696,-74.1228579298,-74.8697658568,-75.3048396805,-74.3092559499
76856849.670410156,76.856849670410,856849.67041,56849.6704102,-29.0169979088,7.4176011577425851e-06,4.1614363521793598e-05,2.4403824390235215e-05,1.984921264626114e-05,3.2852834373630629e-05,-51.2973652227,-43.8075674337,-46.1254210885,-47.0225671561,-44.8342715579,-80.3143631315,-72.8245653426,-75.1424189973,-76.0395650649,-73.8512694668
76856994.62890625,76.856994628906,856994.628906,56994.6289062,-29.0155292027,9.0402605055580192e-06,3.6120535659216967e-05,3.0854579846187531e-05,2.2317888422406402e-05,2.9138999437967666e-05,-50.4381905465,-44.4224581782,-45.106803631,-46.5134689799,-45.3552536492,-79.4537197491,-73.4379873809,-74.1223328336,-75.5289981826,-74.3707828519
76857139.587402344,76.857139587402,857139.587402,57139.5874023,-29.0140607451,1.0716951429535678e-05,3.1823846026384681e-05,2.3688819838886406e-05,2.1529369501018785e-05,3.7243537604065407e-05,-49.6992873756,-44.9724733547,-46.25456575,-46.6696868853,-44.2894907396,-78.7133481207,-73.9865340998,-75.2686264951,-75.6837476305,-73.3035514847
76857284.545898438,76.857284545898,857284.545898,57284.5458984,-29.0125925361,1.0342395909483398e-05,3.7609601333345848e-05,2.7750605763820266e-05,2.1032406369231472e-05,4.0573466405263931e-05,-49.8537884135,-44.2470127013,-45.5672753229,-46.7711103577,-43.9175788664,-78.8663809496,-73.2596052374,-74.579867859,-75.7837028938,-72.9301714025
76857429.504394531,76.857429504395,857429.504395,57429.5043945,-29.0111245755,1.2197063981138818e-05,3.1414381404479059e-05,2.7807599770990604e-05,1.8087321697197857e-05,4.5960601449632212e-05,-49.1374469803,-45.0287148776,-45.558364959,-47.4262573708,-43.3761429668,-78.1485715559,-74.0398394532,-74.5694895345,-76.4373819463,-72.3872675424
76857574.462890625,76.857574462891,857574.462891,57574.4628906,-29.0096568633,1.4105870125902345e-05,3.254239541847585e-05,2.6526392261041065e-05,1.5826462242838099e-05,4.0295587107981568e-05,-48.5060011906,-44.8755048217,-45.763218125,-48.00616154,-43.9474251216,-77.515658054,-73.885161685,-74.7728749883,-77.0158184033,-72.9570819849
76857719.421386719,76.857719421387,857719.421387,57719.4213867,-29.0081893994,1.1477916007146599e-05,3.7280140105909366e-05,2.6107849274792919e-05,2.2412099540578272e-05,3.3277370389613091e-05,-49.4013695765,-44.2852246415,-45.8322890323,-46.4951745733,-44.778509994,-78.4095589759,-73.2934140409,-74.8404784317,-75.5033639727,-73.7866993934
76857864.379882812,76.857864379883,857864.379883,57864.3798828,-29.0067221837,1.2965374377093037e-05,3.0874178789859412e-05,2.1602978955199034e-05,2.379878101274743e-05,3.9616047055548804e-05,-48.872149384,-45.1040458521,-46.6548635743,-46.2344528719,-44.0212886114,-77.8788715676,-74.1107680357,-75.661585758,-75.2411750555,-73.0280107951
76858009.338378906,76.858009338379,858009.338379,58009.3383789,-29.005255216,1.1419189166152201e-05,3.3570861259158499e-05,1.9306661214179354e-05,2.2547277055512737e-05,3.6412672609783492e-05,-49.4236473262,-44.740375168,-47.1429282418,-46.4690589863,-44.3874744364,-78.4289025422,-73.745630384,-76.1481834579,-75.4743142023,-73.3927296524
76858154.296875,76.858154296875,858154.296875,58154.296875,-29.0037884964,1.0395711732983657e-05,2.9739050444856735e-05,2.1078365648866563e-05,2.6363635139947914e-05,3.5283070453269182e-05,-49.8314577174,-45.2667290243,-46.76163066,-45.7899470742,-44.5243362811,-78.8352462138,-74.2705175207,-75.7654191565,-74.7937355706,-73.5281247775
76858299.255371094,76.858299255371,858299.255371,58299.2553711,-29.0023220248,1.1073204216739958e-05,2.0552347951056086e-05,2.0541417538891969e-05,2.4445107166523614e-05,3.7114850233130453e-05,-49.5572669057,-46.8713855608,-46.8736958956,-46.1180805446,-44.3045228758,-78.5595889305,-75.8737075856,-75.8760179204,-75.1204025694,-73.3068449006
76858444.213867188,76.858444213867,858444.213867,58444.2138672,-29.000855801,1.0575669674839599e-05,1.5326787573835624e-05,2.0287526401569751e-05,2.2421928364897382e-05,3.9006489834441176e-05,-49.7569212259,-48.1454886179,-46.9277090199,-46.4932703928,-44.0886312977,-78.7577770269,-77.1463444189,-75.9285648209,-75.4941261938,-73.0894870987
76858589.172363281,76.858589172363,858589.172363,58589.1723633,-28.999389825,1.2480618101539916e-05,2.4797267193463057e-05,1.8755966750004335e-05,2.2298392844710476e-05,3.8554711298890797e-05,-49.0376390572,-46.0559617838,-47.2686054584,-46.5172643757,-44.1392254456,-78.0370288822,-75.0553516087,-76.2679952833,-75.5166542007,-73.1386152706
76858734.130859375,76.858734130859,858734.130859,58734.1308594,-28.9979240966,1.1854138585528404e-05,2.7483973863623046e-05,2.5126272600665903e-05,1.8569411396500465e-05,3.0201499071080202e-05,-49.2612999977,-45.6092047313,-45.9987193278,-47.3120186208,-45.1997150002,-78.2592240944,-74.607128828,-74.9966434244,-76.3099427175,-74.1976390968
76858879.089355469,76.858879089355,858879.089355,58879.0893555,-28.9964586159,9.0429462211443684e-06,3.1468865442534143e-05,2.7318183652329243e-05,2.080170095324779e-05,3.9374190864739357e-05,-50.4369005192,-45.0211891457,-45.6354817966,-46.8190115136,-44.0478835781,-79.4333591352,-74.0176477616,-74.6319404125,-75.8154701296,-73.0443421941
76859024.047851562,76.859024047852,859024.047852,59024.0478516,-28.9949933827,1.1277323524554352e-05,2.950204155580335e-05,2.488616862429086e-05,2.1661298958357583e-05,3.2002355544208993e-05,-49.4779396032,-45.3014792959,-46.040419605,-46.6431550369,-44.9481805411,-78.472932986,-74.2964726786,-75.0354129877,-75.6381484196,-73.9431739239
76859169.006347656,76.859169006348,859169.006348,59169.0063477,-28.993528397,1.358576073721311e-05,3.1474313525837363e-05,2.3915093097601636e-05,2.6986004678904025e-05,2.1152570873137506e-05,-48.6691603816,-45.0204373335,-46.2132792415,-45.6886140868,-46.7463684114,-77.6626887786,-74.0139657305,-75.2068076385,-74.6821424838,-75.7398968084
76859313.96484375,76.859313964844,859313.964844,59313.9648438,-28.9920636586,1.4971710616214074e-05,3.4024714083089065e-05,2.6803810123180305e-05,2.0247214364203513e-05,3.1210108763564128e-05,-48.2472857583,-44.6820551558,-45.7180346725,-46.9363471909,-45.0570471787,-77.2393494169,-73.6741188144,-74.7100983311,-75.9284108495,-74.0491108373
76859458.923339844,76.859458923340,859458.92334,59458.9233398,-28.9905991675,1.0519280063346062e-05,3.7793899735851275e-05,2.5331339162126286e-05,2.1694672495181296e-05,4.1348857337377948e-05,-49.7801398216,-44.2257829341,-45.9634185027,-46.6364690164,-43.8353648754,-78.7707389891,-73.2163821016,-74.9540176702,-75.6270681838,-72.8259640429
76859603.881835938,76.859603881836,859603.881836,59603.8818359,-28.9891349236,1.0670083378073339e-05,3.6753278531786989e-05,3.0348303393338699e-05,2.5135793739081236e-05,4.0791554305589137e-05,-49.718321869,-44.3470391414,-45.1786558293,-45.9970739605,-43.8942974618,-78.7074567926,-73.3361740649,-74.1677907528,-74.9862088841,-72.8834323854
76859748.840332031,76.859748840332,859748.840332,59748.840332,-28.9876709268,1.2483917441045642e-05,3.2705287484675123e-05,3.1673391951910327e-05,1.9797446266336873e-05,3.3592808071560606e-05,-49.0364911208,-44.85382029,-44.9930542488,-47.0339082711,-44.7375369134,-78.0241620476,-73.8414912167,-73.9807251755,-76.0215791979,-73.7252078401
76859893.798828125,76.859893798828,859893.798828,59893.7988281,-28.986207177,1.3625420481690534e-05,4.1825496634493147e-05,2.3226804780420809e-05,2.0853045715160466e-05,3.1048804033568537e-05,-48.6565008648,-43.7855889354,-46.3401053026,-46.8083050469,-45.0795512372,-77.6427080417,-72.7717961123,-75.3263124796,-75.7945122238,-74.0657584142
76860038.757324219,76.860038757324,860038.757324,60038.7573242,-28.9847436741,9.6573624442234962e-06,4.169019231987601e-05,3.0536280100324025e-05,1.7875787583861444e-05,2.3931743938683177e-05,-50.1514146906,-43.7996610144,-45.1518386939,-47.4773481466,-46.210256526,-79.1361583648,-72.7844046885,-74.136582368,-76.4620918207,-75.1950002002
76860183.715820312,76.860183715820,860183.71582,60183.7158203,-28.9832804181,8.9035107542952768e-06,3.1419690420805195e-05,3.158792843661289e-05,2.3276037364984308e-05,2.7637214813522347e-05,-50.5043871239,-45.0279809839,-45.0047885456,-46.3309095431,-45.5850572584,-79.487667542,-74.0112614021,-73.9880689638,-75.3141899612,-74.5683376766
76860328.674316406,76.860328674316,860328.674316,60328.6743164,-28.9818174089,1.0439620975837209e-05,2.8581065261631561e-05,3.2082948648112337e-05,2.5403845925284093e-05,3.6327464819187256e-05,-49.8131526868,-45.439215884,-44.9372572384,-45.9510052993,-44.3976490914,-78.7949700957,-74.4210332929,-73.9190746474,-74.9328227082,-73.3794665003
76860473.6328125,76.860473632812,860473.632812,60473.6328125,-28.9803546464,8.9010726814186788e-06,2.558091127034769e-05,2.7172095263473427e-05,2.2528626586863099e-05,3.794300928363997e-05,-50.5055765273,-45.9208398868,-45.6587687147,-46.4726528337,-44.2086822792,-79.4859311737,-74.9011945332,-74.6391233611,-75.4530074801,-73.1890369256
76860618.591308594,76.860618591309,860618.591309,60618.5913086,-28.9788921305,1.1880208386388152e-05,3.1090698106163028e-05,2.6321544539186563e-05,2.4527455516159247e-05,2.8727432999799201e-05,-49.2517594149,-45.0736952626,-45.7968863006,-46.1034750327,-45.4170317957,-78.2306515454,-74.0525873931,-74.7757784311,-75.0823671631,-74.3959239262
76860763.549804688,76.860763549805,860763.549805,60763.5498047,-28.9774298611,1.0223660971698612e-05,3.0807252019083057e-05,2.7237676667083057e-05,1.5329873683326364e-05,3.0541700198484207e-05,-49.9039356065,-45.1134703866,-45.6482993985,-48.1446142368,-45.1510679026,-78.8813654676,-74.0909002477,-74.6257292596,-77.1220440979,-74.1284977637
76860908.508300781,76.860908508301,860908.508301,60908.5083008,-28.9759678382,8.6894870806856174e-06,2.9850987783756293e-05,3.024769014452929e-05,1.9151138872833158e-05,2.9014276437487854e-05,-50.6100585814,-45.2504129328,-45.1930778451,-47.1780539446,-45.3738825547,-79.5860264196,-74.226380771,-74.1690456833,-76.1540217828,-74.3498503928
76861053.466796875,76.861053466797,861053.466797,61053.4667969,-28.9745060616,8.3565607923209914e-06,3.1878085392215829e-05,2.3655658496768526e-05,1.8847508054209564e-05,3.4000954207369199e-05,-50.7797242307,-44.9650777036,-46.260649581,-47.2474606243,-44.6850889469,-79.7542302923,-73.9395837651,-75.2351556426,-76.2219666858,-73.6595950085
76861198.425292969,76.861198425293,861198.425293,61198.425293,-28.9730445313,9.85829897427962e-06,2.9386592603127837e-05,2.4528674762446882e-05,1.9180487354270068e-05,3.506440683847153e-05,-50.0619801506,-45.3185076777,-46.1032591526,-47.171403621,-44.5513350338,-79.0350246819,-74.291552209,-75.0763036839,-76.1444481523,-73.5243795651
76861343.383789062,76.861343383789,861343.383789,61343.3837891,-28.9715832472,1.1169924317235245e-05,2.9800244240431024e-05,2.6028133600777972e-05,2.4205635436382355e-05,3.5682259370756719e-05,-49.5194976947,-45.2578017647,-45.8455697273,-46.1608351195,-44.4754765426,-78.4910809419,-74.2293850118,-74.8171529744,-75.1324183667,-73.4470597898
76861488.342285156,76.861488342285,861488.342285,61488.3422852,-28.9701222092,1.0064373862626842e-05,3.4245108204526151e-05,2.2612978850183579e-05,2.5775750278497167e-05,3.1372782037053066e-05,-49.972132388,-44.6540145721,-46.4564222346,-45.8878868445,-45.0344696776,-78.9422545972,-73.6241367813,-75.4265444438,-74.8580090537,-74.0045918868
76861633.30078125,76.861633300781,861633.300781,61633.3007812,-28.9686614172,1.1368565731671575e-05,3.1534996681402198e-05,1.8023908402865716e-05,2.2557140947575921e-05,2.7496182526476659e-05,-49.4429432283,-45.0120721037,-47.4415102835,-46.4671594677,-45.6072759791,-78.4116046455,-73.980733521,-76.4101717008,-75.4358208849,-74.5759373963
76861778.259277344,76.861778259277,861778.259277,61778.2592773,-28.9672008712,1.1954680161836339e-05,2.9573002286637272e-05,1.5870073872656082e-05,2.43941250225608e-05,3.3814297028484733e-05,-49.224620386,-45.2910458314,-47.9942105167,-46.1271475471,-44.7089963677,-78.1918212572,-74.2582467026,-76.9614113879,-75.0943484183,-73.6761972389
76861923.217773438,76.861923217773,861923.217773,61923.2177734,-28.965740571,1.4097386834093099e-05,3.3738876314849293e-05,2.2227360885778075e-05,1.9940797117644964e-05,3.7654848982226882e-05,-48.50861383,-44.7186938584,-46.5311209919,-47.002574851,-44.2417908983,-77.474354401,-73.6844344294,-75.4968615629,-75.968315422,-73.2075314694
76862068.176269531,76.862068176270,862068.17627,62068.1762695,-28.9642805167,1.0942465420144205e-05,2.1948320910792728e-05,2.8622567456466491e-05,1.8501027399517538e-05,3.7427235399186247e-05,-49.6088481715,-46.5859869852,-45.4329141243,-47.3280415368,-44.268122513,-78.5731286882,-75.5502675019,-74.397194641,-76.2923220534,-73.2324030297
76862213.134765625,76.862213134766,862213.134766,62213.1347656,-28.962820708,1.2364922704051354e-05,2.6788440549280191e-05,2.746696870685185e-05,2.4576750473871456e-05,4.3959316053671418e-05,-49.0780859417,-45.7205256749,-45.6118926728,-46.0947553986,-43.5694907322,-78.0409066497,-74.6833463829,-74.5747133808,-75.0575761066,-72.5323114402
76862358.093261719,76.862358093262,862358.093262,62358.0932617,-28.9613611449,1.1618386407026792e-05,3.786292893539294e-05,2.8440248917592303e-05,2.5323150539497431e-05,2.7969260825450155e-05,-49.3485418375,-44.2178579367,-45.4606660685,-45.9648226324,-45.5331901106,-78.3099029824,-73.1792190816,-74.4220272134,-74.9261837773,-74.4945512555
76862503.051757812,76.862503051758,862503.051758,62503.0517578,-28.9599018274,9.8116419815277218e-06,3.7283123836299358e-05,2.3420053481930235e-05,2.7297861991625932e-05,2.444827399413327e-05,-50.0825830721,-44.2848770662,-46.3041211751,-45.638713662,-46.117517959,-79.0424848995,-73.2447788936,-75.2640230025,-74.5986154894,-75.0774197864
76862648.010253906,76.862648010254,862648.010254,62648.0102539,-28.9584427553,1.1388902985496743e-05,3.799227676689928e-05,2.0091584906157045e-05,2.3246033456716344e-05,3.377844307766897e-05,-49.435181065,-44.2030467966,-46.9698580298,-46.3365114148,-44.7136037189,-78.3936238203,-73.1614895519,-75.9283007851,-75.2949541701,-73.6720464742
76862792.96875,76.862792968750,862792.96875,62792.96875,-28.9569839286,1.2114240795600557e-05,3.149122824055251e-05,2.7722349443542644e-05,2.2639677402287182e-05,3.9070317073466384e-05,-49.1670379809,-45.0181040041,-45.5716996644,-46.451297658,-44.0815306426,-78.1240219095,-73.9750879327,-74.528683593,-75.4082815866,-73.0385145712
76862937.927246094,76.862937927246,862937.927246,62937.9272461,-28.9555253472,1.010021049572275e-05,2.7476580169891102e-05,2.5448745402258141e-05,2.5670340871073928e-05,3.6161021186825001e-05,-49.9566957511,-45.6103732204,-45.9433362308,-45.9056836438,-44.4175931355,-78.9122210983,-74.5658985676,-74.898861578,-74.861208991,-73.3731184827
76863082.885742188,76.863082885742,863082.885742,63082.8857422,-28.954067011,1.1477924133045115e-05,2.5896759885307795e-05,2.2508582351122744e-05,2.0392232990166701e-05,4.0167282513415118e-05,-49.4013665019,-45.8675456997,-46.4765185713,-46.9053521551,-43.9612754913,-78.3554335128,-74.8216127107,-75.4305855823,-75.859419166,-72.9153425023
76863227.844238281,76.863227844238,863227.844238,63227.8442383,-28.9526089199,9.1440007598430222e-06,2.9250222886678555e-05,2.4610284822088772e-05,2.2142176657720207e-05,3.556576222115272e-05,-50.3886374652,-45.3387082025,-46.0888336005,-46.5477968861,-44.4896787936,-79.3412463851,-74.2913171223,-75.0414425204,-75.5004058059,-73.4422877135
76863372.802734375,76.863372802734,863372.802734,63372.8027344,-28.9511510738,7.3329376277955502e-06,3.0740722514262429e-05,2.3900519312716305e-05,3.1126152321261236e-05,4.2224029731906255e-05,-51.3472200899,-45.1228592928,-46.2159266256,-45.0687456158,-43.7444032132,-80.2983711637,-74.0740103666,-75.1670776994,-74.0198966896,-72.695554287
76863517.761230469,76.863517761230,863517.76123,63517.7612305,-28.9496934727,1.0967496900304381e-05,3.095477956394986e-05,2.5482660446791052e-05,2.4250097274633728e-05,4.1439666736586318e-05,-49.5989247967,-45.0927228435,-45.9375523265,-46.1528651497,-43.825837459,-78.5486182694,-74.0424163162,-74.8872457992,-75.1025586224,-72.7755309317
76863662.719726562,76.863662719727,863662.719727,63662.7197266,-28.9482361165,1.1161495083137676e-05,3.4818361202336396e-05,2.5586789606916783e-05,2.2333884113734742e-05,4.6942157634420178e-05,-49.5227762772,-44.581916737,-45.9198420194,-46.5103574166,-43.2843695251,-78.4710123937,-73.5301528535,-74.8680781359,-75.4585935331,-72.2326056415
76863807.678222656,76.863807678223,863807.678223,63807.6782227,-28.946779005,9.7763368978961967e-06,3.315646064133699e-05,2.570410105911409e-05,1.965732462414665e-05,3.2205690306638837e-05,-50.0982384082,-44.7943183536,-45.8999757997,-47.0647559027,-44.9206738761,-79.0450174132,-73.7410973586,-74.8467548047,-76.0115349077,-73.8674528811
76863952.63671875,76.863952636719,863952.636719,63952.6367188,-28.9453221383,1.0821107393777357e-05,3.4100962514164212e-05,2.3153094811445848e-05,2.467869922405051e-05,2.6457862001266893e-05,-49.657282928,-44.6723336269,-46.353909498,-46.0767773502,-45.7744525306,-78.6026050663,-73.6176557652,-75.2992316363,-75.0220994886,-74.719774669
76864097.595214844,76.864097595215,864097.595215,64097.5952148,-28.9438655162,9.3629199630207195e-06,3.617051902368376e-05,2.539376382629449e-05,2.2084371042952091e-05,2.8652499167334491e-05,-50.2858868908,-44.4164525935,-45.9527292387,-46.5591496482,-45.4283749142,-79.229752407,-73.3603181097,-74.8965947549,-75.5030151644,-74.3722404304
76864242.553710938,76.864242553711,864242.553711,64242.5537109,-28.9424091387,9.1873878793145119e-06,3.9161493851611548e-05,3.0543200543295893e-05,1.7536365699027317e-05,3.6092326566114848e-05,-50.368079479,-44.0714074999,-45.150854563,-47.5606040643,-44.4258512176,-79.3104886177,-73.0138166385,-74.0932637016,-76.503013203,-73.3682603562
76864387.512207031,76.864387512207,864387.512207,64387.512207,-28.9409530056,9.7728532123857212e-06,4.1521196810061559e-05,2.3680413780279731e-05,1.7380646059390698e-05,3.0977284048806826e-05,-50.0997862426,-43.8173013684,-46.2561071323,-47.5993408434,-45.0895666193,-79.0407392481,-72.758254374,-75.1970601379,-76.540293849,-74.0305196248
76864532.470703125,76.864532470703,864532.470703,64532.4707031,-28.9394971169,9.3782968903036766e-06,3.2261799685107313e-05,2.2234129520822213e-05,2.1431945890888946e-05,3.762428997234404e-05,-50.2787602285,-44.9131140968,-46.5297986877,-46.6893839586,-44.2453168712,-79.2182573453,-73.8526112137,-75.4692958045,-75.6288810755,-73.1848139881
76864677.429199219,76.864677429199,864677.429199,64677.4291992,-28.9380414725,1.2318662229617597e-05,2.9000627894475827e-05,2.1848973980408137e-05,2.2910064553073196e-05,4.0202347463384595e-05,-49.0943645271,-45.3759259906,-46.6056895252,-46.3997368711,-43.957485872,-78.0324059996,-74.3139674631,-75.5437309977,-75.3377783436,-72.8955273445
76864822.387695312,76.864822387695,864822.387695,64822.3876953,-28.9365860723,1.188077209560291e-05,2.1283508763631372e-05,2.5416508337849328e-05,2.1978856261337288e-05,3.7398197973024303e-05,-49.2515533495,-46.7195677341,-45.9488411207,-46.579949112,-44.2714932371,-78.1881394218,-75.6561538064,-74.885427193,-75.5165351843,-73.2080793094
76864967.346191406,76.864967346191,864967.346191,64967.3461914,-28.9351309162,1.0724349390456917e-05,2.7933484060426757e-05,2.6424494064892327e-05,2.0630710392361693e-05,3.6929018776680513e-05,-49.696290455,-45.5387489266,-45.7799331914,-46.8548581739,-44.3263223163,-78.6314213713,-74.4738798428,-74.7150641076,-75.7899890901,-73.2614532325
76865112.3046875,76.865112304688,865112.304688,65112.3046875,-28.9336760042,1.1135656354830317e-05,2.8426369348936694e-05,2.5604376051552552e-05,2.120524532792881e-05,2.8298573576042696e-05,-49.5328417981,-45.462786054,-45.9168580294,-46.7355669873,-45.4823545506,-78.4665178023,-74.3964620582,-74.8505340337,-75.6692429916,-74.4160305549
76865257.263183594,76.865257263184,865257.263184,65257.2631836,-28.9322213362,9.9939273029447216e-06,3.090040703975795e-05,2.587732638379723e-05,2.3399962552308876e-05,2.5330456706124999e-05,-50.0026381399,-45.1003579974,-45.870805965,-46.307848376,-45.9635697984,-78.9348594761,-74.0325793336,-74.8030273012,-75.2400697123,-74.8957911347
76865402.221679688,76.865402221680,865402.22168,65402.2216797,-28.9307669121,8.7468991670463625e-06,3.1510654973773265e-05,2.5625518306007325e-05,1.8218772804331305e-05,2.3716451579022864e-05,-50.5814587993,-45.0154256958,-45.9132734173,-47.3948087996,-46.2495028896,-79.5122257114,-73.9461926079,-74.8440403294,-76.3255757117,-75.1802698016
76865547.180175781,76.865547180176,865547.180176,65547.1801758,-28.9293127318,9.9184173675828016e-06,4.3531805487698751e-05,2.5479214590499515e-05,2.1214805851701301e-05,2.4722822723687264e-05,-50.0355762052,-43.6119332004,-45.9381396347,-46.7336093835,-46.0690194526,-78.964888937,-72.5412459322,-74.8674523665,-75.6629221152,-74.9983321844
76865692.138671875,76.865692138672,865692.138672,65692.1386719,-28.9278587952,1.0513609728648041e-05,4.4806309782634228e-05,2.682840018017712e-05,2.2035736563976402e-05,3.1257118867544269e-05,-49.7824814828,-43.4866082281,-45.7140522422,-46.5687242823,-45.0505105567,-78.710340278,-72.4144670233,-74.6419110374,-75.4965830775,-73.9783693519
76865837.097167969,76.865837097168,865837.097168,65837.097168,-28.9264051022,9.4017799518511886e-06,4.0918002138660814e-05,2.975908354554448e-05,2.2461617220843954e-05,3.6365198468884849e-05,-50.2678991767,-43.8808557929,-45.2638044736,-46.4855897805,-44.3931403785,-79.1943042789,-72.8072608952,-74.1902095758,-75.4119948827,-73.3195454808
76865982.055664062,76.865982055664,865982.055664,65982.0556641,-28.9249516528,1.1984220946160428e-05,3.9132128530361576e-05,2.6612664687711188e-05,2.0366822404761609e-05,3.5036527181946929e-05,-49.2139019273,-44.0746652869,-45.7491163799,-46.9107672356,-44.5547894761,-78.1388535802,-72.9996169398,-74.6740680328,-75.8357188885,-73.4797411289
76866127.014160156,76.866127014160,866127.01416,66127.0141602,-28.9234984469,1.4035842523677131e-05,2.1056619076320528e-05,2.5833303313853524e-05,2.4061420041826403e-05,3.8802772243955732e-05,-48.5276151303,-46.7661135938,-45.8782005688,-46.1867874532,-44.1113724535,-77.4511135773,-75.6896120407,-74.8016990158,-75.1102859001,-73.0348709005
76866271.97265625,76.866271972656,866271.972656,66271.9726562,-28.9220454844,1.241662259670694e-05,2.1915869895919569e-05,2.2896071491385802e-05,2.3609463508844845e-05,3.5538080981851038e-05,-49.0599651906,-46.5924128643,-46.4023902753,-46.2691388153,-44.4930602733,-77.9820106751,-75.5144583487,-75.3244357597,-75.1911842997,-73.4151057578
76866416.931152344,76.866416931152,866416.931152,66416.9311523,-28.9205927653,1.2536662974345674e-05,2.6739787113214128e-05,2.2023982200456963e-05,2.36610079880082e-05,3.622227797956922e-05,-49.0181804921,-45.7284205466,-46.5710415261,-46.2596675784,-44.4102424086,-77.9387732573,-74.6490133119,-75.4916342913,-75.1802603436,-73.3308351738
76866561.889648438,76.866561889648,866561.889648,66561.8896484,-28.9191402893,1.5468794359388592e-05,3.3048676523488285e-05,2.441270734649839e-05,1.9897152568526354e-05,4.6349226682457635e-05,-48.1054353397,-44.8084592771,-46.1238405506,-47.0120906993,-43.3395750748,-77.0245756291,-73.7275995664,-75.0429808399,-75.9312309887,-72.2587153642
76866706.848144531,76.866706848145,866706.848145,66706.8481445,-28.9176880566,1.3617989568833679e-05,3.6000702058280313e-05,2.5614688651576501e-05,2.03366400970051e-05,4.7217582189393264e-05,-48.6588700282,-44.4368902987,-45.9151091864,-46.9172079713,-43.2589625505,-77.5765580848,-73.3545783553,-74.8327972429,-75.8348960278,-72.1766506071
76866851.806640625,76.866851806641,866851.806641,66851.8066406,-28.9162360669,1.309819227887983e-05,3.603451237424772e-05,2.9758546181410519e-05,1.6005475444674479e-05,3.6299822995626454e-05,-48.827886385,-44.4328135052,-45.2638828955,-47.9573142056,-44.4009549266,-77.7441224519,-73.349049572,-74.1801189624,-76.8735502724,-73.3171909934
76866996.765136719,76.866996765137,866996.765137,66996.7651367,-28.9147843201,1.3320341555794433e-05,2.5005184929693648e-05,2.3339571273106499e-05,2.7956625497389887e-05,3.5548292981308111e-05,-48.7548463899,-46.0196992921,-46.3190712582,-45.5351525125,-44.4918124913,-77.66963071,-74.9344836123,-75.2338555783,-74.4499368326,-73.4065968114
76867141.723632812,76.867141723633,867141.723633,67141.7236328,-28.9133328164,1.4151176642230713e-05,2.4860221413382992e-05,2.4189178687030008e-05,2.7150936899955809e-05,3.3807687709251433e-05,-48.4920744791,-46.0449500771,-46.1637887731,-45.6621517958,-44.7098453197,-77.4054072955,-74.9582828934,-75.0771215894,-74.5754846121,-73.623178136
76867286.682128906,76.867286682129,867286.682129,67286.6821289,-28.9118815554,1.1877985061406117e-05,3.3168051849704941e-05,3.038367225763333e-05,1.7192236072060023e-05,2.5522868850702363e-05,-49.2525722526,-44.7928003634,-45.1735973723,-47.6466763404,-45.9307051114,-78.164453808,-73.7046819188,-74.0854789277,-76.5585578958,-74.8425866668
76867431.640625,76.867431640625,867431.640625,67431.640625,-28.9104305372,1.2494346438562222e-05,3.3998337926674479e-05,1.806951766135888e-05,1.5799871397375724e-05,3.1104438845232207e-05,-49.0328645627,-44.6854231375,-47.4305344012,-48.0134644796,-45.0717762935,-77.9432950999,-73.5958536747,-76.3409649384,-76.9238950168,-73.9822068307
76867576.599121094,76.867576599121,867576.599121,67576.5991211,-28.9089797616,1.1868637021094803e-05,3.6478333486560312e-05,1.8769174756636495e-05,1.8528613021617249e-05,4.0429791969646752e-05,-49.25599152,-44.3796501064,-47.2655482203,-47.3215708902,-43.9329849331,-78.1649712816,-73.2886298681,-76.1745279819,-76.2305506519,-72.8419646948
76867721.557617188,76.867721557617,867721.557617,67721.5576172,-28.9075292287,1.0423353159286544e-05,3.3032822147511994e-05,2.0623733342391714e-05,1.5811939788377684e-05,3.9897955030428561e-05,-49.8199254742,-44.8105432093,-46.8563271523,-48.0101484811,-43.9904936351,-78.7274547029,-73.718072438,-75.763856381,-76.9176777098,-72.8980228638
76867866.516113281,76.867866516113,867866.516113,67866.5161133,-28.9060789383,1.4980332273328061e-05,3.6026280092799659e-05,2.2946085059697313e-05,1.7357961162925726e-05,3.7111700053736217e-05,-48.244785536,-44.433805788,-46.3929140085,-47.6050128767,-44.3048915055,-77.1508644743,-73.3398847263,-75.2989929467,-76.5110918149,-73.2109704438
76868011.474609375,76.868011474609,868011.474609,68011.4746094,-28.9046288902,1.2599615154695019e-05,3.4924286950410027e-05,2.4806698802423905e-05,2.2074006666009012e-05,3.7108439885800051e-05,-48.9964271986,-44.5687245212,-46.0543102643,-46.5611883063,-44.3052730389,-77.9010560889,-73.4733534114,-74.9589391545,-75.4658171966,-73.2099019291
76868156.433105469,76.868156433105,868156.433105,68156.4331055,-28.9031790846,1.1514561251773977e-05,4.3049435567452244e-05,2.5321659159605415e-05,1.8115187768886477e-05,3.4267232020986072e-05,-49.3875260564,-43.6603253832,-45.965078413,-47.4195716002,-44.6512097484,-78.290705141,-72.5635044678,-74.8682574976,-76.3227506848,-73.554388833
76868301.391601562,76.868301391602,868301.391602,68301.3916016,-28.9017295212,1.3729961425898199e-05,4.5598635643825322e-05,2.259761256869013e-05,1.960919405425435e-05,4.272785790707152e-05,-48.623306829,-43.4104815166,-46.4593744152,-47.0754025564,-43.692888793,-77.5250363502,-72.3122110378,-75.3611039364,-75.9771320776,-72.5946183142
76868446.350097656,76.868446350098,868446.350098,68446.3500977,-28.9002802,1.3306992017474335e-05,3.3643125218215201e-05,2.0212865847710701e-05,1.8411728598096796e-05,3.3159397417548488e-05,-48.7592010364,-44.7310366799,-46.943721064,-47.3490543554,-44.7939337018,-77.6594812364,-73.6313168798,-75.8440012639,-76.2493345554,-73.6942139018
76868591.30859375,76.868591308594,868591.308594,68591.3085938,-28.8988311209,1.1433349139923428e-05,3.5737581442319341e-05,2.671074481893935e-05,1.7591029210606124e-05,3.2454971235873042e-05,-49.4182653426,-44.4687484192,-45.7331400167,-47.5470875023,-44.8871877144,-78.3170964635,-73.3675795401,-74.6319711376,-76.4459186232,-73.7860188352
76868736.267089844,76.868736267090,868736.26709,68736.2670898,-28.8973822838,9.5275245692004066e-06,3.8976986640668879e-05,2.5364453500318071e-05,2.3577972525636484e-05,3.0636493820401904e-05,-50.2101992261,-44.0919173977,-45.9577449051,-46.274935427,-45.1376093883,-79.1075815099,-72.9892996814,-74.8551271888,-75.1723177108,-74.0349916721
76868881.225585938,76.868881225586,868881.225586,68881.2255859,-28.8959336886,1.0004235366071747e-05,4.4678195003324952e-05,2.5497073269864283e-05,2.055378231704265e-05,2.7031543733413599e-05,-49.9981609933,-43.4990438068,-45.9350966802,-46.8710824735,-45.6812915165,-78.8940946819,-72.3949774954,-74.8310303689,-75.7670161621,-74.5772252051
76869026.184082031,76.869026184082,869026.184082,69026.184082,-28.8944853353,1.1754374312719317e-05,4.3392043252164729e-05,2.1458691801173181e-05,1.739952927915173e-05,3.4486744998073447e-05,-49.2980048349,-43.6258989925,-46.6839675771,-47.5946250081,-44.6234779421,-78.1924901703,-72.5203843279,-75.5784529125,-76.4891103435,-73.5179632775
76869171.142578125,76.869171142578,869171.142578,69171.1425781,-28.8930372238,1.2109093750104273e-05,3.6743517979353457e-05,2.0377658579880411e-05,2.7660631455835926e-05,3.7604620260112777e-05,-49.1688835843,-44.3481926485,-46.9084571848,-45.5813790974,-44.2475879257,-78.0619208082,-73.2412298724,-75.8014944086,-74.4744163213,-73.1406251495
76869316.101074219,76.869316101074,869316.101074,69316.1010742,-28.891589354,1.0731265892194517e-05,2.2064970371290974e-05,2.6709671118718495e-05,2.1376864345911952e-05,3.3523154109832897e-05,-49.6934904434,-46.5629665138,-45.733314595,-46.7005599871,-44.7465512644,-78.5850797974,-75.4545558679,-74.624903949,-75.5921493412,-73.6381406184
76869461.059570312,76.869461059570,869461.05957,69461.0595703,-28.8901417259,9.8745268189614363e-06,2.5306029896052344e-05,2.9346350973303886e-05,2.0513295041041679e-05,3.1306600669020099e-05,-50.0548370632,-45.9677598323,-45.3244589274,-46.8796457351,-45.0436408635,-78.944978789,-74.8579015582,-74.2146006532,-75.7697874609,-73.9337825894
76869606.018066406,76.869606018066,869606.018066,69606.0180664,-28.8886943392,1.1828854738465618e-05,2.7278453915462751e-05,2.7375193881201602e-05,2.3326898967027036e-05,3.5744264982644431e-05,-49.2705730143,-45.641802482,-45.6264279631,-46.3214299164,-44.46793629,-78.1592673535,-74.5304968212,-74.5151223023,-75.2101242556,-73.3566306292
76869750.9765625,76.869750976562,869750.976562,69750.9765625,-28.887247194,8.9017452501032553e-06,3.2183851576416445e-05,2.3441258810884844e-05,2.2003781136913513e-05,4.2194741245300196e-05,-50.505248385,-44.9236198329,-46.3001907013,-46.5750268346,-43.7474167204,-79.3924955791,-73.8108670269,-75.1874378954,-75.4622740286,-72.6346639144
76869895.935058594,76.869895935059,869895.935059,69895.9350586,-28.8858002902,1.1472549036273915e-05,3.2643585306702315e-05,2.0523440321620467e-05,2.2803840052030628e-05,3.2691409948195124e-05,-49.4034007736,-44.8620214791,-46.8774983715,-46.4199201383,-44.8556634832,-78.2892010638,-73.7478217694,-75.7632986618,-75.3057204286,-73.7414637735
76870040.893554688,76.870040893555,870040.893555,70040.8935547,-28.8843536277,1.0895577099479446e-05,2.9529908312972682e-05,2.0043090697719284e-05,2.3719361539290548e-05,2.3740298363812504e-05,-49.6274976179,-45.2973790147,-46.9803530828,-46.2489700518,-46.2451382721,-78.5118512457,-74.1817326424,-75.8647067105,-75.1333236795,-75.1294918999
76870185.852050781,76.870185852051,870185.852051,70185.8520508,-28.8829072065,1.114223372102775e-05,2.8221416898526046e-05,2.5932676641633584e-05,2.3881732243019668e-05,3.765375646591765e-05,-49.5302773596,-45.4942118563,-45.8615265521,-46.2193417519,-44.2419169062,-78.4131845661,-74.3771190627,-74.7444337585,-75.1022489583,-73.1248241126
76870330.810546875,76.870330810547,870330.810547,70330.8105469,-28.8814610263,1.0117532311791412e-05,4.3901508182765276e-05,2.2654546995976299e-05,2.2630433854867687e-05,3.8619774239397391e-05,-49.9492539995,-43.5752055984,-46.4484461762,-46.4530711998,-44.1319026932,-78.8307150258,-72.4566666247,-75.3299072025,-75.3345322261,-73.0133637195
76870475.769042969,76.870475769043,870475.769043,70475.769043,-28.8800150872,1.1014270808736198e-05,4.5635471653937436e-05,2.3922521052378028e-05,2.259354661336812e-05,3.2480722003364898e-05,-49.5804424969,-43.4069745657,-46.2119305456,-46.4601559052,-44.8837432553,-78.4604575841,-72.2869896529,-75.0919456328,-75.3401709924,-73.7637583425
76870620.727539062,76.870620727539,870620.727539,70620.7275391,-28.8785693891,9.2713452504568431e-06,2.7685601539792797e-05,2.5963753713907955e-05,1.5850088368705652e-05,3.5180437744988002e-05,-50.3285724617,-45.577460359,-45.8563251914,-47.9996831213,-44.5369876098,-79.2071418508,-74.4560297481,-74.7348945805,-76.8782525104,-73.4155569989
76870765.686035156,76.870765686035,870765.686035,70765.6860352,-28.8771239319,9.8211026346990808e-06,2.7726845155291697e-05,2.3728917084648968e-05,1.9774771562858174e-05,4.2252273256171164e-05,-50.0783975037,-45.5709954296,-46.2472208121,-47.0388852475,-43.7414992018,-78.9555214356,-74.4481193615,-75.1243447439,-75.9160091794,-72.6186231337
76870910.64453125,76.870910644531,870910.644531,70910.6445312,-28.8756787155,9.8140981790069228e-06,4.1340087833405473e-05,2.1995994258895855e-05,2.2643444792610902e-05,3.9207035657358494e-05,-50.0814960171,-43.8362860498,-46.5765640234,-46.4505750237,-44.0663599234,-78.9571747325,-72.7119647653,-75.4522427389,-75.3262537392,-72.9420386389
76871055.603027344,76.871055603027,871055.603027,71055.6030273,-28.8742337398,1.003065426191462e-05,2.5837419651631818e-05,2.1958801278000286e-05,2.6613221106791768e-05,3.6828818294739891e-05,-49.9867073866,-45.8775086092,-46.5839137153,-45.7490255783,-44.3381221588,-78.8609411264,-74.751742349,-75.4581474552,-74.6232593182,-73.2123558986
76871200.561523438,76.871200561523,871200.561523,71200.5615234,-28.8727890048,1.2233689778901087e-05,2.6787012059478321e-05,2.2408708756256233e-05,2.0924063243565189e-05,3.4138517786995142e-05,-49.1244253651,-45.720757268,-46.4958316784,-46.7935397598,-44.6675533884,-77.9972143699,-74.5935462728,-75.3686206832,-75.6663287646,-73.5403423932
76871345.520019531,76.871345520020,871345.52002,71345.5200195,-28.8713445104,1.2399701471020408e-05,2.7552075552594925e-05,2.0783915564043312e-05,2.3794921404167485e-05,5.1058334023692255e-05,-49.0658877057,-45.5984567931,-46.8227263062,-46.2351572536,-42.9193335984,-77.9372322161,-74.4698013035,-75.6940708165,-75.106501764,-71.7906781088
76871490.478515625,76.871490478516,871490.478516,71490.4785156,-28.8699002564,1.4560840812153134e-05,3.0376250622122402e-05,2.2880417180809569e-05,3.2955703283792841e-05,3.944014838102901e-05,-48.3681354607,-45.1746583267,-46.4053606127,-44.8206941596,-44.0406145983,-77.2380357172,-74.0445585831,-75.2752608692,-73.6905944161,-72.9105148548
76871635.437011719,76.871635437012,871635.437012,71635.4370117,-28.8684562429,1.2167991885857979e-05,3.1234088823352813e-05,2.4601868476117655e-05,3.4790774331642287e-05,2.510599178584953e-05,-49.1478108856,-45.0537115899,-46.0903190761,-44.5853590514,-46.002226176,-78.0162671285,-73.9221678328,-74.958775319,-73.4538152943,-74.870682419
76871780.395507812,76.871780395508,871780.395508,71780.3955078,-28.8670124697,1.5806593403891665e-05,2.8378770540091251e-05,2.9161847223568947e-05,2.2701086572665054e-05,3.9317983455756295e-05,-48.0116171801,-45.4700642351,-45.351849696,-46.4395335509,-44.054087644,-76.8786296498,-74.3370767048,-74.2188621657,-75.3065460206,-72.9211001138
76871925.354003906,76.871925354004,871925.354004,71925.3540039,-28.8655689368,1.2664241214315274e-05,3.1238525962422712e-05,3.1362205819583852e-05,1.9887914670454674e-05,4.4945062737717735e-05,-48.9742082611,-45.0530946716,-45.0359339938,-47.0141075205,-43.4731800901,-77.8397771979,-73.9186636084,-73.9015029306,-75.8796764573,-72.338749027
76872070.3125,76.872070312500,872070.3125,72070.3125,-28.8641256441,9.6237189775960524e-06,3.8431084095166613e-05,3.4443117049750686e-05,2.1598675313252881e-05,3.0541721739568132e-05,-50.1665706732,-44.1531736443,-44.6289755245,-46.6557288412,-45.1510648395,-79.0306963173,-73.0172992884,-73.4931011686,-75.5198544852,-74.0151904836
76872215.270996094,76.872215270996,872215.270996,72215.2709961,-28.8626825914,9.9646291093542477e-06,4.7215684699687682e-05,2.5100305858304656e-05,1.3559693186704941e-05,4.2662703806520339e-05,-50.0153886141,-43.25913708,-46.0032098642,-48.6775013708,-43.6995162401,-78.8780712056,-72.1218196714,-74.8658924556,-77.5401839622,-72.5621988316
76872360.229492188,76.872360229492,872360.229492,72360.2294922,-28.8612397788,9.9401817630726087e-06,4.3119626767832972e-05,2.2671034417119084e-05,1.870317004855499e-05,4.1845874562933022e-05,-50.0260567416,-43.6532500694,-46.4452866376,-47.2808477753,-43.7834735112,-78.8872965203,-72.5144898482,-75.3065264163,-76.1420875541,-72.64471329
76872505.187988281,76.872505187988,872505.187988,72505.1879883,-28.8597972061,1.0132750488777766e-05,3.271092779131703e-05,2.9924777281244299e-05,2.5609380459004563e-05,3.2600023203008816e-05,-49.9427265139,-44.8530713766,-45.239690732,-45.9160092784,-44.8678209082,-78.80252372,-73.7128685827,-74.0994879381,-74.7758064845,-73.7276181143
76872650.146484375,76.872650146484,872650.146484,72650.1464844,-28.8583548733,1.0060431850974013e-05,3.1731729150638629e-05,2.7903587713751001e-05,2.5003397015219149e-05,3.596536702007612e-05,-49.9738337649,-44.9850626133,-45.5433995357,-46.0200098314,-44.4411550344,-78.8321886382,-73.8434174866,-74.4017544089,-74.8783647046,-73.2995099077
76872795.104980469,76.872795104980,872795.10498,72795.1049805,-28.8569127802,1.065886791211527e-05,2.5984698165291351e-05,2.6230550190913988e-05,2.696447151090963e-05,3.5591926324363683e-05,-49.7228891967,-45.8528232352,-45.811925999,-45.6920808723,-44.4864850625,-78.5798019768,-74.7097360154,-74.6688387792,-74.5489936525,-73.3433978427
76872940.063476562,76.872940063477,872940.063477,72940.0634766,-28.8554709268,1.2389221232052515e-05,2.5083897625307058e-05,2.9008884554196109e-05,2.466514332642707e-05,3.758864270335645e-05,-49.0695599187,-46.0060498038,-45.3746897031,-46.0791635656,-44.2494335604,-77.9250308455,-74.8615207306,-74.2301606299,-74.9346344924,-73.1049044872
76873085.021972656,76.873085021973,873085.021973,73085.0219727,-28.8540293131,1.1024894391969005e-05,3.4343002170268183e-05,2.6049569392302826e-05,2.040206040699577e-05,3.3776496026095418e-05,-49.5762556197,-44.6416174269,-45.8419945133,-46.903259709,-44.7138540614,-78.4302849328,-73.49564674,-74.6960238264,-75.7572890221,-73.5678833745
76873229.98046875,76.873229980469,873229.980469,73229.9804688,-28.8525879389,7.7506974458472423e-06,3.3910635745054452e-05,2.1144147573969832e-05,1.6566239660408232e-05,3.617822373522111e-05,-51.1065921578,-44.6966406814,-46.7480981874,-47.8077606008,-44.4155275978,-79.9591800967,-73.5492286203,-75.6006861263,-76.6603485397,-73.2681155367
76873374.938964844,76.873374938965,873374.938965,73374.9389648,-28.8511468041,1.0889735684099528e-05,4.1476468886380014e-05,2.7141746509590241e-05,2.1277470832701355e-05,3.4832801765178311e-05,-49.6298266132,-43.8219822452,-45.6636220992,-46.7207999615,-44.580115918,-78.4809734174,-72.6731290494,-74.5147689033,-75.5719467656,-73.4312627221
76873519.897460938,76.873519897461,873519.897461,73519.8974609,-28.8497059088,9.7864635917763404e-06,3.6753135581609693e-05,3.1395343812643388e-05,2.116804894269246e-05,3.8773591318570182e-05,-50.0937421525,-44.3470560331,-45.0313475659,-46.7431916902,-44.1146397156,-78.9434480613,-73.1967619419,-73.8810534747,-75.592897599,-72.9643456244
76873664.855957031,76.873664855957,873664.855957,73664.855957,-28.8482652527,9.5939115636237952e-06,3.3187628284693754e-05,2.4856212214958877e-05,1.6939660863752606e-05,4.3994901025105214e-05,-50.1800428916,-44.7902378283,-46.0456505186,-47.710952886,-43.5659765499,-79.0283081444,-73.638503081,-74.8939157713,-76.5592181387,-72.4142418026
76873809.814453125,76.873809814453,873809.814453,73809.8144531,-28.8468248359,9.555365337012276e-06,2.9485119271214327e-05,2.3931651189696972e-05,1.335682671847845e-05,4.1083942544508276e-05,-50.197527036,-45.303971111,-46.2102733574,-48.742967082,-43.8632788681,-79.0443518719,-74.1507959469,-75.0570981933,-77.5897919179,-72.710103704
76873954.772949219,76.873954772949,873954.772949,73954.7729492,-28.8453846582,1.0928935758029628e-05,2.8795405266080719e-05,2.1276324391421146e-05,1.5691257742670542e-05,4.4025645184896237e-05,-49.6142212688,-45.4067680484,-46.7210339679,-48.0434224387,-43.5629427084,-78.459605927,-74.2521527066,-75.5664186261,-76.8888070969,-72.4083273665
76874099.731445312,76.874099731445,874099.731445,74099.7314453,-28.8439447195,1.197333299650089e-05,2.6892628948143799e-05,2.2221433951196913e-05,2.2714262916846338e-05,3.7947156607805989e-05,-49.2178493894,-45.7036674029,-46.5322791943,-46.4370135158,-44.2082076037,-78.061794109,-74.5476121224,-75.3762239138,-75.2809582353,-73.0521523232
76874244.689941406,76.874244689941,874244.689941,74244.6899414,-28.8425050199,1.2528484779319907e-05,2.8827919744298419e-05,2.5252474825043713e-05,2.3082277861564141e-05,3.7547903432401194e-05,-49.021014503,-45.4018669567,-45.9769605318,-46.367213353,-44.2541430775,-77.8635195229,-74.2443719766,-74.8194655517,-75.2097183729,-73.0966480974
76874389.6484375,76.874389648438,874389.648438,74389.6484375,-28.8410655592,7.8635413334373427e-06,2.9103449120455153e-05,2.6081145652846195e-05,2.6043747248426894e-05,3.0291135270683728e-05,-51.0438182607,-45.3605553867,-45.8367333549,-45.8429652808,-45.1868444959,-79.8848838199,-74.2016209459,-74.6777989141,-74.68403084,-74.0279100551
76874534.606933594,76.874534606934,874534.606934,74534.6069336,-28.8396263372,1.1655293648447525e-05,3.3641687390654866e-05,3.1847769830791462e-05,2.2156372184902387e-05,3.0317507158613396e-05,-49.334767802,-44.731222291,-44.9692097413,-46.5450134814,-45.1830651121,-78.1743941393,-73.5708486283,-73.8088360786,-75.3846398187,-74.0226914494
76874679.565429688,76.874679565430,874679.56543,74679.5654297,-28.8381873541,1.4741143002825202e-05,4.0816374500192742e-05,2.639238062031905e-05,1.8237655657049441e-05,3.3133205530466496e-05,-48.3146884073,-43.8916557396,-45.785214342,-47.3903098841,-44.797365455,-77.1528757613,-72.7298430936,-74.623401696,-76.2284972382,-73.6355528091
76874824.523925781,76.874824523926,874824.523926,74824.5239258,-28.8367486096,1.3260773528119016e-05,4.1292400286183544e-05,2.8075901161352132e-05,2.2845238349279586e-05,2.9996950159187531e-05,-48.774311419,-43.8412987128,-45.5166629515,-46.412043065,-45.2292289849,-77.6110600286,-72.6780473224,-74.3534115611,-75.2487916745,-74.0659775945
76874969.482421875,76.874969482422,874969.482422,74969.4824219,-28.8353101036,1.3652900616953543e-05,4.88461749395598e-05,2.7473689179209394e-05,1.9544582589927714e-05,2.5384024596350662e-05,-48.6477507111,-43.1116943947,-45.6108301941,-47.0897360028,-45.9543952009,-77.4830608147,-71.9470044984,-74.4461402977,-75.9250461064,-74.7897053045
76875114.440917969,76.875114440918,875114.440918,75114.440918,-28.8338718362,1.2660078284449938e-05,4.4309408657980819e-05,2.6006675683204247e-05,2.0188308443065143e-05,2.8253831365499858e-05,-48.9756360882,-43.5350404591,-45.8491515817,-46.9490006861,-45.4892265128,-77.8095079244,-72.3689122954,-74.683023418,-75.7828725223,-74.323098349
76875259.399414062,76.875259399414,875259.399414,75259.3994141,-28.8324338073,1.0188460942569773e-05,2.9845060627265937e-05,2.9263043946248713e-05,2.7106501313697014e-05,4.0473815045271505e-05,-49.9189141507,-45.2512753455,-45.3368050048,-45.6692653399,-43.9282585726,-78.751347958,-74.0837091527,-74.1692388121,-74.5016991472,-72.7606923798
76875404.357910156,76.875404357910,875404.35791,75404.3579102,-28.8309960166,1.2581716615544881e-05,2.6579270298278447e-05,2.6299192854610171e-05,2.5160177166756434e-05,3.5169289355042979e-05,-49.0026010088,-45.7545694626,-45.8005758019,-45.9928630511,-44.5383640713,-77.8335970254,-74.5855654792,-74.6315718185,-74.8238590677,-73.3693600879
76875549.31640625,76.875549316406,875549.316406,75549.3164062,-28.8295584643,1.2711984470927306e-05,3.6997598651221523e-05,2.6912948252374509e-05,2.1300582425565956e-05,3.2374250696953904e-05,-48.9578664634,-44.3182646313,-45.7003872366,-46.7160852141,-44.8980027455,-77.7874249277,-73.1478230956,-74.5299457008,-75.5456436784,-73.7275612098
76875694.274902344,76.875694274902,875694.274902,75694.2749023,-28.8281211501,1.3645415105539346e-05,3.9061663592690018e-05,2.429710298304921e-05,2.9665662654767011e-05,3.293909686914191e-05,-48.6501324817,-44.0824926454,-46.1444550556,-45.2774594619,-44.8228831258,-77.4782536318,-72.9106137955,-74.9725762057,-74.105580612,-73.6510042759
76875839.233398438,76.875839233398,875839.233398,75839.2333984,-28.8266840741,1.2244691310974726e-05,3.2308379163580317e-05,2.3388299778378492e-05,2.5488954038803935e-05,2.773694159066624e-05,-49.1205215898,-44.9068482898,-46.3100134825,-45.9364798581,-45.5694142803,-77.9472056638,-73.7335323639,-75.1366975566,-74.7631639322,-74.3960983544
76875984.191894531,76.875984191895,875984.191895,75984.1918945,-28.8252472361,1.3118752875273086e-05,3.7581141712901828e-05,2.455173602089105e-05,2.0673699025221028e-05,3.2199677631181671e-05,-48.8210744889,-44.2503003019,-46.0991779406,-46.8458181062,-44.9214847625,-77.6463217249,-73.075547538,-74.9244251767,-75.6710653423,-73.7467319985
76876129.150390625,76.876129150391,876129.150391,76129.1503906,-28.823810636,1.1762837748117204e-05,4.2201245050719108e-05,3.2680824851799865e-05,2.150266606167211e-05,4.6824236216011382e-05,-49.2948789342,-43.7467473599,-44.8570699057,-46.6750768966,-43.2952929799,-78.1186895702,-72.5705579959,-73.6808805417,-75.4988875326,-72.1191036159
76876274.108886719,76.876274108887,876274.108887,76274.1088867,-28.8223742738,9.9228735408990082e-06,3.6184102618466667e-05,3.4669778200961641e-05,2.2535114922596098e-05,3.5412353229455403e-05,-50.0336254335,-44.414821936,-44.6004893672,-46.4714022281,-44.5084521245,-78.8559997073,-73.2371962098,-73.4228636411,-75.2937765019,-73.3308263983
76876419.067382812,76.876419067383,876419.067383,76419.0673828,-28.8209381495,1.0741424295851743e-05,3.1160060076142635e-05,3.1104655849590042e-05,2.3075187289324029e-05,3.6348859781100019e-05,-49.6893812806,-45.0640171369,-45.0717459945,-46.3685476534,-44.3950920787,-78.51031943,-73.8849552863,-73.8926841439,-75.1894858029,-73.2160302282
76876564.025878906,76.876564025879,876564.025879,76564.0258789,-28.8195022628,1.4616549413506498e-05,2.8578000873535297e-05,3.4746922027150846e-05,2.3372578244326857e-05,3.8369424484133382e-05,-48.3515514089,-45.4396815483,-44.5908366031,-46.3129337766,-44.1601471488,-77.1710536717,-74.2591838111,-73.4103388659,-75.1324360394,-72.9796494116
76876708.984375,76.876708984375,876708.984375,76708.984375,-28.8180666138,1.3030865888666385e-05,2.7417344828602299e-05,3.5787865696722005e-05,3.159682276170592e-05,3.3487247226925888e-05,-48.8502672487,-45.6197460579,-44.4626420113,-45.0035658594,-44.7512055157,-77.6683338625,-74.4378126717,-73.2807086251,-73.8216324732,-73.5692721295
76876853.942871094,76.876853942871,876853.942871,76853.9428711,-28.8166312023,1.011148935183538e-05,3.9906391980725243e-05,3.7116538046952263e-05,2.871184578506043e-05,3.0775252691439472e-05,-49.9518487115,-43.989575359,-44.3043253831,-45.4193888732,-45.1179837245,-78.7684799138,-72.8062065614,-73.1209565854,-74.2360200755,-73.9346149268
76876998.901367188,76.876998901367,876998.901367,76998.9013672,-28.8151960284,1.0295284431243097e-05,3.994819576729514e-05,2.8685779228224322e-05,2.5404752066839878e-05,3.1604811323604902e-05,-49.8736165048,-43.9850283052,-45.4233334833,-45.9508503915,-45.0024679801,-78.6888125332,-72.8002243336,-74.2385295117,-74.7660464199,-73.8176640085
76877143.859863281,76.877143859863,877143.859863,77143.8598633,-28.8137610918,1.1682206655265889e-05,3.105392190865772e-05,2.192858957698489e-05,2.7826073123346782e-05,3.2765306816352166e-05,-49.3247511547,-45.0788354345,-46.5898930077,-45.5554807793,-44.8458576093,-78.1385122465,-73.8925965263,-75.4036540996,-74.3692418712,-73.6596187011
76877288.818359375,76.877288818359,877288.818359,77288.8183594,-28.8123263926,1.1700725002609722e-05,2.6430338197073671e-05,2.2022066587833843e-05,2.0458546521157698e-05,5.0226206157071872e-05,-49.3178722758,-45.7789727969,-46.5714192853,-46.8912522401,-42.9906962509,-78.1301986684,-74.5912991895,-75.3837456779,-75.7035786327,-71.8030226435
76877433.776855469,76.877433776855,877433.776855,77433.7768555,-28.8108919306,8.4311209874144783e-06,2.4332656951352906e-05,3.1380253848713305e-05,2.0236775891014991e-05,5.3340024868659758e-05,-50.7411467849,-46.1381046664,-45.0334354754,-46.9385867781,-42.7294678617,-79.5520387155,-74.9489965971,-73.844327406,-75.7494787088,-71.5403597923
76877578.735351562,76.877578735352,877578.735352,77578.7353516,-28.8094577058,1.2242313779124116e-05,3.4374555619884818e-05,2.7386325093092659e-05,2.4823087108425253e-05,3.7205677492464853e-05,-49.1213649342,-44.6376290751,-45.624662408,-46.051442087,-44.2939078282,-77.93082264,-73.4470867809,-74.4341201138,-74.8608997929,-73.103365534
76877723.693847656,76.877723693848,877723.693848,77723.6938477,-28.8080237181,1.1742694627562871e-05,2.7690876728512205e-05,2.5875974611908222e-05,1.6881519362941607e-05,2.8958270081423503e-05,-49.3023223294,-45.5766329372,-45.8710328364,-47.7258846877,-45.3822738573,-78.1103460475,-74.3846566553,-74.6790565545,-76.5339084059,-74.1902975754
76877868.65234375,76.877868652344,877868.652344,77868.6523438,-28.8065899674,1.2373270323791887e-05,3.1389101216230269e-05,2.5512958522552426e-05,1.7637534441161798e-05,3.3039096706932332e-05,-49.0751549876,-45.0322111955,-45.93239177,-47.5356212518,-44.8097183486,-77.8817449551,-73.8388011629,-74.7389817375,-76.3422112192,-73.616308316
76878013.610839844,76.878013610840,878013.61084,78013.6108398,-28.8051564537,1.2938028957467696e-05,3.7214769483846839e-05,2.4655185897258731e-05,1.8425095368827165e-05,3.8878023674388285e-05,-48.8813188117,-44.2928466678,-46.0809171859,-47.3459025554,-44.1029582011,-77.6864752654,-73.0980031214,-74.8860736396,-76.1510590091,-72.9081146548
76878158.569335938,76.878158569336,878158.569336,78158.5693359,-28.8037231768,1.0977745242573468e-05,3.8389983243732711e-05,2.7185296797112574e-05,1.4370888287551564e-05,4.1590314976785356e-05,-49.5948685199,-44.1578207744,-45.656659212,-48.425163866,-43.8100779057,-78.3985916966,-72.9615439512,-74.4603823888,-77.2288870428,-72.6138010825
76878303.527832031,76.878303527832,878303.527832,78303.527832,-28.8022901367,1.3352326337247125e-05,3.5685871938291935e-05,2.2839499042757892e-05,2.0436427667772166e-05,4.4539228259865356e-05,-48.7444306183,-44.4750368735,-46.4131342605,-46.8959501753,-43.5125731234,-77.546720755,-73.2773270102,-75.2154243972,-75.6982403119,-72.3148632601
76878448.486328125,76.878448486328,878448.486328,78448.4863281,-28.8008573332,1.7131740585593067e-05,3.7893439502436443e-05,2.9333830186371882e-05,2.2903483186028068e-05,3.8052751985968131e-05,-47.6619851045,-44.21435973,-45.3263122648,-46.4009846467,-44.1961392946,-76.4628424378,-73.0152170632,-74.127169598,-75.20184198,-72.9969966278
76878593.444824219,76.878593444824,878593.444824,78593.4448242,-28.7994247665,1.2139979544228404e-05,3.6937895876142546e-05,2.1383153329047628e-05,2.5971883512053458e-05,3.8670214337149043e-05,-49.1578204504,-44.3252784727,-46.699282499,-45.8549655367,-44.1262342076,-77.9572452169,-73.1247032391,-75.4987072655,-74.6543903032,-72.925658974
76878738.403320312,76.878738403320,878738.40332,78738.4033203,-28.7979924362,8.6813360561494206e-06,2.9630476545441243e-05,2.0111628469124006e-05,1.9649425129177922e-05,3.1832141021629937e-05,-50.6141343183,-45.2826136373,-46.965527625,-47.0665015098,-44.9713414986,-79.4121267545,-74.0806060735,-75.7635200612,-75.864493946,-73.7693339348
76878883.361816406,76.878883361816,878883.361816,78883.3618164,-28.7965603424,1.1566874706459778e-05,2.7535228028711608e-05,1.940899266168958e-05,2.3214094420657448e-05,2.8247921748472236e-05,-49.3678396871,-45.6011132263,-47.1199700417,-46.3424825345,-45.4901349851,-78.1644000296,-74.3976735687,-75.9165303841,-75.1390428769,-74.2866953276
76879028.3203125,76.879028320312,879028.320312,79028.3203125,-28.7951284851,1.0485170041594524e-05,3.7383409091760085e-05,1.9115057446015693e-05,2.3004025904135247e-05,3.6498258617569778e-05,-49.7942452204,-44.2732109669,-47.1862439247,-46.3819615203,-44.3772785584,-78.5893737054,-73.068339452,-75.9813724097,-75.1770900053,-73.1724070435
76879173.278808594,76.879173278809,879173.278809,79173.2788086,-28.793696864,1.0310111476267697e-05,3.1143018119386318e-05,2.1003746831315288e-05,2.3942131308226989e-05,4.1021782528399195e-05,-49.8673663896,-45.0663930156,-46.7770322512,-46.2083719168,-43.8698547207,-78.6610632536,-73.8600898796,-75.5707291152,-75.0020687808,-72.6635515846
76879318.237304688,76.879318237305,879318.237305,79318.2373047,-28.7922654791,1.1441457094919154e-05,2.368225797034352e-05,2.5202477507402749e-05,2.4925846909314979e-05,3.8292811998228061e-05,-49.4151866366,-46.2557689243,-45.9855676418,-46.0335007668,-44.1688274046,-78.2074521157,-75.0480344035,-74.777833121,-74.8257662459,-72.9610928837
76879463.195800781,76.879463195801,879463.195801,79463.1958008,-28.7908343305,1.1778740858717136e-05,3.3144617775698544e-05,2.4648269236492139e-05,2.2393427857073705e-05,3.6857718028110957e-05,-49.2890113292,-44.7958698491,-46.0821357081,-46.4987942203,-44.3347155676,-78.0798456597,-73.5867041796,-74.8729700385,-75.2896285508,-73.1255498981
76879608.154296875,76.879608154297,879608.154297,79608.1542969,-28.7894034179,8.5133176946625266e-06,2.819635311895227e-05,2.0400326848775128e-05,2.2782339611055538e-05,3.2699705165141963e-05,-50.6990115958,-45.4980705915,-46.9036287436,-46.424016785,-44.8545616311,-79.4884150136,-74.2874740094,-75.6930321615,-75.2134202029,-73.643965049
76879753.112792969,76.879753112793,879753.112793,79753.112793,-28.7879727413,6.9522697613311029e-06,2.6887667110620395e-05,2.2236812512459852e-05,2.4252732135793859e-05,2.9899945691931502e-05,-51.5787338478,-45.704468774,-46.5292746563,-46.1523932986,-45.243296005,-80.3667065891,-74.4924415152,-75.3172473975,-74.9403660399,-74.0312687462
76879898.071289062,76.879898071289,879898.071289,79898.0712891,-28.7865423006,8.6338750507783279e-06,4.2185454010920625e-05,2.2547124382339436e-05,2.2792872274681594e-05,3.4497762139638887e-05,-50.6379424073,-43.7483727254,-46.4690883935,-46.4220094316,-44.6220907658,-79.4244847079,-72.534915026,-75.2556306941,-75.2085517322,-73.4086330664
76880043.029785156,76.880043029785,880043.029785,80043.0297852,-28.7851120958,1.0416470045026876e-05,4.4226772876019334e-05,3.0508031550869769e-05,1.7699773685736545e-05,4.5468886050465352e-05,-49.8227943072,-43.5431474892,-45.1558581314,-47.5203228661,-43.4228568551,-78.607906403,-72.328259585,-73.9409702272,-76.3054349619,-72.2079689509
76880187.98828125,76.880187988281,880187.988281,80187.9882812,-28.7836821267,9.7642645361195468e-06,2.8877767991417624e-05,3.150921378477247e-05,2.4090594977826462e-05,4.6042516567160043e-05,-50.1036046307,-45.3943637712,-45.0156243317,-46.1815247387,-43.3684094696,-78.8872867574,-74.1780458979,-73.7993064584,-74.9652068655,-72.1520915963
76880332.946777344,76.880332946777,880332.946777,80332.9467773,-28.7822523933,1.1718051935397601e-05,2.929203527318472e-05,2.3368553487896182e-05,2.4444790808127775e-05,3.555045451548569e-05,-49.3114458149,-45.3325045156,-46.3136816958,-46.1181367496,-44.4915484241,-78.0936982083,-74.114756909,-75.0959340891,-74.9003891429,-73.2738008174
76880477.905273438,76.880477905273,880477.905273,80477.9052734,-28.7808228956,1.2325067589183761e-05,3.9421144430485388e-05,1.9061772053584779e-05,1.7336250074659637e-05,3.135984515083811e-05,-49.0921069043,-44.0427077192,-47.1983672818,-47.6104483696,-45.0362609045,-77.8729297998,-72.8235306148,-75.9791901774,-76.3912712652,-73.8170838001
76880622.863769531,76.880622863770,880622.86377,80622.8637695,-28.7793936334,9.7693285854046696e-06,3.7422424495557651e-05,2.7175750654534808e-05,1.644077063452605e-05,3.435188489098311e-05,-50.1013528292,-44.2686807918,-45.658184509,-47.8407782947,-44.6404942817,-78.8807464626,-73.0480744252,-74.4375781424,-76.620171928,-73.4198879151
76880767.822265625,76.880767822266,880767.822266,80767.8222656,-28.7779646066,1.2650401084937382e-05,2.9830161285545924e-05,2.4342684875359155e-05,1.7329719318437835e-05,3.9337064594095629e-05,-48.9789570483,-45.2534439849,-46.1363152297,-47.612084713,-44.0519805108,-77.7569216549,-74.0314085915,-74.9142798363,-76.3900493196,-72.8299451174
76880912.780761719,76.880912780762,880912.780762,80912.7807617,-28.7765358152,1.1320188099208884e-05,3.9089850002212053e-05,2.1681238445554315e-05,1.4810104696542394e-05,3.584010581271291e-05,-49.4614635674,-44.0793599606,-46.6391591426,-48.2944187133,-44.4563071682,-78.2379993826,-72.8558957759,-75.4156949578,-77.0709545285,-73.2328429834
76881057.739257812,76.881057739258,881057.739258,81057.7392578,-28.7751072591,1.4168185319328355e-05,4.991285371586135e-05,1.924988421618397e-05,1.8406186571418819e-05,3.33432979559194e-05,-48.4868577123,-43.0178759909,-47.1557187833,-47.3503618013,-44.769914467,-77.2619649714,-71.79298325,-75.9308260425,-76.1254690604,-73.5450217262
76881202.697753906,76.881202697754,881202.697754,81202.6977539,-28.7736789383,1.2697855390791345e-05,3.1439299541155594e-05,2.1540520860636208e-05,2.1536754707468177e-05,3.4023488079591469e-05,-48.9626962319,-45.0252713849,-46.6674379945,-46.6681973831,-44.6822116468,-77.7363751701,-73.7989503231,-75.4411169328,-75.4418763214,-73.4558905851
76881347.65625,76.881347656250,881347.65625,81347.65625,-28.7722508526,1.3111439679509134e-05,3.064789526105292e-05,2.7080235845910803e-05,2.3777968696421268e-05,3.536141537053683e-05,-48.8234961872,-45.1359934522,-45.6734755763,-46.2382524903,-44.5147036031,-77.5957470398,-73.9082443048,-74.4457264289,-75.0105033429,-73.2869544557
76881492.614746094,76.881492614746,881492.614746,81492.6147461,-28.770823002,1.0360180355812618e-05,3.0315509712879072e-05,2.9767961157441839e-05,2.6949029445180447e-05,4.992845581177116e-05,-49.8463268408,-45.1833512531,-45.2625090967,-45.6945687108,-43.0165186561,-78.6171498428,-73.9541742551,-74.0333320987,-74.4653917127,-71.787341658
76881637.573242188,76.881637573242,881637.573242,81637.5732422,-28.7693953863,1.1233708021139931e-05,2.419806787520726e-05,2.9002441090164995e-05,2.5191304554131243e-05,2.9876981572380519e-05,-49.494768682,-46.1621930942,-45.3756544667,-45.9874934159,-45.2466328077,-78.2641640683,-74.9315884805,-74.1450498531,-74.7568888022,-74.0160281941
76881782.531738281,76.881782531738,881782.531738,81782.5317383,-28.7679680056,8.7020583183619743e-06,3.4691720857693792e-05,3.3063243844951045e-05,2.2733908227149687e-05,2.7180435974587626e-05,-50.6037801053,-44.5977415676,-44.8065453991,-46.4332589751,-45.6574358146,-79.3717481109,-73.3657095732,-73.5745134047,-75.2012269807,-74.4254038202
76881927.490234375,76.881927490234,881927.490234,81927.4902344,-28.7665408597,8.5317855045005475e-06,3.9328647640613041e-05,2.8915830037658909e-05,1.8304390709828856e-05,3.5067097121327082e-05,-50.6896007158,-44.0529098703,-45.3886433663,-47.3744472271,-44.5510018383,-79.4561415755,-72.81945073,-74.155184226,-76.1409880868,-73.317542698
76882072.448730469,76.882072448730,882072.44873,82072.4487305,-28.7651139486,1.1633282663045726e-05,3.6363770889336697e-05,2.3607766386385627e-05,1.5026772019031851e-05,3.9545092072034087e-05,-49.3429771938,-44.3933108718,-46.269451011,-48.2313430251,-44.0290740896,-78.1080911424,-73.1584248204,-75.0345649596,-76.9964569736,-72.7941880382
76882217.407226562,76.882217407227,882217.407227,82217.4072266,-28.7636872721,1.1561624475062142e-05,3.2538228630480825e-05,2.8785143112825955e-05,1.9600586174731034e-05,3.8818221789211806e-05,-49.3698114074,-44.8760609359,-45.40831607,-47.0773094045,-44.1096436294,-78.1334986796,-73.6397482081,-74.1720033421,-75.8409966766,-72.8733309016
76882362.365722656,76.882362365723,882362.365723,82362.3657227,-28.7622608303,1.0232893852242345e-05,3.3958722812837452e-05,3.5098173460231864e-05,2.4969118498967994e-05,3.8889275098531506e-05,-49.9000153087,-44.6904865193,-44.5471548401,-46.0259678956,-44.1017015209,-78.662276139,-73.4527473496,-73.3094156704,-74.7882287259,-72.8639623512
76882507.32421875,76.882507324219,882507.324219,82507.3242188,-28.760834623,1.1315923569360445e-05,2.728980775887904e-05,3.1905641312719055e-05,1.8941904102671859e-05,3.5010126724188426e-05,-49.4630999454,-45.6399952368,-44.9613252151,-47.2257636642,-44.5580631724,-78.2239345684,-74.4008298598,-73.7221598381,-75.9865982873,-73.3188977954
76882652.282714844,76.882652282715,882652.282715,82652.2827148,-28.7594086502,1.2611518621181912e-05,3.823940461484476e-05,2.9633440309574661e-05,1.7315488289891e-05,3.7280982377509488e-05,-48.9923261453,-44.1748887828,-45.2821792595,-47.6156525701,-44.2851265223,-77.7517347955,-72.934297433,-74.0415879097,-76.3750612203,-73.0445351725
76882797.241210938,76.882797241211,882797.241211,82797.2412109,-28.7579829117,1.0650673473609432e-05,3.605994409268136e-05,2.2741253829211279e-05,1.7827928619165803e-05,3.863604228701629e-05,-49.7262292963,-44.4297495094,-46.4318559435,-47.4889911344,-44.1300736727,-78.484212208,-73.1877324211,-75.1898388552,-76.2469740462,-72.8880565844
76882942.199707031,76.882942199707,882942.199707,82942.199707,-28.7565574075,1.0400847771485214e-05,3.8185660904554074e-05,2.2358166612679581e-05,1.9894849575544314e-05,3.1102823243628833e-05,-49.8293125998,-44.1809968837,-46.5056381182,-47.0125934019,-45.0720018771,-78.5858700074,-72.9375542913,-75.2621955257,-75.7691508095,-73.8285592847
76883087.158203125,76.883087158203,883087.158203,83087.1582031,-28.7551321376,1.1115204753030761e-05,3.6580419263947221e-05,2.3469616340399028e-05,2.0981858001449366e-05,3.1968858303933626e-05,-49.5408253276,-44.3675132119,-46.2949400979,-46.7815605646,-44.952728733,-78.2959574652,-73.1226453496,-75.0500722355,-75.5366927022,-73.7078608707
76883232.116699219,76.883232116699,883232.116699,83232.1166992,-28.7537071018,1.1597429863215377e-05,3.4380375271333227e-05,2.379194752546642e-05,1.9467674238638772e-05,4.3359900682776214e-05,-49.3563824525,-44.6368938718,-46.2357000668,-47.1068592961,-43.6291172123,-78.1100895543,-73.3906009736,-74.9894071686,-75.8605663979,-72.3828243141
76883377.075195312,76.883377075195,883377.075195,83377.0751953,-28.7522823001,1.2431873629967722e-05,3.8116000458438204e-05,3.0912198813162952e-05,1.9514596235461499e-05,3.7167261997503775e-05,-49.0546341313,-44.188926765,-45.0987010207,-47.0964043001,-44.2983943092,-77.8069164313,-72.9412090651,-73.8509833208,-75.8486866002,-73.0506766093
76883522.033691406,76.883522033691,883522.033691,83522.0336914,-28.7508577323,1.1866531392386502e-05,4.2074416876287414e-05,3.4215908143884939e-05,2.0067890605418778e-05,2.8343719406806448e-05,-49.2567620752,-43.7598189435,-44.6577192866,-46.9749827507,-45.4754316002,-78.0076198076,-72.5106766758,-73.4085770189,-75.7258404831,-74.2262893326
76883666.9921875,76.883666992188,883666.992188,83666.9921875,-28.7494333985,1.1787905239381568e-05,4.2537878930047297e-05,3.0441377295125588e-05,1.6231013887804993e-05,3.5623294489284413e-05,-49.2856336401,-43.7122416916,-45.1653570216,-47.8965435065,-44.4826591889,-78.0350670387,-72.4616750901,-73.9147904201,-76.6459769051,-73.2320925874
76883811.950683594,76.883811950684,883811.950684,83811.9506836,-28.7480092986,9.6504411376147719e-06,3.5434503024292772e-05,2.5524067590331069e-05,1.4376639064020184e-05,2.7546971320989905e-05,-50.1545283388,-44.5057365392,-45.9305011399,-48.423426304,-45.5992614312,-78.9025376374,-73.2537458378,-74.6785104385,-77.1714356026,-74.3472707298
76883956.909179688,76.883956909180,883956.90918,83956.9091797,-28.7465854323,9.321466580315551e-06,3.3077775013963733e-05,2.3335200998125068e-05,1.6980306938131572e-05,3.3098919986251372e-05,-50.3051575314,-44.8046371108,-46.3198845396,-47.7005446366,-44.8018617697,-79.0517429637,-73.5512225431,-75.0664699719,-76.4471300689,-73.548447202
76884101.867675781,76.884101867676,884101.867676,84101.8676758,-28.7451617998,7.9028749188516298e-06,3.6450014358840572e-05,2.5563490206160453e-05,2.1910780984872695e-05,3.3804867722461298e-05,-51.0221489171,-44.3830229626,-45.9237985185,-46.5934214223,-44.7102075911,-79.7673107169,-73.1281847624,-74.6689603183,-75.3385832221,-73.4553693909
76884246.826171875,76.884246826172,884246.826172,84246.8261719,-28.7437384009,1.0053353926070099e-05,2.9979602555687165e-05,3.4386702999797541e-05,2.3226736587428863e-05,3.3197738191857367e-05,-49.9768902794,-45.2317412896,-44.6360946238,-46.3401180534,-44.7889150438,-78.7206286802,-73.9754796905,-73.3798330246,-75.0838564543,-73.5326534446
76884391.784667969,76.884391784668,884391.784668,84391.784668,-28.7423152355,1.0418311647143256e-05,2.1688336177390911e-05,3.1359518159851156e-05,2.2820328593291545e-05,3.758726032544406e-05,-49.8220265548,-46.6377376365,-45.0363061889,-46.416781064,-44.2495932815,-78.5643417903,-75.380052872,-73.7786214244,-75.1590962995,-72.991908517
76884536.743164062,76.884536743164,884536.743164,84536.7431641,-28.7408923036,1.0661369846649962e-05,2.8335040115993686e-05,2.7787384830515016e-05,1.9752576155943765e-05,3.8925330158270451e-05,-49.7218699056,-45.4767616816,-45.561523243,-47.0437625511,-44.0976769513,-78.4627622092,-74.2176539852,-74.3024155465,-75.7846548547,-72.8385692549
76884681.701660156,76.884681701660,884681.70166,84681.7016602,-28.739469605,1.3537588452205764e-05,3.3433531343462186e-05,2.2563143021133762e-05,1.6186899961307138e-05,3.6215125569755682e-05,-48.6845869275,-44.7581774958,-46.4660040373,-47.9083631731,-44.4111000462,-77.4240565326,-73.4976471008,-75.2054736423,-76.6478327781,-73.1505696512
76884826.66015625,76.884826660156,884826.660156,84826.6601562,-28.7380471398,9.2308349217085741e-06,3.0110157573307943e-05,1.5584931174897726e-05,2.8795224206310023e-05,3.9340346822397942e-05,-50.3475901561,-45.2128697172,-48.0729511128,-45.406795356,-44.0516181568,-79.0856372958,-73.950916857,-76.8109982526,-74.1448424958,-72.7896652966
76884971.618652344,76.884971618652,884971.618652,84971.6186523,-28.7366249078,1.0614345193111017e-05,2.4337299421684083e-05,1.766376993870774e-05,2.573910658092915e-05,4.4949044953772631e-05,-49.7410679262,-46.1372761474,-47.5291660037,-45.8940653178,-43.4727953142,-78.477692834,-74.8739010551,-76.2657909115,-74.6306902255,-72.209420222
76885116.577148438,76.885116577148,885116.577148,85116.5771484,-28.7352029089,1.3348468292011441e-05,3.8041144592924463e-05,2.3070305223763786e-05,2.1011460913970011e-05,4.1236934644115598e-05,-48.745685658,-44.1974642436,-46.3694665966,-46.7754375032,-43.8471362556,-77.4808885668,-72.9326671525,-75.1046695054,-75.510640412,-72.5823391644
76885261.535644531,76.885261535645,885261.535645,85261.5356445,-28.7337811431,1.0884329433125132e-05,3.3215592429203221e-05,2.6263281708822752e-05,2.2086362576763713e-05,3.6636081809964029e-05,-49.6319832202,-44.7865799713,-45.8065100791,-46.5587580259,-44.3609097985,-78.3657643633,-73.5203611144,-74.5402912222,-75.292539169,-73.0946909416
76885406.494140625,76.885406494141,885406.494141,85406.4941406,-28.7323596103,1.2993791700473443e-05,3.7192659318241698e-05,2.487061231613117e-05,1.7839040881205125e-05,4.4001621807547984e-05,-48.8626409956,-44.2954276797,-46.0431352224,-47.4862849924,-43.5653131603,-77.5950006059,-73.02778729,-74.7754948327,-76.2186446027,-72.2976727706
76885551.452636719,76.885551452637,885551.452637,85551.4526367,-28.7309383104,1.1244089658541207e-05,4.314000248439287e-05,2.0825652758258614e-05,2.2718191486249324e-05,4.8816397445188036e-05,-49.4907570006,-43.6511983422,-46.814013772,-46.4362624421,-43.1143427382,-78.221695311,-72.3821366526,-75.5449520824,-75.1672007525,-71.8452810486
76885696.411132812,76.885696411133,885696.411133,85696.4111328,-28.7295172434,1.3564362956749382e-05,3.3220658092121281e-05,2.9404578330439062e-05,2.6061332187639463e-05,4.5605749145283732e-05,-48.6760059784,-44.7859176854,-45.3158504412,-45.8400338805,-43.4098040592,-77.4055232218,-73.5154349288,-74.0453676846,-74.5695511239,-72.1393213026
76885841.369628906,76.885841369629,885841.369629,85841.3696289,-28.7280964091,1.4641446315629732e-05,3.3499713047642482e-05,2.5349665218422228e-05,2.2333942371024478e-05,2.8432081294644239e-05,-48.3441602055,-44.7495891303,-45.9602777182,-46.5103460882,-45.4619134778,-77.0722566147,-73.4776855395,-74.6883741274,-75.2384424973,-74.1900098869
76885986.328125,76.885986328125,885986.328125,85986.328125,-28.7266758076,1.2810086812510298e-05,4.0838245036145174e-05,2.9993261422010892e-05,1.9667259027840559e-05,3.8097657956672426e-05,-48.9244792708,-43.8893292935,-45.2297630715,-47.062561623,-44.1910172164,-77.6511550784,-72.6160051011,-73.956438879,-75.7892374305,-72.917693024
76886131.286621094,76.886131286621,886131.286621,86131.2866211,-28.7252554386,1.3843542931826382e-05,3.0287633132705429e-05,2.6678522049444358e-05,3.2115010177924984e-05,4.3268325897368926e-05,-48.5875274811,-45.1873466386,-45.7383823336,-44.9329193601,-43.6382990784,-77.3127829197,-73.9126020772,-74.4636377722,-73.6581747987,-72.363554517
76886276.245117188,76.886276245117,886276.245117,86276.2451172,-28.7238353022,1.3913127077981209e-05,2.9366133092621515e-05,3.2935423791101281e-05,2.3829920714174957e-05,4.2253198812926283e-05,-48.5657524815,-45.3215323724,-44.8233674397,-46.2287740262,-43.7414040685,-77.2895877837,-74.0453676746,-73.5472027419,-74.9526093284,-72.4652393707
76886421.203613281,76.886421203613,886421.203613,86421.2036133,-28.7224153983,1.1829624753422017e-05,3.6934969512240701e-05,3.4312253510103629e-05,2.1085909859051639e-05,3.7696649478383787e-05,-49.2702903137,-44.3256225513,-44.6455075805,-46.760076544,-44.2369724867,-77.992705712,-73.0480379495,-73.3679229787,-75.4824919422,-72.959387885
76886566.162109375,76.886566162109,886566.162109,86566.1621094,-28.7209957267,1.0435534427803136e-05,3.599917681771013e-05,2.8879542724800206e-05,2.1716647091692563e-05,4.808217432027831e-05,-49.8148530481,-44.4370743,-45.3940968761,-46.6320722614,-43.1801590136,-78.5358487748,-73.1580700267,-74.1150926028,-75.3530679881,-71.9011547403
76886711.120605469,76.886711120605,886711.120605,86711.1206055,-28.7195762875,1.2467439316076684e-05,3.7044359509001317e-05,2.0234643191693194e-05,1.7721712957493419e-05,4.3455607460752229e-05,-49.0422273699,-44.312779097,-46.9390444935,-47.5149430209,-43.6195417475,-77.7618036573,-73.0323553844,-75.658620781,-76.2345193083,-72.3391180349
76886856.079101562,76.886856079102,886856.079102,86856.0791016,-28.7181570805,1.2295858066038572e-05,3.6310816894752441e-05,3.0377062980558767e-05,2.7385093801431513e-05,3.8211024142410019e-05,-49.1024115864,-44.3996398053,-45.1745421839,-45.6248576716,-44.1781132208,-77.8205686669,-73.1177968858,-73.8926992644,-74.343014752,-72.8962703012
76887001.037597656,76.887001037598,887001.037598,87001.0375977,-28.7167381056,1.1144605610433366e-05,3.2439677595771788e-05,3.6409470403525272e-05,2.6777476714566396e-05,3.1901424571671492e-05,-49.5293529589,-44.8892347071,-44.3878563808,-45.7223034968,-44.9618992291,-78.2460910645,-73.6059728127,-73.1045944864,-74.4390416024,-73.6786373347
76887145.99609375,76.887145996094,887145.996094,87145.9960938,-28.7153193629,1.0486739034083099e-05,2.9000343854097963e-05,3.387498192347115e-05,1.9978136746095097e-05,2.97907238429797e-05,-49.7935953942,-45.3759685269,-44.7012092787,-46.9944501854,-45.2591894434,-78.5089147571,-74.0912878897,-73.4165286415,-75.7097695483,-73.9745088063
76887290.954589844,76.887290954590,887290.95459,87290.9545898,-28.7139008521,1.1790800295040817e-05,3.0598727110556952e-05,3.0308360491394177e-05,2.4245679653258622e-05,3.9549636530758336e-05,-49.2845671637,-45.1429663954,-45.1843755584,-46.1536563726,-44.028575034,-77.9984680158,-73.8568672475,-73.8982764105,-74.8675572247,-72.7424758861
76887435.913085938,76.887435913086,887435.913086,87435.9130859,-28.7124825733,1.3935157786215576e-05,3.1407028163670546e-05,3.2131370814771312e-05,1.7671215085211408e-05,3.6191149301421933e-05,-48.5588810946,-45.0297315603,-44.9307074583,-47.5273358707,-44.4139762503,-77.2713636678,-73.7422141336,-73.6431900316,-76.239818444,-73.1264588236
76887580.871582031,76.887580871582,887580.871582,87580.871582,-28.7110645263,1.3730830852740441e-05,4.2179326082601104e-05,2.4794229137235993e-05,1.6654246227572982e-05,2.7137081698127367e-05,-48.623031828,-43.7490036345,-46.0564938956,-47.7847501873,-45.6643685788,-77.3340963544,-72.4600681609,-74.7675584219,-76.4958147136,-74.3754331051
76887725.830078125,76.887725830078,887725.830078,87725.8300781,-28.7096467112,1.1277382472315379e-05,3.5893475762994461e-05,1.9738193103432993e-05,1.8845661319504089e-05,2.9389908233697684e-05,-49.4779169022,-44.449844845,-47.0469260654,-47.2478861797,-45.3180176996,-78.1875636134,-73.1594915562,-75.7565727765,-75.9575328909,-74.0276644107
76887870.788574219,76.887870788574,887870.788574,87870.7885742,-28.7082291277,1.2024213184145171e-05,3.3878454953705266e-05,1.8209242790462331e-05,1.7510058585039116e-05,3.5673891453880856e-05,-49.199433325,-44.7007640414,-47.3970811345,-47.5671240085,-44.4764951346,-77.9076624527,-73.4089931691,-76.1053102621,-76.2753531362,-73.1847242623
76888015.747070312,76.888015747070,888015.74707,88015.7470703,-28.7068117759,1.6415642659592898e-05,4.0083598796100109e-05,2.1487796545632577e-05,1.7201893005128913e-05,3.6145794472195402e-05,-47.8474211031,-43.9703329345,-46.6780811672,-47.6442375795,-44.4194222517,-76.554232879,-72.6771447104,-75.384892943,-76.3510493554,-73.1262340275
76888160.705566406,76.888160705566,888160.705566,88160.7055664,-28.7053946556,1.4206178030654359e-05,2.8844535658012555e-05,2.0632771317319359e-05,2.009386900938053e-05,4.4906462552207623e-05,-48.4752274709,-45.3993644796,-46.8544243528,-46.969364332,-43.4769115457,-77.1806221265,-74.1047591352,-75.5598190084,-75.6747589876,-72.1823062013
76888305.6640625,76.888305664062,888305.664062,88305.6640625,-28.7039777668,1.2267439715708611e-05,2.8241388906378946e-05,2.1873857457698003e-05,2.5038375219291411e-05,3.5226102536388557e-05,-49.1124606754,-45.4911394857,-46.6007462232,-46.0139385662,-44.5313540509,-77.8164384422,-74.1951172525,-75.30472399,-74.717916333,-73.2353318177
76888450.622558594,76.888450622559,888450.622559,88450.6225586,-28.7025611094,1.1836418880916454e-05,2.8384529292114726e-05,2.9904271733718565e-05,2.4305680397190997e-05,2.3474216717446505e-05,-49.2677967392,-45.4691830339,-45.2426676961,-46.1429221707,-46.2940889026,-77.9703578486,-74.1717441433,-73.9452288054,-74.84548328,-74.996650012
76888595.581054688,76.888595581055,888595.581055,88595.5810547,-28.7011446833,1.0009863594550114e-05,2.5891050103874229e-05,2.6102945221344969e-05,1.6287423158076981e-05,3.4464006982768734e-05,-49.9957184066,-45.8685033485,-45.8331048802,-47.8814762022,-44.6263423039,-78.6968630899,-74.5696480318,-74.5342495635,-76.5826208855,-73.3274869872
76888740.539550781,76.888740539551,888740.539551,88740.5395508,-28.6997284885,1.0549483206255265e-05,2.0426501828210884e-05,2.8681950676815731e-05,1.9264916351286399e-05,4.8110195361685798e-05,-49.7676881488,-46.8980600276,-45.4239131537,-47.1523287236,-43.1776287955,-78.4674166374,-75.5977885162,-74.1236416422,-75.8520572121,-71.877357284
76888885.498046875,76.888885498047,888885.498047,88885.4980469,-28.6983125249,1.4452404090148976e-05,2.6558156749741671e-05,2.9171636621013243e-05,2.21875819737259e-05,5.0812274833213764e-05,-48.4005990403,-45.7580207016,-45.350392049,-46.5389002506,-42.9403136157,-77.0989115652,-74.4563332265,-74.0487045739,-75.2372127755,-71.6386261405
76889030.456542969,76.889030456543,889030.456543,89030.456543,-28.6968967923,1.4072558523441262e-05,3.0370685574722889e-05,2.6334181428627549e-05,1.8679118568495187e-05,4.7028699727524794e-05,-48.5162693657,-45.175454044,-45.794801767,-47.2864362114,-43.2763702867,-77.213166158,-73.8723508363,-74.4916985594,-75.9833330037,-71.9732670791
76889175.415039062,76.889175415039,889175.415039,89175.4150391,-28.6954812908,1.1708175437544487e-05,3.5099796347716838e-05,2.3755772664894616e-05,1.97145947663286e-05,2.4524171894875488e-05,-49.3151077864,-44.5469540334,-46.2423083943,-47.0521214543,-46.1040564848,-78.0105890772,-73.2424353243,-74.9377896852,-75.7476027451,-74.7995377756
76889320.373535156,76.889320373535,889320.373535,89320.3735352,-28.6940660203,1.3916525110039717e-05,3.6545341754243689e-05,2.0075525509534407e-05,2.5670227133401368e-05,2.994102501752837e-05,-48.5646919245,-44.3716797245,-46.9733307754,-45.9057028862,-45.2373333586,-77.2587579448,-73.0657457448,-75.6673967957,-74.5997689065,-73.9313993789
76889465.33203125,76.889465332031,889465.332031,89465.3320312,-28.6926509806,1.3194700353338362e-05,3.2272891951125967e-05,2.2941982408921427e-05,2.2019650731301597e-05,3.7217235353093283e-05,-48.79600468,-44.9116211603,-46.3936905757,-46.5718957395,-44.2925589116,-77.4886556606,-73.6042721409,-75.0863415564,-75.2645467201,-72.9852098922
76889610.290527344,76.889610290527,889610.290527,89610.2905273,-28.6912361717,1.2298845260364807e-05,3.3064027085365283e-05,3.2186749148715576e-05,2.2805657690704851e-05,2.9932891319318504e-05,-49.1013566259,-44.8064425196,-44.923228847,-46.4195739866,-45.2385133116,-77.7925927977,-73.4976786914,-73.6144650188,-75.1108101583,-73.9297494833
76889755.249023438,76.889755249023,889755.249023,89755.2490234,-28.6898215936,1.3232680471380149e-05,3.6268460997606488e-05,4.6756254478177298e-05,2.3748366817991194e-05,3.1196172032695134e-05,-48.7835217425,-44.4047087272,-43.3016028632,-46.2436625157,-45.0589869339,-77.4733433361,-73.0945303208,-71.9914244568,-74.9334841093,-73.7488085275
76889900.207519531,76.889900207520,889900.20752,89900.2075195,-28.6884072461,1.1784141937649869e-05,4.1293202852062993e-05,3.2561357205910713e-05,2.071782394668863e-05,3.9088056570614088e-05,-49.2870203514,-43.8412143035,-44.8729750136,-46.8365586174,-44.0795592183,-77.9754275975,-72.5296215496,-73.5613822597,-75.5249658635,-72.7679664644
76890045.166015625,76.890045166016,890045.166016,90045.1660156,-28.6869931292,1.0482266770608834e-05,3.5371915742563394e-05,3.166260321494249e-05,1.7097466661054067e-05,3.610871349373536e-05,-49.7954479183,-44.5134141816,-44.9945338147,-47.6706823444,-44.4238798464,-78.4824410474,-73.2004073108,-73.6815269439,-76.3576754736,-73.1108729756
76890190.124511719,76.890190124512,890190.124512,90190.1245117,-28.6855792428,7.997455202409947e-06,3.0953418893366283e-05,2.5285498990568425e-05,1.3643225993749096e-05,3.0896629942438433e-05,-50.9704818393,-45.0929137493,-45.9712847147,-48.6508292692,-45.1008888877,-79.6560610821,-73.7784929921,-74.6568639574,-77.336408512,-73.7864681305
76890335.083007812,76.890335083008,890335.083008,90335.0830078,-28.6841655868,8.6463630823304687e-06,3.0270323900760816e-05,2.7713930671032072e-05,1.8817451806860214e-05,3.933470857549846e-05,-50.6316653131,-45.1898293195,-45.573018738,-47.2543918756,-44.052240631,-79.3158308999,-73.8739949063,-74.2571843247,-75.9385574624,-72.7364062178
76890480.041503906,76.890480041504,890480.041504,90480.0415039,-28.6827521611,1.1033890011624601e-05,2.9687586544535295e-05,2.5548213464799964e-05,1.8541759082367304e-05,2.5871783653772177e-05,-49.572713495,-45.2742510698,-45.9263946381,-47.3184906612,-45.871736291,-78.2554656562,-73.957003231,-74.6091467992,-76.0012428223,-74.5544884521
76890625,76.890625000000,890625,90625,-28.6813389658,9.4102834144709449e-06,2.5686932873408483e-05,1.8127516705294041e-05,1.7112193194288277e-05,2.8912662070130894e-05,-50.263972965,-45.902877492,-47.4166168598,-47.6669432528,-45.3891191977,-78.9453119308,-74.5842164578,-76.0979558256,-76.3482822186,-74.0704581635
76890769.958496094,76.890769958496,890769.958496,90769.9584961,-28.6799260006,1.0068998408443796e-05,2.5015844907119702e-05,1.890935254111096e-05,2.096458131990736e-05,3.3849764258290802e-05,-49.9701372779,-46.0178482429,-47.233233412,-46.785138064,-44.7044435155,-78.6500632785,-74.6977742435,-75.9131594127,-75.4650640646,-73.3843695161
76890914.916992188,76.890914916992,890914.916992,90914.9169922,-28.6785132656,9.168222040678227e-06,3.3193647408616326e-05,1.9881212737680402e-05,1.8922942701455295e-05,2.7638729467228103e-05,-50.3771487728,-44.7894502351,-47.0155712752,-47.2301132567,-45.5848192505,-79.0556620384,-73.4679635007,-75.6940845408,-75.9086265223,-74.2633325161
76891059.875488281,76.891059875488,891059.875488,91059.8754883,-28.6771007606,9.3840131612041435e-06,3.481825911184862e-05,2.6272651787518558e-05,2.155773380070844e-05,2.4207851902033651e-05,-50.2761139179,-44.5819294709,-45.8049609019,-46.6639689514,-46.1604374622,-78.9532146785,-73.2590302315,-74.4820616625,-75.341069712,-74.8375382229
76891204.833984375,76.891204833984,891204.833984,91204.8339844,-28.6756884856,9.5573242341524748e-06,3.7558791175334254e-05,2.3736735467371128e-05,1.8984154625104309e-05,3.3583677328101599e-05,-50.1966368021,-44.2528839389,-46.2457901015,-47.2160873747,-44.7387175144,-78.8723252877,-72.9285724245,-74.9214785871,-75.8917758603,-73.414406
76891349.792480469,76.891349792480,891349.79248,91349.7924805,-28.6742764405,1.0655320895427335e-05,3.4795182301326976e-05,1.9128043117682876e-05,2.4628796705132475e-05,3.7416978244689357e-05,-49.7243346655,-44.5848088378,-47.1832945792,-46.0855680607,-44.2693128858,-78.398611106,-73.2590852783,-75.8575710197,-74.7598445012,-72.9435893263
76891494.750976562,76.891494750977,891494.750977,91494.7509766,-28.6728646252,1.0798007640500244e-05,2.7059667111844295e-05,2.4176311381118545e-05,2.2979762340714594e-05,3.2277142126300552e-05,-49.6665636956,-45.676775504,-46.1660995943,-46.3865446715,-44.9110492543,-78.3394283209,-74.3496401292,-74.8389642195,-75.0594092967,-73.5839138795
76891639.709472656,76.891639709473,891639.709473,91639.7094727,-28.6714530397,1.2069851870205064e-05,2.8970053323521609e-05,2.7213004882314583e-05,2.1965523560561601e-05,3.5583993059346412e-05,-49.1829805984,-45.3805070541,-45.6522350042,-46.5825844062,-44.4874531914,-77.8544336381,-74.0519600939,-74.3236880439,-75.2540374459,-73.1589062311
76891784.66796875,76.891784667969,891784.667969,91784.6679688,-28.6700416839,9.0662124404114157e-06,3.3226692305946637e-05,3.1063221796373609e-05,1.8911748607397367e-05,3.0840826253413443e-05,-50.4257410873,-44.7851289028,-45.0775350238,-47.2326831381,-45.1087399533,-79.0957827711,-73.4551705867,-73.7475767077,-75.9027248219,-73.7787816371
76891929.626464844,76.891929626465,891929.626465,91929.6264648,-28.6686305576,1.0517991657357329e-05,2.8979638735515561e-05,2.574448031282927e-05,2.3709705481324556e-05,3.5155000645769928e-05,-49.78067178,-45.3790703281,-45.8931587057,-46.2507384073,-44.5401288975,-78.4493023376,-74.0477008857,-74.5617892633,-74.919368965,-73.2087594551
76892074.584960938,76.892074584961,892074.584961,92074.5849609,-28.6672196609,9.8549691378752136e-06,2.5189486150493331e-05,2.3070400653154406e-05,2.2555206945832327e-05,2.9329352992057788e-05,-50.0634473143,-45.9878069174,-46.3694486322,-46.4675318386,-45.3269751749,-78.7306669752,-74.6550265783,-75.0366682931,-75.1347514995,-73.9941948358
76892219.543457031,76.892219543457,892219.543457,92219.543457,-28.6658089937,9.3264412541578888e-06,3.1556885317782159e-05,2.2356006030615105e-05,2.0868193307353662e-05,3.7153432821412006e-05,-50.3028404098,-45.0090586846,-46.506057819,-46.8051514895,-44.3000105306,-78.9686494035,-73.6748676782,-75.1718668127,-75.4709604832,-72.9658195243
76892364.501953125,76.892364501953,892364.501953,92364.5019531,-28.6643985558,9.4834037715929145e-06,4.0270068104557854e-05,2.5871611700149768e-05,1.7406662863565797e-05,3.7851198715930112e-05,-50.2303575824,-43.9501763592,-45.8717651559,-47.5928448212,-44.219203622,-78.8947561382,-72.6145749149,-74.5361637117,-76.257243377,-72.8836021778
76892509.460449219,76.892509460449,892509.460449,92509.4604492,-28.6629883472,8.6456292749186868e-06,3.0144353492899853e-05,2.5818839686352841e-05,1.972874987879918e-05,3.8423248744537495e-05,-50.6320339098,-45.2079402603,-45.8806327908,-47.0490043314,-44.1540591766,-79.295022257,-73.8709286075,-74.543621138,-75.7119926786,-72.8170475238
76892654.418945312,76.892654418945,892654.418945,92654.4189453,-28.6615783679,9.680574225664943e-06,3.2989746665304271e-05,2.4099277381428997e-05,1.8101336073944781e-05,5.3434249908487666e-05,-50.1409888075,-44.8162101947,-46.1799597958,-47.4228936833,-42.7218028271,-78.8025671753,-73.4777885626,-74.8415381637,-76.0844720511,-71.3833811949
76892799.377441406,76.892799377441,892799.377441,92799.3774414,-28.6601686177,1.2232855873552085e-05,4.1973485134017871e-05,2.7558130333424476e-05,2.637601894570374e-05,4.784739772891298e-05,-49.1247214106,-43.7702496904,-45.5975025024,-45.7879075391,-43.2014167717,-77.7848900282,-72.4304183081,-74.2576711201,-74.4480761568,-71.8615853894
76892944.3359375,76.892944335938,892944.335938,92944.3359375,-28.6587590966,1.7118147294272947e-05,3.3420306323933187e-05,2.3433981500703921e-05,2.9609822942509572e-05,3.0823097078088853e-05,-47.6654324103,-44.7598957377,-46.3015391726,-45.2856418955,-45.1112372589,-76.3241915068,-73.4186548342,-74.9602982691,-73.9444009921,-73.7699963555
76893089.294433594,76.893089294434,893089.294434,93089.2944336,-28.6573498045,1.2373653417193755e-05,3.4638263631167389e-05,2.0598796939011953e-05,2.511809521594657e-05,2.8003770457658091e-05,-49.0750205262,-44.604438867,-46.8615814361,-46.000132976,-45.5278349085,-77.7323703307,-73.2617886715,-75.5189312406,-74.6574827805,-74.1851847129
76893234.252929688,76.893234252930,893234.25293,93234.2529297,-28.6559407413,1.4752908091801787e-05,4.0287747551143609e-05,2.8342281734030762e-05,2.2170387625149876e-05,3.9181966267839779e-05,-48.3112236316,-43.9482701292,-45.4756518921,-46.5422671365,-44.069137736,-76.9671643729,-72.6042108705,-74.1315926334,-75.1982078778,-72.7250784773
76893379.211425781,76.893379211426,893379.211426,93379.2114258,-28.654531907,1.6694241717597198e-05,4.7657077562523795e-05,2.7731209495865868e-05,2.1477076358808648e-05,3.6511607095041546e-05,-47.774333026,-43.2187259307,-45.5703118827,-46.6802483879,-44.3756905072,-76.428864933,-71.8732578377,-74.2248437897,-75.3347802949,-73.0302224142
76893524.169921875,76.893524169922,893524.169922,93524.1699219,-28.6531233015,1.2229732062752117e-05,3.2702922194387971e-05,3.5575064602929591e-05,2.5112679202059801e-05,3.0610284434001803e-05,-49.1258305768,-44.8541343889,-44.4885430258,-46.0010695114,-45.1413263487,-77.7789538783,-73.5072576904,-73.1416663273,-74.6541928129,-73.7944496502
76893669.128417969,76.893669128418,893669.128418,93669.128418,-28.6517149247,7.5193133242406461e-06,2.6442611829341004e-05,3.4604799704099961e-05,1.7851656506244349e-05,3.459283776244783e-05,-51.2382181807,-45.7769565028,-44.6086366015,-47.4832147826,-44.6101380994,-79.8899331054,-74.4286714275,-73.2603515262,-76.1349297072,-73.2618530241
76893814.086914062,76.893814086914,893814.086914,93814.0869141,-28.6503067765,1.3827601756478058e-05,2.5084933764490215e-05,3.6622437737499747e-05,1.8323595795264064e-05,4.2278465460741325e-05,-48.592531369,-46.0058704137,-44.3625275068,-47.36989297,-43.7388078423,-77.2428381455,-74.6561771902,-73.0128342833,-76.0201997465,-72.3891146188
76893959.045410156,76.893959045410,893959.04541,93959.0454102,-28.6488988569,1.5285637573719104e-05,3.5858711328302631e-05,2.6467405002275443e-05,2.8106663600455011e-05,4.4925667551292999e-05,-48.1571644186,-44.4540532194,-45.7728863703,-45.5119070423,-43.4750546098,-76.8060632755,-73.1029520763,-74.4217852272,-74.1608058992,-72.1239534667
76894104.00390625,76.894104003906,894104.003906,94104.0039062,-28.6474911658,1.142657302537548e-05,3.8901462585864862e-05,2.3223813079172141e-05,3.1068446917864995e-05,4.0547406608773022e-05,-49.4208400052,-44.1003407011,-46.3406647266,-45.0768045617,-43.9203691782,-78.068331171,-72.7478318669,-74.9881558923,-73.7242957275,-72.5678603439
76894248.962402344,76.894248962402,894248.962402,94248.9624023,-28.6460837031,9.5296036871499178e-06,2.9846872390137176e-05,2.2273941979787607e-05,1.7990597482375535e-05,3.8772236448940675e-05,-50.2092516023,-45.2510117123,-46.5220291594,-47.4495441314,-44.1147914742,-78.8553353054,-73.8970954154,-75.1681128625,-76.0956278345,-72.7608751773
76894393.920898438,76.894393920898,894393.920898,94393.9208984,-28.6446764687,1.0120165548610783e-05,2.4023217914942957e-05,1.981622292597171e-05,1.7268861437278272e-05,3.6588942853411064e-05,-49.9481238312,-46.193688192,-47.0297912073,-47.6273629519,-44.3665013819,-78.5928002999,-74.8383646607,-75.674467676,-76.2720394207,-73.0111778506
76894538.879394531,76.894538879395,894538.879395,94538.8793945,-28.6432694626,1.1847209573664922e-05,3.0589797557586646e-05,2.0686429288348763e-05,2.1377128100811255e-05,3.5398618931466268e-05,-49.2638392893,-45.1442339715,-46.84314467,-46.7005064028,-44.5101368154,-77.907108752,-73.7875034342,-75.4864141327,-75.3437758654,-73.153406278
76894683.837890625,76.894683837891,894683.837891,94683.8378906,-28.6418626847,1.281252311375072e-05,3.2240526683198691e-05,2.2282500431393472e-05,2.0445198057306837e-05,3.707445691168136e-05,-48.9236533813,-44.9159787215,-46.520360764,-46.8940867798,-44.3092520205,-77.565516066,-73.5578414062,-75.1622234487,-75.5359494645,-72.9511147052
76894828.796386719,76.894828796387,894828.796387,94828.7963867,-28.6404561349,1.4900249939402994e-05,4.4642108211518539e-05,3.2330280833029083e-05,2.0893053730602102e-05,3.7447939968352681e-05,-48.2680644659,-43.5025530415,-44.9039052293,-46.7999807886,-44.2657206808,-76.9085206009,-72.1430091764,-73.5443613642,-75.4404369235,-72.9061768158
76894973.754882812,76.894973754883,894973.754883,94973.7548828,-28.6390498132,1.3433123488203973e-05,3.6197199009640411e-05,2.2713107875863811e-05,1.8506531313457672e-05,2.6107398727165254e-05,-48.7182299284,-44.4132503449,-46.4372343641,-47.3267497361,-45.8323639799,-77.3572797416,-73.052300158,-75.0762841773,-75.9657995493,-74.471413793
76895118.713378906,76.895118713379,895118.713379,95118.7133789,-28.6376437194,1.1720295019437461e-05,2.0046528228445804e-05,2.1599920014190107e-05,1.8928149461279825e-05,3.0597051845162446e-05,-49.3106145626,-46.9796083012,-46.6554785706,-47.2289184341,-45.1432041761,-77.948258282,-75.6172520206,-75.2931222901,-75.8665621535,-73.7808478955
76895263.671875,76.895263671875,895263.671875,95263.671875,-28.6362378535,1.0452233811935288e-05,2.066783662818284e-05,3.3623398366513144e-05,1.8261569083585099e-05,3.8137567543737949e-05,-49.8079088386,-46.8470498005,-44.7335839389,-47.3846190944,-44.1864701019,-78.4441466921,-75.4832876541,-73.3698217925,-76.0208569479,-72.8227079554
76895408.630371094,76.895408630371,895408.630371,95408.6303711,-28.6348322155,1.4054835935781174e-05,3.3183491290918745e-05,2.8876753635183708e-05,2.2099356409792321e-05,4.2738526133270621e-05,-48.5217421961,-44.7907792306,-45.3945163235,-46.5562037391,-43.6918045885,-77.1565744116,-73.425611446,-74.029348539,-75.1910359545,-72.326636804
76895553.588867188,76.895553588867,895553.588867,95553.5888672,-28.6334268052,1.5713152789871155e-05,3.6301133835149794e-05,2.2150029892490982e-05,2.181570849242339e-05,3.7044906029082576e-05,-48.0373666653,-44.4007980993,-46.5462568334,-46.6123067819,-44.3127150254,-76.6707934705,-73.0342249045,-75.1796836386,-75.2457335871,-72.9461418306
76895698.547363281,76.895698547363,895698.547363,95698.5473633,-28.6320216225,1.1002186140096483e-05,3.3991064486746394e-05,2.0203150308111778e-05,2.0703879028390094e-05,3.3087210165105937e-05,-49.5852101173,-44.6863523455,-46.9458090507,-46.8394827856,-44.8033984997,-78.2172317398,-73.318373968,-75.5778306733,-75.4715044082,-73.4354201223
76895843.505859375,76.895843505859,895843.505859,95843.5058594,-28.6306166675,9.2992024118569003e-06,3.6867532880528763e-05,1.8543056521025329e-05,1.8835607101239996e-05,3.6966539911847237e-05,-50.3155429908,-44.3335592375,-47.3181867792,-47.2502037724,-44.3219119772,-78.9461596583,-72.964175905,-75.9488034467,-75.8808204399,-72.9525286448
76895988.464355469,76.895988464355,895988.464355,95988.4643555,-28.62921194,1.0326985450974927e-05,3.7807776634150361e-05,2.6991734431239589e-05,2.2659275417428248e-05,4.2411369106921491e-05,-49.8602643483,-44.2241886149,-45.6876920771,-46.4475398182,-43.7251770759,-78.4894762883,-72.8534005549,-74.3169040171,-75.0767517582,-72.354389016
76896133.422851562,76.896133422852,896133.422852,96133.4228516,-28.62780744,1.0786185014541895e-05,3.7762925042819134e-05,2.7266938161949022e-05,2.7546884010773231e-05,4.6066771392790446e-05,-49.6713213457,-44.2293437346,-45.6436362678,-45.5992751962,-43.3661222437,-78.2991287857,-72.8571511746,-74.2714437078,-74.2270826362,-71.9939296837
76896278.381347656,76.896278381348,896278.381348,96278.3813477,-28.6264031673,1.1238180717611651e-05,3.1729953881287049e-05,2.6137346313056459e-05,2.0642534771671447e-05,4.363701394719123e-05,-49.4930398843,-44.9853055914,-45.8273850781,-46.8523697518,-43.6014497556,-78.1194430517,-73.6117087587,-74.4537882454,-75.4787729191,-72.2278529229
76896423.33984375,76.896423339844,896423.339844,96423.3398438,-28.624999122,1.2051551428519654e-05,3.3461715643430587e-05,2.1676597693123337e-05,2.0921326027916895e-05,3.5561308614489026e-05,-49.189570416,-44.7545179573,-46.6400888261,-46.7941079264,-44.4902226588,-77.8145695379,-73.3795170793,-75.265087948,-75.4191070483,-73.1152217808
76896568.298339844,76.896568298340,896568.29834,96568.2983398,-28.6235953039,1.4600436885837666e-05,3.6284669248540456e-05,2.3912808446270199e-05,2.4021034779162703e-05,2.7883111470368774e-05,-48.3563414872,-44.4027683136,-46.2136941506,-46.1940828797,-45.5465876504,-76.979936791,-73.0263636174,-74.8372894544,-74.8176781836,-74.1701829543
76896713.256835938,76.896713256836,896713.256836,96713.2568359,-28.6221917129,1.2195356815743215e-05,4.0653536620674395e-05,2.3637506923204796e-05,2.4471837333859496e-05,2.971122439127469e-05,-49.1380548843,-43.9090166734,-46.2639833095,-46.113334228,-45.2707945067,-77.7602465972,-72.5312083863,-74.8861750224,-74.7355259409,-73.8929862196
76896858.215332031,76.896858215332,896858.215332,96858.215332,-28.620788349,1.3460078798846422e-05,3.3720029909059471e-05,2.3622616098858215e-05,2.3286165359367391e-05,2.6791349887025326e-05,-48.7095239763,-44.7211204884,-46.2667200789,-46.3290202286,-45.7200540383,-77.3303123253,-73.3419088374,-74.8875084279,-74.9498085776,-74.3408423874
76897003.173828125,76.897003173828,897003.173828,97003.1738281,-28.6193852122,9.7682519432627039e-06,2.8480627291393957e-05,2.3204368620230226e-05,2.6576672870339563e-05,2.7771700107967672e-05,-50.1018314757,-45.4545044951,-46.3443024403,-45.7549938925,-45.5639753311,-78.7212166879,-74.0738897073,-74.9636876525,-74.3743791047,-74.1833605433
76897148.132324219,76.897148132324,897148.132324,97148.1323242,-28.6179823023,6.7684538207384021e-06,3.7217549665501137e-05,2.2691120130457621e-05,2.0653168086627499e-05,2.2575270851860939e-05,-51.6951052981,-44.2925222341,-46.4414406496,-46.8501332042,-46.4636703044,-80.3130876004,-72.9105045363,-75.0594229518,-75.4681155065,-75.0816526066
76897293.090820312,76.897293090820,897293.09082,97293.0908203,-28.6165796192,7.5902443669343468e-06,3.4140479584879312e-05,2.6799665297038457e-05,1.6042246039448333e-05,3.8833553067239351e-05,-51.1974424182,-44.6673038247,-45.7187062987,-47.9473482718,-44.1079287196,-79.8140220375,-73.2838834439,-74.3352859179,-76.563927891,-72.7245083388
76897438.049316406,76.897438049316,897438.049316,97438.0493164,-28.615177163,7.6844605892158214e-06,3.5614051170246746e-05,2.4512466052699977e-05,1.973708865236575e-05,4.3171292622414727e-05,-51.143866124,-44.4837862164,-46.1061299478,-47.0471690817,-43.6480494763,-79.759043287,-73.0989633794,-74.7213071107,-75.6623462447,-72.2632266392
76897583.0078125,76.897583007812,897583.007812,97583.0078125,-28.6137749334,8.5513610769330642e-06,4.4380165077356886e-05,2.9441375929791936e-05,1.7125559034177649e-05,2.9432872292145113e-05,-50.6796475531,-43.5281108669,-45.310418973,-47.6635524281,-45.3116735395,-79.2934224866,-72.1418858003,-73.9241939064,-76.2773273616,-73.9254484729
76897727.966308594,76.897727966309,897727.966309,97727.9663086,-28.6123729305,9.7815012397858528e-06,3.6907398079344971e-05,2.4073300789835145e-05,1.5521949785678802e-05,2.5455407547030313e-05,-50.0959448569,-44.3288657089,-46.1846435773,-48.0905372586,-45.9421994541,-78.7083177875,-72.9412386394,-74.7970165078,-76.7029101892,-74.5545723847
76897872.924804688,76.897872924805,897872.924805,97872.9248047,-28.6109711542,1.1439245324929152e-05,3.043634614695171e-05,2.5523227816102279e-05,2.2500561757063235e-05,3.1114364867216139e-05,-49.4160262607,-45.1660748539,-45.9306440307,-46.47806639,-45.0703905978,-78.0269974149,-73.7770460082,-74.5416151849,-75.0890375443,-73.681361752
76898017.883300781,76.898017883301,898017.883301,98017.8833008,-28.6095696044,1.0597268218001602e-05,2.9175093002151113e-05,2.8458482005562505e-05,2.1481814614279447e-05,3.3269004368764989e-05,-49.7480607349,-45.3498775087,-45.4578826919,-46.6792903565,-44.7796019593,-78.3576303393,-73.9594471131,-74.0674522964,-75.2888599609,-73.3891715638
76898162.841796875,76.898162841797,898162.841797,98162.8417969,-28.6081682811,1.0473664494563162e-05,3.4069733580026052e-05,3.1737676752294352e-05,2.342808564216122e-05,3.7186459694337073e-05,-49.7990134207,-44.6763126253,-44.9842486745,-46.3026319706,-44.2961516631,-78.4071817018,-73.2844809064,-73.5924169556,-74.9108002517,-72.9043199442
76898307.800292969,76.898307800293,898307.800293,98307.800293,-28.606767184,1.2068629440218319e-05,3.4173084490123231e-05,3.0099829248494403e-05,1.4875061651347548e-05,2.8657905347575283e-05,-49.1834204725,-44.6631581966,-45.2143596808,-48.2754122561,-45.4275555606,-77.7901876565,-73.2699253807,-73.8211268649,-76.8821794402,-74.0343227446
76898452.758789062,76.898452758789,898452.758789,98452.7587891,-28.6053663133,1.0759147974612874e-05,2.9881374819410963e-05,2.3101080788560796e-05,1.6251813296490654e-05,3.0613134622119292e-05,-49.6822211943,-45.2459942484,-46.3636770108,-47.8909817556,-45.1409219868,-78.2875875076,-73.8513605617,-74.9690433241,-76.4963480689,-73.7462883001
76898597.717285156,76.898597717285,898597.717285,98597.7172852,-28.6039656688,6.2902965524513177e-06,3.205180732184018e-05,2.1408832584985045e-05,1.544593258237455e-05,2.8824427361788587e-05,-52.0132887951,-44.9414747667,-46.6940701396,-48.1118586508,-45.4023931182,-80.6172544638,-73.5454404354,-75.2980358084,-76.7158243196,-74.006358787
76898742.67578125,76.898742675781,898742.675781,98742.6757812,-28.6025652504,8.2827787723115677e-06,3.4032834042377814e-05,2.4722306020017318e-05,1.7346485561251054e-05,3.4518280878887264e-05,-50.8182393821,-44.6810188406,-46.0691102205,-47.6078850104,-44.6195084168,-79.4208046325,-73.283584091,-74.6716754709,-76.2104502608,-73.2220736671
76898887.634277344,76.898887634277,898887.634277,98887.6342773,-28.601165058,1.1364539825583167e-05,3.3812798034713318e-05,2.2056188919508726e-05,2.2713549727902337e-05,4.7862650400990251e-05,-49.4444814509,-44.7091888955,-46.5646952699,-46.437149879,-43.2000325594,-78.045646509,-73.3103539535,-75.165860328,-75.038314937,-71.8011976174
76899032.592773438,76.899032592773,899032.592773,99032.5927734,-28.5997650917,1.164556840991329e-05,3.2322667850483046e-05,2.0662008123113811e-05,2.1275365065425496e-05,3.642387911742984e-05,-49.3383930908,-44.9049280059,-46.8482747205,-46.7212297909,-44.3861380402,-77.9381581825,-73.5046930976,-75.4480398122,-75.3209948826,-72.9859031319
76899177.551269531,76.899177551270,899177.55127,99177.5512695,-28.5983653513,1.1314674025393506e-05,3.7343850983599788e-05,1.8747401699358366e-05,2.3760321555056951e-05,4.409149478617775e-05,-49.4635795351,-44.2778089863,-47.2705891491,-46.2414768622,-43.5564517751,-78.0619448864,-72.8761743376,-75.8689545004,-74.8398422135,-72.1548171264
76899322.509765625,76.899322509766,899322.509766,99322.5097656,-28.5969658367,1.2463695577799636e-05,4.4855123049570868e-05,2.0751320811174614e-05,2.4238899128212206e-05,3.031408831757548e-05,-49.0435316706,-43.481879476,-46.8295425545,-46.1548710866,-45.1835548844,-77.6404975073,-72.0788453127,-75.4265083912,-74.7518369233,-73.7805207211
76899467.468261719,76.899467468262,899467.468262,99467.4682617,-28.5955665479,1.2706385397500771e-05,3.9659988445973625e-05,2.1490760304924981e-05,2.527387326762306e-05,3.8156605507590484e-05,-48.9597797621,-44.0164741665,-46.6774821967,-45.9732819655,-44.1843026801,-77.55534631,-72.6120407144,-75.2730487446,-74.5688485134,-72.779869228
76899612.426757812,76.899612426758,899612.426758,99612.4267578,-28.5941674848,1.3033440003782093e-05,2.5892349988423627e-05,2.7206657022435728e-05,2.0826367372311988e-05,3.4005306266779736e-05,-48.8494094288,-45.8682853123,-45.6532481823,-46.8138647502,-44.6845330935,-77.4435769136,-74.4624527971,-74.2474156671,-75.408032235,-73.2787005783
76899757.385253906,76.899757385254,899757.385254,99757.3852539,-28.5927686473,1.3956497660194785e-05,3.1122293175742084e-05,2.246712420897511e-05,2.4337309575126446e-05,3.3561942627331814e-05,-48.5522355289,-45.069284105,-46.484525137,-46.1372743355,-44.7415290935,-77.1450041763,-73.6620527523,-75.0772937843,-74.7300429828,-73.3342977408
76899902.34375,76.899902343750,899902.34375,99902.34375,-28.5913700354,1.2874386149175841e-05,2.2765310151154193e-05,2.2918770869761036e-05,2.8124075649964975e-05,4.8168933234307239e-05,-48.9027346896,-46.4272642855,-46.3980867723,-45.5092174254,-43.1723297161,-77.494104725,-75.0186343209,-74.9894568077,-74.1005874608,-71.7636997515
