Frequency_Hz,Frequency_MHz,20260515_092941,20260515_133100,20260515_134951,20260515_140509,20260521_162959
76700004.577636719,76.700004577637,8.9405912088412357e-06,3.0843082368398895e-05,2.4275832355627928e-05,1.9275151575394405e-05,3.3734792947585474e-05
76700149.536132812,76.700149536133,1.4440721241534584e-05,2.9682261076379606e-05,2.9233114479039217e-05,2.4847410247626954e-05,4.9032488312823263e-05
76700294.494628906,76.700294494629,9.36028048734387e-06,3.1094370366170496e-05,2.4507604529295161e-05,2.4927634815338162e-05,5.5577645750140561e-05
76700439.453125,76.700439453125,9.5203060620605716e-06,3.7140779190241694e-05,2.3282088347516255e-05,2.457009764999625e-05,3.5531435327040809e-05
76700584.411621094,76.700584411621,1.5548615183358869e-05,3.5334608356688807e-05,2.320245448080485e-05,2.4417267989419312e-05,3.0753128910298508e-05
76700729.370117188,76.700729370117,1.4687429687043652e-05,3.2251628561690815e-05,2.3844845451498612e-05,2.3501436988780177e-05,3.516159347486399e-05
76700874.328613281,76.700874328613,1.0888725173513483e-05,3.7335327520570215e-05,2.5359829645375348e-05,2.1289204936941148e-05,3.6972416382777031e-05
76701019.287109375,76.701019287109,1.075062986261858e-05,3.4996054014874139e-05,2.5760528835222938e-05,1.9146825326091919e-05,4.7846234157966572e-05
76701164.245605469,76.701164245605,1.1198040920910527e-05,3.6840872257306327e-05,2.0523746405687769e-05,2.08227724248472e-05,3.358554946525327e-05
76701309.204101562,76.701309204102,1.2149904789759723e-05,2.5965941482860239e-05,1.5793110459331792e-05,2.3280051685823404e-05,3.7106517124848781e-05
76701454.162597656,76.701454162598,1.0336084550604781e-05,2.8870843686755116e-05,1.7803859228967892e-05,1.5922989051906053e-05,3.0114247019211845e-05
76701599.12109375,76.701599121094,9.4271151925442661e-06,3.5719210510463039e-05,1.9856384087240919e-05,2.241456940098007e-05,4.1130432036174605e-05
76701744.079589844,76.701744079590,7.6491326514921203e-06,3.0066786575019412e-05,2.8601886522906066e-05,2.4600741073948353e-05,3.4782450569453824e-05
76701889.038085938,76.701889038086,9.2710152685165636e-06,3.4102977150053864e-05,3.3878355412678275e-05,2.1759338166612469e-05,4.029993780912362e-05
76702033.996582031,76.702033996582,1.2292372898156318e-05,3.6501908584471381e-05,2.7257630390199388e-05,1.7696241802785759e-05,5.2876498671841139e-05
76702178.955078125,76.702178955078,1.5244520194334631e-05,4.3464200908168285e-05,2.5001088613959036e-05,2.355715316456419e-05,3.4189634059971215e-05
76702323.913574219,76.702323913574,1.3312952610918501e-05,4.2865732927927724e-05,2.4541369322794563e-05,2.3534324626980156e-05,2.5498281462357377e-05
76702468.872070312,76.702468872070,1.0293901717848855e-05,4.4294988508518841e-05,2.7955660451571236e-05,1.5188128136849775e-05,2.9078051372269935e-05
76702613.830566406,76.702613830566,1.3003804404093791e-05,3.7054259692560534e-05,2.8959690316107111e-05,1.8731717045048074e-05,3.6391587813725433e-05
76702758.7890625,76.702758789062,1.3535075424272293e-05,3.2379002800395871e-05,2.4903393571183241e-05,1.8166494520389138e-05,4.705826730220251e-05
76702903.747558594,76.702903747559,1.5927818923506856e-05,3.7651875416508614e-05,2.9156766615578835e-05,2.1963658666530568e-05,4.1420196254917028e-05
76703048.706054688,76.703048706055,1.4628021500919268e-05,3.0907466637120153e-05,2.5536944879960347e-05,2.4040008758040236e-05,3.5557310790485319e-05
76703193.664550781,76.703193664551,1.1084275708895821e-05,2.2397543108750927e-05,2.5681901380140792e-05,2.4159086496908154e-05,4.7552708967332339e-05
76703338.623046875,76.703338623047,1.1617677150232185e-05,3.5273457399265706e-05,2.0486119285838741e-05,2.3150422304434847e-05,4.6821884668143271e-05
76703483.581542969,76.703483581543,1.169606187139084e-05,3.1923340223867863e-05,2.2845786167629215e-05,2.2339543287753307e-05,2.6837431537474751e-05
76703628.540039062,76.703628540039,1.3138107823756048e-05,3.1379068344689743e-05,2.8460152021387234e-05,2.0927281794159111e-05,2.2600402325984394e-05
76703773.498535156,76.703773498535,1.3425411104764828e-05,3.423819661711989e-05,2.8767799044176475e-05,1.9009558338931249e-05,2.6680565662290055e-05
76703918.45703125,76.703918457031,1.1831319757603237e-05,2.8554109569630693e-05,2.9956675367780993e-05,1.5374126012669214e-05,2.8147092429936782e-05
76704063.415527344,76.704063415527,1.4385984086430888e-05,2.5829331148721101e-05,2.7683800945195518e-05,2.2953356075463191e-05,3.5424504208933894e-05
76704208.374023438,76.704208374023,1.4116014666401457e-05,3.3436425312012737e-05,2.9803164556154753e-05,2.5732800442211835e-05,4.606213447299236e-05
76704353.332519531,76.704353332520,1.5090508267822432e-05,3.3505911390452052e-05,2.6867459726973048e-05,2.482559613523452e-05,3.9646924821496531e-05
76704498.291015625,76.704498291016,1.1092230003794898e-05,2.8419456204363254e-05,2.2601827135190505e-05,2.4131397193547648e-05,3.6415319810453743e-05
76704643.249511719,76.704643249512,1.1470335280748272e-05,2.3952104095170913e-05,1.8521101190305153e-05,2.7485250237096925e-05,3.6128849232436018e-05
76704788.208007812,76.704788208008,1.1002587819720256e-05,2.9802916183381569e-05,3.0246766205555154e-05,3.5626559402343221e-05,3.7474541309181853e-05
76704933.166503906,76.704933166504,1.0004891252365217e-05,4.0240732053663112e-05,2.7271730329601134e-05,2.9118849082740486e-05,3.5239382212936566e-05
76705078.125,76.705078125000,9.9588199646253901e-06,2.2203348848552849e-05,2.4754634372527087e-05,2.0244567709946315e-05,3.6877907786970682e-05
76705223.083496094,76.705223083496,1.6838833686623937e-05,3.1298397537082318e-05,2.7317886406944179e-05,2.426910754776507e-05,4.3636569821453369e-05
76705368.041992188,76.705368041992,1.7557813941938715e-05,3.5888106380372392e-05,2.6979651436763738e-05,2.1041099088208136e-05,4.2089772704733386e-05
76705513.000488281,76.705513000488,1.4302708475406813e-05,2.7735402604574575e-05,2.5023737616986172e-05,1.7984696925580647e-05,3.266797149309214e-05
76705657.958984375,76.705657958984,1.3606005449599168e-05,2.7178499211830551e-05,3.0595901566739546e-05,2.0870148351559134e-05,3.8963952812648699e-05
76705802.917480469,76.705802917480,1.088526389430088e-05,3.1950983661969746e-05,2.4366251530322565e-05,2.2591580303956124e-05,5.1585248569096534e-05
76705947.875976562,76.705947875977,9.3228947559054738e-06,3.9182670924623596e-05,2.2066893670860992e-05,2.2242352826705147e-05,4.564001555119277e-05
76706092.834472656,76.706092834473,1.0839521004675889e-05,3.7627643913504776e-05,2.4356397084096349e-05,1.6848451306626505e-05,3.6011379891008738e-05
76706237.79296875,76.706237792969,1.4213452677583466e-05,3.196920484533738e-05,2.2095425787699011e-05,1.623890139092227e-05,3.7230273732346117e-05
76706382.751464844,76.706382751465,1.0728869892669822e-05,2.9700087113305962e-05,2.3031293907459165e-05,1.4947365856286165e-05,3.4868371021677444e-05
76706527.709960938,76.706527709961,8.7818039399668961e-06,3.0436171524162334e-05,2.6744870335356278e-05,2.1759382642523972e-05,3.800588029074246e-05
76706672.668457031,76.706672668457,1.1786021312828908e-05,3.576851754726788e-05,2.4631097680734163e-05,2.3249695028236624e-05,4.6918065583243569e-05
76706817.626953125,76.706817626953,1.051348829438715e-05,3.3223734422506971e-05,2.3191385433567992e-05,2.603436020133962e-05,4.4513452247772772e-05
76706962.585449219,76.706962585449,1.0484852901651026e-05,3.2308795073844574e-05,3.0830338397917707e-05,2.7252537920970052e-05,3.5856083835822294e-05
76707107.543945312,76.707107543945,1.1010824193189244e-05,2.7164339911525084e-05,2.5743507211430124e-05,3.384673764859634e-05,3.0968182526456466e-05
76707252.502441406,76.707252502441,9.5664294345190163e-06,3.4050486695319193e-05,2.5174689079091737e-05,2.5407638587831837e-05,3.4129437129670532e-05
76707397.4609375,76.707397460938,8.3164889453601685e-06,3.3340866686898507e-05,2.6211022423739871e-05,1.9621440734164781e-05,3.4100334527236982e-05
76707542.419433594,76.707542419434,9.7525930046408288e-06,4.1374633914453394e-05,2.5636565975345166e-05,2.0140360613172285e-05,4.3866803636197813e-05
76707687.377929688,76.707687377930,1.1656852774541181e-05,4.3690820140838994e-05,2.7792316185448969e-05,1.7096102976761606e-05,4.7508840870969527e-05
76707832.336425781,76.707832336426,1.2598871770476918e-05,4.0928761258000036e-05,2.60594578938787e-05,1.9493527334695389e-05,3.3995209667091003e-05
76707977.294921875,76.707977294922,1.1109017617600372e-05,3.6904575294345729e-05,2.9261353930377339e-05,2.1989988659513271e-05,3.5267003903632239e-05
76708122.253417969,76.708122253418,1.0441534795298036e-05,3.1521273385220866e-05,3.5830548402849066e-05,2.1693116389396622e-05,3.4504589721888517e-05
76708267.211914062,76.708267211914,1.2521847597529999e-05,3.1820734031110339e-05,3.5871443481282943e-05,2.4299754819682912e-05,3.2536660524905281e-05
76708412.170410156,76.708412170410,1.2016853086497138e-05,2.4717948097884524e-05,3.7271122005280813e-05,2.7591999643996588e-05,4.4302156011317299e-05
76708557.12890625,76.708557128906,1.260560031173301e-05,3.3036049039817224e-05,2.4995510103240752e-05,3.0720094095414576e-05,4.1972333276467802e-05
76708702.087402344,76.708702087402,1.0175048277167157e-05,4.1146198606246746e-05,2.2454841847940874e-05,2.7675774600253973e-05,3.2218230500963655e-05
76708847.045898438,76.708847045898,1.0683043840434449e-05,3.7306986568957081e-05,2.565243268253928e-05,2.1719946399496491e-05,3.8506340188755692e-05
76708992.004394531,76.708992004395,1.1350759485149514e-05,3.7370790182771676e-05,2.4269096965388326e-05,2.1963987278624176e-05,4.6099278982610309e-05
76709136.962890625,76.709136962891,9.5669254491258845e-06,3.2050140902996186e-05,2.214359969499819e-05,1.7857957126730301e-05,5.1571378486427561e-05
76709281.921386719,76.709281921387,9.1148969537653095e-06,2.9724998732412796e-05,2.2446624197698427e-05,1.6641996776053578e-05,4.4581019949434485e-05
76709426.879882812,76.709426879883,9.3830344010385497e-06,2.8409064175005708e-05,2.5317813782492034e-05,2.3475630955337546e-05,3.8620088164793059e-05
76709571.838378906,76.709571838379,1.1160381826386338e-05,2.7941617043822253e-05,3.2408543822169743e-05,2.2645254531052469e-05,3.0059256441446814e-05
76709716.796875,76.709716796875,1.1282481717468533e-05,3.0451615660873197e-05,3.1203074723741849e-05,1.9319423833448036e-05,3.5921148251419052e-05
76709861.755371094,76.709861755371,1.5264304797064735e-05,3.4124947833489268e-05,2.7286990399782327e-05,2.1407366164264217e-05,3.592410475059017e-05
76710006.713867188,76.710006713867,1.4679901695971093e-05,3.5258649730208654e-05,1.6914057966665011e-05,1.648563243457101e-05,3.9160561038253593e-05
76710151.672363281,76.710151672363,1.3463243815753092e-05,3.3481115904218772e-05,1.7902898964101492e-05,1.9991200790355424e-05,4.2298490665238793e-05
76710296.630859375,76.710296630859,1.2870805787950277e-05,3.9516888899148521e-05,2.1804449896609269e-05,2.1634984342707099e-05,4.9499653050325515e-05
76710441.589355469,76.710441589355,1.0824727937799694e-05,4.9149750108692892e-05,2.604607205185177e-05,2.2290623268320118e-05,4.1570638381947927e-05
76710586.547851562,76.710586547852,1.3455623259660887e-05,3.5868710545043765e-05,2.5193415091954347e-05,2.3504828583298759e-05,3.0672292239588215e-05
76710731.506347656,76.710731506348,1.3102598277945845e-05,3.0386352677250783e-05,2.2529654501700132e-05,1.9395626286430499e-05,4.016087076147472e-05
76710876.46484375,76.710876464844,9.6159372224598494e-06,3.2392302374693248e-05,2.3422263273796414e-05,1.7040660335344188e-05,4.7183642384212086e-05
76711021.423339844,76.711021423340,9.6710522564895419e-06,3.7913604203422389e-05,2.7117536447069276e-05,2.2194241563218696e-05,4.1503825116139272e-05
76711166.381835938,76.711166381836,1.4294718534684594e-05,3.7713121732038617e-05,3.23736289423756e-05,2.6107843292605487e-05,3.8511785395821253e-05
76711311.340332031,76.711311340332,1.4965807007270771e-05,2.2061348237168256e-05,2.2090424608744924e-05,2.263059801301866e-05,3.7549709851704465e-05
76711456.298828125,76.711456298828,1.5905800953973709e-05,2.7263252163811689e-05,2.4502184161058867e-05,2.4715164325154347e-05,3.8881725284734116e-05
76711601.257324219,76.711601257324,1.4466067429012887e-05,3.4928614254437362e-05,2.5383250084948587e-05,2.3308180629372771e-05,3.3149991440880901e-05
76711746.215820312,76.711746215820,1.2089173235197033e-05,3.0284046471264903e-05,2.4134266841056189e-05,2.5895647969697509e-05,3.21529672224232e-05
76711891.174316406,76.711891174316,1.3054741463214652e-05,2.9570434070708596e-05,2.152014336401442e-05,2.0262395354186689e-05,3.7961335543807242e-05
76712036.1328125,76.712036132812,1.2358827132784906e-05,3.668115947849692e-05,2.4345692526865956e-05,2.2587470712915053e-05,2.4802853875067956e-05
76712181.091308594,76.712181091309,1.3763436628048475e-05,3.8680755637583181e-05,2.3451835150686969e-05,2.2955415073185542e-05,2.9915819064249371e-05
76712326.049804688,76.712326049805,1.4873490594352233e-05,3.4182307711244512e-05,2.8317949605353078e-05,1.9827258157775757e-05,3.7615543651179479e-05
76712471.008300781,76.712471008301,1.5137810907651287e-05,3.5647658530822273e-05,3.3221740636500628e-05,2.6095098963613193e-05,3.2378922332784726e-05
76712615.966796875,76.712615966797,1.3955034801082224e-05,3.2849043153951438e-05,2.513920275331091e-05,3.1397052011819355e-05,3.6018565530049175e-05
76712760.925292969,76.712760925293,1.1991278583260484e-05,2.9773388006216794e-05,2.876331982619954e-05,2.0402699261353979e-05,3.8450768021825437e-05
76712905.883789062,76.712905883789,1.264108030731962e-05,3.6919490306250058e-05,2.9898640150973545e-05,2.0484057892469568e-05,3.9680641780126472e-05
76713050.842285156,76.713050842285,1.3696828285263801e-05,4.1077050468968346e-05,2.4951377059290992e-05,2.6840728046312138e-05,2.4408184834511968e-05
76713195.80078125,76.713195800781,1.3539031324912779e-05,4.2985176638926118e-05,3.5615331608648666e-05,1.94314740003903e-05,3.3132213587436915e-05
76713340.759277344,76.713340759277,1.183181383064746e-05,3.5922042082876517e-05,3.0808514881505033e-05,1.8450068414774593e-05,4.123971924771239e-05
76713485.717773438,76.713485717773,1.4321727468126212e-05,2.7821117025390534e-05,2.5682086912422269e-05,2.4806041857275325e-05,3.7212190641212657e-05
76713630.676269531,76.713630676270,1.5756379046874217e-05,2.3834171588823539e-05,2.8284766590772248e-05,2.2695452826928287e-05,4.2527416743641889e-05
76713775.634765625,76.713775634766,1.500114486301044e-05,3.1147589657920817e-05,2.8254630587349685e-05,2.2383978570396606e-05,4.2135775903362565e-05
76713920.593261719,76.713920593262,1.5867190768142503e-05,3.6597179437967518e-05,2.5930839343122655e-05,2.1525799410046868e-05,3.3099240263817077e-05
76714065.551757812,76.714065551758,1.233028585754855e-05,3.6845473081955111e-05,2.4014144273321464e-05,2.2391007054564584e-05,4.2863315946279575e-05
76714210.510253906,76.714210510254,9.9911341098106028e-06,2.5742289078646097e-05,2.9107172486970027e-05,1.7477034009615222e-05,3.998224896654217e-05
76714355.46875,76.714355468750,1.1686532348079021e-05,1.9407130812019856e-05,3.0187596858723155e-05,1.9875179963498729e-05,4.1301984605614308e-05
76714500.427246094,76.714500427246,1.1593654525535898e-05,2.6135581729587251e-05,2.4252219804801484e-05,1.8956829144302898e-05,3.7264480708966002e-05
76714645.385742188,76.714645385742,8.5681956886443083e-06,2.7187464918364653e-05,2.453787788572045e-05,2.1467805813574301e-05,3.994839545344119e-05
76714790.344238281,76.714790344238,9.0665768700900615e-06,3.8450649819357435e-05,2.7215770900846173e-05,2.2208265473454161e-05,4.1571845623356906e-05
76714935.302734375,76.714935302734,1.1335424172773141e-05,4.7283458287842064e-05,1.8041502003191992e-05,2.824967786365321e-05,3.8712580606566587e-05
76715080.261230469,76.715080261230,1.092584465155529e-05,3.4717742207562682e-05,1.7131787179875702e-05,2.4490712524373664e-05,3.7195621240280354e-05
76715225.219726562,76.715225219727,1.1582594547850375e-05,3.4308668931899765e-05,1.921351635143136e-05,2.7290359828403494e-05,3.8092227358772888e-05
76715370.178222656,76.715370178223,9.226027130164361e-06,3.7271487014689965e-05,2.1156551643965153e-05,2.6495381434887097e-05,3.7396667349105067e-05
76715515.13671875,76.715515136719,1.2543453633811276e-05,3.8275147134959946e-05,1.3842360925952373e-05,1.9295187390957827e-05,4.5347275390535129e-05
76715660.095214844,76.715660095215,1.0920831508992085e-05,3.0281595712901592e-05,1.903185089190986e-05,2.0393209809428368e-05,3.9339830634335115e-05
76715805.053710938,76.715805053711,1.1361830792895574e-05,3.358939020274458e-05,2.3639531552354557e-05,2.1744356926661814e-05,2.8672775047357608e-05
76715950.012207031,76.715950012207,1.2375434823429873e-05,3.3359585369476507e-05,2.7011496211532678e-05,2.4044191725826749e-05,2.6552170562095002e-05
76716094.970703125,76.716094970703,1.3679897355527027e-05,3.2865508453672115e-05,2.2441757376468552e-05,1.4894928980922997e-05,3.4177434830923453e-05
76716239.929199219,76.716239929199,1.1055386580411266e-05,3.6335347522306691e-05,2.3326381097184724e-05,2.0356945456459799e-05,3.2914335325779869e-05
76716384.887695312,76.716384887695,1.2253872522472847e-05,2.9352996155496324e-05,2.3104712825971739e-05,2.5980237400343048e-05,4.0119257225418896e-05
76716529.846191406,76.716529846191,1.3235734459746379e-05,4.0257217849161356e-05,2.2283159930082246e-05,2.0504417141157186e-05,4.3633908575441527e-05
76716674.8046875,76.716674804688,1.2293694938193593e-05,3.9257105305041536e-05,3.2216437283208576e-05,2.2960117791756201e-05,3.1225284067436091e-05
76716819.763183594,76.716819763184,1.1850316467497065e-05,3.4429301944977503e-05,3.2731367015866824e-05,2.280171518021271e-05,2.6992983205378646e-05
76716964.721679688,76.716964721680,8.5402869062000132e-06,3.8015771647335196e-05,2.5340158708415433e-05,2.3747537338722591e-05,2.8443869188481726e-05
76717109.680175781,76.717109680176,9.0039477863662984e-06,3.9986431832873482e-05,2.557519611768764e-05,2.8474215154193641e-05,4.1946325197407273e-05
76717254.638671875,76.717254638672,1.214424902191589e-05,3.4545961299853693e-05,2.9950478105330607e-05,2.3980583500687083e-05,4.7007490511965944e-05
76717399.597167969,76.717399597168,1.3760062337187834e-05,3.5825652480234688e-05,2.8286270141421561e-05,2.0063230959110571e-05,4.8437713714826413e-05
76717544.555664062,76.717544555664,1.1778757563832564e-05,3.2802491357426672e-05,2.33022583123034e-05,2.2558141470118884e-05,3.7292805138323994e-05
76717689.514160156,76.717689514160,1.1062597448983527e-05,2.6234326737465842e-05,2.1157000262010409e-05,2.2879341428068187e-05,4.6527615568773685e-05
76717834.47265625,76.717834472656,1.0718016581173156e-05,3.345553376883545e-05,2.6421885481916798e-05,1.69029991815232e-05,3.9547520818024686e-05
76717979.431152344,76.717979431152,1.2335228094932783e-05,4.1260013905508433e-05,2.1559043405386383e-05,1.5795707587796258e-05,3.5473357464911801e-05
76718124.389648438,76.718124389648,1.1442803104310318e-05,3.4121819199499997e-05,1.6528393506313182e-05,2.0127794677475943e-05,4.3023645177382471e-05
76718269.348144531,76.718269348145,9.1974205262290906e-06,3.3578805368439754e-05,2.7620129060062689e-05,2.4326205130562564e-05,4.1426230729381008e-05
76718414.306640625,76.718414306641,1.169291385246902e-05,3.5588289745180145e-05,2.9122315071319068e-05,2.1717463953209187e-05,2.65953430477705e-05
76718559.265136719,76.718559265137,1.1398306285468584e-05,3.0181614873811454e-05,2.1825972435099657e-05,2.2855859021331885e-05,2.561884502757533e-05
76718704.223632812,76.718704223633,1.0211732511193606e-05,3.2457980273165305e-05,3.0236134626549756e-05,2.486004763176603e-05,3.7757855797824016e-05
76718849.182128906,76.718849182129,1.2019510155860923e-05,3.1342016426515258e-05,2.7028894134650807e-05,1.9897793712915121e-05,3.8801007252494717e-05
76718994.140625,76.718994140625,1.6206548298099266e-05,3.1311566714308482e-05,2.3669505662156288e-05,1.6784673883687886e-05,3.9566560189774512e-05
76719139.099121094,76.719139099121,1.1748953789869904e-05,3.9794247629105093e-05,1.9255808111678866e-05,1.8210972716987561e-05,3.662086091546864e-05
76719284.057617188,76.719284057617,5.9479391394684931e-06,5.0433691420738212e-05,1.6064793169187486e-05,2.3058279561929279e-05,2.3933477102515263e-05
76719429.016113281,76.719429016113,7.5270516252930891e-06,3.8674305290205018e-05,1.7486879706507098e-05,3.0248731655208e-05,3.0433726959621889e-05
76719573.974609375,76.719573974609,1.1279916596561462e-05,2.3880497164698084e-05,1.8432817506806874e-05,1.8910722106891315e-05,3.605642681374418e-05
76719718.933105469,76.719718933105,1.0776467438694588e-05,3.1422426643119405e-05,2.725926924290517e-05,1.8681386533357652e-05,4.0176517394118288e-05
76719863.891601562,76.719863891602,1.0845261332183177e-05,3.427100017948468e-05,2.8886490893169312e-05,2.2021600925860469e-05,3.5995870154570092e-05
76720008.850097656,76.720008850098,1.5129207140245173e-05,3.1690456211161862e-05,3.2719408191931336e-05,2.0805492722284599e-05,3.4712840866538246e-05
76720153.80859375,76.720153808594,1.5620501364422207e-05,3.5445712589085785e-05,2.3133842324171124e-05,2.2151735136139573e-05,3.7388571909121442e-05
76720298.767089844,76.720298767090,1.0570083364185928e-05,4.0507832384515729e-05,1.8211138445058422e-05,2.2397590594073388e-05,3.5354899649104427e-05
76720443.725585938,76.720443725586,1.1775532571235251e-05,3.9216062526575591e-05,1.9344436936779689e-05,2.159479388481144e-05,4.1068222968195875e-05
76720588.684082031,76.720588684082,1.2737494315728026e-05,3.8305657444888528e-05,2.705827799357199e-05,2.4816691031014451e-05,4.2236942476353227e-05
76720733.642578125,76.720733642578,1.3788849289593182e-05,3.1470131965868987e-05,1.4065947925130258e-05,2.2389582508702212e-05,3.3164135495666441e-05
76720878.601074219,76.720878601074,1.248562413937461e-05,3.1471422357750815e-05,2.2425952999947897e-05,2.0583183075775984e-05,3.7537930672756807e-05
76721023.559570312,76.721023559570,1.14541633975014e-05,2.9286531747192333e-05,2.7246741836364239e-05,2.2127838033890028e-05,4.3179292522928665e-05
76721168.518066406,76.721168518066,1.1484514776969678e-05,2.473683975526965e-05,2.2231421635898041e-05,2.098452224685385e-05,3.4635527183576961e-05
76721313.4765625,76.721313476562,1.628215782564251e-05,2.8658916646924651e-05,2.1798425585531704e-05,1.9361137920529062e-05,4.1311842729555245e-05
76721458.435058594,76.721458435059,1.3143568744609027e-05,3.2231264784633791e-05,2.2557001628836139e-05,2.2002942256179512e-05,4.546705949487153e-05
76721603.393554688,76.721603393555,9.2354229609879182e-06,2.9587097789753542e-05,2.3297148560250762e-05,1.8119793284764254e-05,4.5596559624001777e-05
76721748.352050781,76.721748352051,1.1783740413276582e-05,2.3482828187056603e-05,2.7714274912350736e-05,1.6339613443347769e-05,4.9381276548233925e-05
76721893.310546875,76.721893310547,1.3774349793323446e-05,2.8986924392035113e-05,3.1261301674877954e-05,1.7904596930210594e-05,4.7693788210762317e-05
76722038.269042969,76.722038269043,1.2319178706280478e-05,2.6081949995644687e-05,3.0789742808792319e-05,1.8059874569134422e-05,3.305242191344466e-05
76722183.227539062,76.722183227539,1.228073738438156e-05,2.6736256880158251e-05,2.6241222693687348e-05,2.1175097305593934e-05,3.6467844677344117e-05
76722328.186035156,76.722328186035,1.1072548305911396e-05,3.1533639664181572e-05,2.7682649735508858e-05,1.9204566336683084e-05,3.3839476084807495e-05
76722473.14453125,76.722473144531,9.3654382042957079e-06,3.2881211309182241e-05,2.7358228560468957e-05,1.9503462612270847e-05,3.3658308216963232e-05
76722618.103027344,76.722618103027,1.1146919725846392e-05,3.1945844929930688e-05,2.2375255235330346e-05,2.2345817054537485e-05,2.8879006859866027e-05
76722763.061523438,76.722763061523,1.1816320303598135e-05,4.6406896765852409e-05,2.2761489266513362e-05,1.9290925809185628e-05,4.2834177022404598e-05
76722908.020019531,76.722908020020,1.6593356355927787e-05,3.3927330820272451e-05,1.9526448729644885e-05,2.5798013869682708e-05,4.453725439359422e-05
76723052.978515625,76.723052978516,1.3354009862740586e-05,3.0301840813109289e-05,2.6430306200733645e-05,2.4380750125454431e-05,4.0256325809993475e-05
76723197.937011719,76.723197937012,1.1055082484071809e-05,3.5952199432003386e-05,2.6330788957040581e-05,3.0141143939171002e-05,2.9989800810965609e-05
76723342.895507812,76.723342895508,8.35350415744376e-06,3.614477987732089e-05,2.0710760243815692e-05,1.9947156243685918e-05,2.9298467320852557e-05
76723487.854003906,76.723487854004,9.348569859878389e-06,3.6585382228072269e-05,2.4944842533720698e-05,1.6181694395522524e-05,3.6125100334805369e-05
76723632.8125,76.723632812500,1.1630151976067819e-05,2.9662827254536823e-05,2.4458364613958118e-05,2.4016466822199357e-05,3.1004119416603732e-05
76723777.770996094,76.723777770996,1.4930028789318176e-05,2.995534164178861e-05,3.191909002400323e-05,2.0203104974716429e-05,3.4237787298951636e-05
76723922.729492188,76.723922729492,1.3165113790695674e-05,3.1693918880298446e-05,2.4793701359046267e-05,1.7812908029665725e-05,3.3316147223867955e-05
76724067.687988281,76.724067687988,1.4360775618704701e-05,2.8363141218024046e-05,1.8498370881983251e-05,1.7468604476410268e-05,2.7892848972388012e-05
76724212.646484375,76.724212646484,1.3530331895381891e-05,3.810526211681909e-05,2.5929616828262992e-05,2.2637487317275627e-05,3.8938570975585699e-05
76724357.604980469,76.724357604980,1.7568051508739841e-05,4.6847192704690327e-05,2.2086976210312041e-05,2.3964354197426322e-05,3.7526158950926544e-05
76724502.563476562,76.724502563477,1.4536968757999299e-05,3.9616328773868164e-05,2.5906891939400375e-05,2.0183297560446812e-05,3.9813854023052506e-05
76724647.521972656,76.724647521973,1.2609417521974143e-05,3.6415665289511276e-05,3.3311383068884901e-05,2.0966148185487314e-05,3.0574192036223629e-05
76724792.48046875,76.724792480469,1.1698665171868275e-05,3.9429023033786092e-05,3.000757154083873e-05,2.0233142453845575e-05,3.1331299930149858e-05
76724937.438964844,76.724937438965,1.4556348187358283e-05,3.6375444741051187e-05,2.8096066461159601e-05,2.1055749368615626e-05,3.8175300328533628e-05
76725082.397460938,76.725082397461,1.276196876716132e-05,3.1438703041881553e-05,3.2028240353541858e-05,1.7981777477737223e-05,3.3359788166560856e-05
76725227.355957031,76.725227355957,1.0467332094829826e-05,3.7398331074584282e-05,2.7050239027657805e-05,2.0872952449487361e-05,2.5634431233123258e-05
76725372.314453125,76.725372314453,8.0774704094190567e-06,3.7211172101612428e-05,2.5554108387000607e-05,2.2279985033658398e-05,3.089145896448984e-05
76725517.272949219,76.725517272949,7.0725302377736188e-06,3.390060608612911e-05,2.9304913822426105e-05,2.0127407759076496e-05,3.5807724249406851e-05
76725662.231445312,76.725662231445,8.23297892292804e-06,3.3174026399778066e-05,2.3906400078162712e-05,2.4425579582509059e-05,3.5517791745587704e-05
76725807.189941406,76.725807189941,1.7112263013700979e-05,3.9712553249575888e-05,1.9953707778642288e-05,1.9360323780031216e-05,3.9625787743767319e-05
76725952.1484375,76.725952148438,1.6402426971336444e-05,3.5866417100230648e-05,2.4094912798522254e-05,1.5660210583571047e-05,4.0757989348856376e-05
76726097.106933594,76.726097106934,1.3632098432215643e-05,3.6513978976778902e-05,2.4177277534675403e-05,1.9348227276464289e-05,4.5345884976435267e-05
76726242.065429688,76.726242065430,1.1690508836348934e-05,3.5123592186694757e-05,1.7612801147054672e-05,2.2392981758663364e-05,4.328750780236222e-05
76726387.023925781,76.726387023926,1.0212005707357945e-05,2.7604689467985598e-05,2.1051624035960895e-05,2.3067351282991961e-05,4.0805725492107965e-05
76726531.982421875,76.726531982422,1.0184884066017734e-05,3.1526995174371922e-05,2.7931084349880929e-05,2.2820757614035962e-05,3.0352904380619255e-05
76726676.940917969,76.726676940918,1.0136660095317564e-05,3.0598961279941424e-05,2.0377151372467209e-05,1.71415853716079e-05,2.9774384429001995e-05
76726821.899414062,76.726821899414,1.2059636917679592e-05,2.8136205405468601e-05,3.1124796461824019e-05,1.6464897124051906e-05,3.7268259122256139e-05
76726966.857910156,76.726966857910,8.9969280275049116e-06,2.9508410280451549e-05,2.8734966172941518e-05,1.8916714998827597e-05,3.3057939349471016e-05
76727111.81640625,76.727111816406,1.0876101341836866e-05,3.51747613609447e-05,2.6030654996422192e-05,2.4886751626465842e-05,3.8390749302051426e-05
76727256.774902344,76.727256774902,1.2466827368226118e-05,3.2368740219786202e-05,2.5408804839615755e-05,2.2397289067803798e-05,3.8971821205586161e-05
76727401.733398438,76.727401733398,1.1439476619097114e-05,3.5222638783865582e-05,2.047312145082901e-05,2.5455852891788528e-05,2.9737533884347915e-05
76727546.691894531,76.727546691895,1.2418116388676993e-05,4.0875061679404379e-05,2.4453986995787747e-05,2.2824376231776857e-05,4.4130452753669156e-05
76727691.650390625,76.727691650391,1.30598338679323e-05,3.5341410490457759e-05,2.5224786625289457e-05,2.1980609567935922e-05,4.7575861510176367e-05
76727836.608886719,76.727836608887,1.5576583788222131e-05,3.1155304209767148e-05,3.0539898212611595e-05,2.31521752628974e-05,3.7914750124909084e-05
76727981.567382812,76.727981567383,1.1466156856746613e-05,3.4656341442351079e-05,2.3620434097489895e-05,2.7253331783858018e-05,2.2473150788115016e-05
76728126.525878906,76.728126525879,1.2829704315889257e-05,3.6063565718192408e-05,2.3670184719822949e-05,2.0733691997457592e-05,2.3099216203033738e-05
76728271.484375,76.728271484375,1.3849154292071023e-05,3.404470460994146e-05,2.2538106915227939e-05,1.9804376818848082e-05,3.6415891085993252e-05
76728416.442871094,76.728416442871,1.3668325139441226e-05,3.0489571301225239e-05,2.4887224669243727e-05,1.9664334486361901e-05,3.9114741902917192e-05
76728561.401367188,76.728561401367,1.2749954436221899e-05,3.6588093036408834e-05,2.4473793407969933e-05,2.724445598520619e-05,4.3951322019516534e-05
76728706.359863281,76.728706359863,1.0556504981709138e-05,3.5702005683405764e-05,2.5456373357960242e-05,3.4057657449903732e-05,4.3433042302838027e-05
76728851.318359375,76.728851318359,1.07813212560771e-05,2.4457840283752034e-05,2.4059088558819181e-05,3.1972241330266363e-05,3.9808091251688574e-05
76728996.276855469,76.728996276855,1.2189648410742965e-05,2.0683401232539613e-05,1.9050753389347614e-05,2.6680830742106079e-05,3.2556358080873592e-05
76729141.235351562,76.729141235352,1.5170854927424963e-05,2.7162898602851236e-05,2.143321514287943e-05,2.4718303796251227e-05,3.1497313262213357e-05
76729286.193847656,76.729286193848,1.2203687746882149e-05,3.3875217564814577e-05,1.7956969824549223e-05,2.5338863973372066e-05,3.7310378412117207e-05
76729431.15234375,76.729431152344,8.2926316858201994e-06,3.5772335014509754e-05,2.8763213748329504e-05,2.1973638774915728e-05,3.1185035910066493e-05
76729576.110839844,76.729576110840,9.6665291496541867e-06,3.7572756627385141e-05,3.1695043757471537e-05,2.0584836166884866e-05,3.1782478149954128e-05
76729721.069335938,76.729721069336,1.1718421847830451e-05,3.5701124265857183e-05,2.6646364872748249e-05,1.9342314240713294e-05,3.5965608177736408e-05
76729866.027832031,76.729866027832,1.020336743766315e-05,4.0747980113759949e-05,3.1518452682773582e-05,2.0975177197207975e-05,3.9560213916111849e-05
76730010.986328125,76.730010986328,9.9562735511102127e-06,3.4292249641686923e-05,3.3549571942982395e-05,2.3036265423767622e-05,4.3641619431908975e-05
76730155.944824219,76.730155944824,1.1318052458823747e-05,3.9526701617526475e-05,2.7246746205855576e-05,1.9992708509300367e-05,4.0885151569099223e-05
76730300.903320312,76.730300903320,1.3719099680651022e-05,2.9024883413234457e-05,2.1614765318746673e-05,2.3640751057753564e-05,3.2601206317440883e-05
76730445.861816406,76.730445861816,1.1399735707578891e-05,3.0733215060880595e-05,2.2401632510946147e-05,3.204262179428137e-05,3.3712484269585904e-05
76730590.8203125,76.730590820312,8.8662311800146231e-06,3.3104848127642817e-05,2.9926053475794374e-05,2.6532874065375585e-05,3.7959561124930904e-05
76730735.778808594,76.730735778809,9.533065087987822e-06,2.9927544720067148e-05,2.5926096813083922e-05,1.618350064274663e-05,3.8744564470211099e-05
76730880.737304688,76.730880737305,8.0072675551912521e-06,2.8783711935705632e-05,2.0275964350755671e-05,1.8580131321186074e-05,4.6163090543943936e-05
76731025.695800781,76.731025695801,9.1290376609762953e-06,3.3277061144758297e-05,2.4645514384044536e-05,2.2924124181118906e-05,5.1402005377823526e-05
76731170.654296875,76.731170654297,1.2401097528634191e-05,2.8881264635168698e-05,2.5128160823259065e-05,2.0761152704326563e-05,3.4340835723598221e-05
76731315.612792969,76.731315612793,1.3345598386616648e-05,2.8149209922347051e-05,1.9797684112118602e-05,2.3324857987162859e-05,3.3439074724455935e-05
76731460.571289062,76.731460571289,9.442076716942937e-06,2.1433830681702291e-05,2.9062655429731838e-05,2.4596296422944146e-05,3.4743210240447484e-05
76731605.529785156,76.731605529785,9.7236882665457799e-06,2.9101926065462499e-05,2.3504158880515746e-05,2.1808961071304417e-05,3.6577406546626163e-05
76731750.48828125,76.731750488281,8.4121832130614756e-06,3.0904307241058408e-05,2.3704387539150332e-05,2.0874134591371929e-05,3.727617035551063e-05
76731895.446777344,76.731895446777,1.0123451585163096e-05,3.3883337167416708e-05,2.2296857400487243e-05,1.8562939876108266e-05,2.7654881812229864e-05
76732040.405273438,76.732040405273,9.1906049050997687e-06,2.9281130443331304e-05,2.192699828230589e-05,2.2074163885249419e-05,3.7345496389503201e-05
76732185.363769531,76.732185363770,9.9618858445875251e-06,2.9920129450375114e-05,1.8685408678462262e-05,2.9615047858141742e-05,4.1324167984970179e-05
76732330.322265625,76.732330322266,1.1648001439414774e-05,3.9194947530428235e-05,2.3423869144790799e-05,3.1159123004118878e-05,3.0183602996478245e-05
76732475.280761719,76.732475280762,1.3118588485665779e-05,3.4654037925203814e-05,2.1959154692594428e-05,2.2647299647404076e-05,3.0657931122216929e-05
76732620.239257812,76.732620239258,1.1315695698293406e-05,3.0509379674251689e-05,2.3869911578602043e-05,1.6908185437128809e-05,3.1506597467453359e-05
76732765.197753906,76.732765197754,1.0157505666034313e-05,2.8948418533411339e-05,2.4572563599034068e-05,2.1215783530645116e-05,3.806907047681759e-05
76732910.15625,76.732910156250,1.008700885695057e-05,2.5095759264601918e-05,2.2095284122701868e-05,1.7742387907742156e-05,4.2277759392747011e-05
76733055.114746094,76.733055114746,1.0282646865032627e-05,3.0123002572216392e-05,2.0137459648826973e-05,2.149526177616287e-05,3.0384533715392701e-05
76733200.073242188,76.733200073242,9.875010007109002e-06,3.2953965257707065e-05,1.6988489592265242e-05,2.3249363884313663e-05,4.17466718464551e-05
76733345.031738281,76.733345031738,1.1200122578159282e-05,3.4386290466463781e-05,2.8161931484735763e-05,2.0419989076283548e-05,3.9376481826036118e-05
76733489.990234375,76.733489990234,1.039190847749623e-05,2.7776228848246444e-05,2.462200292765206e-05,2.1401210441991026e-05,3.4913391646690911e-05
76733634.948730469,76.733634948730,8.1018054711220508e-06,3.7751570603297717e-05,2.1700775346812113e-05,1.9184436138872157e-05,2.8969451705815523e-05
76733779.907226562,76.733779907227,1.1047730820313562e-05,4.2015471441609509e-05,2.0540744302466672e-05,2.5373327844572507e-05,3.1828054760525739e-05
76733924.865722656,76.733924865723,1.0981392062376961e-05,4.9218617624196614e-05,2.0550694338334263e-05,2.5392122203514493e-05,3.5131779351533388e-05
76734069.82421875,76.734069824219,1.1334643380317813e-05,3.9024216316979958e-05,3.1095693168359726e-05,2.2878060287372954e-05,3.604670313863232e-05
76734214.782714844,76.734214782715,1.1262266395378209e-05,3.834604869908587e-05,2.6577920409593796e-05,2.3329766606307459e-05,3.0661336078847718e-05
76734359.741210938,76.734359741211,8.9834582997468773e-06,3.3266877047332583e-05,1.7872751090044958e-05,1.6309546234227249e-05,3.4698695107957575e-05
76734504.699707031,76.734504699707,7.7455300967750315e-06,3.9061955235083156e-05,2.2313442996099416e-05,2.2608782036419944e-05,4.1020667305729232e-05
76734649.658203125,76.734649658203,1.2521906630447647e-05,4.252545274506584e-05,2.3448893382451445e-05,2.4185072663673906e-05,3.1687721284413229e-05
76734794.616699219,76.734794616699,1.2010927103593182e-05,3.370978450641509e-05,2.5735391673449821e-05,2.0099654220921105e-05,3.2322662959297167e-05
76734939.575195312,76.734939575195,1.1267685508526328e-05,3.7588445813697902e-05,2.5480130103594226e-05,1.5907091571239681e-05,3.0895590947993978e-05
76735084.533691406,76.735084533691,1.1164075925966415e-05,2.9763717769797878e-05,2.1836851685660103e-05,1.780747151569936e-05,4.1454519008139281e-05
76735229.4921875,76.735229492188,9.0623308601998728e-06,3.1305239014882816e-05,2.598446521628227e-05,2.6578445688976446e-05,3.324854372635948e-05
76735374.450683594,76.735374450684,9.8559943395509738e-06,3.3283439744176443e-05,3.1614133165772577e-05,2.6993944779276278e-05,3.1730146293353024e-05
76735519.409179688,76.735519409180,1.4581429674512336e-05,2.4905814284646465e-05,3.8073759115546721e-05,2.5059687531265283e-05,3.0628627528283635e-05
76735664.367675781,76.735664367676,1.2268188548315085e-05,2.9621093972503312e-05,3.6146356984828819e-05,2.2420435106543557e-05,3.68468713505466e-05
76735809.326171875,76.735809326172,8.6952779323323414e-06,3.1407172448029732e-05,2.6556991116105559e-05,2.3478287024650325e-05,3.1175820026738643e-05
76735954.284667969,76.735954284668,9.3156773666567155e-06,3.6797892778658578e-05,2.2073519517807046e-05,1.4215156757215341e-05,4.0106341221391974e-05
76736099.243164062,76.736099243164,1.4471080704906404e-05,3.5301447021307313e-05,2.0153379667826351e-05,1.8270927353072933e-05,3.2425761657383704e-05
76736244.201660156,76.736244201660,1.4551319068398906e-05,4.2499855644330759e-05,2.2191562802253391e-05,1.9856240132358345e-05,2.538784585494204e-05
76736389.16015625,76.736389160156,1.3484243407209188e-05,3.6194674733887055e-05,2.469495936586439e-05,2.7672472170267012e-05,3.1979331943595122e-05
76736534.118652344,76.736534118652,1.3177825398203515e-05,3.0772493390499412e-05,2.6814227239754687e-05,3.594633989867443e-05,3.3462682706557329e-05
76736679.077148438,76.736679077148,1.3957566048188159e-05,2.7935411381381559e-05,2.2600441141940831e-05,2.5650021576331379e-05,2.5283558032136337e-05
76736824.035644531,76.736824035645,1.5616037440134195e-05,2.5666804634168445e-05,2.7483600399892839e-05,1.8255647328362927e-05,2.9012062486666607e-05
76736968.994140625,76.736968994141,1.3622217568600767e-05,2.4976622358818628e-05,3.2408656477016911e-05,2.0537907715203031e-05,3.9901950350554304e-05
76737113.952636719,76.737113952637,9.3816917947287465e-06,2.6033051818946032e-05,2.5044753984003033e-05,2.1675106562571435e-05,3.1222942349380637e-05
76737258.911132812,76.737258911133,1.1365322880821277e-05,2.703600246240036e-05,2.2587794895955823e-05,2.4846058426355377e-05,3.867685941673709e-05
76737403.869628906,76.737403869629,1.2441476022350024e-05,2.9845687454003089e-05,2.3297906340486966e-05,2.3299700946735681e-05,4.6048420488618009e-05
76737548.828125,76.737548828125,1.5740593476479805e-05,3.7839160160224589e-05,3.2323214621046679e-05,2.3865473740978754e-05,5.4010226557011276e-05
76737693.786621094,76.737693786621,1.4990884736350861e-05,3.7216131297677568e-05,3.3179192448603964e-05,2.3240064737924112e-05,5.5926570013291694e-05
76737838.745117188,76.737838745117,1.4945346343127007e-05,3.0765006885434376e-05,2.5623903975260442e-05,1.8138156048733775e-05,3.1009040762020164e-05
76737983.703613281,76.737983703613,1.2483762907610145e-05,3.0539839394334246e-05,2.4050937518675409e-05,1.9113342746538865e-05,3.7846363702153968e-05
76738128.662109375,76.738128662109,1.3971282350269916e-05,3.6124274454569391e-05,2.3720400269204907e-05,2.0237690497822737e-05,3.9311289953125343e-05
76738273.620605469,76.738273620605,1.1928291076592693e-05,2.8077576404851911e-05,2.1803006603011836e-05,1.97922348159474e-05,4.2474432998350283e-05
76738418.579101562,76.738418579102,1.2723154429785993e-05,3.1749346747809458e-05,2.0290085910065544e-05,1.7362580509126684e-05,2.474257940933877e-05
76738563.537597656,76.738563537598,1.0966811079534633e-05,3.618011008604384e-05,2.3659867001469351e-05,2.1350018307427193e-05,2.7142635510209319e-05
76738708.49609375,76.738708496094,8.5383151206680107e-06,3.7144164669763179e-05,2.8031349818900335e-05,1.8656252328646989e-05,3.0748818655203941e-05
76738853.454589844,76.738853454590,1.0292869079084957e-05,4.0196683188822015e-05,2.2567027971155448e-05,2.101259510168004e-05,4.2731965246616978e-05
76738998.413085938,76.738998413086,1.1572576018913742e-05,3.5680970001445666e-05,2.5285808412514826e-05,1.9081700069809851e-05,3.5866302534196024e-05
76739143.371582031,76.739143371582,1.0182479503357605e-05,3.5305015000503188e-05,2.6531242762431191e-05,2.2411764644385559e-05,3.3370509319333786e-05
76739288.330078125,76.739288330078,8.4615640140771102e-06,3.3954216616996876e-05,2.2469300102782615e-05,2.8458633136223138e-05,3.3013963603532474e-05
76739433.288574219,76.739433288574,9.2983237540806578e-06,3.5111738553399369e-05,1.8484566337776085e-05,2.6197312580457401e-05,3.2152694605881242e-05
76739578.247070312,76.739578247070,1.0323732495587309e-05,3.8484530757575036e-05,2.1420438530785166e-05,2.5247637394241917e-05,3.2684008347146224e-05
76739723.205566406,76.739723205566,1.2528680699152839e-05,3.5183910468435648e-05,2.1477174915464076e-05,2.4236992814300284e-05,2.8446113324052258e-05
76739868.1640625,76.739868164062,1.1421140668082412e-05,2.9351002926431816e-05,1.7706146153571124e-05,1.606715487772656e-05,3.2932859152340792e-05
76740013.122558594,76.740013122559,1.4061869005697483e-05,3.5111795785474731e-05,1.7850025749486162e-05,1.5356516710969476e-05,3.4059898226646186e-05
76740158.081054688,76.740158081055,1.2089559879592514e-05,4.3024023370642851e-05,2.3838623391424044e-05,1.5301025529126052e-05,4.3759327718720128e-05
76740303.039550781,76.740303039551,9.9021798914875783e-06,3.3538564180490638e-05,2.1765478955735416e-05,1.4830717709217497e-05,3.724673771941146e-05
76740447.998046875,76.740447998047,1.2077385524126738e-05,3.2981163500190981e-05,2.5047315176058299e-05,1.3547840837550087e-05,4.142456058724219e-05
76740592.956542969,76.740592956543,1.3077751438444675e-05,3.4119727767621947e-05,2.8559443606048805e-05,1.5752329985543587e-05,4.1799022004193719e-05
76740737.915039062,76.740737915039,1.2911873404181476e-05,3.1873694718741239e-05,2.7112703671721021e-05,2.1537537705584841e-05,3.1880695908376531e-05
76740882.873535156,76.740882873535,1.0136078418201095e-05,3.6306544841690557e-05,2.2927751233734104e-05,2.8619031202461159e-05,3.7849628434361085e-05
76741027.83203125,76.741027832031,1.1288693086045906e-05,2.9995716585823255e-05,2.8559902636443466e-05,2.871257722344426e-05,3.6460505475857229e-05
76741172.790527344,76.741172790527,1.3227365109280041e-05,3.8553459265703398e-05,3.1031162058478489e-05,2.282376398434583e-05,2.7667220567999505e-05
76741317.749023438,76.741317749023,1.1987385398601141e-05,4.3182520120839533e-05,1.76423407168715e-05,1.8043172964821698e-05,3.9733016753057553e-05
76741462.707519531,76.741462707520,1.0810558759515594e-05,3.6528009562033667e-05,2.0547345832716107e-05,2.1241822849946755e-05,3.1183916992966982e-05
76741607.666015625,76.741607666016,8.8247648204650885e-06,3.2642260486324463e-05,2.5042144843111665e-05,2.2221045995423781e-05,3.2891036921974485e-05
76741752.624511719,76.741752624512,8.5439634563871155e-06,4.4242354652084943e-05,2.8529532981509842e-05,2.4263491109817985e-05,3.225245120831192e-05
76741897.583007812,76.741897583008,1.0443784006409103e-05,4.1367309573435346e-05,2.9105038111628148e-05,2.6041160329061534e-05,2.8135976882803519e-05
76742042.541503906,76.742042541504,1.1539095675947746e-05,3.9995813063632459e-05,2.5547787003723998e-05,2.0150257288283955e-05,3.1769799425088458e-05
76742187.5,76.742187500000,1.2348966412668013e-05,3.8476653088813826e-05,3.035833631169742e-05,2.3624164720433466e-05,4.006077606350669e-05
76742332.458496094,76.742332458496,1.4173585958199288e-05,2.6536619166212013e-05,2.5717654644485923e-05,2.6163364415966729e-05,3.9605936155067282e-05
76742477.416992188,76.742477416992,1.093438545294741e-05,2.9169185837750565e-05,2.2909889021128172e-05,2.1739005278383948e-05,4.1203847491615709e-05
76742622.375488281,76.742622375488,9.5180750538224432e-06,3.2787405808405308e-05,2.8848472981000488e-05,2.0091202082809787e-05,3.377645801974245e-05
76742767.333984375,76.742767333984,1.0171960664557499e-05,3.8145924363393705e-05,2.5863618333520849e-05,1.9333354698263754e-05,2.7398515476359874e-05
76742912.292480469,76.742912292480,1.1001621469717736e-05,4.3447040280272864e-05,2.3204133791113215e-05,1.7067310745512951e-05,4.4112598807100307e-05
76743057.250976562,76.743057250977,1.2204668765927036e-05,3.3243507991962839e-05,2.2061522733776452e-05,1.7710365354945548e-05,4.3075098566644169e-05
76743202.209472656,76.743202209473,1.1187633323768376e-05,3.9252893869771661e-05,2.2238024740615423e-05,1.6836720484591306e-05,3.4817086761909711e-05
76743347.16796875,76.743347167969,1.2990412582285411e-05,3.4509234882423872e-05,2.7512114016143606e-05,2.1069224745893446e-05,3.6627594342863269e-05
76743492.126464844,76.743492126465,1.1273680453026025e-05,3.4457519749390023e-05,2.8073712191948414e-05,2.5647261508236862e-05,4.2771571055108617e-05
76743637.084960938,76.743637084961,9.5256519147598622e-06,4.3379931054601166e-05,2.65875506820038e-05,2.8169268578968979e-05,3.5767837049049396e-05
76743782.043457031,76.743782043457,1.2010624752576319e-05,3.1147841617329842e-05,2.0541608949177059e-05,2.3661410663772911e-05,3.1680270157896171e-05
76743927.001953125,76.743927001953,8.2149487911873293e-06,3.2199214938479139e-05,3.1555222478776048e-05,2.0354462971577249e-05,3.2034015693642924e-05
76744071.960449219,76.744071960449,8.4455532719197097e-06,2.4899850015301645e-05,3.0301830494055521e-05,2.0702217318249173e-05,3.1363880619073923e-05
76744216.918945312,76.744216918945,9.9344734368045679e-06,2.3624789541329454e-05,2.914125324176218e-05,1.647737615041938e-05,3.8766660014342043e-05
76744361.877441406,76.744361877441,1.0896949033992272e-05,3.8364374654673497e-05,2.3230158734976443e-05,1.6662069511886655e-05,3.3292678570099808e-05
76744506.8359375,76.744506835938,1.1253272416791662e-05,4.0720209335953645e-05,2.377186648245621e-05,2.2887810852048523e-05,3.4023147252620825e-05
76744651.794433594,76.744651794434,1.233159427390392e-05,3.359726882426066e-05,2.2724560641924068e-05,2.0992716384528106e-05,3.674336935392861e-05
76744796.752929688,76.744796752930,1.4049156801862316e-05,3.6575704044634544e-05,1.899457395206061e-05,2.0013100530858228e-05,5.08161771623348e-05
76744941.711425781,76.744941711426,1.6235997984525866e-05,3.0978825695275018e-05,1.9214342074143391e-05,1.8113973827229743e-05,5.0827862712111201e-05
76745086.669921875,76.745086669922,1.4900676701313775e-05,3.4186446116370124e-05,3.2285431565475664e-05,1.5696837053321469e-05,4.2275746571961971e-05
76745231.628417969,76.745231628418,1.1215348822570633e-05,2.7864703726968886e-05,2.9883323820592057e-05,2.4311882209550196e-05,3.6826014983825368e-05
76745376.586914062,76.745376586914,1.1735821172223368e-05,3.1804345638729134e-05,2.2464447597251838e-05,2.009318115239806e-05,4.0813743538393531e-05
76745521.545410156,76.745521545410,1.0762621124788607e-05,2.9675374702132365e-05,2.3673277494386687e-05,2.4535282802872891e-05,3.877408454591857e-05
76745666.50390625,76.745666503906,1.154821187744467e-05,3.0167430046544176e-05,2.8010417621076336e-05,1.7707205676191033e-05,4.7171535432076815e-05
76745811.462402344,76.745811462402,1.1771898746441054e-05,3.3995682877709988e-05,2.8881373682190765e-05,1.6411465690802485e-05,3.5612148459739216e-05
76745956.420898438,76.745956420898,9.2457188472886795e-06,3.9562668704574046e-05,2.2897928750939112e-05,2.4963273603315048e-05,3.3534540628519933e-05
76746101.379394531,76.746101379395,9.0295686213068592e-06,3.8736700653027143e-05,2.5283458982587199e-05,2.763816149965497e-05,4.2640901124467117e-05
76746246.337890625,76.746246337891,9.7894714713841951e-06,3.755649774512021e-05,2.1657920263820117e-05,3.0112854134286433e-05,4.4494092604506384e-05
76746391.296386719,76.746391296387,1.1525628908182977e-05,3.3780918186818263e-05,2.1572341762523825e-05,2.2664498858053169e-05,4.7798961882058194e-05
76746536.254882812,76.746536254883,1.015995409288171e-05,3.3959912950821256e-05,2.1808699961131234e-05,2.1132878608828907e-05,4.1208427819639167e-05
76746681.213378906,76.746681213379,1.1680482952817661e-05,3.3435879034421182e-05,2.2880113125343763e-05,2.2207766381716527e-05,3.0124761165845961e-05
76746826.171875,76.746826171875,1.274149075710025e-05,2.6802693311004407e-05,2.4014746298415235e-05,2.0167954371106345e-05,2.6814427840582374e-05
76746971.130371094,76.746971130371,1.3750733213297147e-05,2.9074723479296721e-05,2.4457748939500972e-05,2.5983919571717392e-05,3.7790526232651634e-05
76747116.088867188,76.747116088867,1.1393104826661895e-05,3.3966156369077198e-05,2.2807027346849889e-05,2.6637148611229882e-05,3.2949981961743105e-05
76747261.047363281,76.747261047363,8.9381961012341279e-06,3.3432281132908858e-05,2.6965060790686582e-05,2.7112522813220217e-05,2.7892675289262083e-05
76747406.005859375,76.747406005859,1.0322577317901564e-05,2.8571108804460272e-05,2.7219995146746899e-05,2.4963567784860027e-05,3.2186665306078587e-05
76747550.964355469,76.747550964355,1.0058420320272978e-05,3.713194631904537e-05,2.6417145163611141e-05,1.9725909341235264e-05,3.5290132900426811e-05
76747695.922851562,76.747695922852,1.0714278361407578e-05,3.4179457279533676e-05,2.3933571028801124e-05,2.314826164503997e-05,3.4695050143708398e-05
76747840.881347656,76.747840881348,1.0938253202584019e-05,3.0238433724768114e-05,2.5950452643824428e-05,2.1330329175058279e-05,3.9569888754424696e-05
76747985.83984375,76.747985839844,8.8430614843256551e-06,3.2607279003799733e-05,2.6858745129303788e-05,1.6156976902593629e-05,3.7139830413838528e-05
76748130.798339844,76.748130798340,9.5828755502576926e-06,3.1609777070260611e-05,2.4599482064773038e-05,1.878498210239632e-05,3.3879558760309484e-05
76748275.756835938,76.748275756836,9.393923567132002e-06,3.885187285471825e-05,2.562764568007011e-05,2.2473819347222783e-05,3.5521655338836197e-05
76748420.715332031,76.748420715332,1.3338570692608166e-05,3.8776601068185292e-05,2.8882310332324585e-05,2.2473245820810539e-05,2.801907387348664e-05
76748565.673828125,76.748565673828,1.55994484122809e-05,2.6762926785865319e-05,2.2242201397980746e-05,2.4894914305267174e-05,2.739895851507972e-05
76748710.632324219,76.748710632324,1.4408199620453488e-05,3.219986645520356e-05,2.8439899696654705e-05,2.030062087504113e-05,3.3843138102805377e-05
76748855.590820312,76.748855590820,1.0613638578295238e-05,3.4263743763008451e-05,2.9249161269329112e-05,1.6483028336160876e-05,3.2864994462100147e-05
76749000.549316406,76.749000549316,1.0594578583290669e-05,2.5006992030189631e-05,2.6799166575287874e-05,1.6697403750779066e-05,3.5025711106280628e-05
76749145.5078125,76.749145507812,1.2696015160999302e-05,2.593509458970805e-05,2.8138109330269383e-05,2.2022712065905392e-05,3.7576181045597555e-05
76749290.466308594,76.749290466309,1.2581537456388643e-05,2.9793557340484146e-05,2.7695242078896525e-05,2.4763544729667809e-05,3.4521072657991362e-05
76749435.424804688,76.749435424805,8.0139744545342852e-06,2.2270626132511296e-05,2.2367481019700933e-05,2.1248892535617839e-05,3.1003626213898466e-05
76749580.383300781,76.749580383301,9.6588229094548912e-06,2.6051375043607632e-05,2.7874778426947461e-05,1.8430539141515742e-05,3.618573070764319e-05
76749725.341796875,76.749725341797,1.2388574635806951e-05,3.3171911360278027e-05,2.8982609556359413e-05,1.7415525130076984e-05,4.7132384201808587e-05
76749870.300292969,76.749870300293,1.2398724092643147e-05,3.4587985783103068e-05,2.6603741256108953e-05,2.0090893555300724e-05,4.4441026782607731e-05
76750015.258789062,76.750015258789,1.2525088347678672e-05,3.0861798617907782e-05,2.3774171776768062e-05,2.0819054034155698e-05,4.8033542908750012e-05
76750160.217285156,76.750160217285,9.824720867179979e-06,3.3767202608972951e-05,2.3844517917878995e-05,2.3753055912195641e-05,3.690684005650922e-05
76750305.17578125,76.750305175781,9.4497685771760105e-06,4.4040830893128848e-05,2.3425408749706181e-05,1.8638600851560611e-05,3.1815624619534514e-05
76750450.134277344,76.750450134277,1.0957398692426677e-05,3.5140231028024679e-05,1.5952103621906512e-05,1.9631312719454412e-05,3.0728242750414477e-05
76750595.092773438,76.750595092773,1.1363324840334921e-05,3.167581162160951e-05,1.7185968994915291e-05,2.0923757415341461e-05,2.6192678777092811e-05
76750740.051269531,76.750740051270,1.1152100715205918e-05,3.1521392910955025e-05,2.5365061558636886e-05,1.7615012247450599e-05,2.195660887455993e-05
76750885.009765625,76.750885009766,1.4523452393036651e-05,3.2779291946783181e-05,3.6153251211662547e-05,2.1064514729272023e-05,2.896507194586512e-05
76751029.968261719,76.751029968262,1.5839217372106109e-05,3.8451911438840533e-05,3.1199422431351947e-05,2.102304531682571e-05,4.0712999555321751e-05
76751174.926757812,76.751174926758,1.0395411120252346e-05,3.55071406976805e-05,2.2004107411280331e-05,2.0775096136589524e-05,3.7651257937742253e-05
76751319.885253906,76.751319885254,1.0578902737700798e-05,2.9932379414967178e-05,2.3858492196759716e-05,2.5062915824587724e-05,3.1806153720792694e-05
76751464.84375,76.751464843750,1.6986976993650233e-05,3.3229305816989716e-05,2.8971798164315156e-05,2.7323679479275507e-05,3.1969107803118928e-05
76751609.802246094,76.751609802246,1.8215244672186351e-05,3.8303400226770496e-05,2.0222474433470412e-05,3.2046238558061703e-05,3.0107271234595739e-05
76751754.760742188,76.751754760742,1.1153059129558812e-05,3.6919485628413666e-05,2.143131513055223e-05,2.7204366664589237e-05,3.2228339292228831e-05
76751899.719238281,76.751899719238,9.514890724138362e-06,3.5925190882959225e-05,2.9088829803292065e-05,1.9363443319789025e-05,5.0976548892011793e-05
76752044.677734375,76.752044677734,1.0826882515821856e-05,3.1483940100480152e-05,2.0406088212724517e-05,1.6495549370228603e-05,5.6169043907286875e-05
76752189.636230469,76.752189636230,1.0142099581772357e-05,3.1269785316939104e-05,2.6007406431095986e-05,1.673653252918326e-05,4.3805679413977374e-05
76752334.594726562,76.752334594727,9.8691623256586925e-06,3.1887708495055587e-05,2.7924824582131206e-05,1.7941216458791009e-05,4.7381380317008157e-05
76752479.553222656,76.752479553223,1.0139157037257939e-05,3.3810880531645905e-05,2.2461809235734518e-05,2.4384853251343806e-05,4.1365194306802915e-05
76752624.51171875,76.752624511719,1.1318482418484157e-05,3.7699462653662234e-05,2.3370943043878957e-05,1.7433245846662937e-05,3.7232745373582719e-05
76752769.470214844,76.752769470215,1.0194602102778318e-05,2.9529504145414171e-05,2.7922189780488692e-05,1.705553754486855e-05,4.332551372245704e-05
76752914.428710938,76.752914428711,1.0931744270833265e-05,3.4171976333590162e-05,2.5025332394277567e-05,2.0604995566191367e-05,4.0724936575638277e-05
76753059.387207031,76.753059387207,9.8737004334033116e-06,2.7152489532092245e-05,2.9390332241219506e-05,2.202365257619098e-05,4.3434685359105749e-05
76753204.345703125,76.753204345703,1.1047737413661485e-05,3.2556547799463619e-05,3.7715186656921975e-05,1.9596514732031897e-05,5.0305726030202742e-05
76753349.304199219,76.753349304199,1.1157827274519206e-05,3.3485998838926671e-05,3.5178885292148164e-05,1.6957128510822196e-05,3.6506173374528525e-05
76753494.262695312,76.753494262695,7.8227519821853448e-06,4.9029500997350594e-05,2.6567997340130687e-05,2.0814489794246964e-05,3.4714584067515727e-05
76753639.221191406,76.753639221191,1.166337526038843e-05,4.0585835379846988e-05,2.9387562889493515e-05,2.1223213421936794e-05,4.6389576880165734e-05
76753784.1796875,76.753784179688,1.4312757240144397e-05,3.8830807417948303e-05,3.5895261091441918e-05,1.6223501056305893e-05,4.1425649898325962e-05
76753929.138183594,76.753929138184,1.4100943909340608e-05,3.8196427181511334e-05,3.3385495400987756e-05,2.3100022074091621e-05,4.6758341381558312e-05
76754074.096679688,76.754074096680,1.3472967489822661e-05,4.1980895450056526e-05,3.3686862368984506e-05,2.0985320712038977e-05,4.6315544195199211e-05
76754219.055175781,76.754219055176,1.4623348396843949e-05,2.8322506327691757e-05,2.8802657416031464e-05,1.9154291054634221e-05,4.7312791765288638e-05
76754364.013671875,76.754364013672,1.4750213603320415e-05,2.6736432927206697e-05,2.6452336187779408e-05,2.0574289629431166e-05,6.1483492886539451e-05
76754508.972167969,76.754508972168,1.1920865864601372e-05,3.4430563152672336e-05,1.7800324820198021e-05,2.2787842390403032e-05,4.7844365941541837e-05
76754653.930664062,76.754653930664,1.4030313490345217e-05,3.3882145918060768e-05,1.8850298407023125e-05,2.3441150140732994e-05,3.5479292067003825e-05
76754798.889160156,76.754798889160,1.3680052323076157e-05,3.7082482108828054e-05,2.4186086185561389e-05,2.0418326707012128e-05,3.1448016409883815e-05
76754943.84765625,76.754943847656,1.2429762436172901e-05,4.3926440168715989e-05,2.4074502142698011e-05,2.851652755441037e-05,3.9306035064957624e-05
76755088.806152344,76.755088806152,1.313967509061215e-05,3.6065013521017552e-05,3.3712278490798312e-05,2.7500410873452792e-05,3.6232831300092329e-05
76755233.764648438,76.755233764648,1.2135490248784729e-05,2.939525183575766e-05,2.7025235037570813e-05,1.8094556944353442e-05,3.4462407752083423e-05
76755378.723144531,76.755378723145,1.1059479136351639e-05,2.8965320571891028e-05,1.6488541661545056e-05,2.1663526646046196e-05,3.9303360778084185e-05
76755523.681640625,76.755523681641,1.1325538236833915e-05,3.2588541614672294e-05,2.1532256633067471e-05,2.0900755325642648e-05,3.1954267696391827e-05
76755668.640136719,76.755668640137,1.0677715387090319e-05,2.8721550166575852e-05,1.9869302160081324e-05,3.0332842795786692e-05,3.9846560579931336e-05
76755813.598632812,76.755813598633,1.0260604368400835e-05,2.9292266467122185e-05,2.5815188967655637e-05,2.6671487640596447e-05,3.0979730058560192e-05
76755958.557128906,76.755958557129,1.152287634948316e-05,3.3354242109942744e-05,2.3938409966940435e-05,1.7922503949369382e-05,3.5502379886400569e-05
76756103.515625,76.756103515625,1.0048912487393806e-05,3.7916602044619549e-05,2.4169625153645415e-05,1.6534188718087413e-05,4.060447492186909e-05
76756248.474121094,76.756248474121,1.1050931972165185e-05,3.9820244506227055e-05,2.6274235462543262e-05,2.2342160354742987e-05,4.6897568828288741e-05
76756393.432617188,76.756393432617,1.1894739834552615e-05,4.0666335094112079e-05,2.8347143882108428e-05,2.8282912156564533e-05,5.5584009156540328e-05
76756538.391113281,76.756538391113,1.4693096197324171e-05,2.9346660405573604e-05,2.1284629137459291e-05,2.9906107296858716e-05,2.7956797839999987e-05
76756683.349609375,76.756683349609,1.3789578440463559e-05,2.5635820189702309e-05,2.2171939830194329e-05,2.3049614160440748e-05,3.2188981369144949e-05
76756828.308105469,76.756828308105,1.2591475217242954e-05,2.4085411531074718e-05,2.3101421991802163e-05,1.9588995131638601e-05,3.614074992893185e-05
76756973.266601562,76.756973266602,1.2022258424405581e-05,2.8208372688703464e-05,2.427702958803874e-05,1.6862660199899563e-05,3.3318450764083667e-05
76757118.225097656,76.757118225098,1.267325728874168e-05,2.5566602226539696e-05,2.920023741773012e-05,1.8914533223518365e-05,3.8817064181364187e-05
76757263.18359375,76.757263183594,1.130037118417325e-05,3.1164651635119543e-05,2.6448669764579641e-05,2.0077922961419532e-05,3.8079437279118621e-05
76757408.142089844,76.757408142090,1.2816402707543165e-05,3.3822360820100729e-05,2.0860817609932964e-05,1.8673119464008864e-05,3.6360130657052978e-05
76757553.100585938,76.757553100586,1.0183274306169427e-05,3.7442097225863508e-05,3.0779246585366409e-05,2.7292251234571974e-05,3.1528098522863791e-05
76757698.059082031,76.757698059082,9.0198704031455356e-06,3.2795068310197654e-05,2.7564224898834245e-05,3.2649336191972527e-05,4.1493667327176696e-05
76757843.017578125,76.757843017578,1.1425242115732597e-05,3.0988908641013236e-05,2.5953587310608401e-05,2.6361323464855399e-05,4.0394704925676879e-05
76757987.976074219,76.757987976074,1.4797331899245703e-05,3.773635267467674e-05,2.2471987804737474e-05,2.249533437776173e-05,3.8405872291074308e-05
76758132.934570312,76.758132934570,1.2670003217954166e-05,2.9978058842415434e-05,2.7582831887443135e-05,2.3461991162089392e-05,3.3068477649012434e-05
76758277.893066406,76.758277893066,1.2282211261184157e-05,3.7500889451089993e-05,3.0122265317224741e-05,2.3480903022349333e-05,3.0201973592990869e-05
76758422.8515625,76.758422851562,1.3265714145635085e-05,5.3857060240570998e-05,2.5543532013382038e-05,1.751557760091349e-05,3.5829113908966263e-05
76758567.810058594,76.758567810059,1.1105252943866366e-05,4.504394769827925e-05,2.784832874712067e-05,1.8055896903591001e-05,4.302042237107276e-05
76758712.768554688,76.758712768555,8.6182980671526752e-06,2.881753158545014e-05,2.7184336005205765e-05,1.7791348889983879e-05,3.3544058890562819e-05
76758857.727050781,76.758857727051,1.1611203401355772e-05,3.0147518197005039e-05,2.9478908816276298e-05,2.0396847602291196e-05,3.4367281547147431e-05
76759002.685546875,76.759002685547,1.4051072684675595e-05,3.322350433739436e-05,2.5960399155208281e-05,2.2401418013818629e-05,3.671682889378404e-05
76759147.644042969,76.759147644043,1.3914913599534342e-05,2.919751146242238e-05,2.0666940224625639e-05,2.3232995663796457e-05,3.7998958444500737e-05
76759292.602539062,76.759292602539,1.1523893134623775e-05,2.515042111110437e-05,2.4085352366686082e-05,1.9420958454195906e-05,4.2334808072355216e-05
76759437.561035156,76.759437561035,1.0612520914231254e-05,3.2499737854110678e-05,2.0594220644214786e-05,1.4429747054787584e-05,4.0545831137253129e-05
76759582.51953125,76.759582519531,1.3293497502087877e-05,2.8550696539431635e-05,2.3477547244196917e-05,2.5286886463054838e-05,3.3243824503080075e-05
76759727.478027344,76.759727478027,1.1739390537974055e-05,3.3416713800067759e-05,2.833640245349046e-05,2.7026572902924941e-05,3.0857369071578569e-05
76759872.436523438,76.759872436523,8.5866013861401414e-06,3.6815411065417632e-05,1.9692676606976708e-05,2.0351328714691963e-05,2.9638838825387673e-05
76760017.395019531,76.760017395020,8.7983953068188268e-06,2.7242339281484473e-05,1.9730640081119098e-05,2.285100232750965e-05,3.3005209862196617e-05
76760162.353515625,76.760162353516,1.2955630448546631e-05,3.8928124545668182e-05,2.3219899963418637e-05,2.0494122070202393e-05,4.0569347446660334e-05
76760307.312011719,76.760307312012,1.4296924157079523e-05,2.8220306979256005e-05,1.7774830283299188e-05,1.4606864309703686e-05,3.0815935036718607e-05
76760452.270507812,76.760452270508,9.2683564777078515e-06,3.0503149632365051e-05,1.9988281074226572e-05,2.336281943265179e-05,3.6846217393407013e-05
76760597.229003906,76.760597229004,9.0988851343001104e-06,2.5636207178063791e-05,2.5164433297647421e-05,2.3528212232161172e-05,3.5304199968014992e-05
76760742.1875,76.760742187500,9.8805146470423237e-06,3.3107808300414218e-05,2.8545753158868146e-05,2.0504093115050645e-05,3.4570123112877636e-05
76760887.145996094,76.760887145996,1.2796493444748262e-05,2.5661056979930943e-05,2.2001116913455386e-05,2.6129648954237143e-05,3.1790683560420011e-05
76761032.104492188,76.761032104492,1.3039777893976593e-05,2.9116352190946014e-05,2.4703991625826303e-05,2.2246483580974621e-05,3.3364733872730334e-05
76761177.062988281,76.761177062988,1.1912231047510789e-05,3.5117266465267544e-05,2.6307620338168445e-05,1.7636279332618551e-05,3.0993771750595748e-05
76761322.021484375,76.761322021484,1.0893869891321902e-05,3.2507657065178151e-05,2.6410067867145341e-05,1.9510441365487386e-05,3.53107909631168e-05
76761466.979980469,76.761466979980,1.046804629843898e-05,3.4623062237632979e-05,2.1100815295001339e-05,2.238502757394423e-05,3.6459061889355475e-05
76761611.938476562,76.761611938477,1.1077884370951488e-05,2.6933564363830623e-05,2.0985756836798117e-05,2.0009471837498669e-05,3.9219904148379103e-05
76761756.896972656,76.761756896973,1.1406431513963615e-05,2.401308571705103e-05,2.2024433342101685e-05,1.7862843369377111e-05,3.7205769450826792e-05
76761901.85546875,76.761901855469,1.1717447363189285e-05,4.071303989509519e-05,2.4342324957718325e-05,1.50619661696119e-05,3.9271841573035994e-05
76762046.813964844,76.762046813965,8.5921932536082642e-06,4.1890772413121908e-05,2.9159884362281533e-05,1.9491588392738429e-05,3.9082574554134653e-05
76762191.772460938,76.762191772461,8.4404040051637676e-06,3.4108697051538952e-05,2.8918933868962798e-05,2.7896043509524846e-05,3.3081151537591791e-05
76762336.730957031,76.762336730957,1.0906968731514435e-05,3.6651130539502952e-05,1.9367751864808446e-05,2.43779397563814e-05,3.3624462119286951e-05
76762481.689453125,76.762481689453,1.1148649083179439e-05,3.2274613612060085e-05,1.962593958533801e-05,2.1369199108138571e-05,3.7538371792768778e-05
76762626.647949219,76.762626647949,1.0774368278941299e-05,3.0151504349643595e-05,2.4165054036939335e-05,2.6541011826089474e-05,3.8889913106206565e-05
76762771.606445312,76.762771606445,1.0978460911463719e-05,3.5476279410579835e-05,2.3572902579216062e-05,2.6711694263894962e-05,3.4674300614475336e-05
76762916.564941406,76.762916564941,1.3237614448314771e-05,3.3512674575474683e-05,2.3108258028509888e-05,2.2020842063321563e-05,2.5721023445420491e-05
76763061.5234375,76.763061523438,1.3042147535095594e-05,2.7420452521739832e-05,2.3474767514099194e-05,2.3338215804267223e-05,3.0486489451352609e-05
76763206.481933594,76.763206481934,1.3241508747121137e-05,2.0823787570992672e-05,2.946987075387636e-05,2.3479890037057093e-05,3.0650415425256362e-05
76763351.440429688,76.763351440430,1.1321050224065172e-05,3.2401995458192517e-05,3.01346429241184e-05,1.9790259171870734e-05,3.1874611721050808e-05
76763496.398925781,76.763496398926,1.2707927751308198e-05,4.3827759359112752e-05,2.4439122265449773e-05,1.2471808358284196e-05,4.1298762116191942e-05
76763641.357421875,76.763641357422,1.4318767036211494e-05,3.4221916161787117e-05,2.0471086871288952e-05,1.4532182439110644e-05,4.5702463915909896e-05
76763786.315917969,76.763786315918,1.0951198474216671e-05,2.9683095867635665e-05,2.1475177162209677e-05,1.4485656519900052e-05,4.3317489939102647e-05
76763931.274414062,76.763931274414,1.304316110619741e-05,3.3093092279573946e-05,2.7660642954577487e-05,1.8152570409513949e-05,3.7997469667970052e-05
76764076.232910156,76.764076232910,1.2973277891761203e-05,3.0440719909493743e-05,2.7709098033857113e-05,1.9319469751967409e-05,3.4216685789041568e-05
76764221.19140625,76.764221191406,1.3061984040567941e-05,3.0418695429200783e-05,2.3420360477158593e-05,1.8634317867209725e-05,3.4001282243607258e-05
76764366.149902344,76.764366149902,1.1641283992788507e-05,3.6005681996208441e-05,3.0378723820480383e-05,2.3153309609620975e-05,3.4935294206317874e-05
76764511.108398438,76.764511108398,1.0204826100498505e-05,4.8712996866999447e-05,3.7846255658745005e-05,2.1546217449091211e-05,3.8253580617806066e-05
76764656.066894531,76.764656066895,1.0073333665067086e-05,3.9127030031768183e-05,3.7183413831630869e-05,1.9736172839153795e-05,3.7673421837665584e-05
76764801.025390625,76.764801025391,1.1367512863999726e-05,3.7203552894912758e-05,2.3874266604538497e-05,2.3770029794229978e-05,3.6998808742444854e-05
76764945.983886719,76.764945983887,1.3617220153251828e-05,3.6054108788517763e-05,2.1224109701078756e-05,2.3729760418490243e-05,3.5446514699707103e-05
76765090.942382812,76.765090942383,1.0917964833041394e-05,3.5295001354422427e-05,2.1009132119493055e-05,2.7282085745426707e-05,3.4427160703080123e-05
76765235.900878906,76.765235900879,1.0499478502404582e-05,3.4435927285270404e-05,1.9602544454634297e-05,2.3970832614072519e-05,3.5785619579370404e-05
76765380.859375,76.765380859375,1.3157576341132903e-05,3.9698259966608575e-05,2.3181600365797906e-05,2.4385649526015402e-05,3.8745699516030897e-05
76765525.817871094,76.765525817871,1.4654424949982257e-05,3.4408685311303121e-05,2.9149034619546472e-05,1.8960156085301295e-05,3.0152079057999773e-05
76765670.776367188,76.765670776367,1.6018710905092028e-05,2.9222441286382041e-05,3.2642304244790545e-05,1.5232106018388556e-05,3.6517252805076518e-05
76765815.734863281,76.765815734863,1.5767981158870614e-05,2.5898347456411941e-05,3.3826276783254754e-05,2.0877713226669687e-05,3.3533520962314262e-05
76765960.693359375,76.765960693359,1.1945949483660823e-05,1.841679810257687e-05,2.8472858428458865e-05,2.4161058311711445e-05,3.7103265772951275e-05
76766105.651855469,76.766105651855,1.1120731679516026e-05,3.3448495847325136e-05,2.1699715766542523e-05,2.2128381189022498e-05,3.4534841710911086e-05
76766250.610351562,76.766250610352,1.1533354114688001e-05,3.7649078919148362e-05,3.0381603363495189e-05,2.634540805014026e-05,2.4015159586355594e-05
76766395.568847656,76.766395568848,1.2301979179031111e-05,3.3323890498242493e-05,2.7471528681671214e-05,2.4247878455483845e-05,2.5869831969622805e-05
76766540.52734375,76.766540527344,1.4159366766188041e-05,3.0282416977253987e-05,2.8506256803965172e-05,1.836356690393299e-05,3.5157948302772566e-05
76766685.485839844,76.766685485840,1.1554843628936154e-05,3.4188400510947024e-05,2.6576791736976264e-05,1.8369592065711003e-05,3.1641602644107107e-05
76766830.444335938,76.766830444336,1.012302068160452e-05,2.9831867689149768e-05,2.1590014247921041e-05,2.3611664558325251e-05,3.8422429251436708e-05
76766975.402832031,76.766975402832,1.0780135980626577e-05,3.6892205483300878e-05,2.7209978661288653e-05,2.077470491980742e-05,3.0750603535918726e-05
76767120.361328125,76.767120361328,1.0925902332203085e-05,4.2869559193250331e-05,2.3034811283893106e-05,1.8124143110275059e-05,2.8784737784686572e-05
76767265.319824219,76.767265319824,9.7721616211558327e-06,3.0833515788353801e-05,2.0350035933854525e-05,2.1469326503934245e-05,2.4891019962349634e-05
76767410.278320312,76.767410278320,9.2797371127991792e-06,3.3525190383007477e-05,2.1614814006203503e-05,2.0843243157955898e-05,3.4219878152184967e-05
76767555.236816406,76.767555236816,9.9659782598676607e-06,3.4726535297401219e-05,1.9330816419673246e-05,2.236216247042214e-05,4.4440556310607323e-05
76767700.1953125,76.767700195312,1.2129771546211794e-05,3.6769382027002195e-05,2.306570036716252e-05,2.3734238399565409e-05,4.9796655268978179e-05
76767845.153808594,76.767845153809,1.1246350016989868e-05,3.3156881730131927e-05,2.2913712208432636e-05,2.4728689335768999e-05,4.7764109600882405e-05
76767990.112304688,76.767990112305,1.1256593030469582e-05,3.6103184219453314e-05,2.3233472506756408e-05,2.5579187677763579e-05,3.8471474956369615e-05
76768135.070800781,76.768135070801,1.1765576686182575e-05,2.8772577850951694e-05,2.8480739267919313e-05,3.3791228837436416e-05,3.6611505145109985e-05
76768280.029296875,76.768280029297,8.0475369140985856e-06,2.1310604959047982e-05,2.3765859161250133e-05,2.8130288485386187e-05,3.959113469259543e-05
76768424.987792969,76.768424987793,7.2104660283744934e-06,2.7041016591196869e-05,2.0923915357866025e-05,2.3352775114749528e-05,3.7111611402119434e-05
76768569.946289062,76.768569946289,1.1154763154272961e-05,2.8870526684790527e-05,1.991210224032935e-05,2.6134008721413617e-05,3.3793629813189123e-05
76768714.904785156,76.768714904785,1.4381572767343374e-05,2.6478098850740279e-05,2.8761619796850241e-05,2.8428638492989846e-05,3.6395127092521416e-05
76768859.86328125,76.768859863281,1.6058834585534306e-05,2.4035582049638429e-05,2.8525445235106516e-05,2.4565458570498241e-05,4.156488203231923e-05
76769004.821777344,76.769004821777,9.4797717122899692e-06,2.7888249032143947e-05,2.6003958142220419e-05,1.7934516628028065e-05,4.5297574458070851e-05
76769149.780273438,76.769149780273,6.0190031134368302e-06,3.5941301962589712e-05,2.5761384004504277e-05,2.3200101666934309e-05,4.5117024351268284e-05
76769294.738769531,76.769294738770,9.6638528837587452e-06,2.8961401626515725e-05,2.8244634873800812e-05,2.7831820110801442e-05,3.496892828474445e-05
76769439.697265625,76.769439697266,1.193430807707276e-05,2.9324356717719127e-05,2.1889340572198813e-05,2.1419456572441346e-05,3.6242649999447749e-05
76769584.655761719,76.769584655762,8.3164900416913141e-06,3.6922058711780944e-05,2.4230055889075547e-05,1.9588592336593179e-05,3.5983486069865141e-05
76769729.614257812,76.769729614258,7.0504715624627202e-06,4.0060668911298733e-05,2.4639466122689237e-05,2.2175521780674217e-05,4.1443170711874679e-05
76769874.572753906,76.769874572754,9.396067327069795e-06,3.9499192626243687e-05,2.0124565512971872e-05,1.8227330452405846e-05,3.8857149241224912e-05
76770019.53125,76.770019531250,9.5297299943057769e-06,4.0257117571933808e-05,1.6240467303440549e-05,2.3984033998213173e-05,3.9740989489777308e-05
76770164.489746094,76.770164489746,9.1160364976528483e-06,2.8192566189507344e-05,2.0749215655420632e-05,2.8161120059108194e-05,3.3733843728951489e-05
76770309.448242188,76.770309448242,1.0052649739194806e-05,3.3964677391889077e-05,2.35711903449004e-05,2.3682328175812888e-05,2.9698776997436161e-05
76770454.406738281,76.770454406738,1.2104837657795855e-05,3.0662992927631106e-05,2.2060269241784174e-05,2.3096250070922575e-05,4.1357847858989943e-05
76770599.365234375,76.770599365234,1.1709578294960486e-05,3.1510222176155005e-05,2.1269821629651057e-05,1.5330503403307738e-05,5.059990916149449e-05
76770744.323730469,76.770744323730,1.044711193892786e-05,3.7534150200707086e-05,2.2420890021871194e-05,2.0485779188375535e-05,4.5919631159640772e-05
76770889.282226562,76.770889282227,8.2079082683171797e-06,3.2170392272729929e-05,1.8131707817143347e-05,2.7090769655095268e-05,3.8264931411215277e-05
76771034.240722656,76.771034240723,1.0447120832962119e-05,2.1354083295472705e-05,2.2650509893709756e-05,2.2438627399919233e-05,3.5401557496579136e-05
76771179.19921875,76.771179199219,1.281583226931497e-05,3.2083915285563017e-05,2.6614877409399096e-05,2.3158329129041737e-05,3.5606802137309135e-05
76771324.157714844,76.771324157715,1.3637609144143147e-05,4.5864395114686954e-05,2.9402582346772086e-05,2.1070750262752298e-05,3.0368370256139077e-05
76771469.116210938,76.771469116211,1.4581802935676648e-05,3.8020433517304417e-05,2.7265009681578212e-05,1.5442916230410097e-05,2.9994323040591809e-05
76771614.074707031,76.771614074707,1.3209134835584931e-05,3.2956033937539378e-05,3.0656026899372906e-05,1.3354122268525209e-05,4.3201540614930747e-05
76771759.033203125,76.771759033203,1.3304398409525463e-05,3.0921999077384304e-05,2.2509971285834287e-05,1.8681104850016486e-05,4.7235400093900939e-05
76771903.991699219,76.771903991699,1.0604417902253584e-05,3.1125537566583293e-05,2.0725296846625804e-05,2.4715269758133003e-05,4.4918358992891775e-05
76772048.950195312,76.772048950195,1.151057050339034e-05,3.7341427338485122e-05,2.0982988826462779e-05,1.9869092470829593e-05,4.2992625330993764e-05
76772193.908691406,76.772193908691,1.1783126414255109e-05,2.9265634044540231e-05,3.0114898669080618e-05,2.0781259655113108e-05,3.9909294886072314e-05
76772338.8671875,76.772338867188,9.4137609885161064e-06,2.9306569835972469e-05,3.9184908247433374e-05,2.2147914076975386e-05,2.949717205699809e-05
76772483.825683594,76.772483825684,1.1863756424688021e-05,2.6196826781657224e-05,3.2256872375585369e-05,2.4652741804139227e-05,3.1084827305487377e-05
76772628.784179688,76.772628784180,1.1038958600600409e-05,2.5430825106648779e-05,2.5393981390261939e-05,2.1806200868675325e-05,2.6346197646793847e-05
76772773.742675781,76.772773742676,1.1139298300830446e-05,3.5282223511773833e-05,2.503366081008569e-05,2.1423013592103962e-05,3.7571769480831995e-05
76772918.701171875,76.772918701172,1.0426589979550457e-05,4.4150733531646038e-05,2.6902513176098286e-05,1.6440198837402342e-05,3.4489034184086525e-05
76773063.659667969,76.773063659668,1.0125358107090133e-05,4.0884341628104139e-05,2.4530038808999445e-05,2.059543916164485e-05,3.0205076826960744e-05
76773208.618164062,76.773208618164,9.5052497784096861e-06,3.1540839383931664e-05,2.5004616293175411e-05,2.4328159028666315e-05,3.5481466654320242e-05
76773353.576660156,76.773353576660,1.0884027581316032e-05,2.5903329998277645e-05,2.6041218737277894e-05,2.2032515534908889e-05,2.8189639459229194e-05
76773498.53515625,76.773498535156,1.1839937597748569e-05,2.3374731502040758e-05,2.4681721133468498e-05,2.2172511428982369e-05,3.7929986287434559e-05
76773643.493652344,76.773643493652,1.1972378441532035e-05,3.253324001703545e-05,2.7223006633190559e-05,2.2758341121725628e-05,4.4288191325429017e-05
76773788.452148438,76.773788452148,7.827179744085023e-06,3.0387102694658179e-05,2.4017879099718334e-05,2.0788014318903293e-05,2.8033530694677894e-05
76773933.410644531,76.773933410645,1.037987996907803e-05,3.7105937148733972e-05,2.4223562212484052e-05,2.2113975307211064e-05,2.2078813993464759e-05
76774078.369140625,76.774078369141,1.4674289250186449e-05,3.4755787288579322e-05,2.6657251795592127e-05,1.8756177971930075e-05,2.1711681699851105e-05
76774223.327636719,76.774223327637,1.5351956837593074e-05,2.0965568434464151e-05,2.6563782166136733e-05,1.3965191829496362e-05,3.0728848389873742e-05
76774368.286132812,76.774368286133,1.437360242689367e-05,3.6162491242511523e-05,1.8979521306194863e-05,1.9497079268855545e-05,3.4869966575172515e-05
76774513.244628906,76.774513244629,1.1602651974956011e-05,3.9480706371322675e-05,1.8947907754721671e-05,2.4086598617145111e-05,3.9874350077185595e-05
76774658.203125,76.774658203125,1.3239415016222406e-05,2.2922977076571105e-05,2.8544593379650171e-05,2.4905663869522336e-05,4.2599147983726899e-05
76774803.161621094,76.774803161621,1.4298631402925899e-05,2.886303677779787e-05,2.3533174158431224e-05,2.227824259296918e-05,4.9188246729378089e-05
76774948.120117188,76.774948120117,1.2078399372689199e-05,2.7723146798827799e-05,2.4688510197826747e-05,2.2805659488832413e-05,4.4542523114132654e-05
76775093.078613281,76.775093078613,1.2017765003561533e-05,3.9333397084710685e-05,2.2847897981363289e-05,2.010529920638411e-05,3.7740311448412973e-05
76775238.037109375,76.775238037109,1.3813195674456203e-05,3.7161383856042233e-05,2.4242919450367601e-05,1.7269789823067778e-05,3.8678131097033231e-05
76775382.995605469,76.775382995605,1.0759901492673525e-05,3.3508881424840124e-05,2.9292784429971107e-05,1.8787844207760228e-05,3.8901276024265895e-05
76775527.954101562,76.775527954102,1.0967255222504511e-05,3.6625023640192996e-05,2.6815966442040575e-05,2.0606835477229265e-05,2.2462721209058094e-05
76775672.912597656,76.775672912598,1.3694816043974066e-05,3.3430678976560322e-05,2.5766079527706412e-05,2.5232624782889926e-05,2.0565261214180576e-05
76775817.87109375,76.775817871094,1.0181531865217232e-05,3.2703214115189841e-05,2.4016540063361299e-05,2.3492909061428664e-05,3.0702259201070823e-05
76775962.829589844,76.775962829590,9.0965542892670296e-06,3.0199918760784815e-05,2.7190304515973258e-05,2.2436524620603232e-05,2.8972903390079353e-05
76776107.788085938,76.776107788086,1.0390391980087949e-05,3.1590441815416616e-05,3.2543559352318637e-05,2.8000501669021326e-05,3.9807840096000639e-05
76776252.746582031,76.776252746582,1.1894797981833411e-05,2.1188252443471794e-05,2.7043729545339757e-05,1.9190967851407608e-05,4.0696199666630551e-05
76776397.705078125,76.776397705078,1.3632279589939302e-05,1.9719441661218813e-05,2.4364659512987502e-05,2.0816684213760548e-05,3.9254374147705236e-05
76776542.663574219,76.776542663574,9.3967845375339989e-06,3.1140505327964365e-05,3.4487795724613279e-05,2.4077333166607973e-05,3.5073983003426767e-05
76776687.622070312,76.776687622070,1.1087365874471105e-05,3.6195374741397623e-05,3.0261967956798272e-05,2.9112711258616354e-05,3.4097666151087893e-05
76776832.580566406,76.776832580566,1.282264488988532e-05,3.3726161806354795e-05,2.1989010130866112e-05,2.6341769756851034e-05,3.1438839342901944e-05
76776977.5390625,76.776977539062,1.4619852263797509e-05,3.3029685615807256e-05,2.8947290488791305e-05,2.2035134289283271e-05,4.0346380040015879e-05
76777122.497558594,76.777122497559,1.2658618985018308e-05,3.7188815720501065e-05,3.2076553743691298e-05,2.3815168269576554e-05,4.1484180214863721e-05
76777267.456054688,76.777267456055,9.700130958388116e-06,2.8781356903685155e-05,3.4668664967861429e-05,2.5563663255017103e-05,3.9901409056846734e-05
76777412.414550781,76.777412414551,1.031771135953765e-05,3.5659115970408493e-05,2.6297075672567665e-05,1.9684456860998336e-05,3.9127777191491007e-05
76777557.373046875,76.777557373047,1.0863802378747889e-05,3.826770481558377e-05,2.4152233704303521e-05,2.3069543286685444e-05,3.0761481726178017e-05
76777702.331542969,76.777702331543,1.1722874972719075e-05,3.5345769443328505e-05,2.2817727220865681e-05,2.166505059844624e-05,3.3743540328248221e-05
76777847.290039062,76.777847290039,1.2259339140100349e-05,4.3346618498803139e-05,2.0385671788794995e-05,1.9471171057328255e-05,4.696612901283136e-05
76777992.248535156,76.777992248535,9.5847905160347868e-06,5.4680348450942571e-05,2.4962813476511032e-05,1.7849916751872787e-05,3.8332472535130225e-05
76778137.20703125,76.778137207031,9.3634941689005835e-06,3.8318240460376072e-05,3.2732951709840477e-05,1.760639827221548e-05,3.4464491447553429e-05
76778282.165527344,76.778282165527,9.4146998959467253e-06,3.1686461184335541e-05,2.5820404534907854e-05,2.736008363064809e-05,3.6239092196268113e-05
76778427.124023438,76.778427124023,1.6083956354774739e-05,3.2753117074031536e-05,2.7745153390422251e-05,2.5110837519927093e-05,4.2825293391994684e-05
76778572.082519531,76.778572082520,1.6261273891462088e-05,2.4744109904186801e-05,2.9709391176608866e-05,1.9493280377399711e-05,4.1596170910998759e-05
76778717.041015625,76.778717041016,1.2111456536698467e-05,2.6443630278233705e-05,2.8695304878154883e-05,1.6608409524228559e-05,3.4337604432149493e-05
76778861.999511719,76.778861999512,1.1855185634546952e-05,2.9190341265239415e-05,2.4402202190907545e-05,1.7247865577349216e-05,3.8976217344826335e-05
76779006.958007812,76.779006958008,1.1426601560548843e-05,3.1481229961973921e-05,2.5253275744092663e-05,1.6006221519461183e-05,3.7431461732439543e-05
76779151.916503906,76.779151916504,1.2491424385086991e-05,3.7205740779706104e-05,2.8359924982961117e-05,2.2809896898296021e-05,3.0424312935211122e-05
76779296.875,76.779296875000,1.1130470229521845e-05,3.665211030318152e-05,2.7032545008855708e-05,2.3429961258197277e-05,2.7442933751106013e-05
76779441.833496094,76.779441833496,8.2136837752712106e-06,2.2524840220400386e-05,2.5326887931385608e-05,1.8631740890742462e-05,3.1679237556256065e-05
76779586.791992188,76.779586791992,8.0105699287774672e-06,2.5520412558775099e-05,2.3665525932375356e-05,1.5655201053734427e-05,2.8474700144646455e-05
76779731.750488281,76.779731750488,1.0048562419491537e-05,3.2495345251574969e-05,2.0120757102042569e-05,1.6356773172924827e-05,3.1603014263920898e-05
76779876.708984375,76.779876708984,1.0316642446155317e-05,2.7898601291270531e-05,3.0455823875742431e-05,2.1643070742383447e-05,3.3083796632046999e-05
76780021.667480469,76.780021667480,1.1212463147971948e-05,2.3529083414676108e-05,3.2590831469424302e-05,2.6517541760515749e-05,3.0453605561997182e-05
76780166.625976562,76.780166625977,8.6660126542738128e-06,2.5375452369228719e-05,2.4780997269361628e-05,2.3627972647953667e-05,2.9960742006927013e-05
76780311.584472656,76.780311584473,8.8429463959445369e-06,3.4980473519609259e-05,2.7325407501482045e-05,2.1700654017868202e-05,2.8027993079573857e-05
76780456.54296875,76.780456542969,1.1000569789951066e-05,3.3248622111358865e-05,3.2503707550603987e-05,2.1831287083658679e-05,2.9142083831467419e-05
76780601.501464844,76.780601501465,1.1257410074324843e-05,3.6284168749986011e-05,2.7818910332477508e-05,1.7677323707881237e-05,3.4154070533023431e-05
76780746.459960938,76.780746459961,1.19991198478948e-05,3.3843396245307468e-05,2.7686200224099892e-05,1.9385575194624567e-05,4.3239445611571084e-05
76780891.418457031,76.780891418457,1.2627548221367926e-05,3.5823439866130511e-05,2.3999633661758605e-05,2.5673767888618217e-05,4.5608641565888226e-05
76781036.376953125,76.781036376953,1.2387435426782987e-05,2.7863240728601421e-05,2.2802972676374892e-05,2.6458841019569582e-05,3.202816286168565e-05
76781181.335449219,76.781181335449,9.9504178690665547e-06,2.934767425418285e-05,3.2533910377564385e-05,2.6481914465980322e-05,3.2269180107256941e-05
76781326.293945312,76.781326293945,1.5934378924627763e-05,3.2633230833456588e-05,2.5050810949129574e-05,2.6497864618947358e-05,4.151061958212378e-05
76781471.252441406,76.781471252441,1.2605311494468202e-05,3.4931277246162587e-05,2.1092123657239231e-05,1.9084303571115293e-05,3.3241125139402796e-05
76781616.2109375,76.781616210938,1.0566527688736518e-05,3.7392855210346642e-05,1.9867506807396056e-05,2.0491346469277544e-05,2.848319795214541e-05
76781761.169433594,76.781761169434,1.2529394362611307e-05,3.8784354030252868e-05,1.842048657482681e-05,1.6662436302972647e-05,3.8276455883901448e-05
76781906.127929688,76.781906127930,1.1954857575540341e-05,2.7891544417281582e-05,2.1095557107070935e-05,1.4356126527105241e-05,4.1570482929121826e-05
76782051.086425781,76.782051086426,9.5134408019290024e-06,2.9947128695690857e-05,2.4955074123999023e-05,1.8421980682435698e-05,3.4112130391524199e-05
76782196.044921875,76.782196044922,1.3485928212424222e-05,3.1770468440760183e-05,3.0082217522530618e-05,1.8432854693438019e-05,3.4762419879289923e-05
76782341.003417969,76.782341003418,1.6277154888569693e-05,2.9058007750817216e-05,2.810992208071402e-05,2.2478951294642798e-05,3.9183134103536287e-05
76782485.961914062,76.782485961914,1.4218385162759751e-05,3.3021616465180858e-05,2.5067621110577151e-05,2.6664444251184218e-05,3.6228962945756309e-05
76782630.920410156,76.782630920410,1.1050000408152332e-05,3.6986815331209985e-05,2.3203990131783893e-05,2.2956276039399948e-05,3.4442747715463106e-05
76782775.87890625,76.782775878906,1.029317479995355e-05,3.6442244875335539e-05,1.9493062379323076e-05,2.2306582118252503e-05,2.7104355075762158e-05
76782920.837402344,76.782920837402,1.7168410504810478e-05,3.3905685810237635e-05,1.9332666597045372e-05,1.7175453260131739e-05,3.7577750110271324e-05
76783065.795898438,76.783065795898,1.4083583856096857e-05,3.1832772290738118e-05,2.6857022301667756e-05,2.2344746378594605e-05,4.6634011703516087e-05
76783210.754394531,76.783210754395,9.847876656098267e-06,3.9320230063487741e-05,3.2146099864320345e-05,2.5134055261532831e-05,3.7414793574558603e-05
76783355.712890625,76.783355712891,1.0580212000318558e-05,3.225027654832135e-05,2.9812314091487813e-05,2.1202066037620882e-05,3.4673030312240814e-05
76783500.671386719,76.783500671387,1.1239017375610848e-05,3.8698700691398052e-05,2.7486103349190324e-05,1.722219540718479e-05,2.6921687835581368e-05
76783645.629882812,76.783645629883,1.577798660858999e-05,3.7769784920539146e-05,3.0157764327653421e-05,1.9348628576482604e-05,3.5218894882174006e-05
76783790.588378906,76.783790588379,1.2060557516310153e-05,2.9018778690739492e-05,2.7943664335036909e-05,1.5671785886155478e-05,4.5375574229584779e-05
76783935.546875,76.783935546875,1.1337185025273841e-05,2.610877131826272e-05,2.8246293851115475e-05,1.6814262635472241e-05,4.1366915586154179e-05
76784080.505371094,76.784080505371,1.1633429945817687e-05,3.1724892908897154e-05,2.6981209510918801e-05,1.5494709776725872e-05,2.9156573810709245e-05
76784225.463867188,76.784225463867,9.5665800702823228e-06,2.5357447704762333e-05,2.4614170999544533e-05,2.3450638707289993e-05,3.0781943137746621e-05
76784370.422363281,76.784370422363,8.5574004260546625e-06,2.57380196259151e-05,1.8530458419784717e-05,2.2319543097847782e-05,3.088718017177159e-05
76784515.380859375,76.784515380859,1.1691813026723951e-05,3.7349969628699392e-05,1.7561614794940993e-05,2.0388718453727699e-05,3.5821390699007429e-05
76784660.339355469,76.784660339355,1.4317872291021943e-05,3.8347875708333543e-05,2.5622197685685119e-05,2.2532109956810154e-05,3.3067516703672416e-05
76784805.297851562,76.784805297852,1.1640967504724128e-05,3.1004694546392326e-05,2.7607464407564581e-05,2.0483263825916802e-05,3.7605075997801751e-05
76784950.256347656,76.784950256348,1.0655293357244337e-05,3.1896890857444224e-05,2.4727002387641502e-05,2.0810923105381033e-05,4.2995727542909548e-05
76785095.21484375,76.785095214844,1.1508100016103217e-05,2.7191928337174207e-05,1.9270231670540096e-05,2.1764017096912292e-05,3.8688994640154405e-05
76785240.173339844,76.785240173340,1.2085084769712431e-05,2.2311310354995637e-05,1.8291944279894781e-05,2.1637959424027044e-05,2.5016253014430068e-05
76785385.131835938,76.785385131836,1.0215315554261357e-05,2.6841277630980518e-05,2.1320766269413674e-05,1.8396715603993249e-05,2.023904196982341e-05
76785530.090332031,76.785530090332,1.4159813886578769e-05,3.098140176418186e-05,2.4603022501255723e-05,1.7592868095927204e-05,2.9566869756475664e-05
76785675.048828125,76.785675048828,1.6416707832075088e-05,4.0063925033482727e-05,2.2688464629551339e-05,1.8951745011141167e-05,4.520711953122406e-05
76785820.007324219,76.785820007324,1.1837057558217151e-05,3.0133836241539818e-05,2.1288146144417477e-05,1.8044240282157739e-05,5.0272869386874228e-05
76785964.965820312,76.785964965820,8.8721942387654705e-06,2.9822777206729374e-05,2.2815195208001799e-05,1.7981729943100595e-05,3.3386556383712006e-05
76786109.924316406,76.786109924316,9.7795117402661555e-06,3.6789956948230967e-05,2.7286112146430267e-05,2.3598277529084071e-05,2.6760575816365222e-05
76786254.8828125,76.786254882812,1.2433343881065809e-05,3.1540660127872625e-05,2.1811477030135308e-05,2.7781442086252324e-05,3.8642639380608246e-05
76786399.841308594,76.786399841309,1.0767338258476417e-05,2.559878074959158e-05,2.064693991677842e-05,1.8351379443051873e-05,4.7519349470915209e-05
76786544.799804688,76.786544799805,8.4079651559416496e-06,3.7645901821945987e-05,2.0192988660961108e-05,1.9088865835880783e-05,3.3073900788013354e-05
76786689.758300781,76.786689758301,7.3025163801834856e-06,4.1006884735465621e-05,2.4296454637889394e-05,1.9745267297460836e-05,3.6272242873350738e-05
76786834.716796875,76.786834716797,8.2619456277024572e-06,4.4794989816213379e-05,2.334743904583799e-05,1.8525021973118064e-05,3.9473746878843575e-05
76786979.675292969,76.786979675293,1.1788383450326312e-05,3.8734135516840614e-05,1.5274325659551771e-05,2.347657062331537e-05,3.2701957245252835e-05
76787124.633789062,76.787124633789,1.1136351581175551e-05,3.3092630045066962e-05,1.6550722973466209e-05,2.327258254883145e-05,3.482074709827493e-05
76787269.592285156,76.787269592285,1.0768300876085459e-05,2.9547892459472697e-05,1.948364677821231e-05,1.9744732441690038e-05,2.895861863296537e-05
76787414.55078125,76.787414550781,1.2703266977495036e-05,3.1924361734155184e-05,2.2962572963662987e-05,2.1707584256516181e-05,3.8690606475222944e-05
76787559.509277344,76.787559509277,1.3432093677247398e-05,3.4062624269588117e-05,2.6165572007311835e-05,2.1165781388070897e-05,4.39831148022526e-05
76787704.467773438,76.787704467773,1.3272879737098324e-05,3.5699861306953587e-05,2.8667022166398252e-05,2.2312854151972065e-05,3.3103689038259803e-05
76787849.426269531,76.787849426270,1.263541173079323e-05,3.5117837756855948e-05,2.4164234945964313e-05,1.8184697270453491e-05,3.6148937966662429e-05
76787994.384765625,76.787994384766,1.2879468279938888e-05,4.1714853545323431e-05,2.6014715253638579e-05,1.7735766470535175e-05,3.5602367413585771e-05
76788139.343261719,76.788139343262,1.5993270682541666e-05,3.8096807993615363e-05,2.2221567378340667e-05,1.5888388562275005e-05,3.5766673926806568e-05
76788284.301757812,76.788284301758,1.1803634432200297e-05,4.0898804012533844e-05,1.7998711772060985e-05,1.7208237458395309e-05,4.1699534598875783e-05
76788429.260253906,76.788429260254,1.0250495069177803e-05,4.2971040279159659e-05,2.1438320662690645e-05,2.592144341000105e-05,3.5688787346258667e-05
76788574.21875,76.788574218750,1.1074527360977947e-05,3.3233282594238963e-05,2.0258916433821945e-05,2.7466686888323965e-05,2.3799659140563291e-05
76788719.177246094,76.788719177246,1.295704061913222e-05,3.9963571741973593e-05,2.4078108887166741e-05,1.9892266993932705e-05,2.9146033092824832e-05
76788864.135742188,76.788864135742,1.3058855375498862e-05,2.9936157828741463e-05,2.9878040442782957e-05,2.1681963537527947e-05,4.205469959172323e-05
76789009.094238281,76.789009094238,1.1869398896357425e-05,3.4838422874223317e-05,3.1236506212472443e-05,2.2555228528371228e-05,3.8023333296662525e-05
76789154.052734375,76.789154052734,8.5257314057701713e-06,3.9070153054872633e-05,2.9830047747725096e-05,2.3113464143151261e-05,4.1614149416016647e-05
76789299.011230469,76.789299011230,9.6624859193966084e-06,3.2937445523766296e-05,2.3989159013552604e-05,2.4957007629784427e-05,3.358666918482411e-05
76789443.969726562,76.789443969727,9.8544175400135141e-06,2.9022443705600999e-05,2.0851051115522511e-05,2.9634502665452391e-05,2.9349980746487999e-05
76789588.928222656,76.789588928223,7.8743245351155962e-06,3.3718108440225181e-05,1.8731204320340558e-05,2.967813161045853e-05,3.9501043510562896e-05
76789733.88671875,76.789733886719,1.1140488941299552e-05,3.8943578601271695e-05,1.9146582318097245e-05,2.1739901597768455e-05,3.8836422911226355e-05
76789878.845214844,76.789878845215,1.014199635500306e-05,4.2099844231532113e-05,2.2402986348276191e-05,2.1064484459728763e-05,3.3740768092907994e-05
76790023.803710938,76.790023803711,9.7217220607372062e-06,4.2678381404049057e-05,2.4466634351877575e-05,2.2771654804474615e-05,2.6690907381677892e-05
76790168.762207031,76.790168762207,1.2389836159463295e-05,3.5988693601891018e-05,2.1451443929750241e-05,2.0060091904305812e-05,3.629635415495877e-05
76790313.720703125,76.790313720703,1.4174645777043383e-05,3.6486561315288279e-05,2.4852132172472625e-05,2.4311665707633456e-05,3.9631361719696778e-05
76790458.679199219,76.790458679199,1.1286654046920942e-05,3.2470224520693201e-05,2.7363423582528145e-05,2.2250937360674281e-05,3.8737059379755675e-05
76790603.637695312,76.790603637695,1.0777574968095198e-05,2.7502659727068838e-05,2.1835092952335489e-05,1.6791629274987244e-05,3.9338340525652179e-05
76790748.596191406,76.790748596191,1.3731728207904304e-05,3.2870582977759581e-05,1.9834754781744067e-05,2.4623119011657379e-05,3.8276978186062279e-05
76790893.5546875,76.790893554688,1.4579929778983384e-05,3.2008889087796674e-05,2.1516331608826917e-05,2.3331519364951512e-05,3.4000258889585259e-05
76791038.513183594,76.791038513184,1.2372277414201929e-05,2.9025145338959208e-05,2.2966862010476101e-05,2.1456455957426989e-05,3.2671115546647994e-05
76791183.471679688,76.791183471680,1.160442308433769e-05,3.550616003513187e-05,2.7111283908550896e-05,1.7221191936303121e-05,4.3198457987947929e-05
76791328.430175781,76.791328430176,9.93498740494437e-06,5.0361380074164118e-05,2.9350365373251923e-05,1.790517502772897e-05,4.0177375478174172e-05
76791473.388671875,76.791473388672,7.591033774668285e-06,4.1806948906337951e-05,3.0623933677795439e-05,1.9424200979872443e-05,3.1644991694287802e-05
76791618.347167969,76.791618347168,8.466184510833878e-06,2.6838607192412482e-05,2.3527211981642204e-05,1.8264393763297223e-05,3.1108953297865412e-05
76791763.305664062,76.791763305664,9.9895110634976232e-06,2.4935515412716305e-05,2.2842468550869212e-05,1.8067020048048516e-05,4.1653138338158802e-05
76791908.264160156,76.791908264160,1.086457064555868e-05,3.8860721301223283e-05,2.3340743874217923e-05,2.0416297595832857e-05,4.3950534245177846e-05
76792053.22265625,76.792053222656,1.2867085026166543e-05,3.5759552978765027e-05,2.0419492325877161e-05,2.1311096294824111e-05,3.6723570945340438e-05
76792198.181152344,76.792198181152,1.0160322955999152e-05,2.8132343984719575e-05,2.406513084395981e-05,2.0260697305723531e-05,2.7969943601591167e-05
76792343.139648438,76.792343139648,7.8033392834046986e-06,3.1890151117635266e-05,3.092531826027094e-05,2.1678467585501464e-05,3.5912104820176672e-05
76792488.098144531,76.792488098145,9.2684391848761801e-06,2.3700015962645502e-05,2.2172537189768804e-05,3.1065251635826313e-05,3.4251984889429365e-05
76792633.056640625,76.792633056641,1.136964678686242e-05,2.7715360154675656e-05,2.3024054049853621e-05,3.0648952594589597e-05,3.6462878256157962e-05
76792778.015136719,76.792778015137,1.0444796068098086e-05,3.7947406791173372e-05,2.0449822205374799e-05,3.3700111375857117e-05,4.1147137121617396e-05
76792922.973632812,76.792922973633,1.0855388290834853e-05,3.33321813381603e-05,2.0731145172272158e-05,2.4224907810850354e-05,3.8270879656699246e-05
76793067.932128906,76.793067932129,1.2452627600297944e-05,2.931945848073702e-05,2.2837849050579509e-05,1.7783339405678407e-05,3.7870964161046895e-05
76793212.890625,76.793212890625,1.0995461237153789e-05,2.9861257746723606e-05,2.8089233837422036e-05,2.2535123247316812e-05,4.0589692725998492e-05
76793357.849121094,76.793357849121,1.0613039540901015e-05,3.4800326318985111e-05,2.5371909848017018e-05,2.1585694195980069e-05,3.6420352599293818e-05
76793502.807617188,76.793502807617,1.2023721319424226e-05,3.9802681093353208e-05,2.4033832946288862e-05,2.539800307337418e-05,3.8339578289160319e-05
76793647.766113281,76.793647766113,1.036623963621246e-05,4.4887851011359275e-05,2.8291654393203377e-05,2.180246830007253e-05,3.4645987618272663e-05
76793792.724609375,76.793792724609,1.2806821694791929e-05,5.0706329398945815e-05,2.5088687043737336e-05,2.243668486515162e-05,3.3364619714387975e-05
76793937.683105469,76.793937683105,1.1886653712906439e-05,3.9495691295795002e-05,2.4764178599383437e-05,2.605100783755425e-05,3.5226351658451902e-05
76794082.641601562,76.794082641602,1.1203318323421204e-05,3.6278184464372021e-05,2.3672149360513865e-05,2.7620231112054363e-05,3.4975448526370196e-05
76794227.600097656,76.794227600098,1.2385062450249071e-05,3.5740267049320679e-05,2.7345532362266229e-05,2.2033280983998734e-05,3.480422760448846e-05
76794372.55859375,76.794372558594,1.3755436703419994e-05,3.1233599312616445e-05,2.3148352240953659e-05,1.9615126466157551e-05,3.6078627818972153e-05
76794517.517089844,76.794517517090,1.6234680512340408e-05,2.9724826984314143e-05,2.6075782999704513e-05,2.2644169248978871e-05,3.6238864492592523e-05
76794662.475585938,76.794662475586,1.8500680293098197e-05,2.9942583173278059e-05,2.3923550906314309e-05,2.2930297816504157e-05,3.4151185891343238e-05
76794807.434082031,76.794807434082,1.4037510579567264e-05,3.2982081628835449e-05,2.1592861976119658e-05,1.8945135735020685e-05,4.0746279226502216e-05
76794952.392578125,76.794952392578,1.1734239186204444e-05,3.0539509957543485e-05,2.6406738043277851e-05,2.3345136737895418e-05,3.8292759917754067e-05
76795097.351074219,76.795097351074,1.0396503957701496e-05,3.4755797892301548e-05,2.4153972012451242e-05,3.2077796850284743e-05,3.810869203779104e-05
76795242.309570312,76.795242309570,1.1955713489589701e-05,3.9854988339500073e-05,2.1584543248003221e-05,1.6585447504592533e-05,4.1842233003565745e-05
76795387.268066406,76.795387268066,1.0179307064622929e-05,2.7640718898633561e-05,2.8701264468956499e-05,1.5726059577167911e-05,3.3031103331198771e-05
76795532.2265625,76.795532226562,9.9867516991684351e-06,2.3270616084737773e-05,3.8118080378298327e-05,1.9996923783067121e-05,3.7920089666797238e-05
76795677.185058594,76.795677185059,1.2378283930282371e-05,2.7399791258472802e-05,3.082074333444614e-05,2.0335984836867311e-05,4.5881870815444259e-05
76795822.143554688,76.795822143555,1.1522826986229939e-05,3.0123456523497482e-05,3.3370081066635596e-05,1.417770447390756e-05,4.673125454515909e-05
76795967.102050781,76.795967102051,1.0037835824955594e-05,3.4427704514549002e-05,2.719152271652462e-05,1.617956899228549e-05,4.036067785585537e-05
76796112.060546875,76.796112060547,1.1634057548762746e-05,3.3646580118232216e-05,2.67319836312106e-05,2.4972292683252716e-05,3.7039649477214423e-05
76796257.019042969,76.796257019043,1.0233564008525074e-05,2.5696420998246541e-05,2.3119094895373037e-05,2.3331958607383133e-05,3.2017957969282983e-05
76796401.977539062,76.796401977539,8.9739355214346509e-06,2.8835568098710629e-05,2.4112290042243643e-05,2.0588533013728993e-05,3.4744746955721984e-05
76796546.936035156,76.796546936035,1.2286153410110045e-05,3.2735470374205553e-05,3.1006447877829226e-05,1.6702006437538443e-05,3.9475745493579016e-05
76796691.89453125,76.796691894531,1.4089854590640439e-05,2.438963200880472e-05,2.565863616763563e-05,1.5950265606975045e-05,4.1440808191258169e-05
76796836.853027344,76.796836853027,1.1022700774862591e-05,3.2138863174601853e-05,2.3029009095917859e-05,1.6059925314723305e-05,4.1520036408475331e-05
76796981.811523438,76.796981811523,1.2278298148517588e-05,2.8791194503440852e-05,2.6638641124674683e-05,1.5200084230188739e-05,3.5261426049531965e-05
76797126.770019531,76.797126770020,1.2292547362427361e-05,2.6542076171005322e-05,2.5141407142614753e-05,2.0889929398227689e-05,3.0006166861360775e-05
76797271.728515625,76.797271728516,9.8813231555920845e-06,2.9838506704647941e-05,2.4775733686650146e-05,2.2069721417377952e-05,2.6256359992159493e-05
76797416.687011719,76.797416687012,9.6523636468663323e-06,3.5701673117798536e-05,2.4243075736905952e-05,2.3908698463550481e-05,2.8220528380124719e-05
76797561.645507812,76.797561645508,1.1877191022795562e-05,3.3390763028958238e-05,2.3133738705604987e-05,2.8328963515950623e-05,3.6853967381843021e-05
76797706.604003906,76.797706604004,1.1014260103063338e-05,2.5007076609810749e-05,1.904236640510672e-05,2.4296128626573466e-05,3.303430370041371e-05
76797851.5625,76.797851562500,9.4152218246122206e-06,2.6117452476952032e-05,2.0909553282666538e-05,2.5346536697230641e-05,3.6842798338647025e-05
76797996.520996094,76.797996520996,1.0945958644932306e-05,3.365451944528911e-05,2.2771646672571658e-05,2.5556872680624013e-05,4.0578676703977254e-05
76798141.479492188,76.798141479492,1.107176195037882e-05,3.8290960881118827e-05,3.494755727370242e-05,2.6362393090652953e-05,4.7566489865196379e-05
76798286.437988281,76.798286437988,1.2173233943336637e-05,3.4534336437661081e-05,3.8078175739769847e-05,2.769551932197879e-05,4.3089826489523488e-05
76798431.396484375,76.798431396484,1.5633028042157139e-05,3.4746787647419884e-05,2.8940753218141725e-05,2.7056450490539549e-05,5.1029602425341283e-05
76798576.354980469,76.798576354980,1.2837426580367122e-05,2.602427118404349e-05,2.1876724750169921e-05,2.6818860027168252e-05,4.6218543851014777e-05
76798721.313476562,76.798721313477,1.1615215265665056e-05,3.754425823919767e-05,2.3174011149836376e-05,2.2211269433404798e-05,3.006435576109149e-05
76798866.271972656,76.798866271973,1.1543065510217096e-05,3.7501826922570544e-05,2.8988974403578679e-05,1.7240980315097048e-05,2.1669754693542298e-05
76799011.23046875,76.799011230469,7.5765856707354799e-06,2.743526533163145e-05,2.0979060859802983e-05,2.094602192865316e-05,3.3973331256020398e-05
76799156.188964844,76.799156188965,1.1291136883703692e-05,3.5129199305011163e-05,1.815133394927121e-05,3.3365898386734583e-05,3.0762466247348287e-05
76799301.147460938,76.799301147461,1.0228310941148957e-05,3.6981548334687142e-05,2.0850290618265617e-05,2.561762547249849e-05,3.6407966151043221e-05
76799446.105957031,76.799446105957,9.2998032941740583e-06,4.0040285530348229e-05,2.6849645502013122e-05,1.9734330400623535e-05,3.4432385887059481e-05
76799591.064453125,76.799591064453,1.0060979251303224e-05,2.8297306822360284e-05,2.2615465739209212e-05,1.8695094308463867e-05,2.9670750826744852e-05
76799736.022949219,76.799736022949,1.0788313153645524e-05,2.6480776801468385e-05,2.1715448119049752e-05,1.563828357058988e-05,3.6740878200940846e-05
76799880.981445312,76.799880981445,9.0530439719735093e-06,3.4649818887554621e-05,2.316877538101114e-05,1.9726915915474219e-05,3.7451631430406393e-05
76800025.939941406,76.800025939941,1.057400039695523e-05,3.7821676497489248e-05,2.4438107389704587e-05,2.1910837301784444e-05,3.4896771730709365e-05
76800170.8984375,76.800170898438,1.5355467324141611e-05,4.1207641104668892e-05,2.4347511696926471e-05,2.6972525898317094e-05,3.0350071274277027e-05
76800315.856933594,76.800315856934,1.3339535776790173e-05,4.3168343162566164e-05,2.1375905066686874e-05,3.185142178562506e-05,3.0491405772745371e-05
76800460.815429688,76.800460815430,1.2392210919765854e-05,4.2670899646093119e-05,2.1571862750461351e-05,2.0645381886221139e-05,3.9229233017321326e-05
76800605.773925781,76.800605773926,1.4909692106076361e-05,3.6341791521070837e-05,2.1864264546869138e-05,2.6345792673936414e-05,4.9473012015069345e-05
76800750.732421875,76.800750732422,1.5068018470887175e-05,3.1508418625018911e-05,1.8265247365115837e-05,2.6721771022832471e-05,5.1933241001940862e-05
76800895.690917969,76.800895690918,1.2797194864688455e-05,3.2742013082725088e-05,2.2719575853527478e-05,2.2418164929420332e-05,3.8738554615951317e-05
76801040.649414062,76.801040649414,1.1367492808808675e-05,3.516593934329681e-05,1.837865036555859e-05,1.7982326118795249e-05,2.2342016100148986e-05
76801185.607910156,76.801185607910,9.949084851400082e-06,2.6659304279077256e-05,2.2351057995356469e-05,2.1192374239422112e-05,3.4344262844039504e-05
76801330.56640625,76.801330566406,1.1286088550364779e-05,3.4482530605225515e-05,2.744401602455347e-05,2.473795781668386e-05,4.5319482399306493e-05
76801475.524902344,76.801475524902,9.7931548362705268e-06,3.2240187140174643e-05,2.6058733567371801e-05,2.5742184735747223e-05,3.9966858637348637e-05
76801620.483398438,76.801620483398,1.1854928102180938e-05,3.1692541288759055e-05,2.2389467361937303e-05,1.9789956981451491e-05,3.8414509505681388e-05
76801765.441894531,76.801765441895,1.1318620893469938e-05,2.7979133869872342e-05,2.3156690939684054e-05,1.8147595261762307e-05,3.9887044309377083e-05
76801910.400390625,76.801910400391,1.1076460711261328e-05,4.3990093570093613e-05,2.4447627669224936e-05,2.1313157547590026e-05,3.2372541689116042e-05
76802055.358886719,76.802055358887,1.309788028266898e-05,5.4352612725542251e-05,2.3498756771852345e-05,2.2825025985783691e-05,3.3518113798251651e-05
76802200.317382812,76.802200317383,1.2982995699284628e-05,3.190345725301467e-05,2.1452859511530577e-05,1.9767488939626788e-05,3.8959111016149125e-05
76802345.275878906,76.802345275879,1.1223935817841356e-05,3.7536096783982292e-05,2.0127355699320359e-05,1.7709624735746191e-05,3.4674426889140316e-05
76802490.234375,76.802490234375,1.121046278474837e-05,3.2376293962999874e-05,2.4044286725860566e-05,2.3174693702161278e-05,3.1899391170756045e-05
76802635.192871094,76.802635192871,1.0931999905968367e-05,3.1550583314503824e-05,2.4681614934153453e-05,2.1600625522743307e-05,4.076304356247973e-05
76802780.151367188,76.802780151367,8.154236530774515e-06,3.461835624655927e-05,1.6194387116555809e-05,2.1153319399655201e-05,3.8103216818229133e-05
76802925.109863281,76.802925109863,8.6303837581521095e-06,3.1290507555032739e-05,2.6537313930130755e-05,2.2416059666292371e-05,3.0360548607615784e-05
76803070.068359375,76.803070068359,1.0447561854969295e-05,3.1607727910587028e-05,2.5740403093684907e-05,1.7702686851391668e-05,3.2791215286351895e-05
76803215.026855469,76.803215026855,8.2647519868982752e-06,3.560913369559081e-05,2.4218628978269192e-05,2.0430708076849784e-05,3.1337121414678755e-05
76803359.985351562,76.803359985352,7.0972981976093055e-06,3.790396051323347e-05,2.8416512854936884e-05,2.0783124108705247e-05,3.4128261618413093e-05
76803504.943847656,76.803504943848,1.3167262132162186e-05,2.9948986543412675e-05,2.88035617249127e-05,2.3928644750246186e-05,3.7327959852710569e-05
76803649.90234375,76.803649902344,1.3334837455606604e-05,3.7107058983173274e-05,1.8969125772393898e-05,2.3278405886936027e-05,4.219763128602007e-05
76803794.860839844,76.803794860840,9.5513668341409466e-06,2.9460157575744146e-05,2.1101090573575851e-05,1.3700514671975603e-05,3.6769422617718253e-05
76803939.819335938,76.803939819336,8.5819292383123869e-06,2.4679820135970338e-05,2.1984157366018584e-05,1.3043819600505632e-05,2.8327023800221205e-05
76804084.777832031,76.804084777832,9.9002360534032376e-06,3.4669890209785711e-05,1.9407864023296658e-05,2.0545067217944814e-05,3.3046952359366087e-05
76804229.736328125,76.804229736328,7.7097598898363831e-06,2.5269538789464299e-05,3.1552601559495886e-05,2.2775020762418353e-05,4.7803956536068624e-05
76804374.694824219,76.804374694824,8.0360755497012511e-06,3.3147177071627041e-05,2.6935714264034246e-05,1.4930985351664794e-05,5.0084630367356631e-05
76804519.653320312,76.804519653320,1.3661600729290858e-05,5.3399510986225888e-05,2.4340191782646307e-05,1.6918505706910873e-05,4.0832184419372173e-05
76804664.611816406,76.804664611816,1.4169785478073622e-05,4.6542504759711367e-05,2.1813591906418179e-05,1.5389177011961449e-05,4.0190004231085967e-05
76804809.5703125,76.804809570312,1.4326112568435496e-05,4.3577768682143165e-05,2.5445896490523426e-05,2.3116898265356818e-05,3.4692141081100022e-05
76804954.528808594,76.804954528809,1.3151425856609526e-05,4.0467560812375472e-05,2.8494226179891231e-05,2.3159135462331327e-05,3.1803818411159345e-05
76805099.487304688,76.805099487305,1.0804607271166872e-05,3.3016052722025425e-05,2.9062480453453834e-05,1.9456617698190399e-05,3.6183468127752215e-05
76805244.445800781,76.805244445801,1.1259505978774145e-05,3.7238551523545595e-05,2.2985229757111541e-05,2.5789635304540559e-05,3.384829393413529e-05
76805389.404296875,76.805389404297,1.1204308271700262e-05,3.1353009452620242e-05,2.0158860427599974e-05,2.6349870954776983e-05,2.5294673562545398e-05
76805534.362792969,76.805534362793,8.9377191645413113e-06,3.7763714449343156e-05,2.1901314588052388e-05,2.2932939884183794e-05,2.82294427516826e-05
76805679.321289062,76.805679321289,6.8148334446041447e-06,4.0710501115121913e-05,2.091874639234831e-05,1.925213871098023e-05,3.024528252320302e-05
76805824.279785156,76.805824279785,6.5521583960546777e-06,3.3351983111017873e-05,2.2923179869911246e-05,1.757574126981762e-05,2.7806287974322639e-05
76805969.23828125,76.805969238281,9.3346175338198961e-06,3.2282307879683608e-05,2.2003248819157551e-05,1.8944645905135702e-05,3.3040658154216567e-05
76806114.196777344,76.806114196777,9.6775950177773665e-06,3.6517691042939088e-05,2.0668216487771363e-05,2.1745853807092955e-05,3.1354178659119527e-05
76806259.155273438,76.806259155273,1.2310661307160876e-05,3.9883580017102792e-05,2.5782910170844788e-05,1.8285238464983876e-05,3.3992747006779102e-05
76806404.113769531,76.806404113770,1.1981938212350018e-05,3.3588198549184029e-05,2.9862668040793988e-05,2.2297936276195039e-05,2.892720055808681e-05
76806549.072265625,76.806549072266,9.7488397036350387e-06,2.658099056570446e-05,2.1749701982156175e-05,2.6280360667761728e-05,3.8793437153505614e-05
76806694.030761719,76.806694030762,9.3891360603290388e-06,3.9761104546355169e-05,2.4851448314960923e-05,2.3865116404938171e-05,3.956902795661295e-05
76806838.989257812,76.806838989258,7.9954943765185255e-06,3.5157450417832442e-05,2.7360875841072586e-05,2.3993083357570299e-05,3.220257796023375e-05
76806983.947753906,76.806983947754,1.1218514534453522e-05,2.5858587960813488e-05,1.8783997133747245e-05,1.6134758974026871e-05,3.3385382089291331e-05
76807128.90625,76.807128906250,1.4129742453893104e-05,3.1281945601268011e-05,2.3545182010015965e-05,2.0111419055850731e-05,3.3468301849621475e-05
76807273.864746094,76.807273864746,1.4902850939447417e-05,3.42052589459893e-05,2.9400420139691341e-05,2.6813530317739591e-05,3.0038300049547829e-05
76807418.823242188,76.807418823242,1.3360559484581735e-05,3.4527501344084184e-05,2.9803427234490247e-05,2.3632417487318198e-05,2.5706810248911396e-05
76807563.781738281,76.807563781738,1.0829889737313931e-05,3.4520441077818477e-05,3.04868470285671e-05,1.9445255785824194e-05,4.1070164516472268e-05
76807708.740234375,76.807708740234,1.0517875486859425e-05,3.385428126573016e-05,2.8596829078427282e-05,2.2128167453410386e-05,3.5213044457963945e-05
76807853.698730469,76.807853698730,1.2114191610243651e-05,2.8498397581790241e-05,2.5810137334274282e-05,2.2923830725504581e-05,4.013486959892735e-05
76807998.657226562,76.807998657227,1.0607263464633762e-05,3.4595738943684979e-05,2.228218670361777e-05,2.0522320304176853e-05,3.6214321869303931e-05
76808143.615722656,76.808143615723,9.5389308718846363e-06,3.0929087808324273e-05,2.175268637954031e-05,1.954401640841728e-05,2.8194362295000662e-05
76808288.57421875,76.808288574219,1.1814848535019541e-05,2.4043961990728548e-05,2.8397216049897905e-05,1.7777838857743572e-05,3.0214991660676134e-05
76808433.532714844,76.808433532715,1.0117721371589218e-05,3.1073501261671716e-05,3.026519561081437e-05,2.4896639696040012e-05,2.9745020489711687e-05
76808578.491210938,76.808578491211,8.9356058651076444e-06,2.3087325316250237e-05,2.9516300377176433e-05,2.3670110540419932e-05,2.8342767416577663e-05
76808723.449707031,76.808723449707,9.4111286086935108e-06,3.0684611373260753e-05,3.1877162683884349e-05,2.058279837111783e-05,4.0051600666844883e-05
76808868.408203125,76.808868408203,8.7698124209930962e-06,2.9426054210039949e-05,3.1935126402546543e-05,1.4128809046772904e-05,3.8921622833746941e-05
76809013.366699219,76.809013366699,1.0307452922469057e-05,3.1151713267021578e-05,3.0849966495175364e-05,1.568649968090175e-05,3.6932198499261527e-05
76809158.325195312,76.809158325195,8.9364189583812174e-06,2.5916259885292662e-05,3.2094488614929219e-05,2.6653439671360575e-05,3.5830581009749488e-05
76809303.283691406,76.809303283691,1.1784721696573301e-05,3.5566074646548523e-05,3.0145080077131067e-05,2.8165124474964751e-05,3.8050999543290696e-05
76809448.2421875,76.809448242188,1.0748998309464517e-05,3.1118729264533699e-05,2.5323053894434307e-05,2.3345030180603081e-05,4.4764785852483104e-05
76809593.200683594,76.809593200684,1.3874855660068742e-05,3.7873530376947251e-05,3.1489238040042148e-05,2.3520205490868979e-05,4.2086831875651795e-05
76809738.159179688,76.809738159180,1.3684628778315671e-05,3.4617395025419192e-05,2.5381308391699757e-05,3.0562058745112646e-05,3.3805138124201163e-05
76809883.117675781,76.809883117676,1.3368254620619632e-05,2.7895256025854336e-05,3.0195486420344058e-05,2.9111980628450949e-05,3.6790394351993326e-05
76810028.076171875,76.810028076172,1.0241482177012496e-05,3.0371772561381423e-05,2.936556286989902e-05,2.7693765779867537e-05,3.3070050809549398e-05
76810173.034667969,76.810173034668,1.1275477251634235e-05,3.7159596842210888e-05,2.8986460950362068e-05,2.3589739404561745e-05,3.0773196599589566e-05
76810317.993164062,76.810317993164,1.256437383026939e-05,3.4543356203383187e-05,3.5841627252347107e-05,2.7327833641663988e-05,3.1132199702556073e-05
76810462.951660156,76.810462951660,8.4014240070769124e-06,4.0223926371460977e-05,1.9262435218535567e-05,2.3504252487340328e-05,3.2482687396251138e-05
76810607.91015625,76.810607910156,8.8755771472303629e-06,4.4319713655731888e-05,2.7950124625342003e-05,2.1080635143889751e-05,3.6339959242355299e-05
76810752.868652344,76.810752868652,1.0080759982996966e-05,4.4822348304468511e-05,3.1687418734833608e-05,2.476077338250399e-05,3.5988676181840712e-05
76810897.827148438,76.810897827148,1.0341214590467466e-05,4.6889930295480039e-05,2.2697323561373305e-05,2.117924595278669e-05,4.0006237589472628e-05
76811042.785644531,76.811042785645,1.2781741008193316e-05,3.6152716686598111e-05,2.6779197865352286e-05,2.1345856401974879e-05,3.2593147111751042e-05
76811187.744140625,76.811187744141,1.337586431888765e-05,3.2908715477120547e-05,2.535779783168417e-05,2.1086800916475798e-05,2.8095207281359867e-05
76811332.702636719,76.811332702637,1.1410304800785656e-05,2.7110027955964701e-05,2.1537958125949697e-05,2.3363764177395201e-05,4.025147097385399e-05
76811477.661132812,76.811477661133,1.1072739066242544e-05,2.8575963825619898e-05,1.9543584887533418e-05,2.740647194598813e-05,3.9311562120973185e-05
76811622.619628906,76.811622619629,1.2038333332400596e-05,2.6120263876025804e-05,2.561980593873709e-05,2.0236076581057895e-05,3.7186944844914431e-05
76811767.578125,76.811767578125,1.2929531680174004e-05,3.4377342613180393e-05,2.6968959951749689e-05,2.0408186440463056e-05,3.240131168601351e-05
76811912.536621094,76.811912536621,1.3999264925745325e-05,4.236585113783757e-05,2.2523434560145634e-05,1.9837716484529384e-05,3.1616305063685796e-05
76812057.495117188,76.812057495117,1.3879492420020206e-05,3.5180078890673696e-05,2.255392308559328e-05,1.8649680324806629e-05,3.3813259219603e-05
76812202.453613281,76.812202453613,1.6129555837847233e-05,3.3246441218510776e-05,2.2055512184163738e-05,2.7051148501811365e-05,3.0114480786628029e-05
76812347.412109375,76.812347412109,1.1472440288076305e-05,2.9329250700270232e-05,2.9375312680210184e-05,3.1718875274674208e-05,3.4423046867042296e-05
76812492.370605469,76.812492370605,8.9685027370704298e-06,3.4074151893541228e-05,3.5824826546497737e-05,2.5843205936763942e-05,3.3384749294703138e-05
76812637.329101562,76.812637329102,9.1215874091678612e-06,3.9939249246831072e-05,2.3733840845794879e-05,1.986622625675711e-05,2.8378328416183712e-05
76812782.287597656,76.812782287598,8.6649580788612231e-06,3.1902001583111443e-05,2.1899791475636707e-05,1.5475814243754202e-05,3.6039224154809038e-05
76812927.24609375,76.812927246094,1.4448554378526568e-05,3.4488166459880255e-05,1.9563352007115573e-05,1.9854857469598333e-05,3.5119641444239067e-05
76813072.204589844,76.813072204590,1.4445881036472956e-05,2.8604743615086597e-05,1.9907749248493683e-05,2.1412710422776455e-05,3.7177183728988254e-05
76813217.163085938,76.813217163086,9.9256570326794438e-06,2.4316466445198962e-05,1.8055181616437407e-05,2.2539727040156606e-05,3.3758779097504167e-05
76813362.121582031,76.813362121582,1.1559480976058254e-05,2.8487546771137698e-05,2.1534362734681848e-05,2.5325927789120913e-05,3.6646083057448859e-05
76813507.080078125,76.813507080078,1.3532811191990353e-05,2.3586141040389621e-05,2.6990694789069991e-05,1.8589107347534363e-05,3.4531105114594721e-05
76813652.038574219,76.813652038574,1.1848648194340825e-05,3.3455020342986631e-05,2.5048366231744033e-05,2.396242595924912e-05,2.9810362673934986e-05
76813796.997070312,76.813796997070,1.1276736876425431e-05,3.5679372781563331e-05,2.6612926215000887e-05,1.5754024302033861e-05,3.2442233404383046e-05
76813941.955566406,76.813941955566,1.0642781667244452e-05,3.4863148624436043e-05,2.4001918047966704e-05,1.5444993378248315e-05,3.092840454052296e-05
76814086.9140625,76.814086914062,1.0936706521147507e-05,2.8943782929049392e-05,2.9075493200806759e-05,1.8963266251953151e-05,3.549465710541405e-05
76814231.872558594,76.814231872559,1.5152264277817156e-05,2.647167345682892e-05,2.3870868010738427e-05,2.3740562417079606e-05,3.6452358254340794e-05
76814376.831054688,76.814376831055,1.3622054880117699e-05,3.0311158670006853e-05,2.6268202792311508e-05,2.0991470815453237e-05,3.4014530863520789e-05
76814521.789550781,76.814521789551,1.064075491380823e-05,3.2237064146719447e-05,3.6734737959944228e-05,2.1606334860202822e-05,3.9536560152939152e-05
76814666.748046875,76.814666748047,1.0368080815021683e-05,2.6134216830029057e-05,3.0838204479775382e-05,2.093968680516561e-05,3.5884202155003644e-05
76814811.706542969,76.814811706543,1.1552869348242381e-05,3.0176817360778714e-05,2.8832995893470644e-05,2.0485243923071382e-05,3.9790249089006295e-05
76814956.665039062,76.814956665039,1.123055066802054e-05,2.7548920519470962e-05,2.6203202436311298e-05,1.4760908258883231e-05,4.0645984645874697e-05
76815101.623535156,76.815101623535,1.047659001851841e-05,2.2885165245343605e-05,2.3204911557325892e-05,1.33087178286213e-05,3.0628258238257234e-05
76815246.58203125,76.815246582031,9.4520248865557088e-06,3.0824561107213605e-05,2.3604786093001249e-05,2.0740315211686767e-05,3.4672417856075068e-05
76815391.540527344,76.815391540527,1.1028162486175556e-05,3.4612564035014346e-05,2.1557226024221627e-05,2.2203779612623818e-05,3.5252874253437447e-05
76815536.499023438,76.815536499023,7.8647806885317274e-06,3.5204139940940181e-05,2.4153048552576355e-05,2.4876590787291376e-05,4.0284979144106732e-05
76815681.457519531,76.815681457520,9.2617610808214003e-06,3.2907403161150808e-05,2.4971546062651048e-05,2.2951691758320233e-05,3.8425050778823406e-05
76815826.416015625,76.815826416016,1.0263855122127328e-05,3.4288107170366888e-05,2.3196997481182385e-05,1.7855834945738163e-05,3.3722752401297977e-05
76815971.374511719,76.815971374512,8.7906655486959472e-06,3.3998829575399344e-05,1.6911915826776741e-05,2.1337475984545336e-05,3.6284603819326503e-05
76816116.333007812,76.816116333008,1.2630013330924354e-05,3.6754883966534242e-05,2.0836577744915407e-05,2.3567738520112333e-05,3.8229847714244723e-05
76816261.291503906,76.816261291504,1.202571989351597e-05,3.2499922371243506e-05,2.8351188632545951e-05,2.919680824289859e-05,3.1457719970052632e-05
76816406.25,76.816406250000,9.5438553369052529e-06,3.5997325299577139e-05,2.3340623789873786e-05,2.8252478472842384e-05,4.1781416981722112e-05
76816551.208496094,76.816551208496,1.4473665973203984e-05,3.3331453125087287e-05,2.5853319118686772e-05,2.0708882285314173e-05,3.121778167751316e-05
76816696.166992188,76.816696166992,1.506452124211033e-05,3.2653989319955501e-05,2.5735983904260871e-05,1.7671803673006421e-05,3.2609907672163524e-05
76816841.125488281,76.816841125488,1.355650636941954e-05,3.8094901630806594e-05,3.0035195516587054e-05,1.8155567830753105e-05,3.4528631834567134e-05
76816986.083984375,76.816986083984,1.2866412174548171e-05,2.780732381647291e-05,2.7988126536602296e-05,1.8187476321494194e-05,3.1761588597815205e-05
76817131.042480469,76.817131042480,1.3485384197335489e-05,3.1261540555681059e-05,2.1892997671030533e-05,2.169604532889524e-05,4.0390430657527161e-05
76817276.000976562,76.817276000977,1.7274171564339681e-05,3.9778211274908441e-05,2.4371795184244942e-05,2.7217219039089161e-05,4.5576400985920885e-05
76817420.959472656,76.817420959473,1.5563817807527878e-05,3.4580694447765878e-05,3.1436830887747475e-05,2.4784780104796358e-05,4.2629161490991337e-05
76817565.91796875,76.817565917969,1.1255718873939459e-05,3.0717585196400958e-05,2.2144938143404229e-05,2.2788156641605465e-05,3.3910510626258981e-05
76817710.876464844,76.817710876465,1.2873094330541896e-05,3.1884320331130018e-05,2.8692225183366273e-05,2.0817752028356726e-05,3.6592961808727712e-05
76817855.834960938,76.817855834961,1.3378945908629986e-05,3.122751080185784e-05,3.2154060851441579e-05,2.173880467539097e-05,4.2931547868734754e-05
76818000.793457031,76.818000793457,1.2916438834798774e-05,3.3119235015537426e-05,2.1953532771002233e-05,1.7446039857542467e-05,4.6455346505999995e-05
76818145.751953125,76.818145751953,1.0230857714537355e-05,4.1838499092021056e-05,1.9421583098681904e-05,1.5697968186110869e-05,4.2831469754213695e-05
76818290.710449219,76.818290710449,1.0939908988393124e-05,4.0615565675315227e-05,1.96071327861752e-05,1.6044134342250995e-05,4.0658171940780057e-05
76818435.668945312,76.818435668945,1.0365982899507727e-05,3.9639047988096662e-05,1.6305086543049759e-05,1.7574524106196273e-05,3.4626973926032646e-05
76818580.627441406,76.818580627441,8.1252366256049331e-06,4.1121408984118248e-05,2.7433696267776598e-05,2.197081299798881e-05,4.0988516474673787e-05
76818725.5859375,76.818725585938,1.124722492996235e-05,3.5366939195017249e-05,2.7942386287846441e-05,2.0944340139458274e-05,3.8866953193671458e-05
76818870.544433594,76.818870544434,9.9411317920157435e-06,3.3983748365061987e-05,2.829408934455405e-05,2.0403533367611861e-05,3.5950229532955949e-05
76819015.502929688,76.819015502930,1.0416321077388016e-05,3.3651189531333709e-05,2.7522115794686514e-05,2.3206124095412705e-05,3.5628148201365451e-05
76819160.461425781,76.819160461426,1.242830867343329e-05,3.3130360487262697e-05,2.8832999974641328e-05,2.1137981308114626e-05,3.7277462585510054e-05
76819305.419921875,76.819305419922,1.2848956285024608e-05,4.1053331193086087e-05,2.1970750458494946e-05,2.5355244084460614e-05,3.0188760565526154e-05
76819450.378417969,76.819450378418,1.2445493419763131e-05,3.3700890252397625e-05,2.7585705028296697e-05,2.0588609683322169e-05,3.3752450024078032e-05
76819595.336914062,76.819595336914,1.1975974288241323e-05,3.3593530292945909e-05,3.5791003984448002e-05,1.7889545884910995e-05,4.3294874135313269e-05
76819740.295410156,76.819740295410,1.1916724233360277e-05,3.6844969644427036e-05,2.6466168919198504e-05,2.0646352202763179e-05,4.4981967848343043e-05
76819885.25390625,76.819885253906,1.0022729851767149e-05,4.1867704962714944e-05,2.4405398992722444e-05,1.9636046106851599e-05,4.0170336870796534e-05
76820030.212402344,76.820030212402,1.1409647031136892e-05,3.5837416976802583e-05,2.3325655953330564e-05,2.7380715508438596e-05,4.6772045558720925e-05
76820175.170898438,76.820175170898,1.2429766938895081e-05,3.6276703627344523e-05,2.7004706287140272e-05,2.2106932217758158e-05,4.1977725392138875e-05
76820320.129394531,76.820320129395,1.5840549832101988e-05,3.8740496201961151e-05,2.7273830324282175e-05,1.7538742593241104e-05,3.6531977528700665e-05
76820465.087890625,76.820465087891,1.2557013010073264e-05,3.4667211695887103e-05,2.4332514630023502e-05,1.800005364903231e-05,3.3365036452675944e-05
76820610.046386719,76.820610046387,1.029010627557995e-05,3.8701514720758733e-05,2.0654502859154818e-05,1.9500143099804788e-05,4.067884996386131e-05
76820755.004882812,76.820755004883,1.1751874138980616e-05,3.9811086823747684e-05,2.7686381944461463e-05,1.7134021426690926e-05,3.0053924031252645e-05
76820899.963378906,76.820899963379,1.3469619971318833e-05,3.1419949600606426e-05,2.550347602456725e-05,2.1003677173420801e-05,3.4438040645762002e-05
76821044.921875,76.821044921875,1.3245500920632376e-05,4.3760691245159434e-05,2.8110322924164243e-05,2.1369707295616981e-05,3.9631149926012266e-05
76821189.880371094,76.821189880371,1.1467486515648183e-05,5.2524653862218744e-05,3.2614228075791587e-05,2.2348193140604933e-05,3.6579701953831626e-05
76821334.838867188,76.821334838867,9.2064678276548481e-06,3.7167887267236968e-05,3.4558954872020521e-05,2.0715625724913982e-05,3.7133032263359138e-05
76821479.797363281,76.821479797363,9.9357331622123345e-06,4.3728088997039243e-05,2.9449265525701763e-05,2.583443104188749e-05,4.1511035876479165e-05
76821624.755859375,76.821624755859,9.2763314158418412e-06,3.5886109421470245e-05,3.4657826338753327e-05,2.1149197651212949e-05,4.2713367105650602e-05
76821769.714355469,76.821769714355,1.1029723330735227e-05,2.3526884033304718e-05,2.5961241423876439e-05,1.5407717965233578e-05,3.9126234552244331e-05
76821914.672851562,76.821914672852,1.4361480774517012e-05,3.3509525343691496e-05,1.9275730125413177e-05,1.7652089981450188e-05,3.6020420574837337e-05
76822059.631347656,76.822059631348,1.0493482831722858e-05,2.9150357372170587e-05,2.4551377635919374e-05,2.5182895720529792e-05,2.9539449096645176e-05
76822204.58984375,76.822204589844,1.2014850518032099e-05,2.748750229478672e-05,2.7825941879724251e-05,2.0669568569784246e-05,2.8299727876583284e-05
76822349.548339844,76.822349548340,1.7006819820593481e-05,2.651373832881194e-05,2.7313954684543026e-05,2.1317025792817568e-05,4.0799349132787425e-05
76822494.506835938,76.822494506836,1.314097609582925e-05,2.9130850475669538e-05,1.7183869768232522e-05,2.4674293456604602e-05,3.9711266383709998e-05
76822639.465332031,76.822639465332,1.0967352347428454e-05,3.2819272440493185e-05,1.7916406053381046e-05,1.7009986326480769e-05,3.0921353811962012e-05
76822784.423828125,76.822784423828,1.0962389332800223e-05,2.6916733226874017e-05,2.1226161014349013e-05,1.5817979468820321e-05,3.2028416656379448e-05
76822929.382324219,76.822929382324,1.0858256671548954e-05,2.553008571793298e-05,1.793749082986826e-05,2.074280510702278e-05,4.0586011722111313e-05
76823074.340820312,76.823074340820,1.2422420828063771e-05,2.5348214110397962e-05,2.2640180341562305e-05,2.191062057320883e-05,4.4156536669416252e-05
76823219.299316406,76.823219299316,1.1221685177390936e-05,2.5640719742862462e-05,2.0726702201798679e-05,1.9655343205200527e-05,4.0023929875093855e-05
76823364.2578125,76.823364257812,1.3114253387063871e-05,3.3070811823170368e-05,1.9730068494418249e-05,1.8502936963148595e-05,3.6768100843496854e-05
76823509.216308594,76.823509216309,1.2642838844969217e-05,3.8966932261722808e-05,2.0526678605733363e-05,1.6696397935368628e-05,2.9427158908508064e-05
76823654.174804688,76.823654174805,1.0017989151565295e-05,3.5121455613615566e-05,2.2342255895678993e-05,2.0800243421761264e-05,3.4699009458601214e-05
76823799.133300781,76.823799133301,7.7223383883374838e-06,3.3651659089746938e-05,2.1470756961002356e-05,1.9983216831123401e-05,2.6783395336355795e-05
76823944.091796875,76.823944091797,1.0849114688612478e-05,3.9008569690410341e-05,2.5318882484807486e-05,2.4263492576409336e-05,2.6133970891462257e-05
76824089.050292969,76.824089050293,1.3481086207930724e-05,3.2567470293618971e-05,2.6654661774967476e-05,2.2459080802131299e-05,3.9907969869863135e-05
76824234.008789062,76.824234008789,1.6700531487376495e-05,2.6355353054305129e-05,2.6437114904844934e-05,1.925370480293902e-05,3.6475258497800434e-05
76824378.967285156,76.824378967285,1.6192693758112014e-05,3.3881074167911236e-05,3.2139421062031004e-05,2.1196093297791505e-05,2.9023677024231768e-05
76824523.92578125,76.824523925781,1.2329370475234691e-05,2.9975810355793211e-05,2.6882423907297934e-05,2.4300570397628613e-05,2.942088661086072e-05
76824668.884277344,76.824668884277,1.0770984569627845e-05,4.1626611631190611e-05,1.828959443089643e-05,3.1944011119788871e-05,2.4696651302990305e-05
76824813.842773438,76.824813842773,9.6742085335507323e-06,3.4861418409471177e-05,3.0378608160414738e-05,2.5510938743664862e-05,3.3036821184061546e-05
76824958.801269531,76.824958801270,7.1242561276068012e-06,3.5579285880668482e-05,2.9877760801140449e-05,2.3163142522937613e-05,4.3125271104063479e-05
76825103.759765625,76.825103759766,1.0657390730579068e-05,3.6112401149123463e-05,2.9773104550012674e-05,1.7848704459555535e-05,3.2353730131234525e-05
76825248.718261719,76.825248718262,1.6356648751686294e-05,3.4187504472287914e-05,2.7834370700705834e-05,2.0606100857303668e-05,2.3343770338024242e-05
76825393.676757812,76.825393676758,1.2720624002764445e-05,2.5416741286199642e-05,2.6325202760261986e-05,2.0983187106390246e-05,3.5950306375456485e-05
76825538.635253906,76.825538635254,1.2101639136686247e-05,2.3482572520505444e-05,2.7492283533606018e-05,1.9092442502660896e-05,4.9889188416888695e-05
76825683.59375,76.825683593750,1.2982214258587313e-05,2.6153690569283044e-05,2.3738026802752992e-05,2.2173036182412466e-05,4.1682743693532231e-05
76825828.552246094,76.825828552246,1.2952922303725064e-05,3.6273455968462921e-05,2.4718755801215995e-05,1.91280409493106e-05,2.289347592145899e-05
76825973.510742188,76.825973510742,9.3171960313075391e-06,4.2346169523868058e-05,2.8258229368962526e-05,2.0785259041491967e-05,3.4990501579611967e-05
76826118.469238281,76.826118469238,1.0781067314921129e-05,4.06523696373895e-05,2.6151421428719518e-05,2.4117075758429315e-05,3.8841309858445071e-05
76826263.427734375,76.826263427734,1.1979726503259619e-05,3.3799501576602571e-05,2.431930722968788e-05,2.0924559603272807e-05,3.8378548980459803e-05
76826408.386230469,76.826408386230,9.6810511567521718e-06,2.7181193703877441e-05,2.7120197047667789e-05,1.5864999301857123e-05,4.292434553040935e-05
76826553.344726562,76.826553344727,6.7666530654138512e-06,2.8787423290017797e-05,3.2987655031915124e-05,2.0503441352481404e-05,3.2652998755887379e-05
76826698.303222656,76.826698303223,9.5499342779364699e-06,3.073992540983049e-05,3.1030712918166354e-05,2.3587772975824986e-05,3.049809387546335e-05
76826843.26171875,76.826843261719,1.3005002444440417e-05,3.4387818292276232e-05,2.5164910519430498e-05,2.2038766469995242e-05,4.0264113348402434e-05
76826988.220214844,76.826988220215,1.0040489594810256e-05,3.9856797486653807e-05,2.5292559711352361e-05,1.3706147247629815e-05,4.1725498483112845e-05
76827133.178710938,76.827133178711,1.0861937135748478e-05,2.6197372029917117e-05,2.4708714044957996e-05,1.4207870780579397e-05,3.7607828151340223e-05
76827278.137207031,76.827278137207,1.0247398313229319e-05,2.0916528460205996e-05,2.134122983847225e-05,2.0816297396510134e-05,4.0646946968099459e-05
76827423.095703125,76.827423095703,1.248697218039316e-05,2.6620675931690894e-05,2.9052564780180301e-05,2.4089044909157409e-05,4.1429064771216188e-05
76827568.054199219,76.827568054199,1.5039607628871463e-05,3.2367092375375263e-05,2.9381134093637499e-05,2.1088856045793322e-05,3.424362235493275e-05
76827713.012695312,76.827713012695,1.3360957638936844e-05,3.0497727814554107e-05,2.9626934028724767e-05,2.1614376426702936e-05,2.8723511524731589e-05
76827857.971191406,76.827857971191,9.4520039063696823e-06,3.4063949768295717e-05,3.1607954250053356e-05,2.6498921954096908e-05,2.3489829343376897e-05
76828002.9296875,76.828002929688,8.9502588733468167e-06,4.4683457454506959e-05,2.8372724821738886e-05,2.5714826458815333e-05,3.1050038337262546e-05
76828147.888183594,76.828147888184,1.0271310728384558e-05,4.415874974006706e-05,2.7827382461542671e-05,2.6755674778567248e-05,3.2387771808159315e-05
76828292.846679688,76.828292846680,1.0290354368134847e-05,2.6599795744347447e-05,2.9036292000580265e-05,2.7787718177413996e-05,3.1776612803762306e-05
76828437.805175781,76.828437805176,1.0614052022013171e-05,2.6033518791729549e-05,2.6440109283355983e-05,2.0469835053273565e-05,4.0111143998875828e-05
76828582.763671875,76.828582763672,7.3051963242096878e-06,3.5117890416857633e-05,2.8374335702803243e-05,1.6908509515724006e-05,3.9153708839763818e-05
76828727.722167969,76.828727722168,1.0687630706077306e-05,3.2387907046585444e-05,2.5169522017378657e-05,1.6518066454170996e-05,3.6307647409227122e-05
76828872.680664062,76.828872680664,1.3077120754333525e-05,3.2684122245477908e-05,2.2339632483798792e-05,1.7200774039814698e-05,3.1021889704419032e-05
76829017.639160156,76.829017639160,1.0477071597959608e-05,2.6994525845094633e-05,2.2843400415897482e-05,1.5703208765698361e-05,2.8186085601973675e-05
76829162.59765625,76.829162597656,1.2657160917695814e-05,2.8434810478517686e-05,2.5448493404185342e-05,1.7340883840178722e-05,3.8161924890271164e-05
76829307.556152344,76.829307556152,1.5470125266307065e-05,3.7967070254315858e-05,2.346830553728893e-05,2.400883107470232e-05,4.721317667991859e-05
76829452.514648438,76.829452514648,1.235083049137833e-05,3.4046714713138992e-05,2.6437218552989154e-05,1.8765023789819484e-05,3.6966184042186654e-05
76829597.473144531,76.829597473145,1.0125295026434388e-05,4.2030965281795619e-05,3.2019085863640348e-05,1.2994071133016928e-05,4.100559233971095e-05
76829742.431640625,76.829742431641,1.2911849200340259e-05,4.0875149605072638e-05,3.4304563417824001e-05,2.0497617386702489e-05,3.045651505981911e-05
76829887.390136719,76.829887390137,1.3050416779977552e-05,3.6077829087113369e-05,3.1026892433522343e-05,2.4272661280411869e-05,2.5185525726735868e-05
76830032.348632812,76.830032348633,1.0929245018643963e-05,3.6996325472998517e-05,2.7759279561655109e-05,2.1082808529503544e-05,3.0315892938523402e-05
76830177.307128906,76.830177307129,1.0325713271145564e-05,3.9711697117053041e-05,1.8104428518790681e-05,2.409215926125972e-05,2.9241702855728463e-05
76830322.265625,76.830322265625,1.1686922611304244e-05,3.6074662047106238e-05,1.5731117627173995e-05,2.5100486397167884e-05,2.6533661319629942e-05
76830467.224121094,76.830467224121,9.4373540808924423e-06,3.6967208214903408e-05,2.3375740748468304e-05,1.9787054353969315e-05,2.8547822965656152e-05
76830612.182617188,76.830612182617,9.9441665491839901e-06,2.8523764467023478e-05,2.8087343924208635e-05,1.7549547185426426e-05,3.3306856376277735e-05
76830757.141113281,76.830757141113,9.4408010022583835e-06,3.3163964191960513e-05,3.022323438373721e-05,1.76644450132617e-05,3.6445094628034752e-05
76830902.099609375,76.830902099609,1.1202660130340245e-05,2.9341239926520795e-05,2.2670335783731486e-05,1.8010915326231889e-05,4.1419205658127339e-05
76831047.058105469,76.831047058105,1.1720750840801786e-05,2.7981860763184456e-05,2.3228848301981044e-05,2.3499950840292861e-05,3.5003294578502965e-05
76831192.016601562,76.831192016602,1.0909613089129994e-05,2.496611660237435e-05,2.6144357656600173e-05,2.1172038910093263e-05,4.0624250178253903e-05
76831336.975097656,76.831336975098,1.0956329429485474e-05,3.62145996687169e-05,2.8137989153819761e-05,2.2363569564250411e-05,3.5321091201736609e-05
76831481.93359375,76.831481933594,1.1352795090587738e-05,3.8224873699800352e-05,2.4089951127665528e-05,2.1916925701093299e-05,3.5777052333934088e-05
76831626.892089844,76.831626892090,1.0048255796451159e-05,3.6882554122561838e-05,2.6034868442837688e-05,2.0253037507960192e-05,4.8928435444984015e-05
76831771.850585938,76.831771850586,9.3073530292904906e-06,4.2483766160541402e-05,2.8926367812182642e-05,1.5525372833334147e-05,3.7822138144364442e-05
76831916.809082031,76.831916809082,9.2780592334605233e-06,4.2559488832044508e-05,2.8561339716136345e-05,1.7479199293605764e-05,2.8082206722216486e-05
76832061.767578125,76.832061767578,1.1138341383668134e-05,3.2839670783271554e-05,2.5581620576257612e-05,2.097957899121017e-05,3.8822484203558659e-05
76832206.726074219,76.832206726074,1.4368459906738972e-05,4.5694149936049131e-05,2.1541596625808107e-05,2.7075073941448011e-05,3.992891545996438e-05
76832351.684570312,76.832351684570,1.2290342278983291e-05,4.5174487389820097e-05,2.7231462796968958e-05,2.8152559362496979e-05,3.6915806038353963e-05
76832496.643066406,76.832496643066,1.2251968601453298e-05,3.4218985891378969e-05,1.8980911049846134e-05,2.5795218341158107e-05,4.4311828523303705e-05
76832641.6015625,76.832641601562,9.835065480493103e-06,3.2486395558286464e-05,2.109416783575106e-05,2.1845069021308073e-05,4.14131349672129e-05
76832786.560058594,76.832786560059,1.3201823717517794e-05,3.5842034322659725e-05,2.7821475992077083e-05,2.2878660791226905e-05,4.418760017556312e-05
76832931.518554688,76.832931518555,1.5124031231791516e-05,3.7138163671227798e-05,2.0885016111941057e-05,2.3905797237020011e-05,4.0097481762863441e-05
76833076.477050781,76.833076477051,1.0917449167135298e-05,3.3989851814339113e-05,1.6592454439962193e-05,2.0630028964358338e-05,4.3986383117382324e-05
76833221.435546875,76.833221435547,1.4577104730063836e-05,3.0106919033315344e-05,2.2818238732079689e-05,2.4230647503105539e-05,4.0800275330515889e-05
76833366.394042969,76.833366394043,1.4530398332659175e-05,2.3163787231166517e-05,2.4086283442049463e-05,2.7554246645992781e-05,3.7597708652801383e-05
76833511.352539062,76.833511352539,1.3215678361167093e-05,2.9846522292227786e-05,2.5904953831950487e-05,2.2822844793879981e-05,3.4610260433226331e-05
76833656.311035156,76.833656311035,1.0523331294259959e-05,3.2905349670039103e-05,2.4412445593318289e-05,2.5799912142611332e-05,3.0436556510839691e-05
76833801.26953125,76.833801269531,8.7676879867102136e-06,3.0800209223881801e-05,2.3333654893249054e-05,2.5033030059762265e-05,2.7676751337681172e-05
76833946.228027344,76.833946228027,1.0214209207387026e-05,3.1355289295937372e-05,2.1600006936279184e-05,2.1805059833541122e-05,3.3422935022946987e-05
76834091.186523438,76.834091186523,1.2631719480420044e-05,3.3049618514897666e-05,2.1848522327881646e-05,2.023191902133034e-05,2.9054608196315789e-05
76834236.145019531,76.834236145020,1.2121800103572431e-05,3.1470476794144797e-05,2.2916018256727478e-05,2.106632694761256e-05,3.412380706729344e-05
76834381.103515625,76.834381103516,1.2038542785009713e-05,2.9406305875467884e-05,2.4040653008069212e-05,1.7784218890918365e-05,3.8643482580311204e-05
76834526.062011719,76.834526062012,1.4089564375160777e-05,3.231714232033625e-05,2.6581567599564021e-05,1.9029242781477353e-05,4.263221940667279e-05
76834671.020507812,76.834671020508,1.2725961943795187e-05,3.7131472700470909e-05,2.7654153107442757e-05,1.8647823570581011e-05,4.0473937789790535e-05
76834815.979003906,76.834815979004,1.1182614058294966e-05,3.725944217839472e-05,2.4932283851644952e-05,1.3973151325705554e-05,3.5385660916979423e-05
76834960.9375,76.834960937500,1.1542902386976297e-05,3.6614252474612836e-05,2.5866803007631058e-05,1.7225206817104456e-05,3.4854466676649895e-05
76835105.895996094,76.835105895996,1.1590579496724245e-05,3.7880019496221643e-05,2.7821584096003803e-05,1.9248053770861979e-05,2.7997475506343003e-05
76835250.854492188,76.835250854492,1.067025649548435e-05,2.9370150462209056e-05,2.0441228342827163e-05,1.9923356327902442e-05,2.376096332789463e-05
76835395.812988281,76.835395812988,1.1311829335031168e-05,2.7033050935912952e-05,1.5249113623136699e-05,2.4136182415638683e-05,3.2343301203059691e-05
76835540.771484375,76.835540771484,9.3246800218266136e-06,3.368417001390764e-05,2.3984426666543912e-05,2.0341407816267383e-05,3.1212615376194519e-05
76835685.729980469,76.835685729980,1.2582217266992586e-05,2.88667737244653e-05,2.6759982952908819e-05,2.146512641294123e-05,4.5830205866502359e-05
76835830.688476562,76.835830688477,1.3393227150991932e-05,3.5341770521781395e-05,2.2149821266889023e-05,1.8168953939169068e-05,4.7305173164647154e-05
76835975.646972656,76.835975646973,1.1443650463366126e-05,3.1912615903275574e-05,2.4949567068804072e-05,2.0061450096854244e-05,3.3415147794211254e-05
76836120.60546875,76.836120605469,9.7903325312050553e-06,2.5374816959176637e-05,2.4958379729673562e-05,2.2682488163350652e-05,3.2607776632897195e-05
76836265.563964844,76.836265563965,1.0972074645289801e-05,2.6665333886619043e-05,2.5874517116900492e-05,1.6540307322626305e-05,3.213458823873981e-05
76836410.522460938,76.836410522461,1.2082251209663957e-05,2.7935347502510365e-05,2.4287449745257671e-05,2.0103154870770749e-05,2.8659990261203744e-05
76836555.480957031,76.836555480957,1.2948110131509825e-05,3.4667886329025492e-05,2.3118890090781575e-05,1.8493206737441413e-05,3.2313685310016499e-05
76836700.439453125,76.836700439453,1.2736392077535014e-05,3.3764753142545146e-05,3.1101419264578404e-05,2.3271514791024168e-05,3.4217456597365062e-05
76836845.397949219,76.836845397949,1.0528233939041344e-05,3.2193240718334495e-05,3.4093473816898484e-05,1.8006395160204936e-05,3.2620655870744497e-05
76836990.356445312,76.836990356445,9.2281188225559159e-06,3.298618328651235e-05,2.8486689559933023e-05,1.8885889067420859e-05,3.126963253726048e-05
76837135.314941406,76.837135314941,7.8342137092053919e-06,2.7624145723777275e-05,2.7240026846494459e-05,1.7336139390730127e-05,2.8129581244442799e-05
76837280.2734375,76.837280273438,9.3970211900395081e-06,2.5583992988048984e-05,2.1379200948470008e-05,2.2283114818508223e-05,3.8585314687137626e-05
76837425.231933594,76.837425231934,1.247663163232153e-05,2.4233411348577599e-05,2.2962574607400125e-05,1.8765663739043874e-05,4.1265849210442735e-05
76837570.190429688,76.837570190430,1.0739036270055154e-05,2.038336765887551e-05,2.501145616368011e-05,1.9598564822228577e-05,4.3132599859645605e-05
76837715.148925781,76.837715148926,9.9393638479779113e-06,2.8228531793553161e-05,2.944862892389759e-05,2.3564046930251636e-05,3.8086383154928799e-05
76837860.107421875,76.837860107422,1.2099521655591865e-05,3.089450141917895e-05,2.9982636317105502e-05,2.5838541092769463e-05,3.7871870946072854e-05
76838005.065917969,76.838005065918,9.9300174686368884e-06,3.600608529743879e-05,2.411006584085253e-05,2.7084747744571102e-05,3.7932207935054682e-05
76838150.024414062,76.838150024414,9.0479076315182728e-06,3.8858728778652727e-05,2.3474729488114317e-05,2.4848960511035214e-05,2.7203749836575742e-05
76838294.982910156,76.838294982910,8.8501617980212174e-06,3.9443206600471785e-05,2.7518943564062814e-05,2.0598009776666657e-05,3.5122310491852505e-05
76838439.94140625,76.838439941406,9.2992368459142768e-06,3.5759091507385952e-05,2.6557701737522322e-05,2.48036369152035e-05,4.374344804927294e-05
76838584.899902344,76.838584899902,1.279629291482446e-05,4.1869099377574551e-05,2.1252147323742689e-05,2.631901864829387e-05,4.3710877854894347e-05
76838729.858398438,76.838729858398,1.1602211403137622e-05,3.2426072683898638e-05,2.6287473345172565e-05,2.4161168764973118e-05,4.0390240896260057e-05
76838874.816894531,76.838874816895,9.844957133822087e-06,3.0656556690829325e-05,3.0352722325978233e-05,2.1155044528840732e-05,4.7201583775789364e-05
76839019.775390625,76.839019775391,1.0964873915573073e-05,2.8544968850743508e-05,2.5504103992322032e-05,2.1326804101751383e-05,4.5624792510874819e-05
76839164.733886719,76.839164733887,1.2334111890280777e-05,2.9231751055967495e-05,2.2670268303288391e-05,2.4526727919293264e-05,4.31940458594187e-05
76839309.692382812,76.839309692383,1.1998383564784104e-05,4.6264175572806337e-05,2.6419441558591244e-05,2.0492526896103706e-05,3.5865115011856006e-05
76839454.650878906,76.839454650879,1.1509378159280097e-05,4.5082144884382147e-05,2.4324065422590566e-05,2.4615161053949945e-05,2.9436411173049544e-05
76839599.609375,76.839599609375,1.0716509752857211e-05,3.7558728859257788e-05,3.2936443552795605e-05,1.6477414041748683e-05,3.7932946063670684e-05
76839744.567871094,76.839744567871,1.1905724450578044e-05,4.5228523368785791e-05,2.843878444925487e-05,1.9357691109676382e-05,3.7197913117002877e-05
76839889.526367188,76.839889526367,1.1776496947075216e-05,3.097077342772428e-05,2.3517291250603749e-05,2.0347793752358326e-05,4.1445531891831611e-05
76840034.484863281,76.840034484863,1.1042800604808547e-05,2.3129366539420752e-05,1.667548621166253e-05,2.3253682196235787e-05,3.7668531808635248e-05
76840179.443359375,76.840179443359,1.4385259586980741e-05,3.9170765480194835e-05,2.1054747456211009e-05,2.3416062336179981e-05,3.1851245509370101e-05
76840324.401855469,76.840324401855,1.3224319054766699e-05,3.7194087179272424e-05,2.49838892640258e-05,2.1019168060186681e-05,3.2921415429534142e-05
76840469.360351562,76.840469360352,1.0765469614722377e-05,3.2960424480353702e-05,2.068610776965205e-05,1.6128003404899269e-05,2.9839612767185327e-05
76840614.318847656,76.840614318848,1.0863025038739837e-05,3.7155773004299323e-05,1.6857338443581281e-05,1.7291457497457921e-05,3.0092076409781442e-05
76840759.27734375,76.840759277344,1.1748273335623322e-05,4.0717387968052097e-05,2.3397703419902434e-05,2.2843477684622402e-05,3.2920716255056266e-05
76840904.235839844,76.840904235840,1.3434991504815947e-05,3.1258100823977474e-05,2.6928825006987216e-05,1.9290424979731273e-05,2.9326212474008812e-05
76841049.194335938,76.841049194336,1.3612575832876615e-05,3.0304867896540331e-05,2.9508255959294954e-05,1.8682399978365548e-05,3.4145041537151999e-05
76841194.152832031,76.841194152832,1.251560230020816e-05,2.5619903736264578e-05,2.6061539111555009e-05,1.2847486269318823e-05,4.2664333622785312e-05
76841339.111328125,76.841339111328,1.1437083562289147e-05,3.139058271512549e-05,2.4859623945273168e-05,1.3888843942919595e-05,3.200845139498552e-05
76841484.069824219,76.841484069824,9.5468033087697433e-06,2.7553576246419243e-05,1.8407766550106348e-05,1.3939706843947446e-05,3.2738613322309495e-05
76841629.028320312,76.841629028320,9.6219686507015922e-06,2.6407801113118801e-05,2.2872165674631878e-05,1.5359469355083966e-05,3.3769681680630097e-05
76841773.986816406,76.841773986816,1.0595749773476948e-05,3.8053946991340545e-05,2.6259544312860085e-05,2.0252630655497976e-05,4.158254649696084e-05
76841918.9453125,76.841918945312,1.0329810165859883e-05,4.2683937471670277e-05,1.9068336916447013e-05,1.9884225259461659e-05,3.5082631314578611e-05
76842063.903808594,76.842063903809,1.1150594024725559e-05,3.5451839961902668e-05,2.7148140190726566e-05,2.0412639393269532e-05,3.7342712753517485e-05
76842208.862304688,76.842208862305,1.3216739368915598e-05,3.5063792154085308e-05,2.7246081511463218e-05,1.4347121325676214e-05,3.8808141374077062e-05
76842353.820800781,76.842353820801,1.590616914323411e-05,3.1626526031055091e-05,2.8035186875494634e-05,1.9614571168232955e-05,3.5971025998135175e-05
76842498.779296875,76.842498779297,1.4888780006854166e-05,2.9157524587682212e-05,2.9309416729031589e-05,2.2309798463054876e-05,3.0180074240124559e-05
76842643.737792969,76.842643737793,1.2104302085280687e-05,2.7530909211039671e-05,2.863399638502405e-05,1.718111299861982e-05,2.0751755087212695e-05
76842788.696289062,76.842788696289,7.3691623754233421e-06,2.8778251122451838e-05,1.9534579872535764e-05,1.8792022134020086e-05,3.1876729861519086e-05
76842933.654785156,76.842933654785,9.9642107803670608e-06,2.9741012617001792e-05,2.8014009957371231e-05,2.2127505476494873e-05,3.9451047477628903e-05
76843078.61328125,76.843078613281,1.1279309495890743e-05,4.2021462875133272e-05,2.7520917676716864e-05,2.594833057514114e-05,3.3461941494596176e-05
76843223.571777344,76.843223571777,1.2084160285896655e-05,3.6337890132373695e-05,2.4781938810747978e-05,2.541910890929154e-05,3.6171582918257259e-05
76843368.530273438,76.843368530273,1.2345761464817127e-05,3.1187725275014435e-05,2.3880548835265224e-05,2.3373142966862386e-05,3.2297135176546442e-05
76843513.488769531,76.843513488770,8.885136626726182e-06,3.6012777407003104e-05,1.9214067813969388e-05,2.1491676532186719e-05,3.4819690812378675e-05
76843658.447265625,76.843658447266,9.1469259338867185e-06,3.1239149024749481e-05,2.1484233764901607e-05,1.7929069848328951e-05,2.8087663309337995e-05
76843803.405761719,76.843803405762,1.0148824948149766e-05,2.8484542396177499e-05,2.1497555947086101e-05,1.6684552819855937e-05,3.6799902853206894e-05
76843948.364257812,76.843948364258,9.5701718421826478e-06,2.4911935054889345e-05,2.1871701493492815e-05,1.7595489909441082e-05,3.1810689590033786e-05
76844093.322753906,76.844093322754,9.7878310329117188e-06,2.6257386383079208e-05,2.1159498862248963e-05,2.3673596079602e-05,3.655343535705895e-05
76844238.28125,76.844238281250,1.0951910791346028e-05,3.4662251810926895e-05,2.0739385233936892e-05,2.0197757850470733e-05,3.3518494950142815e-05
76844383.239746094,76.844383239746,9.7262072161061545e-06,4.0747640529787354e-05,1.7761984186074002e-05,1.8964633949068726e-05,3.3950500161124335e-05
76844528.198242188,76.844528198242,9.9369326408539154e-06,3.9871506075067647e-05,2.2146835171190111e-05,1.8665267416120181e-05,3.751710311624454e-05
76844673.156738281,76.844673156738,1.0443834724225001e-05,3.4659987604541124e-05,2.7458539202499599e-05,2.0020045224766967e-05,2.9348040042939929e-05
76844818.115234375,76.844818115234,9.889622805782327e-06,3.0765481569236576e-05,2.3355485200827594e-05,2.0495804884435444e-05,3.1504755288182632e-05
76844963.073730469,76.844963073730,1.3369372668786245e-05,3.7740052062191771e-05,2.6476882062030904e-05,2.3222737218388667e-05,3.4289014127180088e-05
76845108.032226562,76.845108032227,1.1391299305620602e-05,4.1460104173034402e-05,2.8669502388780326e-05,2.2978304630647401e-05,2.7975565870801177e-05
76845252.990722656,76.845252990723,1.266437356842159e-05,3.3154650690697587e-05,2.2781202245367464e-05,2.3249586826802978e-05,3.4386462114905132e-05
76845397.94921875,76.845397949219,1.3094252307339638e-05,3.866637508333751e-05,1.7217297127484297e-05,2.3579490543864181e-05,3.4134031816916142e-05
76845542.907714844,76.845542907715,1.4796110481524925e-05,3.8296157019566654e-05,2.2544306760231942e-05,1.9892303603853306e-05,3.3810547306395344e-05
76845687.866210938,76.845687866211,1.174132418181189e-05,2.7980728683203414e-05,2.37400092841189e-05,1.2369502331186678e-05,3.454155208891768e-05
76845832.824707031,76.845832824707,1.3169967252157755e-05,2.7890920156415566e-05,2.1923529482565743e-05,1.6982716507074989e-05,2.8422532576673368e-05
76845977.783203125,76.845977783203,1.6165404050443784e-05,3.7375214730132683e-05,2.2014929691905e-05,1.8382508118360295e-05,3.5153590947219287e-05
76846122.741699219,76.846122741699,1.2307549440822986e-05,3.9544561302734726e-05,2.8145047860570608e-05,2.01961786018274e-05,4.376370413991133e-05
76846267.700195312,76.846267700195,1.0969747452644381e-05,3.8656998289884863e-05,2.9681558381212608e-05,1.8009139741698098e-05,3.274235507885047e-05
76846412.658691406,76.846412658691,1.2556347569989709e-05,3.059059051828823e-05,3.3661134923949687e-05,1.8571689208459715e-05,4.4588325141468085e-05
76846557.6171875,76.846557617188,1.252211866909828e-05,3.3015228043568839e-05,2.967076792111512e-05,2.2383459748005408e-05,4.4464049191154784e-05
76846702.575683594,76.846702575684,1.0064247369291028e-05,3.5776075483008981e-05,1.8094534275891801e-05,2.4181407842232216e-05,3.1688664203985675e-05
76846847.534179688,76.846847534180,1.1604008982212902e-05,4.6908444413198162e-05,2.3225418505080887e-05,2.5347630098144725e-05,2.9959776610089834e-05
76846992.492675781,76.846992492676,1.1307234639793378e-05,4.015232874719178e-05,2.5673311983710255e-05,2.2988032621776676e-05,3.4205544508847112e-05
76847137.451171875,76.847137451172,1.2515254622791948e-05,3.0496025133913896e-05,2.3218214833499579e-05,1.837534059437733e-05,3.3174553625555147e-05
76847282.409667969,76.847282409668,1.5118588930243321e-05,2.4533107179423831e-05,2.6849360818977635e-05,2.5654438361558446e-05,2.2819414449858316e-05
76847427.368164062,76.847427368164,1.5492040222928531e-05,2.2328983141347596e-05,2.9033280333770647e-05,2.7734727732318084e-05,2.6646259688841579e-05
76847572.326660156,76.847572326660,1.1225184435455564e-05,3.4623875592494638e-05,2.8243351470251002e-05,2.0838931596411619e-05,3.2491029111157974e-05
76847717.28515625,76.847717285156,1.1954062294170344e-05,4.2196280468570108e-05,2.4019181708837753e-05,1.5758649192591473e-05,4.0844319045470318e-05
76847862.243652344,76.847862243652,1.0093884422652654e-05,2.347971322340083e-05,2.0573658671037588e-05,1.3557037315223752e-05,3.5910764088659708e-05
76848007.202148438,76.848007202148,1.1574320248254993e-05,2.8418168911336193e-05,2.2969324374511938e-05,1.5710360949267817e-05,2.9618556711314224e-05
76848152.160644531,76.848152160645,1.179249692108051e-05,2.695728832634417e-05,2.3933766635546447e-05,1.7469776053490528e-05,3.4011379582965662e-05
76848297.119140625,76.848297119141,1.4847700009684314e-05,2.6784403339000948e-05,1.8421057570903199e-05,1.7047598323645791e-05,3.3566671832753902e-05
76848442.077636719,76.848442077637,1.1828837382497687e-05,2.7232603386218729e-05,1.3742952655895227e-05,1.9403004321039048e-05,3.8232025980741378e-05
76848587.036132812,76.848587036133,1.0370744758529347e-05,2.7568342828928672e-05,1.6917396095454054e-05,2.5343598545758307e-05,3.908083431688519e-05
76848731.994628906,76.848731994629,1.2176502746855384e-05,3.0188006213625761e-05,1.988600434620797e-05,1.8668779179519406e-05,3.5939012971830047e-05
76848876.953125,76.848876953125,1.5776832374818607e-05,3.1668870473855752e-05,1.6114346361446853e-05,1.4464594137942164e-05,3.8214024723118935e-05
76849021.911621094,76.849021911621,1.2738400460639564e-05,2.4675694480331739e-05,1.8829280217299762e-05,1.9500148419661018e-05,2.3306218236421159e-05
76849166.870117188,76.849166870117,9.5641504516968877e-06,3.5624108009650692e-05,1.8582030955058083e-05,2.2259622132115516e-05,2.3186975602334451e-05
76849311.828613281,76.849311828613,8.3068503581500703e-06,3.6591206469023054e-05,2.2483703231194327e-05,2.4088689454055425e-05,3.1597941092334868e-05
76849456.787109375,76.849456787109,8.9106372705309937e-06,3.6162046534932358e-05,2.4394320969119552e-05,1.8478716863281421e-05,2.9937124919467519e-05
76849601.745605469,76.849601745605,1.2588334976586436e-05,2.7924438197305358e-05,2.7043004971633543e-05,2.0380620186403617e-05,3.6688845473106441e-05
76849746.704101562,76.849746704102,1.0161640540635771e-05,2.7371855582436553e-05,2.8785740934938024e-05,2.4798819482610035e-05,3.8602188248205992e-05
76849891.662597656,76.849891662598,1.0170614531427428e-05,3.4420980113774489e-05,2.6152539918049806e-05,2.1279579167692738e-05,2.8338953256827578e-05
76850036.62109375,76.850036621094,1.3216901177761228e-05,3.5378879657771076e-05,2.282273443096929e-05,1.507622083316716e-05,3.6418193225640887e-05
76850181.579589844,76.850181579590,1.1471702856969905e-05,3.3076871176437026e-05,2.5178022706002668e-05,1.8884728336456854e-05,4.3047809064301764e-05
76850326.538085938,76.850326538086,8.8106190358073796e-06,4.3093579062127637e-05,2.5165162500724306e-05,2.5535621447708772e-05,3.3195109725791641e-05
76850471.496582031,76.850471496582,1.1432612478013338e-05,3.781546479520855e-05,2.2442011230042215e-05,2.2601943873784605e-05,3.6714671069917681e-05
76850616.455078125,76.850616455078,1.4194757594308862e-05,3.3189168841028557e-05,2.9238330347059176e-05,2.3877541872639958e-05,2.9198278451836276e-05
76850761.413574219,76.850761413574,1.1372669081665451e-05,5.1174495606080523e-05,2.7561257058408545e-05,2.3185708820304581e-05,2.7552171708617122e-05
76850906.372070312,76.850906372070,1.0839312779799864e-05,4.5333676183908082e-05,2.0105155541962571e-05,2.0556995163806793e-05,3.5310968345234333e-05
76851051.330566406,76.851051330566,1.0272375107229746e-05,2.7663024192435631e-05,2.294758321469469e-05,2.2020292381946219e-05,3.3474879280873513e-05
76851196.2890625,76.851196289062,1.1289276653454597e-05,3.2782046271253626e-05,2.4168302924292671e-05,3.0787646779068754e-05,3.1143411146126296e-05
76851341.247558594,76.851341247559,1.0385070970257304e-05,3.35250402872299e-05,2.0151373775004702e-05,2.4077683211995543e-05,4.0538800255568874e-05
76851486.206054688,76.851486206055,1.001245561154548e-05,3.6934097378273504e-05,1.8305678209147051e-05,1.8606509694357837e-05,3.8875556006557808e-05
76851631.164550781,76.851631164551,1.0318721089834957e-05,4.4435021259691453e-05,2.07231825513949e-05,2.1036209960384036e-05,2.5357516529309103e-05
76851776.123046875,76.851776123047,1.1975537602850007e-05,4.0387439402830349e-05,2.7886380423141685e-05,2.1146327007958323e-05,3.0043581352611162e-05
76851921.081542969,76.851921081543,1.3520895095719777e-05,3.9057157465880235e-05,3.5116140050568616e-05,1.5902104873908112e-05,3.7636803272303684e-05
76852066.040039062,76.852066040039,1.46753326969071e-05,3.997898371503003e-05,2.5185870338270292e-05,1.6228934835780378e-05,3.4079132769802473e-05
76852210.998535156,76.852210998535,1.6469486345824796e-05,3.7323761621797918e-05,2.2894715821800649e-05,1.8316904912538984e-05,3.0234819105070177e-05
76852355.95703125,76.852355957031,1.1028581875531218e-05,3.481467703929142e-05,2.2580429021387647e-05,1.973582815428787e-05,3.0379648241343022e-05
76852500.915527344,76.852500915527,1.3036198075894874e-05,3.0554364473500174e-05,2.3206925864563166e-05,1.7862952977916655e-05,4.0071221495548651e-05
76852645.874023438,76.852645874023,1.2162778923560151e-05,4.1609697223520049e-05,2.6046412059230478e-05,1.9748870192535686e-05,4.3754802507854062e-05
76852790.832519531,76.852790832520,1.1352586779862097e-05,3.6971447181998959e-05,2.7147535651041497e-05,2.8674719869959985e-05,3.7943036961454472e-05
76852935.791015625,76.852935791016,1.3169778744950249e-05,3.3303807086159714e-05,2.7312099097314443e-05,2.8122978405114281e-05,2.5548173712602269e-05
76853080.749511719,76.853080749512,1.0921836576892574e-05,2.7106177988956162e-05,2.6003953340724531e-05,1.9357680661384106e-05,2.6029810009703355e-05
76853225.708007812,76.853225708008,1.2559681394740886e-05,3.39124267257062e-05,2.4743566770576364e-05,1.7192433043463522e-05,3.8903710260645386e-05
76853370.666503906,76.853370666504,1.5595830318829696e-05,3.7501711208428642e-05,2.6626988819787826e-05,2.0925320532366146e-05,3.7615759327934092e-05
76853515.625,76.853515625000,1.4516056785730585e-05,3.4805424987313546e-05,1.9858591897494419e-05,2.5771062111066373e-05,3.8546382250039842e-05
76853660.583496094,76.853660583496,1.1986755319087559e-05,2.914930687149686e-05,2.1717045972296793e-05,2.574588842267901e-05,3.4562361943340918e-05
76853805.541992188,76.853805541992,1.7332726095665363e-05,3.1876246109073528e-05,2.6802874376904023e-05,2.1530955216255238e-05,3.1753681783301011e-05
76853950.500488281,76.853950500488,1.4521277236008858e-05,3.5396005741523242e-05,3.1719602182201306e-05,2.5226096572174952e-05,3.8437888354402916e-05
76854095.458984375,76.854095458984,1.1620077435533519e-05,3.4884322269556954e-05,2.7915454423820103e-05,1.9108266351480155e-05,3.2172973408859034e-05
76854240.417480469,76.854240417480,1.2538387070451613e-05,3.1160815839963071e-05,2.1483499661524596e-05,1.9170266643325629e-05,3.0736276320562479e-05
76854385.375976562,76.854385375977,1.2070882856699339e-05,3.1298780270980928e-05,1.9940178462247888e-05,2.0445131321240999e-05,2.8818351165942456e-05
76854530.334472656,76.854530334473,1.4167932346364977e-05,4.1585304132611228e-05,1.9983821637794929e-05,2.0303215839227346e-05,2.8335034792241871e-05
76854675.29296875,76.854675292969,1.2052153793977806e-05,3.3167277515889191e-05,2.1219552476374522e-05,1.8291437882485254e-05,2.5395017177854184e-05
76854820.251464844,76.854820251465,1.2574928774867484e-05,2.8074983384455476e-05,2.8768290372290692e-05,1.8320422510910089e-05,3.7176163619012779e-05
76854965.209960938,76.854965209961,1.2175051120919248e-05,3.1721565158009418e-05,3.6394363658920547e-05,1.9160004319008045e-05,3.9193207968294132e-05
76855110.168457031,76.855110168457,1.26552194440183e-05,2.8290964812136866e-05,2.3886464046618736e-05,2.3962619900482805e-05,3.8316194943109808e-05
76855255.126953125,76.855255126953,1.0804690981889523e-05,2.9928238713104895e-05,1.7378564581578552e-05,2.0526900476229148e-05,4.0635947030318308e-05
76855400.085449219,76.855400085449,1.0592966157029871e-05,4.5490670202205947e-05,3.3470219220258066e-05,2.3514152810582692e-05,4.1485209554917073e-05
76855545.043945312,76.855545043945,1.2237145576893888e-05,5.0947106327027822e-05,4.4198604485665522e-05,2.4988948685203022e-05,4.3783037602516503e-05
76855690.002441406,76.855690002441,1.0153374504300427e-05,5.4108685805455764e-05,3.1858755368976799e-05,2.0271676940538739e-05,3.9031409993546701e-05
76855834.9609375,76.855834960938,1.1262357842649917e-05,4.1780413920164084e-05,2.6948363645060482e-05,2.0741910270500679e-05,4.2764592826867402e-05
76855979.919433594,76.855979919434,9.3188234532458436e-06,2.631801286929109e-05,2.5731400107572035e-05,2.0235795711418466e-05,4.5524141123413919e-05
76856124.877929688,76.856124877930,1.2390774112125823e-05,3.0060681112310243e-05,2.2857727598388913e-05,1.7949231478111378e-05,3.401902614035657e-05
76856269.836425781,76.856269836426,1.5779347539025579e-05,3.0498564596026949e-05,2.1290258080152715e-05,1.6951697525634523e-05,3.3256365880543712e-05
76856414.794921875,76.856414794922,1.6903776161793407e-05,2.472769497948904e-05,2.6295117954432298e-05,1.9190681530678099e-05,3.1477546104614692e-05
76856559.753417969,76.856559753418,1.3868514436298637e-05,3.1810312588096495e-05,3.2951145752079931e-05,2.371870895308925e-05,2.6971061167196121e-05
76856704.711914062,76.856704711914,9.0078558859095784e-06,3.0871724745927602e-05,2.5993819607966992e-05,2.3515960299058853e-05,2.9574750628209599e-05
76856849.670410156,76.856849670410,7.4176011577425851e-06,4.1614363521793598e-05,2.4403824390235215e-05,1.984921264626114e-05,3.2852834373630629e-05
76856994.62890625,76.856994628906,9.0402605055580192e-06,3.6120535659216967e-05,3.0854579846187531e-05,2.2317888422406402e-05,2.9138999437967666e-05
76857139.587402344,76.857139587402,1.0716951429535678e-05,3.1823846026384681e-05,2.3688819838886406e-05,2.1529369501018785e-05,3.7243537604065407e-05
76857284.545898438,76.857284545898,1.0342395909483398e-05,3.7609601333345848e-05,2.7750605763820266e-05,2.1032406369231472e-05,4.0573466405263931e-05
76857429.504394531,76.857429504395,1.2197063981138818e-05,3.1414381404479059e-05,2.7807599770990604e-05,1.8087321697197857e-05,4.5960601449632212e-05
76857574.462890625,76.857574462891,1.4105870125902345e-05,3.254239541847585e-05,2.6526392261041065e-05,1.5826462242838099e-05,4.0295587107981568e-05
76857719.421386719,76.857719421387,1.1477916007146599e-05,3.7280140105909366e-05,2.6107849274792919e-05,2.2412099540578272e-05,3.3277370389613091e-05
76857864.379882812,76.857864379883,1.2965374377093037e-05,3.0874178789859412e-05,2.1602978955199034e-05,2.379878101274743e-05,3.9616047055548804e-05
76858009.338378906,76.858009338379,1.1419189166152201e-05,3.3570861259158499e-05,1.9306661214179354e-05,2.2547277055512737e-05,3.6412672609783492e-05
76858154.296875,76.858154296875,1.0395711732983657e-05,2.9739050444856735e-05,2.1078365648866563e-05,2.6363635139947914e-05,3.5283070453269182e-05
76858299.255371094,76.858299255371,1.1073204216739958e-05,2.0552347951056086e-05,2.0541417538891969e-05,2.4445107166523614e-05,3.7114850233130453e-05
76858444.213867188,76.858444213867,1.0575669674839599e-05,1.5326787573835624e-05,2.0287526401569751e-05,2.2421928364897382e-05,3.9006489834441176e-05
76858589.172363281,76.858589172363,1.2480618101539916e-05,2.4797267193463057e-05,1.8755966750004335e-05,2.2298392844710476e-05,3.8554711298890797e-05
76858734.130859375,76.858734130859,1.1854138585528404e-05,2.7483973863623046e-05,2.5126272600665903e-05,1.8569411396500465e-05,3.0201499071080202e-05
76858879.089355469,76.858879089355,9.0429462211443684e-06,3.1468865442534143e-05,2.7318183652329243e-05,2.080170095324779e-05,3.9374190864739357e-05
76859024.047851562,76.859024047852,1.1277323524554352e-05,2.950204155580335e-05,2.488616862429086e-05,2.1661298958357583e-05,3.2002355544208993e-05
76859169.006347656,76.859169006348,1.358576073721311e-05,3.1474313525837363e-05,2.3915093097601636e-05,2.6986004678904025e-05,2.1152570873137506e-05
76859313.96484375,76.859313964844,1.4971710616214074e-05,3.4024714083089065e-05,2.6803810123180305e-05,2.0247214364203513e-05,3.1210108763564128e-05
76859458.923339844,76.859458923340,1.0519280063346062e-05,3.7793899735851275e-05,2.5331339162126286e-05,2.1694672495181296e-05,4.1348857337377948e-05
76859603.881835938,76.859603881836,1.0670083378073339e-05,3.6753278531786989e-05,3.0348303393338699e-05,2.5135793739081236e-05,4.0791554305589137e-05
76859748.840332031,76.859748840332,1.2483917441045642e-05,3.2705287484675123e-05,3.1673391951910327e-05,1.9797446266336873e-05,3.3592808071560606e-05
76859893.798828125,76.859893798828,1.3625420481690534e-05,4.1825496634493147e-05,2.3226804780420809e-05,2.0853045715160466e-05,3.1048804033568537e-05
76860038.757324219,76.860038757324,9.6573624442234962e-06,4.169019231987601e-05,3.0536280100324025e-05,1.7875787583861444e-05,2.3931743938683177e-05
76860183.715820312,76.860183715820,8.9035107542952768e-06,3.1419690420805195e-05,3.158792843661289e-05,2.3276037364984308e-05,2.7637214813522347e-05
76860328.674316406,76.860328674316,1.0439620975837209e-05,2.8581065261631561e-05,3.2082948648112337e-05,2.5403845925284093e-05,3.6327464819187256e-05
76860473.6328125,76.860473632812,8.9010726814186788e-06,2.558091127034769e-05,2.7172095263473427e-05,2.2528626586863099e-05,3.794300928363997e-05
76860618.591308594,76.860618591309,1.1880208386388152e-05,3.1090698106163028e-05,2.6321544539186563e-05,2.4527455516159247e-05,2.8727432999799201e-05
76860763.549804688,76.860763549805,1.0223660971698612e-05,3.0807252019083057e-05,2.7237676667083057e-05,1.5329873683326364e-05,3.0541700198484207e-05
76860908.508300781,76.860908508301,8.6894870806856174e-06,2.9850987783756293e-05,3.024769014452929e-05,1.9151138872833158e-05,2.9014276437487854e-05
76861053.466796875,76.861053466797,8.3565607923209914e-06,3.1878085392215829e-05,2.3655658496768526e-05,1.8847508054209564e-05,3.4000954207369199e-05
76861198.425292969,76.861198425293,9.85829897427962e-06,2.9386592603127837e-05,2.4528674762446882e-05,1.9180487354270068e-05,3.506440683847153e-05
76861343.383789062,76.861343383789,1.1169924317235245e-05,2.9800244240431024e-05,2.6028133600777972e-05,2.4205635436382355e-05,3.5682259370756719e-05
76861488.342285156,76.861488342285,1.0064373862626842e-05,3.4245108204526151e-05,2.2612978850183579e-05,2.5775750278497167e-05,3.1372782037053066e-05
76861633.30078125,76.861633300781,1.1368565731671575e-05,3.1534996681402198e-05,1.8023908402865716e-05,2.2557140947575921e-05,2.7496182526476659e-05
76861778.259277344,76.861778259277,1.1954680161836339e-05,2.9573002286637272e-05,1.5870073872656082e-05,2.43941250225608e-05,3.3814297028484733e-05
76861923.217773438,76.861923217773,1.4097386834093099e-05,3.3738876314849293e-05,2.2227360885778075e-05,1.9940797117644964e-05,3.7654848982226882e-05
76862068.176269531,76.862068176270,1.0942465420144205e-05,2.1948320910792728e-05,2.8622567456466491e-05,1.8501027399517538e-05,3.7427235399186247e-05
76862213.134765625,76.862213134766,1.2364922704051354e-05,2.6788440549280191e-05,2.746696870685185e-05,2.4576750473871456e-05,4.3959316053671418e-05
76862358.093261719,76.862358093262,1.1618386407026792e-05,3.786292893539294e-05,2.8440248917592303e-05,2.5323150539497431e-05,2.7969260825450155e-05
76862503.051757812,76.862503051758,9.8116419815277218e-06,3.7283123836299358e-05,2.3420053481930235e-05,2.7297861991625932e-05,2.444827399413327e-05
76862648.010253906,76.862648010254,1.1388902985496743e-05,3.799227676689928e-05,2.0091584906157045e-05,2.3246033456716344e-05,3.377844307766897e-05
76862792.96875,76.862792968750,1.2114240795600557e-05,3.149122824055251e-05,2.7722349443542644e-05,2.2639677402287182e-05,3.9070317073466384e-05
76862937.927246094,76.862937927246,1.010021049572275e-05,2.7476580169891102e-05,2.5448745402258141e-05,2.5670340871073928e-05,3.6161021186825001e-05
76863082.885742188,76.863082885742,1.1477924133045115e-05,2.5896759885307795e-05,2.2508582351122744e-05,2.0392232990166701e-05,4.0167282513415118e-05
76863227.844238281,76.863227844238,9.1440007598430222e-06,2.9250222886678555e-05,2.4610284822088772e-05,2.2142176657720207e-05,3.556576222115272e-05
76863372.802734375,76.863372802734,7.3329376277955502e-06,3.0740722514262429e-05,2.3900519312716305e-05,3.1126152321261236e-05,4.2224029731906255e-05
76863517.761230469,76.863517761230,1.0967496900304381e-05,3.095477956394986e-05,2.5482660446791052e-05,2.4250097274633728e-05,4.1439666736586318e-05
76863662.719726562,76.863662719727,1.1161495083137676e-05,3.4818361202336396e-05,2.5586789606916783e-05,2.2333884113734742e-05,4.6942157634420178e-05
76863807.678222656,76.863807678223,9.7763368978961967e-06,3.315646064133699e-05,2.570410105911409e-05,1.965732462414665e-05,3.2205690306638837e-05
76863952.63671875,76.863952636719,1.0821107393777357e-05,3.4100962514164212e-05,2.3153094811445848e-05,2.467869922405051e-05,2.6457862001266893e-05
76864097.595214844,76.864097595215,9.3629199630207195e-06,3.617051902368376e-05,2.539376382629449e-05,2.2084371042952091e-05,2.8652499167334491e-05
76864242.553710938,76.864242553711,9.1873878793145119e-06,3.9161493851611548e-05,3.0543200543295893e-05,1.7536365699027317e-05,3.6092326566114848e-05
76864387.512207031,76.864387512207,9.7728532123857212e-06,4.1521196810061559e-05,2.3680413780279731e-05,1.7380646059390698e-05,3.0977284048806826e-05
76864532.470703125,76.864532470703,9.3782968903036766e-06,3.2261799685107313e-05,2.2234129520822213e-05,2.1431945890888946e-05,3.762428997234404e-05
76864677.429199219,76.864677429199,1.2318662229617597e-05,2.9000627894475827e-05,2.1848973980408137e-05,2.2910064553073196e-05,4.0202347463384595e-05
76864822.387695312,76.864822387695,1.188077209560291e-05,2.1283508763631372e-05,2.5416508337849328e-05,2.1978856261337288e-05,3.7398197973024303e-05
76864967.346191406,76.864967346191,1.0724349390456917e-05,2.7933484060426757e-05,2.6424494064892327e-05,2.0630710392361693e-05,3.6929018776680513e-05
76865112.3046875,76.865112304688,1.1135656354830317e-05,2.8426369348936694e-05,2.5604376051552552e-05,2.120524532792881e-05,2.8298573576042696e-05
76865257.263183594,76.865257263184,9.9939273029447216e-06,3.090040703975795e-05,2.587732638379723e-05,2.3399962552308876e-05,2.5330456706124999e-05
76865402.221679688,76.865402221680,8.7468991670463625e-06,3.1510654973773265e-05,2.5625518306007325e-05,1.8218772804331305e-05,2.3716451579022864e-05
76865547.180175781,76.865547180176,9.9184173675828016e-06,4.3531805487698751e-05,2.5479214590499515e-05,2.1214805851701301e-05,2.4722822723687264e-05
76865692.138671875,76.865692138672,1.0513609728648041e-05,4.4806309782634228e-05,2.682840018017712e-05,2.2035736563976402e-05,3.1257118867544269e-05
76865837.097167969,76.865837097168,9.4017799518511886e-06,4.0918002138660814e-05,2.975908354554448e-05,2.2461617220843954e-05,3.6365198468884849e-05
76865982.055664062,76.865982055664,1.1984220946160428e-05,3.9132128530361576e-05,2.6612664687711188e-05,2.0366822404761609e-05,3.5036527181946929e-05
76866127.014160156,76.866127014160,1.4035842523677131e-05,2.1056619076320528e-05,2.5833303313853524e-05,2.4061420041826403e-05,3.8802772243955732e-05
76866271.97265625,76.866271972656,1.241662259670694e-05,2.1915869895919569e-05,2.2896071491385802e-05,2.3609463508844845e-05,3.5538080981851038e-05
76866416.931152344,76.866416931152,1.2536662974345674e-05,2.6739787113214128e-05,2.2023982200456963e-05,2.36610079880082e-05,3.622227797956922e-05
76866561.889648438,76.866561889648,1.5468794359388592e-05,3.3048676523488285e-05,2.441270734649839e-05,1.9897152568526354e-05,4.6349226682457635e-05
76866706.848144531,76.866706848145,1.3617989568833679e-05,3.6000702058280313e-05,2.5614688651576501e-05,2.03366400970051e-05,4.7217582189393264e-05
76866851.806640625,76.866851806641,1.309819227887983e-05,3.603451237424772e-05,2.9758546181410519e-05,1.6005475444674479e-05,3.6299822995626454e-05
76866996.765136719,76.866996765137,1.3320341555794433e-05,2.5005184929693648e-05,2.3339571273106499e-05,2.7956625497389887e-05,3.5548292981308111e-05
76867141.723632812,76.867141723633,1.4151176642230713e-05,2.4860221413382992e-05,2.4189178687030008e-05,2.7150936899955809e-05,3.3807687709251433e-05
76867286.682128906,76.867286682129,1.1877985061406117e-05,3.3168051849704941e-05,3.038367225763333e-05,1.7192236072060023e-05,2.5522868850702363e-05
76867431.640625,76.867431640625,1.2494346438562222e-05,3.3998337926674479e-05,1.806951766135888e-05,1.5799871397375724e-05,3.1104438845232207e-05
76867576.599121094,76.867576599121,1.1868637021094803e-05,3.6478333486560312e-05,1.8769174756636495e-05,1.8528613021617249e-05,4.0429791969646752e-05
76867721.557617188,76.867721557617,1.0423353159286544e-05,3.3032822147511994e-05,2.0623733342391714e-05,1.5811939788377684e-05,3.9897955030428561e-05
76867866.516113281,76.867866516113,1.4980332273328061e-05,3.6026280092799659e-05,2.2946085059697313e-05,1.7357961162925726e-05,3.7111700053736217e-05
76868011.474609375,76.868011474609,1.2599615154695019e-05,3.4924286950410027e-05,2.4806698802423905e-05,2.2074006666009012e-05,3.7108439885800051e-05
76868156.433105469,76.868156433105,1.1514561251773977e-05,4.3049435567452244e-05,2.5321659159605415e-05,1.8115187768886477e-05,3.4267232020986072e-05
76868301.391601562,76.868301391602,1.3729961425898199e-05,4.5598635643825322e-05,2.259761256869013e-05,1.960919405425435e-05,4.272785790707152e-05
76868446.350097656,76.868446350098,1.3306992017474335e-05,3.3643125218215201e-05,2.0212865847710701e-05,1.8411728598096796e-05,3.3159397417548488e-05
76868591.30859375,76.868591308594,1.1433349139923428e-05,3.5737581442319341e-05,2.671074481893935e-05,1.7591029210606124e-05,3.2454971235873042e-05
76868736.267089844,76.868736267090,9.5275245692004066e-06,3.8976986640668879e-05,2.5364453500318071e-05,2.3577972525636484e-05,3.0636493820401904e-05
76868881.225585938,76.868881225586,1.0004235366071747e-05,4.4678195003324952e-05,2.5497073269864283e-05,2.055378231704265e-05,2.7031543733413599e-05
76869026.184082031,76.869026184082,1.1754374312719317e-05,4.3392043252164729e-05,2.1458691801173181e-05,1.739952927915173e-05,3.4486744998073447e-05
76869171.142578125,76.869171142578,1.2109093750104273e-05,3.6743517979353457e-05,2.0377658579880411e-05,2.7660631455835926e-05,3.7604620260112777e-05
76869316.101074219,76.869316101074,1.0731265892194517e-05,2.2064970371290974e-05,2.6709671118718495e-05,2.1376864345911952e-05,3.3523154109832897e-05
76869461.059570312,76.869461059570,9.8745268189614363e-06,2.5306029896052344e-05,2.9346350973303886e-05,2.0513295041041679e-05,3.1306600669020099e-05
76869606.018066406,76.869606018066,1.1828854738465618e-05,2.7278453915462751e-05,2.7375193881201602e-05,2.3326898967027036e-05,3.5744264982644431e-05
76869750.9765625,76.869750976562,8.9017452501032553e-06,3.2183851576416445e-05,2.3441258810884844e-05,2.2003781136913513e-05,4.2194741245300196e-05
76869895.935058594,76.869895935059,1.1472549036273915e-05,3.2643585306702315e-05,2.0523440321620467e-05,2.2803840052030628e-05,3.2691409948195124e-05
76870040.893554688,76.870040893555,1.0895577099479446e-05,2.9529908312972682e-05,2.0043090697719284e-05,2.3719361539290548e-05,2.3740298363812504e-05
76870185.852050781,76.870185852051,1.114223372102775e-05,2.8221416898526046e-05,2.5932676641633584e-05,2.3881732243019668e-05,3.765375646591765e-05
76870330.810546875,76.870330810547,1.0117532311791412e-05,4.3901508182765276e-05,2.2654546995976299e-05,2.2630433854867687e-05,3.8619774239397391e-05
76870475.769042969,76.870475769043,1.1014270808736198e-05,4.5635471653937436e-05,2.3922521052378028e-05,2.259354661336812e-05,3.2480722003364898e-05
76870620.727539062,76.870620727539,9.2713452504568431e-06,2.7685601539792797e-05,2.5963753713907955e-05,1.5850088368705652e-05,3.5180437744988002e-05
76870765.686035156,76.870765686035,9.8211026346990808e-06,2.7726845155291697e-05,2.3728917084648968e-05,1.9774771562858174e-05,4.2252273256171164e-05
76870910.64453125,76.870910644531,9.8140981790069228e-06,4.1340087833405473e-05,2.1995994258895855e-05,2.2643444792610902e-05,3.9207035657358494e-05
76871055.603027344,76.871055603027,1.003065426191462e-05,2.5837419651631818e-05,2.1958801278000286e-05,2.6613221106791768e-05,3.6828818294739891e-05
76871200.561523438,76.871200561523,1.2233689778901087e-05,2.6787012059478321e-05,2.2408708756256233e-05,2.0924063243565189e-05,3.4138517786995142e-05
76871345.520019531,76.871345520020,1.2399701471020408e-05,2.7552075552594925e-05,2.0783915564043312e-05,2.3794921404167485e-05,5.1058334023692255e-05
76871490.478515625,76.871490478516,1.4560840812153134e-05,3.0376250622122402e-05,2.2880417180809569e-05,3.2955703283792841e-05,3.944014838102901e-05
76871635.437011719,76.871635437012,1.2167991885857979e-05,3.1234088823352813e-05,2.4601868476117655e-05,3.4790774331642287e-05,2.510599178584953e-05
76871780.395507812,76.871780395508,1.5806593403891665e-05,2.8378770540091251e-05,2.9161847223568947e-05,2.2701086572665054e-05,3.9317983455756295e-05
76871925.354003906,76.871925354004,1.2664241214315274e-05,3.1238525962422712e-05,3.1362205819583852e-05,1.9887914670454674e-05,4.4945062737717735e-05
76872070.3125,76.872070312500,9.6237189775960524e-06,3.8431084095166613e-05,3.4443117049750686e-05,2.1598675313252881e-05,3.0541721739568132e-05
76872215.270996094,76.872215270996,9.9646291093542477e-06,4.7215684699687682e-05,2.5100305858304656e-05,1.3559693186704941e-05,4.2662703806520339e-05
76872360.229492188,76.872360229492,9.9401817630726087e-06,4.3119626767832972e-05,2.2671034417119084e-05,1.870317004855499e-05,4.1845874562933022e-05
76872505.187988281,76.872505187988,1.0132750488777766e-05,3.271092779131703e-05,2.9924777281244299e-05,2.5609380459004563e-05,3.2600023203008816e-05
76872650.146484375,76.872650146484,1.0060431850974013e-05,3.1731729150638629e-05,2.7903587713751001e-05,2.5003397015219149e-05,3.596536702007612e-05
76872795.104980469,76.872795104980,1.065886791211527e-05,2.5984698165291351e-05,2.6230550190913988e-05,2.696447151090963e-05,3.5591926324363683e-05
76872940.063476562,76.872940063477,1.2389221232052515e-05,2.5083897625307058e-05,2.9008884554196109e-05,2.466514332642707e-05,3.758864270335645e-05
76873085.021972656,76.873085021973,1.1024894391969005e-05,3.4343002170268183e-05,2.6049569392302826e-05,2.040206040699577e-05,3.3776496026095418e-05
76873229.98046875,76.873229980469,7.7506974458472423e-06,3.3910635745054452e-05,2.1144147573969832e-05,1.6566239660408232e-05,3.617822373522111e-05
76873374.938964844,76.873374938965,1.0889735684099528e-05,4.1476468886380014e-05,2.7141746509590241e-05,2.1277470832701355e-05,3.4832801765178311e-05
76873519.897460938,76.873519897461,9.7864635917763404e-06,3.6753135581609693e-05,3.1395343812643388e-05,2.116804894269246e-05,3.8773591318570182e-05
76873664.855957031,76.873664855957,9.5939115636237952e-06,3.3187628284693754e-05,2.4856212214958877e-05,1.6939660863752606e-05,4.3994901025105214e-05
76873809.814453125,76.873809814453,9.555365337012276e-06,2.9485119271214327e-05,2.3931651189696972e-05,1.335682671847845e-05,4.1083942544508276e-05
76873954.772949219,76.873954772949,1.0928935758029628e-05,2.8795405266080719e-05,2.1276324391421146e-05,1.5691257742670542e-05,4.4025645184896237e-05
76874099.731445312,76.874099731445,1.197333299650089e-05,2.6892628948143799e-05,2.2221433951196913e-05,2.2714262916846338e-05,3.7947156607805989e-05
76874244.689941406,76.874244689941,1.2528484779319907e-05,2.8827919744298419e-05,2.5252474825043713e-05,2.3082277861564141e-05,3.7547903432401194e-05
76874389.6484375,76.874389648438,7.8635413334373427e-06,2.9103449120455153e-05,2.6081145652846195e-05,2.6043747248426894e-05,3.0291135270683728e-05
76874534.606933594,76.874534606934,1.1655293648447525e-05,3.3641687390654866e-05,3.1847769830791462e-05,2.2156372184902387e-05,3.0317507158613396e-05
76874679.565429688,76.874679565430,1.4741143002825202e-05,4.0816374500192742e-05,2.639238062031905e-05,1.8237655657049441e-05,3.3133205530466496e-05
76874824.523925781,76.874824523926,1.3260773528119016e-05,4.1292400286183544e-05,2.8075901161352132e-05,2.2845238349279586e-05,2.9996950159187531e-05
76874969.482421875,76.874969482422,1.3652900616953543e-05,4.88461749395598e-05,2.7473689179209394e-05,1.9544582589927714e-05,2.5384024596350662e-05
76875114.440917969,76.875114440918,1.2660078284449938e-05,4.4309408657980819e-05,2.6006675683204247e-05,2.0188308443065143e-05,2.8253831365499858e-05
76875259.399414062,76.875259399414,1.0188460942569773e-05,2.9845060627265937e-05,2.9263043946248713e-05,2.7106501313697014e-05,4.0473815045271505e-05
76875404.357910156,76.875404357910,1.2581716615544881e-05,2.6579270298278447e-05,2.6299192854610171e-05,2.5160177166756434e-05,3.5169289355042979e-05
76875549.31640625,76.875549316406,1.2711984470927306e-05,3.6997598651221523e-05,2.6912948252374509e-05,2.1300582425565956e-05,3.2374250696953904e-05
76875694.274902344,76.875694274902,1.3645415105539346e-05,3.9061663592690018e-05,2.429710298304921e-05,2.9665662654767011e-05,3.293909686914191e-05
76875839.233398438,76.875839233398,1.2244691310974726e-05,3.2308379163580317e-05,2.3388299778378492e-05,2.5488954038803935e-05,2.773694159066624e-05
76875984.191894531,76.875984191895,1.3118752875273086e-05,3.7581141712901828e-05,2.455173602089105e-05,2.0673699025221028e-05,3.2199677631181671e-05
76876129.150390625,76.876129150391,1.1762837748117204e-05,4.2201245050719108e-05,3.2680824851799865e-05,2.150266606167211e-05,4.6824236216011382e-05
76876274.108886719,76.876274108887,9.9228735408990082e-06,3.6184102618466667e-05,3.4669778200961641e-05,2.2535114922596098e-05,3.5412353229455403e-05
76876419.067382812,76.876419067383,1.0741424295851743e-05,3.1160060076142635e-05,3.1104655849590042e-05,2.3075187289324029e-05,3.6348859781100019e-05
76876564.025878906,76.876564025879,1.4616549413506498e-05,2.8578000873535297e-05,3.4746922027150846e-05,2.3372578244326857e-05,3.8369424484133382e-05
76876708.984375,76.876708984375,1.3030865888666385e-05,2.7417344828602299e-05,3.5787865696722005e-05,3.159682276170592e-05,3.3487247226925888e-05
76876853.942871094,76.876853942871,1.011148935183538e-05,3.9906391980725243e-05,3.7116538046952263e-05,2.871184578506043e-05,3.0775252691439472e-05
76876998.901367188,76.876998901367,1.0295284431243097e-05,3.994819576729514e-05,2.8685779228224322e-05,2.5404752066839878e-05,3.1604811323604902e-05
76877143.859863281,76.877143859863,1.1682206655265889e-05,3.105392190865772e-05,2.192858957698489e-05,2.7826073123346782e-05,3.2765306816352166e-05
76877288.818359375,76.877288818359,1.1700725002609722e-05,2.6430338197073671e-05,2.2022066587833843e-05,2.0458546521157698e-05,5.0226206157071872e-05
76877433.776855469,76.877433776855,8.4311209874144783e-06,2.4332656951352906e-05,3.1380253848713305e-05,2.0236775891014991e-05,5.3340024868659758e-05
76877578.735351562,76.877578735352,1.2242313779124116e-05,3.4374555619884818e-05,2.7386325093092659e-05,2.4823087108425253e-05,3.7205677492464853e-05
76877723.693847656,76.877723693848,1.1742694627562871e-05,2.7690876728512205e-05,2.5875974611908222e-05,1.6881519362941607e-05,2.8958270081423503e-05
76877868.65234375,76.877868652344,1.2373270323791887e-05,3.1389101216230269e-05,2.5512958522552426e-05,1.7637534441161798e-05,3.3039096706932332e-05
76878013.610839844,76.878013610840,1.2938028957467696e-05,3.7214769483846839e-05,2.4655185897258731e-05,1.8425095368827165e-05,3.8878023674388285e-05
76878158.569335938,76.878158569336,1.0977745242573468e-05,3.8389983243732711e-05,2.7185296797112574e-05,1.4370888287551564e-05,4.1590314976785356e-05
76878303.527832031,76.878303527832,1.3352326337247125e-05,3.5685871938291935e-05,2.2839499042757892e-05,2.0436427667772166e-05,4.4539228259865356e-05
76878448.486328125,76.878448486328,1.7131740585593067e-05,3.7893439502436443e-05,2.9333830186371882e-05,2.2903483186028068e-05,3.8052751985968131e-05
76878593.444824219,76.878593444824,1.2139979544228404e-05,3.6937895876142546e-05,2.1383153329047628e-05,2.5971883512053458e-05,3.8670214337149043e-05
76878738.403320312,76.878738403320,8.6813360561494206e-06,2.9630476545441243e-05,2.0111628469124006e-05,1.9649425129177922e-05,3.1832141021629937e-05
76878883.361816406,76.878883361816,1.1566874706459778e-05,2.7535228028711608e-05,1.940899266168958e-05,2.3214094420657448e-05,2.8247921748472236e-05
76879028.3203125,76.879028320312,1.0485170041594524e-05,3.7383409091760085e-05,1.9115057446015693e-05,2.3004025904135247e-05,3.6498258617569778e-05
76879173.278808594,76.879173278809,1.0310111476267697e-05,3.1143018119386318e-05,2.1003746831315288e-05,2.3942131308226989e-05,4.1021782528399195e-05
76879318.237304688,76.879318237305,1.1441457094919154e-05,2.368225797034352e-05,2.5202477507402749e-05,2.4925846909314979e-05,3.8292811998228061e-05
76879463.195800781,76.879463195801,1.1778740858717136e-05,3.3144617775698544e-05,2.4648269236492139e-05,2.2393427857073705e-05,3.6857718028110957e-05
76879608.154296875,76.879608154297,8.5133176946625266e-06,2.819635311895227e-05,2.0400326848775128e-05,2.2782339611055538e-05,3.2699705165141963e-05
76879753.112792969,76.879753112793,6.9522697613311029e-06,2.6887667110620395e-05,2.2236812512459852e-05,2.4252732135793859e-05,2.9899945691931502e-05
76879898.071289062,76.879898071289,8.6338750507783279e-06,4.2185454010920625e-05,2.2547124382339436e-05,2.2792872274681594e-05,3.4497762139638887e-05
76880043.029785156,76.880043029785,1.0416470045026876e-05,4.4226772876019334e-05,3.0508031550869769e-05,1.7699773685736545e-05,4.5468886050465352e-05
76880187.98828125,76.880187988281,9.7642645361195468e-06,2.8877767991417624e-05,3.150921378477247e-05,2.4090594977826462e-05,4.6042516567160043e-05
76880332.946777344,76.880332946777,1.1718051935397601e-05,2.929203527318472e-05,2.3368553487896182e-05,2.4444790808127775e-05,3.555045451548569e-05
76880477.905273438,76.880477905273,1.2325067589183761e-05,3.9421144430485388e-05,1.9061772053584779e-05,1.7336250074659637e-05,3.135984515083811e-05
76880622.863769531,76.880622863770,9.7693285854046696e-06,3.7422424495557651e-05,2.7175750654534808e-05,1.644077063452605e-05,3.435188489098311e-05
76880767.822265625,76.880767822266,1.2650401084937382e-05,2.9830161285545924e-05,2.4342684875359155e-05,1.7329719318437835e-05,3.9337064594095629e-05
76880912.780761719,76.880912780762,1.1320188099208884e-05,3.9089850002212053e-05,2.1681238445554315e-05,1.4810104696542394e-05,3.584010581271291e-05
76881057.739257812,76.881057739258,1.4168185319328355e-05,4.991285371586135e-05,1.924988421618397e-05,1.8406186571418819e-05,3.33432979559194e-05
76881202.697753906,76.881202697754,1.2697855390791345e-05,3.1439299541155594e-05,2.1540520860636208e-05,2.1536754707468177e-05,3.4023488079591469e-05
76881347.65625,76.881347656250,1.3111439679509134e-05,3.064789526105292e-05,2.7080235845910803e-05,2.3777968696421268e-05,3.536141537053683e-05
76881492.614746094,76.881492614746,1.0360180355812618e-05,3.0315509712879072e-05,2.9767961157441839e-05,2.6949029445180447e-05,4.992845581177116e-05
76881637.573242188,76.881637573242,1.1233708021139931e-05,2.419806787520726e-05,2.9002441090164995e-05,2.5191304554131243e-05,2.9876981572380519e-05
76881782.531738281,76.881782531738,8.7020583183619743e-06,3.4691720857693792e-05,3.3063243844951045e-05,2.2733908227149687e-05,2.7180435974587626e-05
76881927.490234375,76.881927490234,8.5317855045005475e-06,3.9328647640613041e-05,2.8915830037658909e-05,1.8304390709828856e-05,3.5067097121327082e-05
76882072.448730469,76.882072448730,1.1633282663045726e-05,3.6363770889336697e-05,2.3607766386385627e-05,1.5026772019031851e-05,3.9545092072034087e-05
76882217.407226562,76.882217407227,1.1561624475062142e-05,3.2538228630480825e-05,2.8785143112825955e-05,1.9600586174731034e-05,3.8818221789211806e-05
76882362.365722656,76.882362365723,1.0232893852242345e-05,3.3958722812837452e-05,3.5098173460231864e-05,2.4969118498967994e-05,3.8889275098531506e-05
76882507.32421875,76.882507324219,1.1315923569360445e-05,2.728980775887904e-05,3.1905641312719055e-05,1.8941904102671859e-05,3.5010126724188426e-05
76882652.282714844,76.882652282715,1.2611518621181912e-05,3.823940461484476e-05,2.9633440309574661e-05,1.7315488289891e-05,3.7280982377509488e-05
76882797.241210938,76.882797241211,1.0650673473609432e-05,3.605994409268136e-05,2.2741253829211279e-05,1.7827928619165803e-05,3.863604228701629e-05
76882942.199707031,76.882942199707,1.0400847771485214e-05,3.8185660904554074e-05,2.2358166612679581e-05,1.9894849575544314e-05,3.1102823243628833e-05
76883087.158203125,76.883087158203,1.1115204753030761e-05,3.6580419263947221e-05,2.3469616340399028e-05,2.0981858001449366e-05,3.1968858303933626e-05
76883232.116699219,76.883232116699,1.1597429863215377e-05,3.4380375271333227e-05,2.379194752546642e-05,1.9467674238638772e-05,4.3359900682776214e-05
76883377.075195312,76.883377075195,1.2431873629967722e-05,3.8116000458438204e-05,3.0912198813162952e-05,1.9514596235461499e-05,3.7167261997503775e-05
76883522.033691406,76.883522033691,1.1866531392386502e-05,4.2074416876287414e-05,3.4215908143884939e-05,2.0067890605418778e-05,2.8343719406806448e-05
76883666.9921875,76.883666992188,1.1787905239381568e-05,4.2537878930047297e-05,3.0441377295125588e-05,1.6231013887804993e-05,3.5623294489284413e-05
76883811.950683594,76.883811950684,9.6504411376147719e-06,3.5434503024292772e-05,2.5524067590331069e-05,1.4376639064020184e-05,2.7546971320989905e-05
76883956.909179688,76.883956909180,9.321466580315551e-06,3.3077775013963733e-05,2.3335200998125068e-05,1.6980306938131572e-05,3.3098919986251372e-05
76884101.867675781,76.884101867676,7.9028749188516298e-06,3.6450014358840572e-05,2.5563490206160453e-05,2.1910780984872695e-05,3.3804867722461298e-05
76884246.826171875,76.884246826172,1.0053353926070099e-05,2.9979602555687165e-05,3.4386702999797541e-05,2.3226736587428863e-05,3.3197738191857367e-05
76884391.784667969,76.884391784668,1.0418311647143256e-05,2.1688336177390911e-05,3.1359518159851156e-05,2.2820328593291545e-05,3.758726032544406e-05
76884536.743164062,76.884536743164,1.0661369846649962e-05,2.8335040115993686e-05,2.7787384830515016e-05,1.9752576155943765e-05,3.8925330158270451e-05
76884681.701660156,76.884681701660,1.3537588452205764e-05,3.3433531343462186e-05,2.2563143021133762e-05,1.6186899961307138e-05,3.6215125569755682e-05
76884826.66015625,76.884826660156,9.2308349217085741e-06,3.0110157573307943e-05,1.5584931174897726e-05,2.8795224206310023e-05,3.9340346822397942e-05
76884971.618652344,76.884971618652,1.0614345193111017e-05,2.4337299421684083e-05,1.766376993870774e-05,2.573910658092915e-05,4.4949044953772631e-05
76885116.577148438,76.885116577148,1.3348468292011441e-05,3.8041144592924463e-05,2.3070305223763786e-05,2.1011460913970011e-05,4.1236934644115598e-05
76885261.535644531,76.885261535645,1.0884329433125132e-05,3.3215592429203221e-05,2.6263281708822752e-05,2.2086362576763713e-05,3.6636081809964029e-05
76885406.494140625,76.885406494141,1.2993791700473443e-05,3.7192659318241698e-05,2.487061231613117e-05,1.7839040881205125e-05,4.4001621807547984e-05
76885551.452636719,76.885551452637,1.1244089658541207e-05,4.314000248439287e-05,2.0825652758258614e-05,2.2718191486249324e-05,4.8816397445188036e-05
76885696.411132812,76.885696411133,1.3564362956749382e-05,3.3220658092121281e-05,2.9404578330439062e-05,2.6061332187639463e-05,4.5605749145283732e-05
76885841.369628906,76.885841369629,1.4641446315629732e-05,3.3499713047642482e-05,2.5349665218422228e-05,2.2333942371024478e-05,2.8432081294644239e-05
76885986.328125,76.885986328125,1.2810086812510298e-05,4.0838245036145174e-05,2.9993261422010892e-05,1.9667259027840559e-05,3.8097657956672426e-05
76886131.286621094,76.886131286621,1.3843542931826382e-05,3.0287633132705429e-05,2.6678522049444358e-05,3.2115010177924984e-05,4.3268325897368926e-05
76886276.245117188,76.886276245117,1.3913127077981209e-05,2.9366133092621515e-05,3.2935423791101281e-05,2.3829920714174957e-05,4.2253198812926283e-05
76886421.203613281,76.886421203613,1.1829624753422017e-05,3.6934969512240701e-05,3.4312253510103629e-05,2.1085909859051639e-05,3.7696649478383787e-05
76886566.162109375,76.886566162109,1.0435534427803136e-05,3.599917681771013e-05,2.8879542724800206e-05,2.1716647091692563e-05,4.808217432027831e-05
76886711.120605469,76.886711120605,1.2467439316076684e-05,3.7044359509001317e-05,2.0234643191693194e-05,1.7721712957493419e-05,4.3455607460752229e-05
76886856.079101562,76.886856079102,1.2295858066038572e-05,3.6310816894752441e-05,3.0377062980558767e-05,2.7385093801431513e-05,3.8211024142410019e-05
76887001.037597656,76.887001037598,1.1144605610433366e-05,3.2439677595771788e-05,3.6409470403525272e-05,2.6777476714566396e-05,3.1901424571671492e-05
76887145.99609375,76.887145996094,1.0486739034083099e-05,2.9000343854097963e-05,3.387498192347115e-05,1.9978136746095097e-05,2.97907238429797e-05
76887290.954589844,76.887290954590,1.1790800295040817e-05,3.0598727110556952e-05,3.0308360491394177e-05,2.4245679653258622e-05,3.9549636530758336e-05
76887435.913085938,76.887435913086,1.3935157786215576e-05,3.1407028163670546e-05,3.2131370814771312e-05,1.7671215085211408e-05,3.6191149301421933e-05
76887580.871582031,76.887580871582,1.3730830852740441e-05,4.2179326082601104e-05,2.4794229137235993e-05,1.6654246227572982e-05,2.7137081698127367e-05
76887725.830078125,76.887725830078,1.1277382472315379e-05,3.5893475762994461e-05,1.9738193103432993e-05,1.8845661319504089e-05,2.9389908233697684e-05
76887870.788574219,76.887870788574,1.2024213184145171e-05,3.3878454953705266e-05,1.8209242790462331e-05,1.7510058585039116e-05,3.5673891453880856e-05
76888015.747070312,76.888015747070,1.6415642659592898e-05,4.0083598796100109e-05,2.1487796545632577e-05,1.7201893005128913e-05,3.6145794472195402e-05
76888160.705566406,76.888160705566,1.4206178030654359e-05,2.8844535658012555e-05,2.0632771317319359e-05,2.009386900938053e-05,4.4906462552207623e-05
76888305.6640625,76.888305664062,1.2267439715708611e-05,2.8241388906378946e-05,2.1873857457698003e-05,2.5038375219291411e-05,3.5226102536388557e-05
76888450.622558594,76.888450622559,1.1836418880916454e-05,2.8384529292114726e-05,2.9904271733718565e-05,2.4305680397190997e-05,2.3474216717446505e-05
76888595.581054688,76.888595581055,1.0009863594550114e-05,2.5891050103874229e-05,2.6102945221344969e-05,1.6287423158076981e-05,3.4464006982768734e-05
76888740.539550781,76.888740539551,1.0549483206255265e-05,2.0426501828210884e-05,2.8681950676815731e-05,1.9264916351286399e-05,4.8110195361685798e-05
76888885.498046875,76.888885498047,1.4452404090148976e-05,2.6558156749741671e-05,2.9171636621013243e-05,2.21875819737259e-05,5.0812274833213764e-05
76889030.456542969,76.889030456543,1.4072558523441262e-05,3.0370685574722889e-05,2.6334181428627549e-05,1.8679118568495187e-05,4.7028699727524794e-05
76889175.415039062,76.889175415039,1.1708175437544487e-05,3.5099796347716838e-05,2.3755772664894616e-05,1.97145947663286e-05,2.4524171894875488e-05
76889320.373535156,76.889320373535,1.3916525110039717e-05,3.6545341754243689e-05,2.0075525509534407e-05,2.5670227133401368e-05,2.994102501752837e-05
76889465.33203125,76.889465332031,1.3194700353338362e-05,3.2272891951125967e-05,2.2941982408921427e-05,2.2019650731301597e-05,3.7217235353093283e-05
76889610.290527344,76.889610290527,1.2298845260364807e-05,3.3064027085365283e-05,3.2186749148715576e-05,2.2805657690704851e-05,2.9932891319318504e-05
76889755.249023438,76.889755249023,1.3232680471380149e-05,3.6268460997606488e-05,4.6756254478177298e-05,2.3748366817991194e-05,3.1196172032695134e-05
76889900.207519531,76.889900207520,1.1784141937649869e-05,4.1293202852062993e-05,3.2561357205910713e-05,2.071782394668863e-05,3.9088056570614088e-05
76890045.166015625,76.890045166016,1.0482266770608834e-05,3.5371915742563394e-05,3.166260321494249e-05,1.7097466661054067e-05,3.610871349373536e-05
76890190.124511719,76.890190124512,7.997455202409947e-06,3.0953418893366283e-05,2.5285498990568425e-05,1.3643225993749096e-05,3.0896629942438433e-05
76890335.083007812,76.890335083008,8.6463630823304687e-06,3.0270323900760816e-05,2.7713930671032072e-05,1.8817451806860214e-05,3.933470857549846e-05
76890480.041503906,76.890480041504,1.1033890011624601e-05,2.9687586544535295e-05,2.5548213464799964e-05,1.8541759082367304e-05,2.5871783653772177e-05
76890625,76.890625000000,9.4102834144709449e-06,2.5686932873408483e-05,1.8127516705294041e-05,1.7112193194288277e-05,2.8912662070130894e-05
76890769.958496094,76.890769958496,1.0068998408443796e-05,2.5015844907119702e-05,1.890935254111096e-05,2.096458131990736e-05,3.3849764258290802e-05
76890914.916992188,76.890914916992,9.168222040678227e-06,3.3193647408616326e-05,1.9881212737680402e-05,1.8922942701455295e-05,2.7638729467228103e-05
76891059.875488281,76.891059875488,9.3840131612041435e-06,3.481825911184862e-05,2.6272651787518558e-05,2.155773380070844e-05,2.4207851902033651e-05
76891204.833984375,76.891204833984,9.5573242341524748e-06,3.7558791175334254e-05,2.3736735467371128e-05,1.8984154625104309e-05,3.3583677328101599e-05
76891349.792480469,76.891349792480,1.0655320895427335e-05,3.4795182301326976e-05,1.9128043117682876e-05,2.4628796705132475e-05,3.7416978244689357e-05
76891494.750976562,76.891494750977,1.0798007640500244e-05,2.7059667111844295e-05,2.4176311381118545e-05,2.2979762340714594e-05,3.2277142126300552e-05
76891639.709472656,76.891639709473,1.2069851870205064e-05,2.8970053323521609e-05,2.7213004882314583e-05,2.1965523560561601e-05,3.5583993059346412e-05
76891784.66796875,76.891784667969,9.0662124404114157e-06,3.3226692305946637e-05,3.1063221796373609e-05,1.8911748607397367e-05,3.0840826253413443e-05
76891929.626464844,76.891929626465,1.0517991657357329e-05,2.8979638735515561e-05,2.574448031282927e-05,2.3709705481324556e-05,3.5155000645769928e-05
76892074.584960938,76.892074584961,9.8549691378752136e-06,2.5189486150493331e-05,2.3070400653154406e-05,2.2555206945832327e-05,2.9329352992057788e-05
76892219.543457031,76.892219543457,9.3264412541578888e-06,3.1556885317782159e-05,2.2356006030615105e-05,2.0868193307353662e-05,3.7153432821412006e-05
76892364.501953125,76.892364501953,9.4834037715929145e-06,4.0270068104557854e-05,2.5871611700149768e-05,1.7406662863565797e-05,3.7851198715930112e-05
76892509.460449219,76.892509460449,8.6456292749186868e-06,3.0144353492899853e-05,2.5818839686352841e-05,1.972874987879918e-05,3.8423248744537495e-05
76892654.418945312,76.892654418945,9.680574225664943e-06,3.2989746665304271e-05,2.4099277381428997e-05,1.8101336073944781e-05,5.3434249908487666e-05
76892799.377441406,76.892799377441,1.2232855873552085e-05,4.1973485134017871e-05,2.7558130333424476e-05,2.637601894570374e-05,4.784739772891298e-05
76892944.3359375,76.892944335938,1.7118147294272947e-05,3.3420306323933187e-05,2.3433981500703921e-05,2.9609822942509572e-05,3.0823097078088853e-05
76893089.294433594,76.893089294434,1.2373653417193755e-05,3.4638263631167389e-05,2.0598796939011953e-05,2.511809521594657e-05,2.8003770457658091e-05
76893234.252929688,76.893234252930,1.4752908091801787e-05,4.0287747551143609e-05,2.8342281734030762e-05,2.2170387625149876e-05,3.9181966267839779e-05
76893379.211425781,76.893379211426,1.6694241717597198e-05,4.7657077562523795e-05,2.7731209495865868e-05,2.1477076358808648e-05,3.6511607095041546e-05
76893524.169921875,76.893524169922,1.2229732062752117e-05,3.2702922194387971e-05,3.5575064602929591e-05,2.5112679202059801e-05,3.0610284434001803e-05
76893669.128417969,76.893669128418,7.5193133242406461e-06,2.6442611829341004e-05,3.4604799704099961e-05,1.7851656506244349e-05,3.459283776244783e-05
76893814.086914062,76.893814086914,1.3827601756478058e-05,2.5084933764490215e-05,3.6622437737499747e-05,1.8323595795264064e-05,4.2278465460741325e-05
76893959.045410156,76.893959045410,1.5285637573719104e-05,3.5858711328302631e-05,2.6467405002275443e-05,2.8106663600455011e-05,4.4925667551292999e-05
76894104.00390625,76.894104003906,1.142657302537548e-05,3.8901462585864862e-05,2.3223813079172141e-05,3.1068446917864995e-05,4.0547406608773022e-05
76894248.962402344,76.894248962402,9.5296036871499178e-06,2.9846872390137176e-05,2.2273941979787607e-05,1.7990597482375535e-05,3.8772236448940675e-05
76894393.920898438,76.894393920898,1.0120165548610783e-05,2.4023217914942957e-05,1.981622292597171e-05,1.7268861437278272e-05,3.6588942853411064e-05
76894538.879394531,76.894538879395,1.1847209573664922e-05,3.0589797557586646e-05,2.0686429288348763e-05,2.1377128100811255e-05,3.5398618931466268e-05
76894683.837890625,76.894683837891,1.281252311375072e-05,3.2240526683198691e-05,2.2282500431393472e-05,2.0445198057306837e-05,3.707445691168136e-05
76894828.796386719,76.894828796387,1.4900249939402994e-05,4.4642108211518539e-05,3.2330280833029083e-05,2.0893053730602102e-05,3.7447939968352681e-05
76894973.754882812,76.894973754883,1.3433123488203973e-05,3.6197199009640411e-05,2.2713107875863811e-05,1.8506531313457672e-05,2.6107398727165254e-05
76895118.713378906,76.895118713379,1.1720295019437461e-05,2.0046528228445804e-05,2.1599920014190107e-05,1.8928149461279825e-05,3.0597051845162446e-05
76895263.671875,76.895263671875,1.0452233811935288e-05,2.066783662818284e-05,3.3623398366513144e-05,1.8261569083585099e-05,3.8137567543737949e-05
76895408.630371094,76.895408630371,1.4054835935781174e-05,3.3183491290918745e-05,2.8876753635183708e-05,2.2099356409792321e-05,4.2738526133270621e-05
76895553.588867188,76.895553588867,1.5713152789871155e-05,3.6301133835149794e-05,2.2150029892490982e-05,2.181570849242339e-05,3.7044906029082576e-05
76895698.547363281,76.895698547363,1.1002186140096483e-05,3.3991064486746394e-05,2.0203150308111778e-05,2.0703879028390094e-05,3.3087210165105937e-05
76895843.505859375,76.895843505859,9.2992024118569003e-06,3.6867532880528763e-05,1.8543056521025329e-05,1.8835607101239996e-05,3.6966539911847237e-05
76895988.464355469,76.895988464355,1.0326985450974927e-05,3.7807776634150361e-05,2.6991734431239589e-05,2.2659275417428248e-05,4.2411369106921491e-05
76896133.422851562,76.896133422852,1.0786185014541895e-05,3.7762925042819134e-05,2.7266938161949022e-05,2.7546884010773231e-05,4.6066771392790446e-05
76896278.381347656,76.896278381348,1.1238180717611651e-05,3.1729953881287049e-05,2.6137346313056459e-05,2.0642534771671447e-05,4.363701394719123e-05
76896423.33984375,76.896423339844,1.2051551428519654e-05,3.3461715643430587e-05,2.1676597693123337e-05,2.0921326027916895e-05,3.5561308614489026e-05
76896568.298339844,76.896568298340,1.4600436885837666e-05,3.6284669248540456e-05,2.3912808446270199e-05,2.4021034779162703e-05,2.7883111470368774e-05
76896713.256835938,76.896713256836,1.2195356815743215e-05,4.0653536620674395e-05,2.3637506923204796e-05,2.4471837333859496e-05,2.971122439127469e-05
76896858.215332031,76.896858215332,1.3460078798846422e-05,3.3720029909059471e-05,2.3622616098858215e-05,2.3286165359367391e-05,2.6791349887025326e-05
76897003.173828125,76.897003173828,9.7682519432627039e-06,2.8480627291393957e-05,2.3204368620230226e-05,2.6576672870339563e-05,2.7771700107967672e-05
76897148.132324219,76.897148132324,6.7684538207384021e-06,3.7217549665501137e-05,2.2691120130457621e-05,2.0653168086627499e-05,2.2575270851860939e-05
76897293.090820312,76.897293090820,7.5902443669343468e-06,3.4140479584879312e-05,2.6799665297038457e-05,1.6042246039448333e-05,3.8833553067239351e-05
76897438.049316406,76.897438049316,7.6844605892158214e-06,3.5614051170246746e-05,2.4512466052699977e-05,1.973708865236575e-05,4.3171292622414727e-05
76897583.0078125,76.897583007812,8.5513610769330642e-06,4.4380165077356886e-05,2.9441375929791936e-05,1.7125559034177649e-05,2.9432872292145113e-05
76897727.966308594,76.897727966309,9.7815012397858528e-06,3.6907398079344971e-05,2.4073300789835145e-05,1.5521949785678802e-05,2.5455407547030313e-05
76897872.924804688,76.897872924805,1.1439245324929152e-05,3.043634614695171e-05,2.5523227816102279e-05,2.2500561757063235e-05,3.1114364867216139e-05
76898017.883300781,76.898017883301,1.0597268218001602e-05,2.9175093002151113e-05,2.8458482005562505e-05,2.1481814614279447e-05,3.3269004368764989e-05
76898162.841796875,76.898162841797,1.0473664494563162e-05,3.4069733580026052e-05,3.1737676752294352e-05,2.342808564216122e-05,3.7186459694337073e-05
76898307.800292969,76.898307800293,1.2068629440218319e-05,3.4173084490123231e-05,3.0099829248494403e-05,1.4875061651347548e-05,2.8657905347575283e-05
76898452.758789062,76.898452758789,1.0759147974612874e-05,2.9881374819410963e-05,2.3101080788560796e-05,1.6251813296490654e-05,3.0613134622119292e-05
76898597.717285156,76.898597717285,6.2902965524513177e-06,3.205180732184018e-05,2.1408832584985045e-05,1.544593258237455e-05,2.8824427361788587e-05
76898742.67578125,76.898742675781,8.2827787723115677e-06,3.4032834042377814e-05,2.4722306020017318e-05,1.7346485561251054e-05,3.4518280878887264e-05
76898887.634277344,76.898887634277,1.1364539825583167e-05,3.3812798034713318e-05,2.2056188919508726e-05,2.2713549727902337e-05,4.7862650400990251e-05
76899032.592773438,76.899032592773,1.164556840991329e-05,3.2322667850483046e-05,2.0662008123113811e-05,2.1275365065425496e-05,3.642387911742984e-05
76899177.551269531,76.899177551270,1.1314674025393506e-05,3.7343850983599788e-05,1.8747401699358366e-05,2.3760321555056951e-05,4.409149478617775e-05
76899322.509765625,76.899322509766,1.2463695577799636e-05,4.4855123049570868e-05,2.0751320811174614e-05,2.4238899128212206e-05,3.031408831757548e-05
76899467.468261719,76.899467468262,1.2706385397500771e-05,3.9659988445973625e-05,2.1490760304924981e-05,2.527387326762306e-05,3.8156605507590484e-05
76899612.426757812,76.899612426758,1.3033440003782093e-05,2.5892349988423627e-05,2.7206657022435728e-05,2.0826367372311988e-05,3.4005306266779736e-05
76899757.385253906,76.899757385254,1.3956497660194785e-05,3.1122293175742084e-05,2.246712420897511e-05,2.4337309575126446e-05,3.3561942627331814e-05
76899902.34375,76.899902343750,1.2874386149175841e-05,2.2765310151154193e-05,2.2918770869761036e-05,2.8124075649964975e-05,4.8168933234307239e-05
