Frequency_Hz,Frequency_MHz,Offset_Hz,TwoTapFirRejection_dB,20260515_092941_after_fir_dB,20260515_133100_after_fir_dB,20260515_134951_after_fir_dB,20260515_140509_after_fir_dB,20260521_162959_after_fir_dB
75900123.596191406,75.900123596191,-99876.4038086,-47.6840411355,-97.1997987475,-92.6650211325,-92.9279158579,-94.0599705517,-91.5214237835
75900268.5546875,75.900268554688,-99731.4453125,-47.6966567374,-96.8902760857,-95.1001638239,-93.5762480652,-93.934967682,-91.4085504987
75900413.513183594,75.900413513184,-99586.4868164,-47.7092906895,-96.4888538058,-94.000061718,-94.1699971313,-94.4286695671,-91.092692139
75900558.471679688,75.900558471680,-99441.5283203,-47.7219430451,-96.9227744665,-92.3446287617,-95.2278990093,-94.4378404824,-91.064905759
75900703.430175781,75.900703430176,-99296.5698242,-47.7346138582,-96.7564010952,-92.5556976326,-94.7356474962,-94.450826097,-92.0221611519
75900848.388671875,75.900848388672,-99151.6113281,-47.7473031825,-98.4204628328,-93.9006550641,-92.9168556821,-95.6356680398,-93.6807021271
75900993.347167969,75.900993347168,-99006.652832,-47.7600110722,-98.1618454922,-92.5896357882,-92.7278304661,-94.3411691121,-93.9997842291
75901138.305664062,75.901138305664,-98861.6943359,-47.7727375817,-96.747870887,-93.5466318661,-93.1656372361,-93.7773784239,-92.195363497
75901283.264160156,75.901283264160,-98716.7358398,-47.7854827657,-97.3423783535,-92.9169710847,-94.1140310538,-94.0974487947,-92.1705800339
75901428.22265625,75.901428222656,-98571.7773438,-47.7982466791,-98.4735379201,-91.6616901232,-94.5817281426,-92.8474800201,-92.7612715814
75901573.181152344,75.901573181152,-98426.8188477,-47.811029377,-96.5035065153,-92.3753962785,-94.9391652028,-92.7917964442,-93.0140043423
75901718.139648438,75.901718139648,-98281.8603516,-47.8238309147,-96.8499669877,-91.9988307549,-95.3926601391,-92.6312935197,-91.5294350255
75901863.098144531,75.901863098145,-98136.9018555,-47.836651348,-97.0584352618,-92.4417274585,-94.6765140472,-93.0565111279,-93.249517351
75902008.056640625,75.902008056641,-97991.9433594,-47.8494907325,-96.8363418488,-92.474170896,-93.0057813506,-93.6511677207,-93.0906168386
75902153.015136719,75.902153015137,-97846.9848633,-47.8623491245,-97.4402287447,-92.7383901234,-93.4631283918,-94.7620362656,-92.7581393519
75902297.973632812,75.902297973633,-97702.0263672,-47.8752265803,-97.0336271749,-92.000736282,-92.2429888366,-94.1345499271,-92.814076033
75902442.932128906,75.902442932129,-97557.0678711,-47.8881231565,-96.370203927,-92.2471892422,-93.3291081791,-93.6866388654,-93.3571359851
75902587.890625,75.902587890625,-97412.109375,-47.90103891,-97.294991985,-91.7156055339,-93.8119612057,-94.7104770755,-92.633760908
75902732.849121094,75.902732849121,-97267.1508789,-47.9139738979,-97.8070607966,-90.9715857449,-94.0368277286,-94.7487100667,-93.3296923247
75902877.807617188,75.902877807617,-97122.1923828,-47.9269281775,-97.4837847489,-91.3226450223,-92.625836482,-93.6946727867,-93.077163695
75903022.766113281,75.903022766113,-96977.2338867,-47.9399018066,-97.1299344849,-92.8712255972,-93.139966176,-94.4279632576,-92.8206875438
75903167.724609375,75.903167724609,-96832.2753906,-47.9528948429,-96.7585615794,-93.0544806213,-93.8399172476,-94.1588270091,-92.1019276626
75903312.683105469,75.903312683105,-96687.3168945,-47.9659073447,-97.5118740129,-92.3631625444,-94.6642269291,-94.7951629248,-93.3404000348
75903457.641601562,75.903457641602,-96542.3583984,-47.9789393704,-96.9288097773,-93.5256651153,-94.571675165,-93.7494720252,-93.054626907
75903602.600097656,75.903602600098,-96397.3999023,-47.9919909785,-96.080923294,-94.1206303723,-93.5533017441,-93.3492614498,-92.2376520955
75903747.55859375,75.903747558594,-96252.4414062,-48.0050622282,-96.6504709445,-94.1600148298,-93.1352809483,-94.351177771,-92.2094985499
75903892.517089844,75.903892517090,-96107.4829102,-48.0181531784,-97.8430108986,-93.0251182487,-93.3780434575,-94.6106030361,-92.7697587852
75904037.475585938,75.904037475586,-95962.5244141,-48.0312638889,-98.6737459302,-92.1449093832,-92.8286603943,-94.6914723793,-92.0365474718
75904182.434082031,75.904182434082,-95817.565918,-48.0443944192,-98.4764307419,-92.5335098434,-93.1502935802,-94.6514822055,-91.9810837646
75904327.392578125,75.904327392578,-95672.6074219,-48.0575448294,-98.2019248325,-92.5295043577,-94.3505172282,-94.1134679723,-92.1046549719
75904472.351074219,75.904472351074,-95527.6489258,-48.0707151798,-97.2889494115,-92.8256475553,-93.3865099132,-95.0631567981,-91.9476032034
75904617.309570312,75.904617309570,-95382.6904297,-48.0839055309,-97.7598190012,-93.1609131271,-92.8568024923,-94.1479579942,-94.3995953256
75904762.268066406,75.904762268066,-95237.7319336,-48.0971159437,-97.6420815471,-93.3649268328,-93.400102772,-94.002750008,-93.6726453686
75904907.2265625,75.904907226562,-95092.7734375,-48.1103464791,-97.3754136795,-93.387307891,-93.9122885624,-94.8954470655,-91.3766802883
75905052.185058594,75.905052185059,-94947.8149414,-48.1235971986,-98.0224618204,-92.7818541492,-94.5503481298,-95.6539275322,-92.3284230739
75905197.143554688,75.905197143555,-94802.8564453,-48.136868164,-97.7496089216,-93.0596715063,-94.769628604,-94.5703608251,-91.4506837229
75905342.102050781,75.905342102051,-94657.8979492,-48.150159437,-96.9658466119,-93.6813111747,-94.8532191701,-95.0503515641,-92.6155734274
75905487.060546875,75.905487060547,-94512.9394531,-48.16347108,-97.8526457311,-93.9810899889,-95.0318536009,-95.0100145358,-92.1479134659
75905632.019042969,75.905632019043,-94367.980957,-48.1768031556,-98.4808914484,-94.027552957,-93.9329246726,-93.5425095939,-92.5214721573
75905776.977539062,75.905776977539,-94223.0224609,-48.1901557265,-99.667623897,-93.8302628761,-94.8533572468,-94.1093318322,-92.3294201956
75905921.936035156,75.905921936035,-94078.0639648,-48.2035288558,-97.8782411587,-92.855778999,-95.2306962307,-94.4029187142,-91.8493571401
75906066.89453125,75.906066894531,-93933.1054688,-48.216922607,-96.3401109178,-92.8106361764,-94.6353328991,-93.8235968086,-92.2340576071
75906211.853027344,75.906211853027,-93788.1469727,-48.2303370437,-97.7686829818,-93.9278943134,-92.7780939757,-94.1999033593,-92.5334241785
75906356.811523438,75.906356811523,-93643.1884766,-48.24377223,-97.8724849242,-95.5994843317,-93.7166608627,-95.4256615895,-93.1261706238
75906501.770019531,75.906501770020,-93498.2299805,-48.2572282301,-98.530450136,-94.5481921444,-95.4678048551,-96.7877075579,-92.6538114524
75906646.728515625,75.906646728516,-93353.2714844,-48.2707051086,-98.6481840329,-94.1990504679,-94.9738665495,-96.190484427,-95.2315452293
75906791.687011719,75.906791687012,-93208.3129883,-48.2842029304,-98.100159333,-91.4950690154,-94.7630011818,-95.5712518815,-93.8198770209
75906936.645507812,75.906936645508,-93063.3544922,-48.2977217607,-97.805346346,-91.7407527292,-94.3829468457,-95.4642442721,-92.1908926081
75907081.604003906,75.907081604004,-92918.3959961,-48.311261665,-97.9591327565,-93.6490003248,-93.948588455,-95.609372154,-92.4798401381
75907226.5625,75.907226562500,-92773.4375,-48.3248227091,-98.3917936195,-93.4895823438,-93.7454915109,-95.0384774712,-92.2084638745
75907371.520996094,75.907371520996,-92628.4790039,-48.3384049591,-98.3052645731,-92.9768783514,-95.265602218,-94.8367917909,-91.8351342139
75907516.479492188,75.907516479492,-92483.5205078,-48.3520084815,-98.2229316562,-91.7396616118,-95.0328876527,-95.1509804281,-92.6698339262
75907661.437988281,75.907661437988,-92338.5620117,-48.365633343,-99.0210802188,-92.2780159945,-94.5601449696,-94.7382794703,-91.8715167253
75907806.396484375,75.907806396484,-92193.6035156,-48.3792796105,-98.7536918466,-94.1752759702,-94.0461516107,-94.6962789954,-91.7971012539
75907951.354980469,75.907951354980,-92048.6450195,-48.3929473516,-97.9533380883,-93.7755550002,-94.4437335801,-94.938531893,-91.9466269416
75908096.313476562,75.908096313477,-91903.6865234,-48.4066366338,-98.7938473155,-93.4022904065,-94.3616275348,-96.3463470852,-93.3164361188
75908241.271972656,75.908241271973,-91758.7280273,-48.4203475253,-99.4772526732,-94.3265985099,-93.1290846732,-96.3012258364,-92.4376142028
75908386.23046875,75.908386230469,-91613.7695312,-48.4340800942,-99.0808207379,-94.0983727509,-92.77733412,-94.9566276367,-93.7698274251
75908531.188964844,75.908531188965,-91468.8110352,-48.4478344093,-98.6102809601,-93.7689450516,-94.1776434723,-94.8089588873,-93.2847904112
75908676.147460938,75.908676147461,-91323.8525391,-48.4616105396,-97.8287295674,-95.1418530421,-95.3137817865,-95.151183321,-93.1101293353
75908821.105957031,75.908821105957,-91178.894043,-48.4754085543,-97.8732643482,-94.614792657,-95.1683885943,-94.232421878,-92.6148249049
75908966.064453125,75.908966064453,-91033.9355469,-48.4892285231,-97.8116304663,-92.5963608204,-95.4573625238,-95.0391941855,-93.4304047402
75909111.022949219,75.909111022949,-90888.9770508,-48.503070516,-98.0332377077,-92.9316678203,-93.80001886,-95.3572847471,-93.7791322467
75909255.981445312,75.909255981445,-90744.0185547,-48.5169346033,-98.1730287969,-93.3100043799,-93.5547862303,-94.6141622786,-92.9601708487
75909400.939941406,75.909400939941,-90599.0600586,-48.5308208556,-98.3848297278,-93.6353399704,-93.7101793935,-95.9738323271,-92.4601289234
75909545.8984375,75.909545898438,-90454.1015625,-48.5447293439,-97.9747985403,-94.4733331567,-94.9050450125,-96.600197949,-93.6148965425
75909690.856933594,75.909690856934,-90309.1430664,-48.5586601396,-97.6617631654,-94.538280711,-97.0282404683,-94.9038031584,-93.4482962711
75909835.815429688,75.909835815430,-90164.1845703,-48.5726133142,-97.9855698407,-92.7778373137,-94.5900214828,-94.537533442,-93.2229995697
75909980.773925781,75.909980773926,-90019.2260742,-48.5865889399,-98.2114916801,-92.4587750943,-93.6592703355,-94.646071222,-93.714185072
75910125.732421875,75.910125732422,-89874.2675781,-48.600587089,-97.9703181845,-93.19712651,-94.0107912372,-94.1920972413,-92.3790750934
75910270.690917969,75.910270690918,-89729.309082,-48.6146078341,-98.2203012244,-93.2951665135,-94.6234265561,-93.2983295002,-92.1599490572
75910415.649414062,75.910415649414,-89584.3505859,-48.6286512485,-96.9272831539,-94.3569594081,-94.824125771,-94.6018740779,-92.1250990287
75910560.607910156,75.910560607910,-89439.3920898,-48.6427174054,-97.2213940335,-94.1956991037,-94.4587828652,-94.8070169416,-94.0575158712
75910705.56640625,75.910705566406,-89294.4335938,-48.6568063787,-99.4810883635,-93.0824610935,-96.6069026502,-94.7451974597,-93.8727331543
75910850.524902344,75.910850524902,-89149.4750977,-48.6709182425,-97.969050927,-93.3757447263,-94.8006095161,-95.5566317921,-93.2969479406
75910995.483398438,75.910995483398,-89004.5166016,-48.6850530713,-97.4966636488,-92.6489779745,-94.6469187144,-96.465086842,-94.2318320127
75911140.441894531,75.911140441895,-88859.5581055,-48.6992109399,-97.8943425484,-93.1580665538,-94.5146761728,-96.4351541351,-93.7429450313
75911285.400390625,75.911285400391,-88714.5996094,-48.7133919237,-98.0424654918,-93.458273916,-94.8682661374,-97.3879206813,-92.517914211
75911430.358886719,75.911430358887,-88569.6411133,-48.7275960982,-97.2351108137,-93.8729790725,-95.4370820562,-97.3020709804,-91.8816668916
75911575.317382812,75.911575317383,-88424.6826172,-48.7418235394,-97.1697333318,-94.9161979392,-94.8982938246,-96.074678098,-92.021218317
75911720.275878906,75.911720275879,-88279.7241211,-48.7560743236,-98.056271909,-95.0093912834,-95.2171678251,-96.3536648755,-93.0776843688
75911865.234375,75.911865234375,-88134.765625,-48.7703485275,-98.6293473883,-94.8775743795,-94.4191667112,-94.9904565333,-93.4965935731
75912010.192871094,75.912010192871,-87989.8071289,-48.7846462283,-98.3911647467,-95.0452597913,-94.5845410327,-94.200336,-93.6504914617
75912155.151367188,75.912155151367,-87844.8486328,-48.7989675035,-98.4094951418,-93.9625591669,-95.2832428447,-95.0895821085,-94.5688745597
75912300.109863281,75.912300109863,-87699.8901367,-48.8133124308,-97.7242570693,-92.6145412911,-95.3829391443,-96.3010677826,-93.7052942481
75912445.068359375,75.912445068359,-87554.9316406,-48.8276810886,-99.1605671454,-92.1975292655,-95.1272082602,-94.5005919258,-93.9206577923
75912590.026855469,75.912590026855,-87409.9731445,-48.8420735555,-98.904875578,-92.5632967549,-95.9258451254,-94.2435299711,-94.3288444992
75912734.985351562,75.912734985352,-87265.0146484,-48.8564899105,-98.8296291846,-94.5536441293,-94.6043822527,-95.2557448688,-93.6283666627
75912879.943847656,75.912879943848,-87120.0561523,-48.870930233,-98.2786669486,-94.4119604759,-94.3029325864,-95.8353365714,-93.5979376885
75913024.90234375,75.913024902344,-86975.0976562,-48.885394603,-99.7630476964,-93.8296036074,-94.1819028722,-95.352629506,-93.0997031657
75913169.860839844,75.913169860840,-86830.1391602,-48.8998831006,-98.4686170399,-92.7893260244,-94.0539625063,-94.6766801562,-92.4698524285
75913314.819335938,75.913314819336,-86685.1806641,-48.9143958064,-97.4791482666,-93.233258933,-94.4513305113,-95.6284269489,-92.4358053015
75913459.777832031,75.913459777832,-86540.222168,-48.9289328014,-98.0789329303,-93.9294153862,-95.7768602161,-95.1403987248,-92.8970164335
75913604.736328125,75.913604736328,-86395.2636719,-48.9434941672,-98.6274343566,-94.2773419953,-96.3930755013,-94.0240978353,-92.5197807163
75913749.694824219,75.913749694824,-86250.3051758,-48.9580799855,-98.5754189322,-94.9227691185,-94.8002088048,-94.2064980612,-93.3764376293
75913894.653320312,75.913894653320,-86105.3466797,-48.9726903387,-98.2577810791,-94.5755819969,-94.9100785907,-94.4508440617,-93.5880063038
75914039.611816406,75.914039611816,-85960.3881836,-48.9873253093,-98.2517361239,-94.3324264381,-95.9170491773,-95.2181525419,-93.5332326836
75914184.5703125,75.914184570312,-85815.4296875,-49.0019849805,-98.3262349944,-93.5501955568,-96.5661510092,-95.9352767117,-93.9028053676
75914329.528808594,75.914329528809,-85670.4711914,-49.0166694359,-99.0143106011,-94.3569433617,-96.1770382898,-96.0872146511,-94.664458348
75914474.487304688,75.914474487305,-85525.5126953,-49.0313787593,-99.9494240227,-94.5481621526,-95.1366673082,-95.9146761218,-94.060245018
75914619.445800781,75.914619445801,-85380.5541992,-49.0461130351,-99.507213326,-94.9168248283,-95.1959360348,-96.088546579,-95.1193159271
75914764.404296875,75.914764404297,-85235.5957031,-49.0608723481,-99.415999485,-94.5617041923,-95.249037035,-94.8397807166,-93.9649351866
75914909.362792969,75.914909362793,-85090.637207,-49.0756567836,-98.8246531753,-94.0048816325,-95.3353077476,-94.5057035098,-93.1358240856
75915054.321289062,75.915054321289,-84945.6787109,-49.0904664273,-99.3042191041,-94.4589510057,-94.7524493555,-95.3945125321,-92.4790296522
75915199.279785156,75.915199279785,-84800.7202148,-49.1053013651,-97.7662425451,-93.3157463265,-94.9021758515,-95.8021785874,-93.0773072271
75915344.23828125,75.915344238281,-84655.7617188,-49.1201616837,-98.3777067842,-93.1873857633,-94.3665551444,-96.0416075502,-93.9122140688
75915489.196777344,75.915489196777,-84510.8032227,-49.1350474701,-99.1019423597,-92.7019061418,-94.6589040645,-95.4028455674,-93.5261545578
75915634.155273438,75.915634155273,-84365.8447266,-49.1499588118,-98.7100903131,-92.0530721244,-95.8707457365,-95.1842543106,-93.7505351165
75915779.113769531,75.915779113770,-84220.8862305,-49.1648957965,-97.6819125168,-93.0020489234,-95.2054320982,-94.3824492903,-93.2859974878
75915924.072265625,75.915924072266,-84075.9277344,-49.1798585127,-99.1594060165,-93.5666270708,-94.8945291878,-95.2772334308,-92.9764794792
75916069.030761719,75.916069030762,-83930.9692383,-49.1948470492,-98.5503227697,-93.5095598353,-95.644238909,-95.1629808779,-93.470312047
75916213.989257812,75.916213989258,-83786.0107422,-49.2098614952,-97.3300882221,-94.0221078528,-95.3846572774,-94.9732586132,-93.2435447739
75916358.947753906,75.916358947754,-83641.0522461,-49.2249019404,-98.6517861948,-94.2801242524,-94.032226776,-97.2687559011,-93.8412134819
75916503.90625,75.916503906250,-83496.09375,-49.2399684752,-100.009288472,-95.0212852796,-93.9768286016,-95.7046726276,-93.5373171466
75916648.864746094,75.916648864746,-83351.1352539,-49.25506119,-99.4393789811,-93.1131194824,-95.5145549335,-95.8867351077,-94.136284527
75916793.823242188,75.916793823242,-83206.1767578,-49.2701801761,-98.2232284918,-91.9272389043,-96.8085387599,-95.87976482,-93.4730735074
75916938.781738281,75.916938781738,-83061.2182617,-49.2853255251,-98.2276848527,-93.4191320192,-95.7942447326,-95.9114663204,-92.5917171278
75917083.740234375,75.917083740234,-82916.2597656,-49.3004973291,-98.0849159665,-95.7194484098,-94.0089784331,-96.2956739418,-93.7560633174
75917228.698730469,75.917228698730,-82771.3012695,-49.3156956806,-98.2582537346,-93.8291516019,-93.9762744009,-96.2850807041,-94.3366309688
75917373.657226562,75.917373657227,-82626.3427734,-49.3309206728,-98.9323064266,-93.7974235251,-94.8157412696,-95.1226613645,-92.9644702139
75917518.615722656,75.917518615723,-82481.3842773,-49.3461723991,-99.0611378416,-94.7200425195,-96.0172829676,-95.16517965,-93.5311248412
75917663.57421875,75.917663574219,-82336.4257812,-49.3614509537,-99.3024957148,-95.3642960207,-96.07550422,-96.287120817,-92.9247453122
75917808.532714844,75.917808532715,-82191.4672852,-49.3767564311,-99.5282831861,-94.6842511038,-95.3753602226,-96.3789205684,-93.5200349029
75917953.491210938,75.917953491211,-82046.5087891,-49.3920889263,-98.1248106624,-94.2307818514,-94.6213461466,-95.2706085524,-94.265695271
75918098.449707031,75.918098449707,-81901.550293,-49.4074485349,-98.5196350016,-94.0025995646,-95.603926173,-95.202204303,-93.605375226
75918243.408203125,75.918243408203,-81756.5917969,-49.4228353529,-98.6797719677,-93.7027179667,-96.0258892642,-95.5264291614,-94.2213330925
75918388.366699219,75.918388366699,-81611.6333008,-49.438249477,-97.7245319057,-94.0228316581,-96.0894427636,-96.7611023889,-94.4654393878
75918533.325195312,75.918533325195,-81466.6748047,-49.4536910041,-98.09181623,-94.0749320549,-94.3616585829,-97.3873221728,-94.4518928611
75918678.283691406,75.918678283691,-81321.7163086,-49.469160032,-98.6237036001,-94.3935416141,-94.5046153093,-96.8696638911,-93.7134997824
75918823.2421875,75.918823242188,-81176.7578125,-49.4846566587,-98.3860370567,-93.8029147313,-95.9463700699,-96.642253436,-94.2448910714
75918968.200683594,75.918968200684,-81031.7993164,-49.500180983,-98.033827736,-94.5437462766,-96.1581269044,-95.7077162653,-95.0853958165
75919113.159179688,75.919113159180,-80886.8408203,-49.5157331039,-98.6184071841,-95.7918131294,-94.229001427,-95.0300341588,-93.7937611592
75919258.117675781,75.919258117676,-80741.8823242,-49.5313131212,-100.092181495,-94.6908749979,-94.5118899688,-96.2297522508,-93.5678930502
75919403.076171875,75.919403076172,-80596.9238281,-49.5469211352,-99.0050534117,-94.2742235825,-94.4154710078,-96.3380810915,-94.4649016064
75919548.034667969,75.919548034668,-80451.965332,-49.5625572466,-99.1816491417,-94.8223262163,-94.8652427352,-95.8271815292,-93.0880288672
75919692.993164062,75.919692993164,-80307.0068359,-49.5782215569,-99.2657424566,-95.5314452335,-96.7905069955,-95.9580987178,-92.9914602082
75919837.951660156,75.919837951660,-80162.0483398,-49.5939141678,-99.4828797701,-95.0196494544,-96.197956105,-95.1396952844,-93.6737960968
75919982.91015625,75.919982910156,-80017.0898438,-49.6096351819,-99.4245333484,-93.7322006706,-95.6209324703,-94.8156652725,-94.1766463231
75920127.868652344,75.920127868652,-79872.1313477,-49.6253847021,-99.2074768616,-92.9887747088,-95.2878349817,-95.5989189042,-94.4107230547
75920272.827148438,75.920272827148,-79727.1728516,-49.641162832,-99.4855849585,-93.974588848,-94.9268879663,-97.4961710221,-94.6791515721
75920417.785644531,75.920417785645,-79582.2143555,-49.6569696758,-98.9256426612,-93.1779026184,-95.0422368101,-96.5961398,-94.7904121328
75920562.744140625,75.920562744141,-79437.2558594,-49.6728053381,-98.5346703583,-94.1871410299,-94.7679620377,-96.0196413079,-94.6998133282
75920707.702636719,75.920707702637,-79292.2973633,-49.6886699242,-98.5627520689,-94.0980256644,-95.3152242779,-97.4093648721,-94.2302469307
75920852.661132812,75.920852661133,-79147.3388672,-49.7045635399,-100.128653293,-94.8009295686,-94.3464640152,-96.7701650137,-94.0218772445
75920997.619628906,75.920997619629,-79002.3803711,-49.7204862918,-99.3622860434,-94.8672973223,-94.5236798003,-95.3423605113,-92.8262856356
75921142.578125,75.921142578125,-78857.421875,-49.7364382868,-99.8577568816,-96.249558852,-95.2863209695,-95.2412991736,-93.4475318938
75921287.536621094,75.921287536621,-78712.4633789,-49.7524196324,-99.3910422612,-94.9530452796,-95.8181867818,-95.3972897629,-94.6165523275
75921432.495117188,75.921432495117,-78567.5048828,-49.7684304371,-99.8813597174,-93.9795341952,-95.4588974261,-95.9924155073,-93.6395048138
75921577.453613281,75.921577453613,-78422.5463867,-49.7844708094,-100.134062497,-94.4753542956,-96.0918146259,-96.0285321367,-93.4028622786
75921722.412109375,75.921722412109,-78277.5878906,-49.8005408589,-101.051929506,-92.9862382833,-95.8745074644,-95.3479550661,-94.4899509975
75921867.370605469,75.921867370605,-78132.6293945,-49.8166406955,-98.8649840426,-93.8150308862,-95.5855528121,-97.0938164168,-94.6042538784
75922012.329101562,75.922012329102,-77987.6708984,-49.8327704299,-98.7670254531,-94.817223625,-94.9974290555,-97.4627034274,-93.8036697229
75922157.287597656,75.922157287598,-77842.7124023,-49.8489301734,-98.5021322432,-94.3907020483,-94.9785056485,-96.7074718165,-93.729649168
75922302.24609375,75.922302246094,-77697.7539062,-49.8651200378,-98.9295774432,-94.3768514739,-95.1212870773,-96.9868507349,-95.0276905724
75922447.204589844,75.922447204590,-77552.7954102,-49.8813401355,-99.1727962517,-94.8290876451,-95.5045009396,-96.1547949896,-93.2701888452
75922592.163085938,75.922592163086,-77407.8369141,-49.8975905798,-98.6281648327,-92.9859281314,-96.3205361343,-95.9960461212,-94.2250978314
75922737.121582031,75.922737121582,-77262.878418,-49.9138714844,-98.9810095289,-94.285953573,-96.6074838961,-97.5574325642,-94.6021404038
75922882.080078125,75.922882080078,-77117.9199219,-49.9301829637,-98.3175359246,-95.162112472,-96.4595952901,-95.9747428253,-94.0793894508
75923027.038574219,75.923027038574,-76972.9614258,-49.9465251327,-97.9370964916,-95.6288135202,-94.9875280641,-96.596577483,-94.5263900121
75923171.997070312,75.923171997070,-76828.0029297,-49.9628981072,-98.8943378668,-95.2026066745,-95.7626826344,-96.1653021331,-93.892687561
75923316.955566406,75.923316955566,-76683.0444336,-49.9793020034,-99.1999756547,-95.1126438471,-97.6727159189,-96.5998084941,-93.5535027178
75923461.9140625,75.923461914062,-76538.0859375,-49.9957369385,-100.220729064,-95.567569138,-96.3540801891,-97.9761309407,-94.1942250266
75923606.872558594,75.923606872559,-76393.1274414,-50.0122030301,-100.491774637,-94.5658233695,-95.978072645,-97.5583255565,-94.4907616762
75923751.831054688,75.923751831055,-76248.1689453,-50.0287003965,-99.8259892574,-95.2278035685,-95.9075939337,-96.6141041311,-95.7205570189
75923896.789550781,75.923896789551,-76103.2104492,-50.0452291569,-98.4270211965,-94.8980985065,-95.3284419109,-96.6866952329,-95.9515491024
75924041.748046875,75.924041748047,-75958.2519531,-50.0617894308,-98.235685472,-94.0750097404,-96.0017990358,-97.1978618364,-95.16121805
75924186.706542969,75.924186706543,-75813.293457,-50.0783813387,-99.4738034487,-93.6219768599,-97.6273707394,-97.0890043311,-95.3664853737
75924331.665039062,75.924331665039,-75668.3349609,-50.0950050017,-99.9692975038,-94.9275720837,-95.5687762229,-97.967451496,-94.473685301
75924476.623535156,75.924476623535,-75523.3764648,-50.1116605415,-99.5290924455,-95.5328171451,-95.4877978931,-97.3029517657,-94.5082146878
75924621.58203125,75.924621582031,-75378.4179688,-50.1283480807,-99.8161954478,-94.9705796799,-95.6860013465,-96.5216579515,-95.1533986378
75924766.540527344,75.924766540527,-75233.4594727,-50.1450677424,-99.9808397107,-94.5115830634,-96.213525729,-97.5157886613,-94.5202601143
75924911.499023438,75.924911499023,-75088.5009766,-50.1618196506,-100.182459927,-95.6620274423,-97.8292503007,-96.3526926523,-93.4879662655
75925056.457519531,75.925056457520,-74943.5424805,-50.1786039298,-100.855583333,-94.7381449389,-97.35676553,-96.3599109123,-92.6940727737
75925201.416015625,75.925201416016,-74798.5839844,-50.1954207055,-100.731115176,-95.4562892521,-96.6297041292,-97.2791488589,-94.0495033052
75925346.374511719,75.925346374512,-74653.6254883,-50.2122701036,-99.7778406372,-94.9214416356,-96.655124009,-98.0465089431,-95.7811247792
75925491.333007812,75.925491333008,-74508.6669922,-50.229152251,-99.8264817472,-96.2577004519,-96.5684042881,-96.6846329937,-94.3598205303
75925636.291503906,75.925636291504,-74363.7084961,-50.2460672753,-99.6865791636,-95.2959197042,-97.3714610146,-96.8811268121,-94.425133363
75925781.25,75.925781250000,-74218.75,-50.2630153047,-99.980042771,-94.5393426955,-97.3199865662,-99.2174224506,-94.5936961529
75925926.208496094,75.925926208496,-74073.7915039,-50.2799964684,-100.085455235,-94.1856583813,-96.6579299579,-99.2833458897,-95.2223429053
75926071.166992188,75.926071166992,-73928.8330078,-50.2970108961,-99.9545126686,-93.8959945298,-95.8603437148,-96.9446555634,-95.5814093729
75926216.125488281,75.926216125488,-73783.8745117,-50.3140587183,-100.16092568,-95.1442260608,-96.7396253079,-97.6934208245,-95.256882944
75926361.083984375,75.926361083984,-73638.9160156,-50.3311400665,-98.9953832987,-95.2870982126,-96.5488963805,-99.3945007282,-95.1791040708
75926506.042480469,75.926506042480,-73493.9575195,-50.3482550728,-98.8021651353,-94.6658379676,-97.5579548664,-98.6150368575,-94.9058381932
75926651.000976562,75.926651000977,-73348.9990234,-50.36540387,-98.8965073528,-94.0368282315,-97.2479210664,-97.333529265,-94.1384980224
75926795.959472656,75.926795959473,-73204.0405273,-50.3825865919,-99.8153051197,-96.1375812375,-95.970743987,-96.462304947,-94.2542632074
75926940.91796875,75.926940917969,-73059.0820312,-50.3998033729,-99.3910504951,-96.1447591291,-96.3445913765,-96.5926055837,-94.9677006986
75927085.876464844,75.927085876465,-72914.1235352,-50.4170543483,-99.2612037251,-96.7451442262,-95.6334573316,-97.073147633,-96.2596264026
75927230.834960938,75.927230834961,-72769.1650391,-50.4343396543,-99.6671169979,-95.8865139814,-95.1751398479,-97.7082220393,-96.0818928754
75927375.793457031,75.927375793457,-72624.206543,-50.4516594277,-101.111534943,-96.2173356494,-95.2423743539,-97.296643562,-95.3952946711
75927520.751953125,75.927520751953,-72479.2480469,-50.4690138063,-100.136632376,-96.8279946095,-96.7947750005,-96.6929779575,-94.986140617
75927665.710449219,75.927665710449,-72334.2895508,-50.4864029286,-100.141757265,-96.4796282687,-97.3374745028,-96.7305192858,-95.3127450195
75927810.668945312,75.927810668945,-72189.3310547,-50.5038269341,-100.267322944,-95.5231134611,-98.059449899,-96.4048363729,-96.0153943976
75927955.627441406,75.927955627441,-72044.3725586,-50.5212859629,-99.8183239998,-93.8820747324,-97.2129905063,-96.6965687179,-94.4384589524
75928100.5859375,75.928100585938,-71899.4140625,-50.5387801561,-100.692118589,-93.7728785412,-96.6177896315,-97.2084811916,-93.5362903053
75928245.544433594,75.928245544434,-71754.4555664,-50.5563096558,-99.3530346051,-95.6611708014,-96.0357182032,-95.7886445766,-93.3693738604
75928390.502929688,75.928390502930,-71609.4970703,-50.5738746046,-99.9953473151,-95.4158488864,-97.2739917455,-96.0384293091,-93.7287765192
75928535.461425781,75.928535461426,-71464.5385742,-50.5914751462,-100.399233179,-94.8715382422,-98.0118019779,-97.8421429898,-94.4347641507
75928680.419921875,75.928680419922,-71319.5800781,-50.6091114252,-99.4825476061,-95.069277842,-97.2136201268,-97.836311258,-95.6203263136
75928825.378417969,75.928825378418,-71174.621582,-50.626783587,-100.487468458,-94.4646187293,-95.7822680718,-96.8803139499,-95.5705988628
75928970.336914062,75.928970336914,-71029.6630859,-50.6444917779,-100.224519424,-94.3893389315,-96.0620394453,-96.1845443391,-95.2740343429
75929115.295410156,75.929115295410,-70884.7045898,-50.6622361451,-99.7017394953,-95.1104024196,-96.8887330363,-96.9595885078,-95.2641172648
75929260.25390625,75.929260253906,-70739.7460938,-50.6800168367,-99.4112821376,-95.1993139846,-97.3260916399,-96.9734847256,-95.9024691539
75929405.212402344,75.929405212402,-70594.7875977,-50.6978340018,-99.5098425244,-95.9098180503,-97.8239003794,-95.4631815942,-95.8070570548
75929550.170898438,75.929550170898,-70449.8291016,-50.7156877903,-99.5247892811,-95.3681352741,-97.713237387,-97.5345686625,-95.8987667273
75929695.129394531,75.929695129395,-70304.8706055,-50.733578353,-100.199624473,-93.7197503241,-97.2472983128,-98.1279611212,-95.6328160869
75929840.087890625,75.929840087891,-70159.9121094,-50.7515058418,-100.323581769,-94.5254367683,-95.2462615572,-97.5985233844,-95.2994067657
75929985.046386719,75.929985046387,-70014.9536133,-50.7694704094,-101.015384827,-94.8448526324,-95.8337948129,-97.5852234255,-95.449073387
75930130.004882812,75.930130004883,-69869.9951172,-50.7874722095,-99.6819834692,-95.8608157864,-97.5563028799,-97.2968376181,-95.2475372337
75930274.963378906,75.930274963379,-69725.0366211,-50.8055113967,-99.8085466954,-96.5139157706,-97.3021093395,-98.1373060021,-94.7795078461
75930419.921875,75.930419921875,-69580.078125,-50.8235881267,-100.019494149,-95.8137668572,-97.1538152462,-98.0721381894,-95.193907275
75930564.880371094,75.930564880371,-69435.1196289,-50.8417025561,-100.135481237,-95.4121073662,-96.795284755,-97.3995169321,-95.1062327095
75930709.838867188,75.930709838867,-69290.1611328,-50.8598548424,-100.292062332,-95.5294457219,-96.7248025616,-98.0046735107,-95.4714886374
75930854.797363281,75.930854797363,-69145.2026367,-50.8780451442,-99.6009911649,-95.6335683654,-96.9129213878,-98.9164828901,-95.1407909054
75930999.755859375,75.930999755859,-69000.2441406,-50.8962736211,-100.033190343,-95.8735974053,-97.8554658386,-97.7881101168,-94.1649943205
75931144.714355469,75.931144714355,-68855.2856445,-50.9145404336,-100.212597686,-96.063637037,-96.2052365947,-98.027612133,-94.0711982404
75931289.672851562,75.931289672852,-68710.3271484,-50.9328457433,-99.4246807558,-95.7174748741,-96.6147391884,-97.074875386,-94.9807496357
75931434.631347656,75.931434631348,-68565.3686523,-50.9511897128,-99.1304375696,-95.9045468099,-97.1928582906,-97.5822454532,-95.8237795778
75931579.58984375,75.931579589844,-68420.4101562,-50.9695725057,-99.8727250367,-95.0212358134,-96.9962636623,-97.9287327284,-95.0493253934
75931724.548339844,75.931724548340,-68275.4516602,-50.9879942868,-101.190246077,-94.8901802526,-96.2344075757,-97.6432093421,-94.7759903094
75931869.506835938,75.931869506836,-68130.4931641,-51.0064552217,-99.531518963,-95.2868555213,-96.645542613,-97.8886786534,-93.9456477662
75932014.465332031,75.932014465332,-67985.534668,-51.0249554774,-99.2499576921,-94.9324187698,-97.5637171203,-97.7192734781,-95.2957520773
75932159.423828125,75.932159423828,-67840.5761719,-51.0434952215,-99.7041850233,-95.1738890175,-97.3066888155,-97.2415330857,-94.5147632252
75932304.382324219,75.932304382324,-67695.6176758,-51.062074623,-99.9997188472,-95.2299140598,-97.3888963996,-96.9893325773,-95.1385262434
75932449.340820312,75.932449340820,-67550.6591797,-51.0806938521,-99.8027600967,-96.9091646643,-97.0878467888,-97.007579173,-95.4862872224
75932594.299316406,75.932594299316,-67405.7006836,-51.0993530797,-101.019209628,-95.8477044396,-97.1749281204,-99.2396746814,-94.8983039576
75932739.2578125,75.932739257812,-67260.7421875,-51.1180524781,-100.782020384,-95.5558405339,-96.883532411,-98.1130051711,-95.3591113669
75932884.216308594,75.932884216309,-67115.7836914,-51.1367922206,-100.315938282,-95.5466193406,-96.3901432747,-97.4016566745,-95.5446041572
75933029.174804688,75.933029174805,-66970.8251953,-51.1555724818,-99.7411772514,-95.184754484,-96.7634296391,-97.9549224125,-96.0356079142
75933174.133300781,75.933174133301,-66825.8666992,-51.1743934371,-100.074302424,-95.8770928751,-97.2576727315,-98.5414955573,-95.9364010337
75933319.091796875,75.933319091797,-66680.9082031,-51.1932552634,-101.46795648,-95.7939918684,-97.3728817331,-99.1878212685,-96.5999196472
75933464.050292969,75.933464050293,-66535.949707,-51.2121581386,-100.319308891,-95.3098644428,-96.6727900799,-98.0622737042,-96.9376642876
75933609.008789062,75.933609008789,-66390.9912109,-51.2311022416,-100.034741302,-96.3514804818,-97.9845202959,-98.5083037615,-95.4367784497
75933753.967285156,75.933753967285,-66246.0327148,-51.2500877527,-101.500521626,-96.0068523371,-97.2352473215,-99.2919677665,-95.9476912167
75933898.92578125,75.933898925781,-66101.0742188,-51.2691148533,-100.821108546,-95.7362817873,-97.4676781382,-97.9593206329,-96.4784182929
75934043.884277344,75.934043884277,-65956.1157227,-51.2881837261,-102.344132499,-95.8316519031,-98.215845268,-97.7760935692,-95.6858173425
75934188.842773438,75.934188842773,-65811.1572266,-51.3072945549,-100.980759046,-95.8500843408,-97.8576894833,-97.5345684588,-94.2503414993
75934333.801269531,75.934333801270,-65666.1987305,-51.3264475246,-99.3815648422,-97.7243555542,-96.6531085891,-98.2334781809,-94.3860438594
75934478.759765625,75.934478759766,-65521.2402344,-51.3456428216,-100.511173662,-96.7363698921,-96.831104814,-97.4921385331,-94.6491699635
75934623.718261719,75.934623718262,-65376.2817383,-51.3648806333,-100.721662197,-95.230389394,-98.0865426322,-96.7235478763,-95.5919461371
75934768.676757812,75.934768676758,-65231.3232422,-51.3841611486,-101.011378671,-96.2957452564,-97.4545695767,-96.9246189243,-97.5383252285
75934913.635253906,75.934913635254,-65086.3647461,-51.4034845573,-100.472651389,-96.7019623897,-96.6218645259,-97.482225162,-97.4159394904
75935058.59375,75.935058593750,-64941.40625,-51.4228510507,-100.522457525,-97.3450762019,-96.6557675563,-99.6270115507,-96.8802854793
75935203.552246094,75.935203552246,-64796.4477539,-51.4422608215,-100.168765556,-96.4684247851,-96.5904472411,-98.7853315779,-95.7264138157
75935348.510742188,75.935348510742,-64651.4892578,-51.4617140635,-100.538838869,-95.4724920802,-97.0796120318,-97.2558935582,-95.0510238503
75935493.469238281,75.935493469238,-64506.5307617,-51.4812109718,-100.856299502,-95.6471762375,-97.8003939106,-98.7812220581,-94.5673386668
75935638.427734375,75.935638427734,-64361.5722656,-51.500751743,-100.752163334,-95.5289502987,-97.4475785614,-99.620212775,-95.1050969682
75935783.386230469,75.935783386230,-64216.6137695,-51.5203365747,-100.992702646,-95.7195085566,-97.5303646856,-98.8792521148,-97.5365178763
75935928.344726562,75.935928344727,-64071.6552734,-51.5399656662,-100.976784073,-96.9328716918,-97.3150523819,-97.2490758322,-96.8796726517
75936073.303222656,75.936073303223,-63926.6967773,-51.5596392179,-100.880327099,-97.7977546927,-98.0853015238,-97.2337877152,-95.2038356557
75936218.26171875,75.936218261719,-63781.7382812,-51.5793574317,-100.594254174,-96.3168552807,-97.2605757538,-98.1443260068,-94.6657217995
75936363.220214844,75.936363220215,-63636.7797852,-51.5991205109,-102.082009643,-96.1485209498,-96.6284465779,-97.817323624,-95.5684905591
75936508.178710938,75.936508178711,-63491.8212891,-51.6189286601,-102.57102001,-96.5191899792,-98.3126795091,-96.8991667181,-96.4941881955
75936653.137207031,75.936653137207,-63346.862793,-51.6387820853,-101.63914038,-97.0409634156,-98.0500285645,-98.3365957805,-96.0716209498
75936798.095703125,75.936798095703,-63201.9042969,-51.6586809939,-102.075940883,-96.803309578,-98.5295575393,-99.6633439036,-94.451739048
75936943.054199219,75.936943054199,-63056.9458008,-51.678625595,-100.858662454,-96.59498543,-98.2206413452,-99.3689466386,-95.5423793557
75937088.012695312,75.937088012695,-62911.9873047,-51.6986160986,-101.277325199,-96.2086709713,-97.0303635678,-97.9464973979,-96.5702405253
75937232.971191406,75.937232971191,-62767.0288086,-51.7186527167,-101.177524606,-96.6106336549,-96.2850480088,-97.8966088595,-96.4566683346
75937377.9296875,75.937377929688,-62622.0703125,-51.7387356626,-100.511806934,-95.5665045273,-97.0428423433,-98.4570397066,-97.4734186197
75937522.888183594,75.937522888184,-62477.1118164,-51.7588651508,-100.703811815,-96.5879595426,-97.9377454996,-97.7174926417,-97.8132700228
75937667.846679688,75.937667846680,-62332.1533203,-51.7790413976,-100.0774244,-97.1519805636,-98.5333866092,-97.9034668005,-96.7692392418
75937812.805175781,75.937812805176,-62187.1948242,-51.7992646209,-101.04693873,-97.0242958419,-98.0121077282,-97.5007340262,-95.4856923439
75937957.763671875,75.937957763672,-62042.2363281,-51.8195350398,-101.292533895,-97.7708489357,-97.6960529575,-97.4557462617,-95.787981383
75938102.722167969,75.938102722168,-61897.277832,-51.8398528751,-101.581772274,-97.4707117884,-97.1020569469,-97.5912440185,-97.0140708496
75938247.680664062,75.938247680664,-61752.3193359,-51.8602183492,-101.480318572,-96.4019100447,-96.9721427803,-97.9861624483,-97.5276744817
75938392.639160156,75.938392639160,-61607.3608398,-51.880631686,-101.131467958,-98.2687036742,-96.7794434807,-98.5978368044,-97.160723537
75938537.59765625,75.938537597656,-61462.4023438,-51.901093111,-101.980126062,-99.5385730568,-97.5061331348,-99.3575349188,-95.7074290157
75938682.556152344,75.938682556152,-61317.4438477,-51.9216028514,-101.168994996,-97.409623001,-96.7353741021,-99.1490590035,-96.233123219
75938827.514648438,75.938827514648,-61172.4853516,-51.9421611357,-100.482940844,-95.0802249278,-97.0823196142,-100.494967681,-96.7749629521
75938972.473144531,75.938972473145,-61027.5268555,-51.9627681944,-100.608286823,-95.6848362679,-97.1936575168,-99.0394512731,-95.9928672414
75939117.431640625,75.939117431641,-60882.5683594,-51.9834242595,-101.295076296,-95.4079985067,-98.1580685586,-98.5036178868,-95.1713481865
75939262.390136719,75.939262390137,-60737.6098633,-52.0041295645,-101.157663833,-95.9059795386,-99.4472071722,-98.3339741775,-95.2894420223
75939407.348632812,75.939407348633,-60592.6513672,-52.0248843448,-102.319489517,-96.7631744076,-98.8286485709,-99.3470087059,-95.3303563992
75939552.307128906,75.939552307129,-60447.6928711,-52.0456888374,-101.641905829,-97.0974821931,-99.3225754231,-100.074049602,-95.4630419081
75939697.265625,75.939697265625,-60302.734375,-52.0665432811,-100.74443595,-97.5917196774,-97.366701348,-98.5212755986,-97.3398452801
75939842.224121094,75.939842224121,-60157.7758789,-52.0874479162,-101.654195846,-98.5728667116,-97.2964466856,-98.7657966378,-98.3229492932
75939987.182617188,75.939987182617,-60012.8173828,-52.1084029849,-102.309054474,-97.4912332457,-97.447613894,-99.6737542523,-96.4514471065
75940132.141113281,75.940132141113,-59867.8588867,-52.1294087312,-102.854352235,-96.9904670443,-98.5931216239,-100.147266164,-97.0078117962
75940277.099609375,75.940277099609,-59722.9003906,-52.1504654008,-102.857097433,-96.4055111871,-98.1705986526,-101.50065307,-98.4163364476
75940422.058105469,75.940422058105,-59577.9418945,-52.1715732412,-102.82996201,-95.7974930452,-97.8051718402,-100.435516449,-97.733057433
75940567.016601562,75.940567016602,-59432.9833984,-52.1927325016,-101.428879945,-96.9371995004,-98.1587575957,-99.1690083428,-96.6209136722
75940711.975097656,75.940711975098,-59288.0249023,-52.2139434333,-102.658595379,-97.7918407596,-97.3002221387,-99.4205741339,-96.3006047619
75940856.93359375,75.940856933594,-59143.0664062,-52.2352062892,-101.810938829,-97.9323141341,-97.2860618697,-99.0181147246,-96.0062224441
75941001.892089844,75.941001892090,-58998.1079102,-52.2565213241,-100.750724663,-98.143648633,-98.039901793,-98.885225395,-96.9313890585
75941146.850585938,75.941146850586,-58853.1494141,-52.2778887948,-101.206180485,-98.0269850407,-97.5945809814,-98.6883449148,-97.950642151
75941291.809082031,75.941291809082,-58708.190918,-52.2993089599,-101.959762544,-96.9381228206,-98.6085405355,-99.4239110057,-96.0346844483
75941436.767578125,75.941436767578,-58563.2324219,-52.3207820799,-101.819680182,-98.9896771482,-98.6435081741,-99.2951417567,-96.0860067617
75941581.726074219,75.941581726074,-58418.2739258,-52.3423084174,-101.806054723,-98.1578850905,-99.5805014672,-98.1929040969,-96.1732156932
75941726.684570312,75.941726684570,-58273.3154297,-52.3638882367,-102.240536962,-96.9987075352,-98.6678241661,-98.1210799285,-96.677035859
75941871.643066406,75.941871643066,-58128.3569336,-52.3855218042,-102.473754111,-96.8112306032,-98.3844021517,-98.5094271455,-98.0063181023
75942016.6015625,75.942016601562,-57983.3984375,-52.4072093884,-101.980269668,-97.7451026825,-98.582420054,-99.4737146381,-97.0647293796
75942161.560058594,75.942161560059,-57838.4399414,-52.4289512597,-103.108881783,-97.3339837702,-98.3647521566,-100.753956932,-96.9510779284
75942306.518554688,75.942306518555,-57693.4814453,-52.4507476905,-102.295076215,-97.017765487,-99.0129211344,-99.9225367145,-96.1042704348
75942451.477050781,75.942451477051,-57548.5229492,-52.4725989554,-101.612897208,-97.878731429,-99.4840070536,-98.4476292053,-95.1054902691
75942596.435546875,75.942596435547,-57403.5644531,-52.494505331,-101.236962446,-98.902230029,-98.5619622093,-98.9263133438,-95.9241959681
75942741.394042969,75.942741394043,-57258.605957,-52.5164670958,-101.314645331,-98.6821248777,-98.7024585373,-98.9672853975,-97.0068653499
75942886.352539062,75.942886352539,-57113.6474609,-52.5384845308,-102.894889016,-98.4499751031,-97.9247814742,-99.6792602619,-97.0331833902
75943031.311035156,75.943031311035,-56968.6889648,-52.5605579189,-101.615337613,-97.2702456302,-98.4963964017,-98.236307215,-95.3843398911
75943176.26953125,75.943176269531,-56823.7304688,-52.5826875452,-103.642515642,-97.3913407962,-98.8053890373,-97.7946230654,-96.3317992631
75943321.228027344,75.943321228027,-56678.7719727,-52.604873697,-103.1325179,-96.8632007368,-98.2288216965,-96.8537015682,-97.3023011249
75943466.186523438,75.943466186523,-56533.8134766,-52.6271166638,-102.218549639,-96.4184373703,-99.0433691211,-98.8437579657,-96.9930425345
75943611.145019531,75.943611145020,-56388.8549805,-52.6494167373,-101.997242199,-96.725320241,-98.6523334906,-99.9290616069,-96.3184760802
75943756.103515625,75.943756103516,-56243.8964844,-52.6717742116,-100.989045169,-96.8938033457,-99.7247970359,-100.467776128,-97.1421078299
75943901.062011719,75.943901062012,-56098.9379883,-52.6941893828,-101.948639989,-97.4232628712,-100.778429537,-99.2607602672,-97.4754762597
75944046.020507812,75.944046020508,-55953.9794922,-52.7166625496,-101.33463325,-96.650639889,-99.9540054753,-99.1164521955,-97.8228596492
75944190.979003906,75.944190979004,-55809.0209961,-52.7391940128,-102.828477124,-96.8925362401,-98.4249587766,-100.835227424,-96.2509165766
75944335.9375,75.944335937500,-55664.0625,-52.7617840756,-103.107420544,-96.5546164983,-99.3947803807,-99.3481842978,-95.6794802441
75944480.895996094,75.944480895996,-55519.1040039,-52.7844330437,-102.687865601,-96.2378359085,-98.3602530967,-98.7969148352,-96.3652021241
75944625.854492188,75.944625854492,-55374.1455078,-52.8071412251,-102.095393902,-97.1060355163,-97.5758586028,-99.7098244076,-96.2930662114
75944770.812988281,75.944770812988,-55229.1870117,-52.8299089302,-102.560217657,-97.511528191,-97.7773120361,-100.590338676,-96.4985289177
75944915.771484375,75.944915771484,-55084.2285156,-52.8527364718,-102.136904777,-97.307809498,-98.3495742141,-100.850358985,-96.5304699692
75945060.729980469,75.945060729980,-54939.2700195,-52.8756241653,-102.218437714,-96.6828260239,-98.6064970544,-100.032980164,-96.7281265437
75945205.688476562,75.945205688477,-54794.3115234,-52.8985723286,-102.764228699,-97.0066688163,-99.4514038641,-100.662881956,-97.3996279614
75945350.646972656,75.945350646973,-54649.3530273,-52.921581282,-103.010027682,-96.8851292829,-100.274426839,-99.4524508708,-98.0355801805
75945495.60546875,75.945495605469,-54504.3945312,-52.9446513484,-101.144450525,-96.6736328421,-99.5637558876,-99.1477802663,-98.2821541344
75945640.563964844,75.945640563965,-54359.4360352,-52.9677828533,-100.79983054,-96.4213061817,-98.2618611613,-98.4478897771,-98.1911889426
75945785.522460938,75.945785522461,-54214.4775391,-52.990976125,-101.313813016,-97.4982460117,-98.3162859518,-99.374416287,-97.7260653921
75945930.480957031,75.945930480957,-54069.519043,-53.014231494,-101.504585996,-98.1471571267,-98.6726407497,-99.8059168139,-97.9960440453
75946075.439453125,75.946075439453,-53924.5605469,-53.0375492938,-102.736810763,-99.4924725525,-98.9415418929,-100.359597708,-97.69691635
75946220.397949219,75.946220397949,-53779.6020508,-53.0609298605,-103.0350481,-99.0312430813,-99.9230225171,-100.441231164,-97.4904362457
75946365.356445312,75.946365356445,-53634.6435547,-53.0843735329,-101.874143024,-97.4800796785,-99.3158854081,-99.93368477,-96.8955979378
75946510.314941406,75.946510314941,-53489.6850586,-53.1078806527,-102.712855849,-99.0259768723,-99.0411946489,-100.260631784,-95.5990231089
75946655.2734375,75.946655273438,-53344.7265625,-53.1314515641,-103.891109059,-98.6607294376,-99.6480905202,-99.7908495598,-96.5561301704
75946800.231933594,75.946800231934,-53199.7680664,-53.1550866143,-102.910359021,-97.3513513871,-99.7943247185,-98.4609811275,-97.4241735287
75946945.190429688,75.946945190430,-53054.8095703,-53.1787861534,-102.93995135,-97.4802232015,-99.1260293786,-99.5059782043,-97.4522164602
75947090.148925781,75.947090148926,-52909.8510742,-53.2025505341,-102.58788918,-98.0948294624,-98.8009195318,-101.153653025,-97.3871796152
75947235.107421875,75.947235107422,-52764.8925781,-53.2263801124,-101.728889253,-98.0787560478,-100.171993873,-100.958356713,-96.7404272605
75947380.065917969,75.947380065918,-52619.934082,-53.2502752469,-101.346050451,-97.9551580198,-100.345384648,-100.640863624,-97.289610643
75947525.024414062,75.947525024414,-52474.9755859,-53.2742362992,-102.666359147,-98.4774926288,-99.0073680689,-100.344005472,-96.8339699918
75947669.982910156,75.947669982910,-52330.0170898,-53.2982636342,-104.839918389,-98.4064409715,-98.7568005612,-100.396933513,-97.2844509443
75947814.94140625,75.947814941406,-52185.0585938,-53.3223576195,-103.023085411,-98.2339165078,-99.1356633636,-99.2521360019,-98.1933440782
75947959.899902344,75.947959899902,-52040.1000977,-53.3465186259,-103.309380217,-98.4623669446,-99.5818025738,-100.650066198,-97.259948092
75948104.858398438,75.948104858398,-51895.1416016,-53.3707470273,-103.654490443,-98.1026506003,-99.1730804718,-100.58127082,-95.9646462966
75948249.816894531,75.948249816895,-51750.1831055,-53.3950432008,-101.632122647,-97.699865983,-97.8998199265,-99.3716070418,-97.2477248513
75948394.775390625,75.948394775391,-51605.2246094,-53.4194075265,-103.167991165,-99.0507549024,-98.9708561424,-99.7851434196,-97.8153612493
75948539.733886719,75.948539733887,-51460.2661133,-53.4438403879,-103.730673104,-99.5487196895,-99.5797904989,-100.131967381,-97.3974119771
75948684.692382812,75.948684692383,-51315.3076172,-53.4683421716,-104.201977868,-98.4961665815,-99.5053319569,-99.8623698542,-96.9052075927
75948829.650878906,75.948829650879,-51170.3491211,-53.4929132677,-103.884827515,-98.0797430669,-100.507219018,-99.137256641,-97.9963058026
75948974.609375,75.948974609375,-51025.390625,-53.5175540692,-103.37261335,-99.1878353877,-99.1941946604,-100.099937115,-98.3670323777
75949119.567871094,75.949119567871,-50880.4321289,-53.5422649729,-103.11354462,-98.37982232,-97.9729686097,-99.6662840919,-99.0906148176
75949264.526367188,75.949264526367,-50735.4736328,-53.5670463788,-102.84624254,-98.5138797017,-98.6718764828,-99.4374340602,-99.1311883567
75949409.484863281,75.949409484863,-50590.5151367,-53.5918986903,-103.303375042,-97.4994893773,-100.226998235,-100.52594656,-97.6507986577
75949554.443359375,75.949554443359,-50445.5566406,-53.6168223143,-101.788195815,-97.6604495508,-99.6068442452,-100.331740109,-97.5570807372
75949699.401855469,75.949699401855,-50300.5981445,-53.6418176613,-101.640954645,-98.3006843516,-100.216263563,-100.459513006,-97.2947196082
75949844.360351562,75.949844360352,-50155.6396484,-53.6668851452,-102.839653079,-98.0472926878,-100.376547405,-101.27048981,-97.5618078122
75949989.318847656,75.949989318848,-50010.6811523,-53.6920251837,-102.365505191,-98.7473113771,-99.6101427751,-100.398120904,-98.1298841754
75950134.27734375,75.950134277344,-49865.7226562,-53.7172381979,-102.985764475,-99.965530221,-98.9756265733,-99.9933593395,-98.2282889027
75950279.235839844,75.950279235840,-49720.7641602,-53.7425246128,-102.148431176,-99.5458091483,-98.6010725103,-99.5797718525,-98.9112369854
75950424.194335938,75.950424194336,-49575.8056641,-53.7678848569,-103.047640414,-98.898479228,-98.9139901417,-99.5726152938,-99.7934633674
75950569.152832031,75.950569152832,-49430.847168,-53.7933193627,-102.571018025,-99.3680003972,-99.7950248081,-100.858264996,-98.540915358
75950714.111328125,75.950714111328,-49285.8886719,-53.8188285663,-102.822990212,-98.60142807,-98.772963449,-100.88802561,-97.692269237
75950859.069824219,75.950859069824,-49140.9301758,-53.8444129078,-103.51799296,-98.6529725312,-98.6784748094,-99.8335506117,-97.7339048322
75951004.028320312,75.951004028320,-48995.9716797,-53.8700728311,-103.537847378,-98.2379079127,-98.9943281197,-99.8360306883,-97.7782623358
75951148.986816406,75.951148986816,-48851.0131836,-53.8958087841,-102.992732958,-99.8827229042,-98.6350505925,-100.046355562,-99.4880572335
75951293.9453125,75.951293945312,-48706.0546875,-53.9216212188,-103.843047572,-99.8331888372,-100.496886669,-101.008842987,-99.9593077849
75951438.903808594,75.951438903809,-48561.0961914,-53.947510591,-103.526793392,-99.4679365985,-100.949270171,-100.37282599,-98.0326020693
75951583.862304688,75.951583862305,-48416.1376953,-53.9734773607,-104.140321985,-99.3620502898,-100.155065236,-100.908840296,-97.1170576334
75951728.820800781,75.951728820801,-48271.1791992,-53.9995219921,-104.85383124,-98.5421201815,-100.684857758,-101.295316089,-98.2560798584
75951873.779296875,75.951873779297,-48126.2207031,-54.0256449536,-103.656189188,-98.5338808284,-99.6930406828,-100.452891063,-99.3595775193
75952018.737792969,75.952018737793,-47981.262207,-54.0518467177,-103.853736882,-98.7266206137,-100.631948774,-100.224872929,-97.0631639255
75952163.696289062,75.952163696289,-47836.3037109,-54.0781277613,-104.170271753,-98.1911803786,-100.436764216,-100.824120057,-97.4813334486
75952308.654785156,75.952308654785,-47691.3452148,-54.1044885656,-102.347796631,-98.1723550342,-99.8511453326,-101.332473314,-98.6275563539
75952453.61328125,75.952453613281,-47546.3867188,-54.1309296162,-103.305333177,-98.0901455252,-99.6478253961,-101.325554701,-98.4364754349
75952598.571777344,75.952598571777,-47401.4282227,-54.1574514032,-103.846203438,-99.9331323903,-100.491695583,-100.962147269,-99.1407417759
75952743.530273438,75.952743530273,-47256.4697266,-54.1840544211,-102.616682759,-99.7196008002,-100.824754413,-101.732045346,-98.1464004322
75952888.488769531,75.952888488770,-47111.5112305,-54.2107391691,-104.340755418,-99.5353163518,-101.281756433,-99.1628418772,-98.7044912711
75953033.447265625,75.953033447266,-46966.5527344,-54.2375061508,-104.272442984,-99.0933691634,-99.8337477702,-101.674397646,-98.8210097647
75953178.405761719,75.953178405762,-46821.5942383,-54.2643558747,-104.861381887,-98.6126806568,-100.307852038,-102.20170717,-98.0564975656
75953323.364257812,75.953323364258,-46676.6357422,-54.2912888538,-105.039406355,-98.1829295342,-100.981072324,-101.241595913,-100.701279483
75953468.322753906,75.953468322754,-46531.6772461,-54.3183056062,-104.979397417,-98.9901142473,-98.1943859637,-100.082854709,-100.311626371
75953613.28125,75.953613281250,-46386.71875,-54.3454066546,-105.006469647,-98.9756189323,-96.1675783846,-99.9778207096,-98.437518908
75953758.239746094,75.953758239746,-46241.7602539,-54.3725925267,-103.935801171,-99.3145659604,-98.7969790207,-100.525447042,-98.1917433002
75953903.198242188,75.953903198242,-46096.8017578,-54.399863755,-104.070648761,-99.4608042977,-100.206350009,-101.618572117,-97.6596340115
75954048.156738281,75.954048156738,-45951.8432617,-54.4272208773,-103.656114928,-99.3023869074,-99.7061012088,-101.93998422,-97.6010260264
75954193.115234375,75.954193115234,-45806.8847656,-54.4546644364,-102.826177166,-99.7489079359,-99.7040430843,-100.244270396,-99.4444661466
75954338.073730469,75.954338073730,-45661.9262695,-54.4821949802,-104.084531503,-100.565837381,-99.8809100628,-99.6731553292,-99.6714494638
75954483.032226562,75.954483032227,-45516.9677734,-54.5098130618,-104.893594229,-100.025298972,-100.587744576,-100.366935679,-98.5075348963
75954627.990722656,75.954627990723,-45372.0092773,-54.5375192398,-103.530940913,-98.9316489663,-100.169536576,-102.531233841,-97.9310713837
75954772.94921875,75.954772949219,-45227.0507812,-54.5653140778,-102.926724418,-98.456438771,-100.399485687,-103.075358906,-98.3761827598
75954917.907714844,75.954917907715,-45082.0922852,-54.5931981453,-103.569502742,-98.3163341517,-101.341305321,-101.080195713,-99.1566765099
75955062.866210938,75.955062866211,-44937.1337891,-54.6211720169,-103.654492845,-99.1162456361,-102.427347832,-101.098647628,-100.457652737
75955207.824707031,75.955207824707,-44792.175293,-54.6492362729,-103.655038824,-99.0916867905,-101.032802675,-102.11831442,-99.2912206283
75955352.783203125,75.955352783203,-44647.2167969,-54.6773914993,-104.071262304,-99.2999757674,-99.4456364447,-101.248016092,-98.4704846474
75955497.741699219,75.955497741699,-44502.2583008,-54.7056382878,-104.182233143,-98.8270046711,-99.2290324917,-102.282808757,-99.5218014262
75955642.700195312,75.955642700195,-44357.2998047,-54.7339772358,-103.724613744,-98.1242761472,-100.527083697,-102.280122394,-99.6623463307
75955787.658691406,75.955787658691,-44212.3413086,-54.7624089468,-103.721448583,-98.326111006,-101.211431189,-101.017196583,-100.03871625
75955932.6171875,75.955932617188,-44067.3828125,-54.7909340299,-104.230978095,-98.4232998885,-101.471477723,-100.622245873,-99.6256887123
75956077.575683594,75.956077575684,-43922.4243164,-54.8195531005,-104.629146866,-99.1494652459,-100.541161067,-101.986213204,-99.1199925517
75956222.534179688,75.956222534180,-43777.4658203,-54.8482667799,-104.297957656,-98.9370028798,-101.751770007,-103.03551562,-99.3608556975
75956367.492675781,75.956367492676,-43632.5073242,-54.8770756958,-104.612316872,-99.2468045294,-103.336596109,-102.427976961,-98.9726769054
75956512.451171875,75.956512451172,-43487.5488281,-54.9059804821,-104.115427135,-99.092537894,-102.2267429,-102.483232302,-98.9693653739
75956657.409667969,75.956657409668,-43342.590332,-54.9349817789,-104.197766796,-100.277116777,-101.000724165,-103.978474257,-98.9674715782
75956802.368164062,75.956802368164,-43197.6318359,-54.9640802328,-104.832428087,-99.5781167319,-101.013350956,-103.087467899,-98.6599280704
75956947.326660156,75.956947326660,-43052.6733398,-54.993276497,-104.435423544,-99.4746211314,-101.354697077,-101.900304864,-99.4946940363
75957092.28515625,75.957092285156,-42907.7148438,-55.0225712314,-105.01155723,-99.5369405483,-102.362252986,-101.154197178,-100.18961869
75957237.243652344,75.957237243652,-42762.7563477,-55.0519651023,-104.504087667,-99.8273533274,-101.233760374,-101.430549647,-99.7608315478
75957382.202148438,75.957382202148,-42617.7978516,-55.081458783,-103.955437154,-100.386374623,-99.9721429172,-101.960276288,-99.4851305362
75957527.160644531,75.957527160645,-42472.8393555,-55.1110529536,-103.888151173,-100.457420583,-101.319386346,-101.690793392,-99.156661642
75957672.119140625,75.957672119141,-42327.8808594,-55.1407483013,-104.168204237,-99.4348508739,-101.55850111,-101.338694353,-98.1957672388
75957817.077636719,75.957817077637,-42182.9223633,-55.1705455203,-104.656745818,-99.1469320265,-100.491250201,-101.880942052,-98.4972393423
75957962.036132812,75.957962036133,-42037.9638672,-55.2004453118,-105.313984471,-100.395719599,-100.776184511,-102.415737219,-99.2784943283
75958106.994628906,75.958106994629,-41893.0053711,-55.2304483846,-104.422342839,-99.0869582067,-100.943570513,-101.637281665,-99.1333222883
75958251.953125,75.958251953125,-41748.046875,-55.2605554545,-104.544313345,-98.9248527499,-101.533093607,-102.072586698,-100.70284825
75958396.911621094,75.958396911621,-41603.0883789,-55.2907672452,-104.593786941,-101.652985615,-100.0693238,-101.811447979,-100.521478147
75958541.870117188,75.958541870117,-41458.1298828,-55.3210844875,-104.024389577,-101.739391717,-99.7422817543,-101.576711853,-99.5570485982
75958686.828613281,75.958686828613,-41313.1713867,-55.3515079202,-105.378257393,-99.6871651984,-101.043089379,-101.646786731,-99.2865701439
75958831.787109375,75.958831787109,-41168.2128906,-55.3820382899,-105.24681228,-100.850619322,-101.906240693,-100.448715354,-98.8644400182
75958976.745605469,75.958976745605,-41023.2543945,-55.4126763508,-103.655388291,-100.958783983,-101.252035538,-99.5923375364,-99.4084017075
75959121.704101562,75.959121704102,-40878.2958984,-55.4434228656,-103.522928132,-100.353902809,-101.444198859,-100.258880391,-99.0916462645
75959266.662597656,75.959266662598,-40733.3374023,-55.4742786046,-103.453548645,-99.9424575172,-101.493959571,-102.016833954,-99.154315842
75959411.62109375,75.959411621094,-40588.3789062,-55.5052443467,-104.433402176,-99.472047526,-101.578140791,-102.721499594,-99.5640788479
75959556.579589844,75.959556579590,-40443.4204102,-55.536320879,-104.897406368,-98.6074937141,-101.029399343,-101.475587237,-99.710630496
75959701.538085938,75.959701538086,-40298.4619141,-55.5675089972,-104.731236223,-99.714544142,-100.853574939,-102.380270436,-98.8643778711
75959846.496582031,75.959846496582,-40153.503418,-55.5988095054,-105.463145219,-101.127927625,-101.313001162,-102.516054637,-98.8112134708
75959991.455078125,75.959991455078,-40008.5449219,-55.6302232166,-105.159950711,-100.375437096,-100.560527421,-101.925634286,-98.7923868736
75960136.413574219,75.960136413574,-39863.5864258,-55.6617509527,-104.49967688,-101.516953845,-101.595353535,-102.486806358,-99.7769371458
75960281.372070312,75.960281372070,-39718.6279297,-55.6933935444,-104.847740065,-101.31676436,-101.877336835,-102.302731604,-99.0847024705
75960426.330566406,75.960426330566,-39573.6694336,-55.7251518315,-105.043239617,-100.021772154,-100.678571595,-104.300705727,-99.3122244343
75960571.2890625,75.960571289062,-39428.7109375,-55.7570266633,-104.967335833,-99.5179741244,-100.966284006,-102.433739956,-99.0378228992
75960716.247558594,75.960716247559,-39283.7524414,-55.7890188983,-104.522980174,-100.079127085,-101.944643898,-101.486646408,-99.6890492217
75960861.206054688,75.960861206055,-39138.7939453,-55.8211294045,-105.544894421,-99.9719447938,-101.644657932,-101.996302862,-100.129324782
75961006.164550781,75.961006164551,-38993.8354492,-55.8533590596,-105.625618629,-100.406130479,-102.175685996,-102.839323679,-99.3139305654
75961151.123046875,75.961151123047,-38848.8769531,-55.8857087512,-105.710532818,-100.772599455,-101.879050727,-101.640297257,-99.1535829853
75961296.081542969,75.961296081543,-38703.918457,-55.9181793766,-106.090959204,-100.332879749,-100.953451593,-101.773244061,-100.636699158
75961441.040039062,75.961441040039,-38558.9599609,-55.9507718436,-105.929899347,-101.069701244,-101.635527843,-103.349175558,-101.403980245
75961585.998535156,75.961585998535,-38414.0014648,-55.9834870699,-105.065572611,-102.642651508,-101.853864864,-102.148673012,-100.509348929
75961730.95703125,75.961730957031,-38269.0429688,-56.0163259837,-105.945709923,-100.78634945,-101.423874425,-102.427856785,-100.320812943
75961875.915527344,75.961875915527,-38124.0844727,-56.0492895239,-105.76109663,-101.205233896,-101.701630835,-103.406236361,-99.5481062182
75962020.874023438,75.962020874023,-37979.1259766,-56.08237864,-106.300674161,-101.836013973,-101.690337866,-102.393165925,-100.006441376
75962165.832519531,75.962165832520,-37834.1674805,-56.1155942925,-106.509327717,-100.85868622,-101.745042579,-102.04783822,-100.918518175
75962310.791015625,75.962310791016,-37689.2089844,-56.1489374528,-106.267190691,-102.019490401,-102.452004854,-103.409892156,-101.173836026
75962455.749511719,75.962455749512,-37544.2504883,-56.1824091036,-106.439980281,-101.945087423,-103.703063751,-103.529135715,-102.212169316
75962600.708007812,75.962600708008,-37399.2919922,-56.2160102391,-106.627418265,-101.514912446,-101.924043259,-103.746443212,-101.768070096
75962745.666503906,75.962745666504,-37254.3334961,-56.2497418649,-106.184709114,-101.346586352,-102.184807198,-102.651327127,-100.568885201
75962890.625,75.962890625000,-37109.375,-56.2836049986,-105.260173336,-101.710510296,-102.31423608,-101.841789661,-100.847259032
75963035.583496094,75.963035583496,-36964.4165039,-56.3176006696,-106.065657543,-102.947494062,-102.493754153,-101.92895952,-101.302163609
75963180.541992188,75.963180541992,-36819.4580078,-56.3517299195,-107.114686442,-101.008766823,-101.950614391,-102.702862197,-101.024680269
75963325.500488281,75.963325500488,-36674.4995117,-56.385993802,-106.737373191,-100.337926524,-102.344200194,-102.183637981,-101.164994298
75963470.458984375,75.963470458984,-36529.5410156,-56.4203933836,-106.906613168,-100.677093381,-102.096134422,-102.023942218,-101.265629734
75963615.417480469,75.963615417480,-36384.5825195,-56.4549297435,-105.903650774,-101.074203096,-102.278762796,-103.514266056,-101.292559807
75963760.375976562,75.963760375977,-36239.6240234,-56.4896039736,-105.312770539,-101.799374487,-103.572179648,-103.010119262,-100.330823514
75963905.334472656,75.963905334473,-36094.6655273,-56.5244171792,-105.005494217,-102.373430896,-102.697111563,-102.555260488,-99.8540735709
75964050.29296875,75.964050292969,-35949.7070312,-56.5593704788,-105.877363609,-101.495820031,-101.732925246,-102.254147739,-99.5634241398
75964195.251464844,75.964195251465,-35804.7485352,-56.5944650044,-106.193934969,-100.308705941,-102.085371035,-102.712113376,-100.915486802
75964340.209960938,75.964340209961,-35659.7900391,-56.6297019019,-106.13549301,-99.7167990522,-103.024852778,-103.020867868,-101.083671557
75964485.168457031,75.964485168457,-35514.831543,-56.6650823311,-106.680748197,-100.475673772,-102.421843915,-103.246259851,-101.371658076
75964630.126953125,75.964630126953,-35369.8730469,-56.7006074662,-106.334804421,-100.27068709,-102.42557444,-103.069174242,-100.106616369
75964775.085449219,75.964775085449,-35224.9145508,-56.7362784957,-106.122393953,-100.649720563,-102.912846959,-104.196118701,-100.529563498
75964920.043945312,75.964920043945,-35079.9560547,-56.7720966229,-107.052046362,-101.222613435,-103.171461014,-104.050171677,-102.478122635
75965065.002441406,75.965065002441,-34934.9975586,-56.8080630659,-105.381404768,-101.567299762,-102.264132817,-103.510296139,-101.608816401
75965209.9609375,75.965209960938,-34790.0390625,-56.8441790582,-104.350681474,-101.941589023,-103.244655054,-102.844060192,-102.54133561
75965354.919433594,75.965354919434,-34645.0805664,-56.8804458485,-105.80592643,-102.235298754,-102.446915548,-103.804526772,-101.971807863
75965499.877929688,75.965499877930,-34500.1220703,-56.9168647016,-106.281071424,-101.702517067,-101.334134492,-104.235446896,-100.094674665
75965644.836425781,75.965644836426,-34355.1635742,-56.9534368978,-106.061581636,-100.574503142,-103.083388072,-104.386761232,-101.196351116
75965789.794921875,75.965789794922,-34210.2050781,-56.990163734,-105.990315204,-101.48679796,-103.099062598,-103.550496409,-103.097102945
75965934.753417969,75.965934753418,-34065.246582,-57.0270465235,-105.714528275,-101.840611742,-102.732299664,-105.705599214,-101.321825511
75966079.711914062,75.966079711914,-33920.2880859,-57.0640865964,-105.597406894,-102.531743939,-101.531236019,-105.34424758,-100.525978469
75966224.670410156,75.966224670410,-33775.3295898,-57.1012852998,-106.108796243,-102.44643776,-102.590793175,-104.769456266,-101.598492883
75966369.62890625,75.966369628906,-33630.3710938,-57.1386439983,-106.310677224,-101.511128369,-103.736612907,-105.142871739,-101.221525748
75966514.587402344,75.966514587402,-33485.4125977,-57.1761640742,-107.412291845,-102.650732287,-102.808345112,-104.978137432,-101.525125082
75966659.545898438,75.966659545898,-33340.4541016,-57.2138469277,-105.971178152,-102.255305243,-104.341228454,-103.832283444,-101.119718469
75966804.504394531,75.966804504395,-33195.4956055,-57.2516939774,-106.134954654,-101.299618469,-104.693491254,-104.247677387,-100.026790169
75966949.462890625,75.966949462891,-33050.5371094,-57.2897066605,-107.9357832,-100.55277858,-103.751249039,-104.235256839,-100.364072671
75967094.421386719,75.967094421387,-32905.5786133,-57.327886433,-107.416694291,-100.546303637,-104.911183107,-105.61852014,-100.73476869
75967239.379882812,75.967239379883,-32760.6201172,-57.3662347703,-107.599918078,-100.95852368,-103.310793586,-103.848675618,-101.081914615
75967384.338378906,75.967384338379,-32615.6616211,-57.4047531676,-108.230354801,-101.169673159,-102.076950415,-103.242630015,-101.842129959
75967529.296875,75.967529296875,-32470.703125,-57.4434431398,-108.393736972,-101.714758832,-102.952567991,-103.536750484,-102.059665484
75967674.255371094,75.967674255371,-32325.7446289,-57.4823062223,-106.663998516,-102.66761096,-103.610210428,-103.931489421,-102.841755736
75967819.213867188,75.967819213867,-32180.7861328,-57.5213439711,-105.914962196,-102.495626819,-103.540955878,-103.570404192,-103.081442894
75967964.172363281,75.967964172363,-32035.8276367,-57.5605579634,-106.414579688,-102.532714533,-102.932571162,-104.159774332,-103.041105542
75968109.130859375,75.968109130859,-31890.8691406,-57.5999497977,-107.125234297,-100.308301524,-98.2784825193,-100.754132454,-102.069079939
75968254.089355469,75.968254089355,-31745.9106445,-57.6395210946,-107.26391455,-98.6724172689,-98.3715501651,-99.9855859557,-100.533473352
75968399.047851562,75.968399047852,-31600.9521484,-57.6792734966,-107.051916686,-102.275032014,-102.83623958,-102.906943378,-100.821882034
75968544.006347656,75.968544006348,-31455.9936523,-57.7192086691,-107.282194576,-103.104422043,-103.180511636,-105.365090038,-101.218098809
75968688.96484375,75.968688964844,-31311.0351562,-57.7593283005,-107.479390147,-101.754419293,-104.283651521,-104.014876342,-102.978515512
75968833.923339844,75.968833923340,-31166.0766602,-57.7996341028,-107.075838786,-102.97142492,-105.615198791,-102.882022455,-103.04685516
75968978.881835938,75.968978881836,-31021.1181641,-57.8401278118,-108.231985139,-102.353292912,-103.574328284,-104.463746834,-102.055969773
75969123.840332031,75.969123840332,-30876.159668,-57.8808111879,-108.120332207,-102.191705351,-102.932381822,-104.488351676,-101.293918302
75969268.798828125,75.969268798828,-30731.2011719,-57.921686016,-107.851663549,-102.909208283,-104.383792326,-103.78320127,-102.626159768
75969413.757324219,75.969413757324,-30586.2426758,-57.9627541066,-106.968292716,-101.856590534,-104.540992522,-104.074880517,-102.324652482
75969558.715820312,75.969558715820,-30441.2841797,-58.004017296,-106.783588199,-101.709495701,-103.317064914,-104.075726773,-101.137560292
75969703.674316406,75.969703674316,-30296.3256836,-58.0454774467,-107.327994731,-102.027879108,-103.195761409,-104.808723773,-101.279939577
75969848.6328125,75.969848632812,-30151.3671875,-58.087136448,-106.476742318,-102.605703762,-102.438012055,-103.989944206,-101.817405762
75969993.591308594,75.969993591309,-30006.4086914,-58.1289962165,-107.422116806,-104.317692954,-102.8492295,-104.682115419,-101.779677103
75970138.549804688,75.970138549805,-29861.4501953,-58.1710586968,-107.220612804,-102.187728154,-104.454863976,-104.292354649,-101.559376553
75970283.508300781,75.970283508301,-29716.4916992,-58.2133258617,-106.5667623,-102.069343569,-105.12903141,-103.966331499,-100.871141531
75970428.466796875,75.970428466797,-29571.5332031,-58.255799713,-107.748437526,-103.663399806,-104.226527647,-104.896509227,-102.60035387
75970573.425292969,75.970573425293,-29426.574707,-58.2984822821,-109.482474192,-103.441392285,-104.468057557,-104.955174637,-103.026755723
75970718.383789062,75.970718383789,-29281.6162109,-58.3413756304,-108.538023567,-104.113240447,-103.135487028,-105.970207037,-102.926329054
75970863.342285156,75.970863342285,-29136.6577148,-58.38448185,-107.379378091,-103.658742308,-103.725124721,-105.295880665,-103.373075337
75971008.30078125,75.971008300781,-28991.6992188,-58.4278030643,-106.755389301,-103.374044542,-103.716438158,-104.40062525,-104.080718067
75971153.259277344,75.971153259277,-28846.7407227,-58.4713414286,-107.60629354,-103.193113182,-104.412239099,-104.36917568,-103.957597714
75971298.217773438,75.971298217773,-28701.7822266,-58.515099131,-106.880107764,-102.687793898,-104.385265158,-104.679103884,-104.021351989
75971443.176269531,75.971443176270,-28556.8237305,-58.5590783924,-107.51426224,-101.96656619,-103.451087681,-104.765956078,-103.425249832
75971588.134765625,75.971588134766,-28411.8652344,-58.6032814681,-109.000624572,-102.354546598,-103.895848627,-105.813432548,-103.607598703
75971733.093261719,75.971733093262,-28266.9067383,-58.6477106477,-108.424754992,-102.15291341,-105.06551081,-106.498606876,-104.529227034
75971878.051757812,75.971878051758,-28121.9482422,-58.6923682561,-107.656112541,-102.693411807,-105.673161938,-106.297307862,-104.275097596
75972023.010253906,75.972023010254,-27976.9897461,-58.7372566544,-107.134020328,-103.675454582,-103.116742424,-105.225530673,-103.401522006
75972167.96875,75.972167968750,-27832.03125,-58.7823782405,-106.717045979,-104.147350586,-102.808103688,-104.650769716,-104.179443276
75972312.927246094,75.972312927246,-27687.0727539,-58.8277354497,-107.32474424,-103.399013864,-104.404991247,-105.111464289,-103.195413073
75972457.885742188,75.972457885742,-27542.1142578,-58.8733307558,-108.04581779,-104.337882655,-104.836708061,-105.443867909,-102.976525915
75972602.844238281,75.972602844238,-27397.1557617,-58.9191666717,-109.44908617,-104.970811288,-105.418526155,-105.054544596,-103.629931396
75972747.802734375,75.972747802734,-27252.1972656,-58.9652457503,-108.297533738,-104.602808238,-105.936061391,-105.670544543,-103.739582846
75972892.761230469,75.972892761230,-27107.2387695,-59.0115705853,-107.55978696,-103.741236675,-105.722965425,-106.08983746,-104.48518361
75973037.719726562,75.973037719727,-26962.2802734,-59.0581438123,-107.068042546,-103.682513842,-106.651849233,-106.260093842,-103.41187328
75973182.678222656,75.973182678223,-26817.3217773,-59.1049681093,-107.440108294,-103.804469943,-105.760151967,-105.664131655,-103.305755757
75973327.63671875,75.973327636719,-26672.3632812,-59.152046198,-108.421685996,-103.154148334,-105.531232948,-105.659210538,-104.952569674
75973472.595214844,75.973472595215,-26527.4047852,-59.1993808445,-108.407176594,-103.071083652,-105.604357634,-104.78573946,-104.293032369
75973617.553710938,75.973617553711,-26382.4462891,-59.2469748605,-108.078503602,-103.815943416,-105.869540423,-105.10099596,-103.135245791
75973762.512207031,75.973762512207,-26237.487793,-59.2948311039,-108.210734592,-103.57495228,-105.548526367,-105.337284709,-103.190866128
75973907.470703125,75.973907470703,-26092.5292969,-59.3429524805,-108.542373689,-104.942617699,-105.618613009,-105.704115353,-101.953289457
75974052.429199219,75.974052429199,-25947.5708008,-59.3913419443,-109.188016422,-104.51525271,-105.20212843,-105.527992436,-102.836160699
75974197.387695312,75.974197387695,-25802.6123047,-59.4400024991,-108.934642256,-105.84681346,-105.240919918,-104.720289047,-103.240107495
75974342.346191406,75.974342346191,-25657.6538086,-59.4889371996,-108.803631482,-104.810108778,-104.449399859,-105.528839773,-102.714281171
75974487.3046875,75.974487304688,-25512.6953125,-59.5381491522,-110.338028249,-103.609557168,-104.360820846,-105.727813646,-102.251764862
75974632.263183594,75.974632263184,-25367.7368164,-59.5876415165,-109.863786853,-103.470159375,-105.422255196,-106.56294438,-102.594630051
75974777.221679688,75.974777221680,-25222.7783203,-59.6374175065,-109.059872431,-104.654173037,-106.346253587,-105.793808531,-103.99194881
75974922.180175781,75.974922180176,-25077.8198242,-59.6874803915,-109.124213723,-106.241587686,-105.153837137,-106.013703526,-104.882664671
75975067.138671875,75.975067138672,-24932.8613281,-59.737833498,-108.713154774,-106.18398681,-106.105579118,-105.859251436,-103.491596238
75975212.097167969,75.975212097168,-24787.902832,-59.7884802105,-108.932568633,-105.295514913,-106.447502515,-106.21058769,-103.020730288
75975357.055664062,75.975357055664,-24642.9443359,-59.839423973,-109.166155636,-104.540770761,-105.626858663,-106.32203794,-103.220818003
75975502.014160156,75.975502014160,-24497.9858398,-59.8906682907,-110.352149148,-104.801147611,-104.67622549,-105.939510427,-103.331361358
75975646.97265625,75.975646972656,-24353.0273438,-59.9422167309,-110.617290072,-105.440300289,-105.68972613,-106.674936891,-103.900040339
75975791.931152344,75.975791931152,-24208.0688477,-59.9940729251,-108.257868782,-105.336749143,-106.435944703,-106.418483338,-104.708560365
75975936.889648438,75.975936889648,-24063.1103516,-60.0462405699,-109.253301803,-104.010873442,-105.544053273,-105.549364865,-104.472983839
75976081.848144531,75.976081848145,-23918.1518555,-60.0987234293,-108.441066613,-103.711648538,-104.313874287,-105.868252387,-103.863237931
75976226.806640625,75.976226806641,-23773.1933594,-60.1515253355,-108.45383141,-104.811596584,-104.904750621,-106.621117884,-104.243657763
75976371.765136719,75.976371765137,-23628.2348633,-60.2046501914,-108.790558345,-105.713316233,-104.553391286,-107.6176524,-105.078172369
75976516.723632812,75.976516723633,-23483.2763672,-60.2581019717,-109.347724489,-105.757807095,-104.714926936,-105.627518532,-105.206130599
75976661.682128906,75.976661682129,-23338.3178711,-60.3118847251,-109.419059366,-105.288044454,-104.589762943,-106.491836329,-105.975290281
75976806.640625,75.976806640625,-23193.359375,-60.366002576,-109.847483039,-105.119346252,-105.993747491,-108.847869432,-104.873807816
75976951.599121094,75.976951599121,-23048.4008789,-60.4204597261,-110.233042333,-105.772641264,-107.968932097,-108.794924843,-104.188856893
75977096.557617188,75.977096557617,-22903.4423828,-60.4752604569,-110.472486148,-106.231447735,-107.460919305,-107.235173649,-104.899839602
75977241.516113281,75.977241516113,-22758.4838867,-60.5304091315,-110.843162297,-105.631245577,-106.342518454,-105.955828448,-106.621879057
75977386.474609375,75.977386474609,-22613.5253906,-60.5859101963,-110.368505131,-105.362409571,-106.828155943,-106.3038275,-106.815727787
75977531.433105469,75.977531433105,-22468.5668945,-60.6417681838,-109.512617597,-106.870885046,-107.635163754,-106.938006974,-104.619533646
75977676.391601562,75.977676391602,-22323.6083984,-60.6979877144,-108.872848686,-106.462134505,-106.490065387,-106.148005803,-104.733421427
75977821.350097656,75.977821350098,-22178.6499023,-60.7545734988,-109.739207614,-105.531778155,-106.995211605,-106.416188044,-103.482206267
75977966.30859375,75.977966308594,-22033.6914062,-60.8115303404,-109.583782938,-105.113321767,-106.549902643,-107.115184847,-103.765545057
75978111.267089844,75.978111267090,-21888.7329102,-60.8688631377,-109.0419352,-105.162584385,-106.898704926,-107.264823136,-104.948709903
75978256.225585938,75.978256225586,-21743.7744141,-60.9265768868,-110.170055418,-104.864591455,-106.451310318,-107.048972026,-104.432963618
75978401.184082031,75.978401184082,-21598.815918,-60.9846766842,-110.789740261,-104.347860373,-106.371960267,-107.781537302,-104.689647075
75978546.142578125,75.978546142578,-21453.8574219,-61.0431677291,-110.120849538,-105.689073502,-106.40260031,-108.403900113,-104.616488499
75978691.101074219,75.978691101074,-21308.8989258,-61.1020553267,-110.933159139,-105.761289836,-107.384697066,-108.09036468,-104.075252687
75978836.059570312,75.978836059570,-21163.9404297,-61.1613448907,-110.83049594,-106.594473114,-107.500616145,-108.927122061,-105.945189946
75978981.018066406,75.978981018066,-21018.9819336,-61.2210419466,-110.899279587,-105.318433401,-106.903333038,-108.859176537,-106.5357716
75979125.9765625,75.979125976562,-20874.0234375,-61.2811521343,-110.205321568,-104.75690807,-107.444910541,-107.890442402,-105.999352719
75979270.935058594,75.979270935059,-20729.0649414,-61.341681212,-111.017722891,-105.220666217,-108.044252689,-106.642108021,-105.046834615
75979415.893554688,75.979415893555,-20584.1064453,-61.4026350589,-110.559889325,-107.162969973,-106.805078534,-106.860369975,-105.705741342
75979560.852050781,75.979560852051,-20439.1479492,-61.4640196787,-111.338089447,-106.752207095,-106.158220521,-107.932629167,-104.543058158
75979705.810546875,75.979705810547,-20294.1894531,-61.5258412036,-112.629889418,-105.117169622,-107.970174629,-107.669957411,-103.772430679
75979850.769042969,75.979850769043,-20149.230957,-61.5881058976,-110.764270907,-105.339056474,-107.73983979,-108.89641134,-104.286403906
75979995.727539062,75.979995727539,-20004.2724609,-61.6508201603,-111.05592368,-106.64294976,-106.970118204,-108.3387547,-105.610418202
75980140.686035156,75.980140686035,-19859.3139648,-61.7139905309,-110.417359918,-106.423700344,-106.655940268,-107.491761451,-107.510124793
75980285.64453125,75.980285644531,-19714.3554688,-61.7776236924,-111.44027007,-105.387559079,-106.420723595,-107.548735262,-106.547763196
75980430.603027344,75.980430603027,-19569.3969727,-61.8417264758,-112.240627529,-105.97634949,-108.30378304,-108.8264594,-104.086171256
75980575.561523438,75.980575561523,-19424.4384766,-61.9063058645,-111.919338103,-106.844438877,-108.766564263,-108.253308707,-105.109497772
75980720.520019531,75.980720520020,-19279.4799805,-61.9713689985,-111.357948792,-107.218229789,-108.894185874,-108.573501895,-105.361494782
75980865.478515625,75.980865478516,-19134.5214844,-62.03692318,-112.153578269,-107.152345359,-108.67748122,-108.755684253,-104.779842665
75981010.437011719,75.981010437012,-18989.5629883,-62.1029758773,-111.806522518,-106.896625225,-107.62470333,-109.122299139,-105.561759924
75981155.395507812,75.981155395508,-18844.6044922,-62.1695347307,-111.711279305,-106.495398988,-108.757558519,-107.675977923,-106.424071893
75981300.354003906,75.981300354004,-18699.6459961,-62.2366075574,-112.651641165,-107.095452726,-108.193409182,-108.081565895,-104.797774589
75981445.3125,75.981445312500,-18554.6875,-62.3042023571,-112.410936561,-106.434871274,-107.549954131,-108.624526554,-105.446634092
75981590.270996094,75.981590270996,-18409.7290039,-62.3723273177,-111.995819792,-107.033832119,-108.131959014,-108.223838882,-105.958939542
75981735.229492188,75.981735229492,-18264.7705078,-62.4409908213,-112.67844759,-106.6326916,-107.885435857,-108.206380633,-105.934397829
75981880.187988281,75.981880187988,-18119.8120117,-62.5102014504,-111.635886503,-106.851940604,-107.325078291,-108.622700386,-105.967411373
75982025.146484375,75.982025146484,-17974.8535156,-62.5799679944,-111.575072222,-109.613185238,-107.920983977,-108.856696627,-105.816184765
75982170.104980469,75.982170104980,-17829.8950195,-62.650299456,-111.513372753,-108.829604881,-107.982280201,-108.873533768,-106.074592827
75982315.063476562,75.982315063477,-17684.9365234,-62.7212050586,-111.598847781,-107.047820327,-109.060641064,-109.451948292,-104.609450273
75982460.021972656,75.982460021973,-17539.9780273,-62.7926942531,-110.287768001,-108.094355791,-108.774658128,-109.500175589,-105.416987654
75982604.98046875,75.982604980469,-17395.0195312,-62.864776726,-110.512927516,-107.669021988,-108.280915173,-108.681823047,-106.248986522
75982749.938964844,75.982749938965,-17250.0610352,-62.9374624066,-111.863346194,-106.731182073,-109.945243356,-108.934776553,-106.783034287
75982894.897460938,75.982894897461,-17105.1025391,-63.0107614761,-112.241749129,-107.989646697,-108.604712235,-110.830691552,-105.67555565
75983039.855957031,75.983039855957,-16960.144043,-63.084684375,-111.966876116,-108.002373586,-108.424437379,-110.00840787,-105.199519836
75983184.814453125,75.983184814453,-16815.1855469,-63.1592418133,-111.577501368,-108.162169878,-109.571321304,-110.443646024,-106.253324456
75983329.772949219,75.983329772949,-16670.2270508,-63.2344447788,-112.011660708,-107.829213775,-108.80691325,-109.456314465,-106.630610922
75983474.731445312,75.983474731445,-16525.2685547,-63.3103045472,-113.045656989,-108.085535301,-107.938151315,-108.919029279,-106.819561144
75983619.689941406,75.983619689941,-16380.3100586,-63.3868326925,-113.833798444,-108.744132889,-107.053494305,-107.71466634,-106.124315215
75983764.6484375,75.983764648438,-16235.3515625,-63.464041097,-113.616516925,-109.180664091,-108.010047077,-108.556142974,-105.931774572
75983909.606933594,75.983909606934,-16090.3930664,-63.5419419631,-112.359433847,-109.101576451,-106.770526057,-108.137523664,-106.472066263
75984054.565429688,75.984054565430,-15945.4345703,-63.6205478242,-112.697629437,-106.118720552,-99.6974694773,-103.015582959,-105.217341853
75984199.523925781,75.984199523926,-15800.4760742,-63.6998715572,-112.482680892,-106.244694539,-101.967483487,-104.795549218,-105.609893207
75984344.482421875,75.984344482422,-15655.5175781,-63.779926395,-112.42650807,-107.36237817,-108.260418026,-110.554603065,-107.735673433
75984489.440917969,75.984489440918,-15510.559082,-63.8607259398,-112.140057476,-109.002133388,-108.925036699,-110.884314582,-108.39805786
75984634.399414062,75.984634399414,-15365.6005859,-63.9422841772,-112.342715223,-108.027322601,-109.012215755,-111.291878514,-107.612666964
75984779.357910156,75.984779357910,-15220.6420898,-64.0246154901,-113.501572725,-107.296926046,-107.460631804,-108.397712151,-106.750544225
75984924.31640625,75.984924316406,-15075.6835938,-64.1077346747,-113.595362843,-107.813227582,-109.847890125,-109.552602889,-107.375690671
75985069.274902344,75.985069274902,-14930.7250977,-64.1916569558,-112.689091902,-108.363080488,-111.547342569,-110.433055905,-106.260685392
75985214.233398438,75.985214233398,-14785.7666016,-64.276398004,-114.44750287,-108.60282626,-109.738683191,-110.510281003,-106.964595153
75985359.191894531,75.985359191895,-14640.8081055,-64.361973953,-115.09095843,-109.632357368,-108.329322864,-110.497165841,-108.720244708
75985504.150390625,75.985504150391,-14495.8496094,-64.4484014182,-114.921282142,-109.317080203,-109.795642801,-110.325432982,-108.73470167
75985649.108886719,75.985649108887,-14350.8911133,-64.5356975159,-114.403682195,-110.0223092,-109.490544675,-109.797003988,-108.03582147
75985794.067382812,75.985794067383,-14205.9326172,-64.6238798838,-114.225772612,-109.527278536,-110.740002767,-109.353651537,-108.003906125
75985939.025878906,75.985939025879,-14060.9741211,-64.7129667022,-114.024593184,-108.459576693,-112.132421303,-110.424964258,-107.49396294
75986083.984375,75.986083984375,-13916.015625,-64.8029767167,-113.277858966,-109.035988328,-111.934032595,-110.214530824,-108.275122638
75986228.942871094,75.986228942871,-13771.0571289,-64.8939292618,-113.646414275,-108.68869025,-110.664498513,-110.653442876,-108.054336541
75986373.901367188,75.986373901367,-13626.0986328,-64.9858442857,-113.919957426,-109.434863036,-109.712770209,-111.009180001,-106.993451214
75986518.859863281,75.986518859863,-13481.1401367,-65.0787423769,-114.011404383,-108.713747224,-109.532265652,-109.544072686,-106.941850062
75986663.818359375,75.986663818359,-13336.1816406,-65.1726447915,-114.370101722,-108.395423775,-108.997200785,-110.882769045,-107.322420527
75986808.776855469,75.986808776855,-13191.2231445,-65.2675734824,-114.484890688,-108.223221115,-108.788749317,-109.940672577,-107.60926699
75986953.735351562,75.986953735352,-13046.2646484,-65.3635511307,-114.922994,-109.300489025,-109.402131529,-109.886578413,-106.886033515
75987098.693847656,75.987098693848,-12901.3061523,-65.4606011773,-114.96376508,-108.638660161,-110.141016705,-110.428345581,-107.403551506
75987243.65234375,75.987243652344,-12756.3476562,-65.5587478579,-114.618269303,-108.558768815,-109.880851941,-111.298781899,-107.384229522
75987388.610839844,75.987388610840,-12611.3891602,-65.6580162395,-113.771166278,-110.210665478,-110.730700228,-110.87043466,-107.426948325
75987533.569335938,75.987533569336,-12466.4306641,-65.758432258,-113.540316255,-110.473073409,-103.182331282,-105.057279569,-108.153491561
75987678.527832031,75.987678527832,-12321.472168,-65.8600227597,-114.631933156,-109.978453406,-100.720647771,-102.821324362,-107.673447702
75987823.486328125,75.987823486328,-12176.5136719,-65.9628155439,-114.957341303,-110.10743284,-104.463853793,-107.292305069,-106.825603563
75987968.444824219,75.987968444824,-12031.5551758,-66.066839409,-114.090587384,-110.687399096,-107.401506827,-109.624035659,-106.895990235
75988113.403320312,75.988113403320,-11886.5966797,-66.1721242003,-114.577953687,-110.877370052,-108.748039874,-111.476629493,-107.720333282
75988258.361816406,75.988258361816,-11741.6381836,-66.2787008619,-116.08689055,-112.420323723,-111.364827821,-111.438971606,-108.036556531
75988403.3203125,75.988403320312,-11596.6796875,-66.3866014913,-115.325617063,-112.644458424,-112.838819486,-112.726237624,-109.716919843
75988548.278808594,75.988548278809,-11451.7211914,-66.495859397,-116.387478125,-111.578702867,-113.011620702,-113.467150452,-109.768958784
75988693.237304688,75.988693237305,-11306.7626953,-66.6065091609,-115.798457172,-110.635362693,-112.396102288,-111.688347309,-110.451980976
75988838.195800781,75.988838195801,-11161.8041992,-66.7185867032,-115.331254686,-110.084248675,-112.916915599,-112.00055016,-109.879138996
75988983.154296875,75.988983154297,-11016.8457031,-66.832129353,-115.886420447,-111.965477339,-111.350371702,-110.919717754,-108.86022601
75989128.112792969,75.989128112793,-10871.887207,-66.947175923,-116.756169634,-110.734870302,-103.077540961,-107.714920483,-107.160119006
75989273.071289062,75.989273071289,-10726.9287109,-67.0637667884,-117.698202592,-110.527037622,-98.2437238114,-102.334044579,-107.636948649
75989418.029785156,75.989418029785,-10581.9702148,-67.181943973,-116.792825359,-111.814000502,-100.28379413,-103.228553821,-108.48552339
75989562.98828125,75.989562988281,-10437.0117188,-67.3017512393,-117.730357266,-111.795568494,-106.993307563,-108.420190534,-107.955560287
75989707.946777344,75.989707946777,-10292.0532227,-67.4232341861,-117.900369659,-111.823362936,-108.623969024,-111.074636396,-108.034378054
75989852.905273438,75.989852905273,-10147.0947266,-67.5464403528,-117.542434351,-112.627705407,-110.350529677,-113.311826467,-108.319139024
75989997.863769531,75.989997863770,-10002.1362305,-67.6714193312,-117.375405172,-112.964670781,-110.285318681,-111.167209287,-107.635177989
75990142.822265625,75.990142822266,-9857.17773438,-67.7982228846,-116.991806604,-111.330758286,-107.496046,-108.542438084,-107.995763061
75990287.780761719,75.990287780762,-9712.21923828,-67.9269050777,-118.548786805,-110.41762944,-105.885929432,-107.374410768,-108.884473559
75990432.739257812,75.990432739258,-9567.26074219,-68.057522414,-117.444624245,-111.817319022,-103.415213725,-105.481861467,-109.079116676
75990577.697753906,75.990577697754,-9422.30224609,-68.1901339852,-116.741996977,-112.279397548,-105.216620367,-107.797669997,-107.531068469
75990722.65625,75.990722656250,-9277.34375,-68.3248016317,-117.163642872,-112.696765935,-108.897065065,-109.909511092,-107.403069268
75990867.614746094,75.990867614746,-9132.38525391,-68.4615901157,-117.201815022,-112.376144839,-108.851863748,-110.364685592,-108.38505553
75991012.573242188,75.991012573242,-8987.42675781,-68.6005673083,-118.497363672,-113.049492992,-110.338100242,-111.994630496,-107.093037004
75991157.531738281,75.991157531738,-8842.46826172,-68.7418043916,-118.762065004,-112.85704369,-107.580959776,-110.607603755,-106.784907092
75991302.490234375,75.991302490234,-8697.50976562,-68.8853760779,-118.978550479,-112.165787723,-105.541759601,-110.326530946,-105.857078594
75991447.448730469,75.991447448730,-8552.55126953,-69.0313608465,-118.163586901,-113.007874473,-105.998376077,-109.176304898,-106.189770076
75991592.407226562,75.991592407227,-8407.59277344,-69.179841202,-118.418872823,-113.04164036,-99.2814574684,-103.42773617,-106.800114007
75991737.365722656,75.991737365723,-8262.63427734,-69.3309039539,-119.013935416,-112.476308596,-93.3418214624,-96.8015813402,-104.78697109
75991882.32421875,75.991882324219,-8117.67578125,-69.4846405213,-119.296308694,-112.692626014,-92.2965228378,-95.944959365,-103.173912631
75992027.282714844,75.992027282715,-7972.71728516,-69.6411472658,-119.342570274,-113.451119193,-95.5881051349,-98.7160291683,-105.166632025
75992172.241210938,75.992172241211,-7827.75878906,-69.8005258535,-119.170737536,-113.808445353,-101.613542613,-102.831052811,-106.970866909
75992317.199707031,75.992317199707,-7682.80029297,-69.9628836524,-119.154650995,-112.366912151,-91.5933514123,-94.2188183803,-106.132235087
75992462.158203125,75.992462158203,-7537.84179688,-70.1283341663,-119.650510274,-114.312625234,-91.6820338053,-93.990266253,-106.734735351
75992607.116699219,75.992607116699,-7392.88330078,-70.2969975117,-120.073361032,-114.827968862,-104.319383076,-105.092333377,-107.794926671
75992752.075195312,75.992752075195,-7247.92480469,-70.4690009417,-119.638603729,-113.010462773,-107.32826712,-108.784875452,-107.607038438
75992897.033691406,75.992897033691,-7102.96630859,-70.6444794227,-118.879150653,-113.440524004,-112.102743309,-113.273322316,-109.240957534
75993041.9921875,75.993041992188,-6958.0078125,-70.8235762707,-120.791730949,-114.549663158,-112.980565713,-113.706447458,-108.731175985
75993186.950683594,75.993186950684,-6813.04931641,-71.0064438545,-120.497843651,-113.578999157,-112.21032474,-113.166791913,-108.684400019
75993331.909179688,75.993331909180,-6668.09082031,-71.1932443748,-119.93926132,-114.894302161,-111.07408404,-111.279364264,-108.073477167
75993476.867675781,75.993476867676,-6523.13232422,-71.3841507282,-120.912556808,-113.592290572,-109.750543787,-110.007630388,-105.969267537
75993621.826171875,75.993621826172,-6378.17382812,-71.5793474693,-121.145679203,-112.043841513,-109.779118357,-109.968848131,-103.942249269
75993766.784667969,75.993766784668,-6233.21533203,-71.7790318829,-120.60689768,-110.530688079,-103.335979834,-105.562069116,-104.334826672
75993911.743164062,75.993911743164,-6088.25683594,-71.9834151822,-121.363400456,-111.008451914,-98.1760423446,-100.71415488,-106.450158446
75994056.701660156,75.994056701660,-5943.29833984,-72.1927238514,-123.015365115,-113.497640986,-95.7812442744,-98.4668049852,-109.303607163
75994201.66015625,75.994201660156,-5798.33984375,-72.407201155,-122.81828185,-113.779693075,-97.4523536202,-101.245049548,-109.259052262
75994346.618652344,75.994346618652,-5653.38134766,-72.627108837,-123.46982576,-115.003850589,-87.78861268,-90.1204712726,-107.817415586
75994491.577148438,75.994491577148,-5508.42285156,-72.8527290411,-121.305755621,-115.714084417,-80.9440076236,-82.5237873873,-108.709631444
75994636.535644531,75.994636535645,-5363.46435547,-73.0843664882,-122.08152198,-117.433473216,-81.419738181,-82.7880928172,-110.176157063
75994781.494140625,75.994781494141,-5218.50585938,-73.3223509504,-123.121469536,-116.789428037,-87.2769078746,-89.652869991,-110.535855426
75994926.452636719,75.994926452637,-5073.54736328,-73.5670400751,-122.863182442,-113.987303313,-95.2849624698,-98.9959381511,-109.710837328
75995071.411132812,75.995071411133,-4928.58886719,-73.8188226177,-122.944148826,-114.244505617,-103.527983606,-106.737851631,-109.759219658
75995216.369628906,75.995216369629,-4783.63037109,-74.0781221575,-122.891965733,-114.972698766,-103.342218991,-106.952497091,-110.252800115
75995361.328125,75.995361328125,-4638.671875,-74.3454013853,-124.162851187,-117.085824951,-94.5577444003,-98.0972412069,-110.679516995
75995506.286621094,75.995506286621,-4493.71337891,-74.6211670717,-125.092102212,-117.012122866,-89.0168516878,-91.4328664482,-110.218710301
75995651.245117188,75.995651245117,-4348.75488281,-74.9059758508,-124.002173462,-117.0023154,-88.1860066939,-92.6080080327,-111.060536812
75995796.203613281,75.995796203613,-4203.79638672,-75.2004409842,-123.41087115,-117.327838429,-82.050160068,-85.4189012243,-108.445608958
75995941.162109375,75.995941162109,-4058.83789062,-75.5052403123,-123.877414365,-116.782177986,-78.31568075,-81.1012092027,-103.302908739
75996086.120605469,75.996086120605,-3913.87939453,-75.8211256531,-124.846260905,-116.401089056,-78.0315639396,-81.7577058894,-102.069299301
75996231.079101562,75.996231079102,-3768.92089844,-76.1489339742,-125.612810683,-117.479892342,-76.3361846435,-79.9527764774,-105.644600064
75996376.037597656,75.996376037598,-3623.96240234,-76.4896007575,-125.976030474,-116.738470435,-81.0497862266,-84.3299696008,-108.592728619
75996520.99609375,75.996520996094,-3479.00390625,-76.8441760941,-126.703607019,-115.65431176,-90.65699747,-94.1130523734,-109.054321365
75996665.954589844,75.996665954590,-3334.04541016,-77.2138442056,-126.182918972,-114.654825863,-84.0969372212,-87.5058789993,-108.753814156
75996810.913085938,75.996810913086,-3189.08691406,-77.5999473071,-126.381908044,-115.680046868,-84.0980235748,-87.2906001904,-108.689023818
75996955.871582031,75.996955871582,-3044.12841797,-78.0040150267,-127.20787486,-114.845523989,-92.717695377,-95.7768451942,-104.367198323
75997100.830078125,75.997100830078,-2899.16992188,-78.4278010059,-127.122862338,-116.093053323,-97.626581297,-99.2140523743,-105.930809628
75997245.788574219,75.997245788574,-2754.21142578,-78.8733288981,-127.090680124,-115.968588747,-94.065933248,-96.4261923847,-109.163404925
75997390.747070312,75.997390747070,-2609.25292969,-79.3429508132,-129.344715337,-117.646421518,-93.0261752308,-95.1110525233,-108.856235454
75997535.705566406,75.997535705566,-2464.29443359,-79.8394224859,-129.28676695,-108.581339947,-93.1606250729,-96.1882483596,-108.200686043
75997680.6640625,75.997680664062,-2319.3359375,-80.3660012586,-129.377340283,-99.9199731288,-95.0850904831,-98.5553403362,-107.450112888
75997825.622558594,75.997825622559,-2174.37744141,-80.926575729,-130.115444768,-101.014619399,-102.965483996,-105.385633213,-107.613075122
75997970.581054688,75.997970581055,-2029.41894531,-81.5258401951,-130.672792929,-106.097297832,-110.350110493,-110.369957371,-107.824751938
75998115.539550781,75.998115539551,-1884.46044922,-82.1695338611,-131.403760491,-107.328333325,-108.871897496,-107.712226324,-106.382207786
75998260.498046875,75.998260498047,-1739.50195312,-82.864775985,-132.911689177,-109.816335207,-104.353632421,-103.087591085,-100.921659742
75998405.456542969,75.998405456543,-1594.54345703,-83.6205472015,-133.186496686,-108.923557822,-102.015067631,-103.195561135,-101.502567653
75998550.415039062,75.998550415039,-1449.58496094,-84.4484009036,-134.913736007,-105.154511173,-96.7452156389,-99.5995922349,-102.703628249
75998695.373535156,75.998695373535,-1304.62646484,-85.3635507138,-135.399340817,-104.569880682,-99.4242628835,-102.184226069,-108.47913732
75998840.33203125,75.998840332031,-1159.66796875,-86.3866011619,-137.038844025,-107.664482273,-103.401247428,-103.706731949,-107.150455755
75998985.290527344,75.998985290527,-1014.70947266,-87.5464401006,-137.235362144,-114.664691763,-102.402411956,-104.347988656,-104.031639841
75999130.249023438,75.999130249023,-869.750976562,-88.8853758926,-138.511546052,-112.898310098,-100.718070684,-102.818941068,-95.206106285
75999275.207519531,75.999275207520,-724.792480469,-90.4690008129,-139.52915467,-109.893077482,-95.2706160794,-97.4124536248,-90.6653332366
75999420.166015625,75.999420166016,-579.833984375,-92.4072010727,-141.667600342,-111.52507239,-93.3441766138,-95.8015923691,-95.7768297973
75999565.124511719,75.999565124512,-434.875488281,-94.9059758044,-144.827647729,-108.924109381,-98.3818312527,-100.517753508,-103.624941208
75999710.083007812,75.999710083008,-289.916992188,-98.4278009853,-148.026629034,-101.804674448,-105.137798506,-99.3127651526,-113.858513519
75999855.041503906,75.999855041504,-144.958496094,-104.448400898,-151.131179618,-56.6439626276,-63.7922299243,-63.8344018066,-55.4589820433
76000000,76.000000000000,0,-160,-202.747482078,-106.174063725,-113.332171056,-113.357972522,-104.990213868
76000144.958496094,76.000144958496,144.958496094,-104.448400898,-151.677344767,-56.6445966335,-63.8023820505,-63.8222762187,-55.4594904482
76000289.916992188,76.000289916992,289.916992188,-98.4278009855,-148.269855191,-100.990605644,-105.249888371,-99.3977131071,-113.909927399
76000434.875488281,76.000434875488,434.875488281,-94.9059758045,-144.96442906,-107.411805972,-98.6017395101,-101.044650412,-104.041290329
76000579.833984375,76.000579833984,579.833984375,-92.4072010728,-142.42850056,-110.909526728,-93.3873585115,-96.212765297,-96.049487929
76000724.792480469,76.000724792480,724.792480469,-90.469000813,-141.119169595,-112.025715832,-95.1449910625,-97.2122381665,-90.8226436984
76000869.750976562,76.000869750977,869.750976562,-88.8853758927,-138.059692483,-113.604119537,-100.362280012,-102.112403719,-95.4116402074
76001014.709472656,76.001014709473,1014.70947266,-87.5464401007,-136.177163391,-116.603556472,-101.788914772,-104.316421889,-104.398952161
76001159.66796875,76.001159667969,1159.66796875,-86.386601162,-134.917003391,-107.655186949,-103.113166437,-103.625749271,-106.840885255
76001304.626464844,76.001304626465,1304.62646484,-85.3635507139,-135.115260155,-103.190164314,-99.7064595889,-101.67824652,-108.1191835
76001449.584960938,76.001449584961,1449.58496094,-84.4484009037,-134.208531944,-103.505383689,-97.9636145518,-99.3575584318,-102.905990896
76001594.543457031,76.001594543457,1594.54345703,-83.6205472016,-132.853299997,-106.045246549,-102.824378578,-102.4656702,-101.50822114
76001739.501953125,76.001739501953,1739.50195312,-82.864775985,-132.845197838,-107.225206127,-104.704924171,-102.659984627,-101.073202129
76001884.460449219,76.001884460449,1884.46044922,-82.1695338611,-131.838451789,-107.173963824,-108.992744705,-107.469041568,-106.080314153
76002029.418945312,76.002029418945,2029.41894531,-81.5258401951,-130.544398921,-105.002306134,-109.639220563,-110.281328618,-108.189224928
76002174.377441406,76.002174377441,2174.37744141,-80.926575729,-129.718632481,-101.713395684,-102.929307702,-104.832594809,-107.742324468
76002319.3359375,76.002319335938,2319.3359375,-80.3660012586,-130.02941729,-100.224284568,-95.1206259893,-98.165416975,-107.557496878
76002464.294433594,76.002464294434,2464.29443359,-79.8394224859,-130.036441409,-109.041572647,-93.1921527053,-96.0869833536,-108.213051359
76002609.252929688,76.002609252930,2609.25292969,-79.3429508132,-129.029049019,-116.519840842,-93.151407383,-94.9936170795,-109.086392404
76002754.211425781,76.002754211426,2754.21142578,-78.8733288981,-129.758245848,-116.031123823,-94.2508943573,-96.4542029847,-109.167544816
76002899.169921875,76.002899169922,2899.16992188,-78.4278010059,-129.317979643,-114.960668596,-97.8034979672,-98.8428095134,-106.042334121
76003044.128417969,76.003044128418,3044.12841797,-78.0040150267,-126.735824999,-113.890566925,-92.6828953589,-95.7642533413,-104.527591227
76003189.086914062,76.003189086914,3189.08691406,-77.5999473071,-126.383875897,-115.796782706,-84.0955875705,-87.2808226824,-108.734074808
76003334.045410156,76.003334045410,3334.04541016,-77.2138442056,-126.838971074,-114.931899582,-84.0833837637,-87.5025789463,-108.316673978
76003479.00390625,76.003479003906,3479.00390625,-76.8441760941,-126.385806501,-115.972742042,-90.6389162173,-94.0068561732,-108.964725952
76003623.962402344,76.003623962402,3623.96240234,-76.4896007575,-126.782381858,-117.012642317,-81.0107832472,-84.2973237254,-109.04052303
76003768.920898438,76.003768920898,3768.92089844,-76.1489339741,-127.92127341,-117.565801362,-76.2900685064,-79.9204436152,-106.314120025
76003913.879394531,76.003913879395,3913.87939453,-75.8211256532,-125.850585635,-117.203191862,-78.0377225347,-81.7778157919,-102.749658662
76004058.837890625,76.004058837891,4058.83789062,-75.5052403124,-126.747239494,-116.726942433,-78.403868132,-81.1657833164,-103.894522966
76004203.796386719,76.004203796387,4203.79638672,-75.2004409842,-125.394238995,-116.655877155,-82.1396914652,-85.4850677124,-108.05188428
76004348.754882812,76.004348754883,4348.75488281,-74.9059758508,-123.661046524,-116.614829823,-88.1508167178,-92.6352862863,-111.056832361
76004493.713378906,76.004493713379,4493.71337891,-74.6211670717,-124.283641326,-117.2208369,-88.862609715,-91.3093311421,-110.691287124
76004638.671875,76.004638671875,4638.671875,-74.3454013853,-124.366592042,-115.870773364,-94.4133611989,-97.9566318213,-110.778618048
76004783.630371094,76.004783630371,4783.63037109,-74.0781221575,-125.14508119,-114.837712405,-103.609020909,-107.000469407,-110.563876823
76004928.588867188,76.004928588867,4928.58886719,-73.8188226177,-124.515010179,-114.702534048,-103.877860435,-106.962018062,-109.685817308
76005073.547363281,76.005073547363,5073.54736328,-73.5670400751,-124.135493988,-114.828644671,-95.4779693585,-98.8847345714,-109.147433641
76005218.505859375,76.005218505859,5218.50585938,-73.3223509504,-122.834536609,-116.686705541,-87.4990818712,-89.7578210397,-110.785307716
76005363.464355469,76.005363464355,5363.46435547,-73.0843664882,-122.090763863,-116.707710526,-81.6022868774,-82.9211129356,-110.231754612
76005508.422851562,76.005508422852,5508.42285156,-72.8527290412,-122.357270389,-115.031325855,-81.0870423588,-82.6478619943,-108.302448851
76005653.381347656,76.005653381348,5653.38134766,-72.627108837,-122.149346038,-115.230927296,-87.9161562625,-90.2125005365,-107.237995006
76005798.33984375,76.005798339844,5798.33984375,-72.407201155,-121.227913961,-114.831437936,-97.8036482133,-100.824534111,-108.192481885
76005943.298339844,76.005943298340,5943.29833984,-72.1927238514,-120.920895293,-113.462317663,-96.1089072221,-98.5414166581,-109.052201884
76006088.256835938,76.006088256836,6088.25683594,-71.9834151822,-121.510098847,-111.954522539,-98.2988216577,-101.820857425,-107.232122342
76006233.215332031,76.006233215332,6233.21533203,-71.779031883,-121.826973042,-111.809028142,-103.786928917,-106.412391671,-104.876240213
76006378.173828125,76.006378173828,6378.17382812,-71.5793474693,-121.684514766,-112.653396988,-109.900597943,-110.127279437,-104.014326695
76006523.132324219,76.006523132324,6523.13232422,-71.3841507282,-121.66159048,-114.19917151,-109.47868204,-110.264193669,-105.736143938
76006668.090820312,76.006668090820,6668.09082031,-71.1932443748,-120.36041373,-114.938236513,-110.791398587,-111.096556823,-109.146603746
76006813.049316406,76.006813049316,6813.04931641,-71.0064438545,-120.266730962,-115.1745899,-111.419037234,-112.853059388,-109.33875568
76006958.0078125,76.006958007812,6958.0078125,-70.8235762707,-119.753182585,-116.012229824,-111.964689328,-114.718815363,-108.869702105
76007102.966308594,76.007102966309,7102.96630859,-70.6444794227,-120.774038085,-113.943028993,-111.425904545,-113.776492978,-109.146079538
76007247.924804688,76.007247924805,7247.92480469,-70.4690009417,-120.401668046,-113.564360988,-107.378713048,-109.534925565,-107.568382979
76007392.883300781,76.007392883301,7392.88330078,-70.2969975117,-119.735343042,-113.582248298,-104.075817729,-105.023838054,-108.124863847
76007537.841796875,76.007537841797,7537.84179688,-70.1283341663,-121.030527674,-114.20029578,-91.4501385774,-93.8518351295,-107.986766603
76007682.800292969,76.007682800293,7682.80029297,-69.9628836524,-120.690444136,-113.299603052,-91.4031934335,-94.1109182102,-107.985365715
76007827.758789062,76.007827758789,7827.75878906,-69.8005258535,-119.513132612,-112.292795487,-101.342340409,-103.268100879,-107.004869409
76007972.717285156,76.007972717285,7972.71728516,-69.6411472658,-119.844052434,-112.452669846,-95.5638039734,-98.4442078086,-104.624513859
76008117.67578125,76.008117675781,8117.67578125,-69.4846405213,-120.21233862,-112.732436426,-92.4343597384,-95.5714544389,-103.791691886
76008262.634277344,76.008262634277,8262.63427734,-69.3309039539,-119.185432396,-111.968037457,-93.2554752663,-96.5483034517,-104.433651517
76008407.592773438,76.008407592773,8407.59277344,-69.179841202,-118.917798935,-112.794321297,-98.9700456225,-103.127770795,-104.370518831
76008552.551269531,76.008552551270,8552.55126953,-69.0313608465,-118.634097607,-113.100056309,-105.516342509,-108.90948481,-103.63621452
76008697.509765625,76.008697509766,8697.50976562,-68.8853760779,-118.979094561,-112.918181089,-104.407920655,-109.842346328,-104.492656989
76008842.468261719,76.008842468262,8842.46826172,-68.7418043916,-118.491461737,-113.082190727,-107.072659666,-109.73291195,-106.857064135
76008987.426757812,76.008987426758,8987.42675781,-68.6005673083,-118.252596803,-113.266426534,-109.751615492,-111.551615287,-108.363928782
76009132.385253906,76.009132385254,9132.38525391,-68.4615901157,-118.445344913,-112.78011005,-109.005376083,-110.760251747,-107.88830124
76009277.34375,76.009277343750,9277.34375,-68.3248016317,-118.387436447,-112.967743062,-108.779866892,-109.904148756,-107.1615726
76009422.302246094,76.009422302246,9422.30224609,-68.1901339852,-118.216280769,-112.106061644,-105.59002151,-108.142742129,-107.777760656
76009567.260742188,76.009567260742,9567.26074219,-68.057522414,-116.682278856,-112.545041729,-103.299308338,-106.044098441,-108.33059237
76009712.219238281,76.009712219238,9712.21923828,-67.9269050777,-116.341988066,-111.648809447,-105.548561728,-108.286292207,-109.623862421
76009857.177734375,76.009857177734,9857.17773438,-67.7982228847,-116.590459015,-111.369294451,-106.501476992,-108.837331828,-108.734329482
76010002.136230469,76.010002136230,10002.1362305,-67.6714193312,-117.179725123,-111.77191486,-109.185237716,-109.714613251,-107.809913777
76010147.094726562,76.010147094727,10147.0947266,-67.5464403528,-116.819987734,-111.940458684,-109.929842898,-111.435171225,-108.09717904
76010292.053222656,76.010292053223,10292.0532227,-67.4232341861,-116.163118168,-113.279623673,-110.424200014,-109.869460205,-107.437408139
76010437.01171875,76.010437011719,10437.0117188,-67.3017512393,-116.469309484,-112.255703425,-107.284959946,-108.74568187,-107.573825119
76010581.970214844,76.010581970215,10581.9702148,-67.181943973,-115.653755205,-111.512824172,-100.345729753,-102.753375773,-107.334505666
76010726.928710938,76.010726928711,10726.9287109,-67.0637667884,-116.546762559,-111.566657811,-98.6443122716,-101.630065869,-108.618332556
76010871.887207031,76.010871887207,10871.887207,-66.947175923,-115.813391283,-111.244066674,-104.165976766,-107.999988707,-109.698907521
76011016.845703125,76.011016845703,11016.8457031,-66.832129353,-115.209035822,-111.822761273,-110.494869738,-110.820369666,-109.434717621
76011161.804199219,76.011161804199,11161.8041992,-66.7185867032,-115.44749963,-109.933936156,-111.743644296,-112.76393064,-108.772992255
76011306.762695312,76.011306762695,11306.7626953,-66.6065091609,-115.159269245,-109.733650264,-111.369297809,-113.157616701,-108.513993447
76011451.721191406,76.011451721191,11451.7211914,-66.495859397,-115.220149989,-110.440704007,-111.237577645,-112.421729795,-108.944287548
76011596.6796875,76.011596679688,11596.6796875,-66.3866014913,-116.976149098,-110.647881337,-112.461617195,-111.853300298,-108.680348153
76011741.638183594,76.011741638184,11741.6381836,-66.2787008619,-115.576026693,-110.293838662,-111.7681379,-111.943625134,-107.941071842
76011886.596679688,76.011886596680,11886.5966797,-66.1721242003,-115.249765927,-110.768633713,-109.814683302,-110.796340617,-108.063587723
76012031.555175781,76.012031555176,12031.5551758,-66.066839409,-115.762462797,-110.361209218,-107.711949826,-109.582714106,-108.122094004
76012176.513671875,76.012176513672,12176.5136719,-65.962815544,-116.013993188,-109.680507938,-104.061468542,-106.80394442,-108.385670915
76012321.472167969,76.012321472168,12321.472168,-65.8600227597,-116.225023415,-110.453650183,-100.271226245,-102.604948437,-108.171861107
76012466.430664062,76.012466430664,12466.4306641,-65.758432258,-116.943342393,-109.821032692,-103.008888311,-104.964436915,-108.132989208
76012611.389160156,76.012611389160,12611.3891602,-65.6580162395,-116.859298644,-109.593987575,-111.448203641,-110.554096438,-106.858542521
76012756.34765625,76.012756347656,12756.3476562,-65.5587478579,-114.6460612,-108.312463896,-111.204831223,-111.061534042,-106.974200078
76012901.306152344,76.012901306152,12901.3061523,-65.4606011773,-113.398549418,-108.637490076,-109.753588187,-110.629140567,-108.303175482
76013046.264648438,76.013046264648,13046.2646484,-65.3635511307,-113.904485753,-109.034086347,-108.174830362,-110.472852969,-106.812563783
76013191.223144531,76.013191223145,13191.2231445,-65.2675734824,-113.966959375,-108.424469712,-109.296522776,-111.586145943,-107.364325832
76013336.181640625,76.013336181641,13336.1816406,-65.1726447915,-114.485254041,-109.560316064,-111.170028863,-109.872310078,-107.421689056
76013481.140136719,76.013481140137,13481.1401367,-65.0787423769,-114.714752315,-109.348396007,-109.403957902,-109.302468786,-107.227174966
76013626.098632812,76.013626098633,13626.0986328,-64.9858442857,-113.72974863,-108.763557932,-108.124998412,-111.104452664,-106.509772192
76013771.057128906,76.013771057129,13771.0571289,-64.8939292618,-113.289538354,-108.873946813,-110.297757273,-111.076290495,-106.882243857
76013916.015625,76.013916015625,13916.015625,-64.8029767167,-113.384158728,-108.766144966,-110.433236044,-110.415507504,-107.709624108
76014060.974121094,76.014060974121,14060.9741211,-64.7129667022,-113.273416339,-107.97815433,-110.957360862,-109.904241702,-108.49295202
76014205.932617188,76.014205932617,14205.9326172,-64.6238798838,-113.379580465,-108.45491808,-109.320082725,-109.733367134,-107.585787967
76014350.891113281,76.014350891113,14350.8911133,-64.5356975159,-113.384950316,-109.730417897,-109.553304392,-110.469234412,-107.46382994
76014495.849609375,76.014495849609,14495.8496094,-64.4484014182,-113.774777424,-111.531363312,-109.590845195,-109.779596725,-108.997855566
76014640.808105469,76.014640808105,14640.8081055,-64.361973953,-113.977463527,-111.470057329,-108.373338728,-109.603501757,-108.824517929
76014785.766601562,76.014785766602,14785.7666016,-64.276398004,-113.78541069,-110.857582743,-109.411860931,-110.50721475,-107.238414052
76014930.725097656,76.014930725098,14930.7250977,-64.1916569558,-113.484209386,-109.415613461,-109.568638259,-109.925609213,-106.553681355
76015075.68359375,76.015075683594,15075.6835938,-64.1077346747,-111.958307297,-108.931066381,-108.42885865,-108.97889213,-107.249998241
76015220.642089844,76.015220642090,15220.6420898,-64.0246154901,-112.485831958,-109.058792498,-106.723419632,-107.886435645,-106.907119758
76015365.600585938,76.015365600586,15365.6005859,-63.9422841772,-114.746806761,-109.489786311,-108.03094242,-109.450052096,-107.019729398
76015510.559082031,76.015510559082,15510.559082,-63.8607259398,-114.225128154,-108.174760158,-109.477521331,-110.508221526,-108.162084653
76015655.517578125,76.015655517578,15655.5175781,-63.779926395,-113.366575285,-106.620802625,-108.553681741,-109.645910722,-106.909488797
76015800.476074219,76.015800476074,15800.4760742,-63.6998715572,-113.172032093,-107.297678192,-102.351129045,-103.717534983,-104.999758535
76015945.434570312,76.015945434570,15945.4345703,-63.6205478242,-112.954236648,-107.477522608,-100.395141944,-102.124164401,-105.385396137
76016090.393066406,76.016090393066,16090.3930664,-63.5419419631,-112.757282315,-108.836445432,-106.860972964,-108.186777456,-106.536079614
76016235.3515625,76.016235351562,16235.3515625,-63.464041097,-111.494019224,-107.6359035,-106.436346561,-108.139215034,-106.429449002
76016380.310058594,76.016380310059,16380.3100586,-63.3868326925,-112.735897092,-107.148711532,-106.670277109,-108.009231421,-107.662790357
76016525.268554688,76.016525268555,16525.2685547,-63.3103045472,-112.81815788,-107.11249106,-108.895509092,-107.733614859,-107.313705992
76016670.227050781,76.016670227051,16670.2270508,-63.2344447788,-112.188976959,-106.510060684,-108.357487804,-108.531873492,-107.189742123
76016815.185546875,76.016815185547,16815.1855469,-63.1592418133,-112.626637109,-107.799233042,-108.48534441,-109.30036722,-106.834684913
76016960.144042969,76.016960144043,16960.144043,-63.084684375,-112.337785095,-106.976056736,-108.256970994,-109.616042034,-106.290520387
76017105.102539062,76.017105102539,17105.1025391,-63.0107614761,-113.127026728,-107.181734231,-109.044616793,-108.964777097,-106.601779837
76017250.061035156,76.017250061035,17250.0610352,-62.9374624066,-112.392570372,-108.013493792,-107.913649843,-108.919976562,-107.365176907
76017395.01953125,76.017395019531,17395.0195312,-62.864776726,-111.230466418,-108.462270202,-107.891050948,-108.946387467,-107.659009281
76017539.978027344,76.017539978027,17539.9780273,-62.7926942531,-110.930905886,-110.041091344,-109.01194215,-107.841449723,-106.963139631
76017684.936523438,76.017684936523,17684.9365234,-62.7212050586,-111.224028692,-108.170439279,-108.302158547,-107.779224004,-105.105414609
76017829.895019531,76.017829895020,17829.8950195,-62.650299456,-111.928864714,-107.909706778,-108.296631562,-108.521549394,-105.464616152
76017974.853515625,76.017974853516,17974.8535156,-62.5799679944,-110.916353663,-108.873943677,-108.769351164,-108.297313124,-104.998737032
76018119.812011719,76.018119812012,18119.8120117,-62.5102014504,-111.011415024,-107.233662942,-107.841354059,-108.477800092,-105.269319984
76018264.770507812,76.018264770508,18264.7705078,-62.4409908213,-111.017819193,-106.226512929,-107.934243622,-108.879847895,-105.885382947
76018409.729003906,76.018409729004,18409.7290039,-62.3723273177,-110.524032965,-106.180356479,-108.368981143,-109.75799482,-106.130935894
76018554.6875,76.018554687500,18554.6875,-62.3042023571,-110.864203424,-107.194521228,-108.484641068,-110.377220505,-107.230089915
76018699.645996094,76.018699645996,18699.6459961,-62.2366075574,-111.314057955,-107.727693544,-108.463243162,-109.673098562,-107.145236822
76018844.604492188,76.018844604492,18844.6044922,-62.1695347307,-110.702284851,-107.982824405,-108.696003873,-109.915598236,-106.863370656
76018989.562988281,76.018989562988,18989.5629883,-62.1029758773,-112.287019107,-107.718521675,-108.808231809,-109.987822273,-105.813300828
76019134.521484375,76.019134521484,19134.5214844,-62.03692318,-111.002959397,-107.193105237,-107.930254001,-108.299910966,-104.928385849
76019279.479980469,76.019279479980,19279.4799805,-61.9713689985,-110.251874675,-107.575100342,-108.332584803,-108.25823701,-104.272795862
76019424.438476562,76.019424438477,19424.4384766,-61.9063058645,-111.788181586,-107.701806535,-107.828750268,-108.974564486,-104.543128266
76019569.396972656,76.019569396973,19569.3969727,-61.8417264758,-111.555904012,-107.89378786,-107.640973378,-108.460953935,-104.28181914
76019714.35546875,76.019714355469,19714.3554688,-61.7776236924,-111.640244661,-106.426178457,-109.037260791,-107.671881702,-105.575430323
76019859.313964844,76.019859313965,19859.3139648,-61.7139905309,-112.243813359,-106.042314658,-107.642284951,-107.802279606,-106.382041161
76020004.272460938,76.020004272461,20004.2724609,-61.6508201603,-111.47257907,-105.534842884,-106.150161035,-107.16004621,-106.117770644
76020149.230957031,76.020149230957,20149.230957,-61.5881058976,-111.193410986,-105.038415226,-106.801109857,-106.869426208,-104.463647483
76020294.189453125,76.020294189453,20294.1894531,-61.5258412036,-110.875848515,-104.208285219,-107.697059927,-107.061123301,-103.27557569
76020439.147949219,76.020439147949,20439.1479492,-61.4640196787,-111.723492445,-104.374208112,-108.241537392,-106.669777058,-104.265609257
76020584.106445312,76.020584106445,20584.1064453,-61.4026350589,-112.149944121,-106.348474117,-107.833295112,-107.013685749,-105.556660282
76020729.064941406,76.020729064941,20729.0649414,-61.341681212,-111.239779304,-105.819653839,-107.489941902,-107.149857423,-105.134256836
76020874.0234375,76.020874023438,20874.0234375,-61.2811521344,-111.160850326,-105.144492589,-106.486660081,-107.494885019,-105.369749761
76021018.981933594,76.021018981934,21018.9819336,-61.2210419466,-110.433703623,-104.280000092,-105.861434659,-107.013617046,-105.158742263
76021163.940429688,76.021163940430,21163.9404297,-61.1613448907,-109.742960945,-103.870921585,-106.025533762,-106.937030803,-105.045523239
76021308.898925781,76.021308898926,21308.8989258,-61.1020553267,-109.981018068,-105.013487989,-107.237236221,-106.873205516,-104.74663304
76021453.857421875,76.021453857422,21453.8574219,-61.0431677291,-109.628507071,-106.126622089,-108.304660966,-107.887443324,-104.194498188
76021598.815917969,76.021598815918,21598.815918,-60.9846766842,-109.682716483,-105.845152072,-106.072493283,-108.150353936,-104.620773664
76021743.774414062,76.021743774414,21743.7744141,-60.9265768868,-110.31880283,-105.079073529,-105.798894644,-107.890978458,-104.831190282
76021888.732910156,76.021888732910,21888.7329102,-60.8688631377,-110.865608818,-105.255988886,-106.412825777,-107.945767,-106.810614377
76022033.69140625,76.022033691406,22033.6914062,-60.8115303404,-110.624135849,-105.789589212,-106.468594141,-107.620584449,-105.715378628
76022178.649902344,76.022178649902,22178.6499023,-60.7545734988,-109.306534917,-106.160165804,-107.662162473,-106.65931277,-103.842498404
76022323.608398438,76.022323608398,22323.6083984,-60.6979877144,-109.376977012,-105.7309709,-106.456067297,-106.407487308,-104.036078542
76022468.566894531,76.022468566895,22468.5668945,-60.6417681838,-110.060431946,-106.014620454,-106.142531339,-107.043814804,-104.170833448
76022613.525390625,76.022613525391,22613.5253906,-60.5859101963,-110.54180945,-106.636088928,-106.760951769,-106.641999537,-104.098818035
76022758.483886719,76.022758483887,22758.4838867,-60.5304091315,-111.892239356,-106.028846166,-105.4542346,-105.759228035,-104.69414353
76022903.442382812,76.022903442383,22903.4423828,-60.4752604569,-110.170053272,-105.322372767,-105.917070147,-105.64471111,-104.022451349
76023048.400878906,76.023048400879,23048.4008789,-60.4204597261,-110.68838547,-105.683119348,-107.936509107,-106.663694324,-103.686612199
76023193.359375,76.023193359375,23193.359375,-60.366002576,-109.428619717,-105.843500516,-107.204321004,-107.202539441,-105.083364152
76023338.317871094,76.023338317871,23338.3178711,-60.3118847251,-109.724242897,-106.310931623,-106.655435451,-105.743739781,-106.104024344
76023483.276367188,76.023483276367,23483.2763672,-60.2581019717,-111.529600419,-105.442381484,-106.991086507,-105.58238819,-105.099675941
76023628.234863281,76.023628234863,23628.2348633,-60.2046501914,-111.051790174,-105.805669563,-107.784052399,-107.04005782,-104.452283755
76023773.193359375,76.023773193359,23773.1933594,-60.1515253355,-109.387968199,-105.781733865,-107.205094742,-107.081549505,-104.063481955
76023918.151855469,76.023918151855,23918.1518555,-60.0987234293,-108.953450085,-104.666228349,-105.211454667,-107.881010081,-105.39265605
76024063.110351562,76.024063110352,24063.1103516,-60.0462405699,-110.214293891,-103.935348261,-104.679759709,-107.28851878,-104.259871171
76024208.068847656,76.024208068848,24208.0688477,-59.9940729251,-108.826934578,-104.788261054,-104.358032996,-106.98759123,-103.297327467
76024353.02734375,76.024353027344,24353.0273438,-59.942216731,-108.568358406,-104.18086429,-105.155561693,-106.460438918,-103.480316862
76024497.985839844,76.024497985840,24497.9858398,-59.8906682907,-109.949241649,-104.654890455,-104.807254525,-105.902653369,-103.623242153
76024642.944335938,76.024642944336,24642.9443359,-59.839423973,-109.042061661,-104.074821072,-105.05994935,-106.769385666,-104.933714508
76024787.902832031,76.024787902832,24787.902832,-59.7884802105,-108.989768382,-104.235232054,-106.024329483,-106.693884822,-103.918789154
76024932.861328125,76.024932861328,24932.8613281,-59.737833498,-110.024094826,-105.911918367,-105.295110546,-105.32965713,-103.588345345
76025077.819824219,76.025077819824,25077.8198242,-59.6874803915,-109.631665823,-105.084503001,-104.083747016,-104.575247875,-104.167086997
76025222.778320312,76.025222778320,25222.7783203,-59.6374175065,-111.060137968,-104.535767011,-105.353237052,-105.43851673,-103.528244611
76025367.736816406,76.025367736816,25367.7368164,-59.5876415165,-110.748773038,-104.301746398,-105.521579844,-105.952228725,-103.038194287
76025512.6953125,76.025512695312,25512.6953125,-59.5381491522,-108.846671424,-103.679231305,-104.757722118,-106.39860189,-102.711358346
76025657.653808594,76.025657653809,25657.6538086,-59.4889371996,-108.390169566,-104.141605256,-105.40081538,-105.548203109,-102.728739477
76025802.612304688,76.025802612305,25802.6123047,-59.4400024991,-108.749798213,-104.401889957,-104.588626948,-105.81305992,-103.079697823
76025947.570800781,76.025947570801,25947.5708008,-59.3913419443,-108.423600177,-104.12958363,-104.65329549,-106.073933092,-102.855982116
76026092.529296875,76.026092529297,26092.5292969,-59.3429524805,-107.544324901,-105.386540422,-106.605808467,-106.565545137,-102.506956942
76026237.487792969,76.026237487793,26237.487793,-59.2948311039,-108.038288099,-104.07567479,-104.435385156,-106.607118565,-103.289073113
76026382.446289062,76.026382446289,26382.4462891,-59.2469748605,-108.369551089,-102.174629205,-103.860385002,-105.225678946,-103.210328718
76026527.404785156,76.026527404785,26527.4047852,-59.1993808445,-108.139562935,-103.659190853,-103.925317359,-104.794105893,-103.80759601
76026672.36328125,76.026672363281,26672.3632812,-59.152046198,-108.790120711,-104.597368004,-104.691100786,-105.224861076,-104.205514985
76026817.321777344,76.026817321777,26817.3217773,-59.1049681093,-107.879522355,-104.636744308,-104.381173197,-105.523367738,-103.636031972
76026962.280273438,76.026962280273,26962.2802734,-59.0581438123,-107.792041195,-103.174000877,-104.820108648,-106.083064161,-103.363946026
76027107.238769531,76.027107238770,27107.2387695,-59.0115705853,-108.900294837,-103.48218723,-104.982727411,-105.258647933,-104.288245333
76027252.197265625,76.027252197266,27252.1972656,-58.9652457503,-109.015182147,-103.796893159,-105.73946588,-104.907810757,-103.208135036
76027397.155761719,76.027397155762,27397.1557617,-58.9191666717,-109.503798111,-103.847419112,-104.830880531,-104.667213682,-102.734223206
76027542.114257812,76.027542114258,27542.1142578,-58.8733307558,-108.734931557,-103.477172947,-104.966203012,-104.946460202,-102.633377315
76027687.072753906,76.027687072754,27687.0727539,-58.8277354497,-108.922065696,-103.117163639,-105.319775793,-104.766436735,-103.752516951
76027832.03125,76.027832031250,27832.03125,-58.7823782405,-108.696051292,-103.441064706,-104.484159828,-104.751641867,-104.073195482
76027976.989746094,76.027976989746,27976.9897461,-58.7372566544,-108.041286247,-103.652996502,-104.999859082,-104.999537518,-104.241674271
76028121.948242188,76.028121948242,28121.9482422,-58.6923682561,-107.914029947,-104.074811697,-104.767334426,-106.204768945,-103.579898742
76028266.906738281,76.028266906738,28266.9067383,-58.6477106477,-107.774360821,-103.438220658,-104.223530742,-105.867468029,-102.398202351
76028411.865234375,76.028411865234,28411.8652344,-58.6032814681,-106.830398873,-104.009158335,-103.943881719,-104.311880745,-102.158338255
76028556.823730469,76.028556823730,28556.8237305,-58.5590783924,-106.383888701,-104.151877825,-103.479759279,-104.500752354,-102.415271969
76028701.782226562,76.028701782227,28701.7822266,-58.515099131,-107.154186967,-104.665993687,-103.657182783,-104.073288742,-103.370295836
76028846.740722656,76.028846740723,28846.7407227,-58.4713414286,-108.44681689,-103.966786095,-103.732287945,-106.145053447,-104.002772399
76028991.69921875,76.028991699219,28991.6992188,-58.4278030643,-107.917905588,-103.842367834,-104.733943102,-104.626692799,-103.628709031
76029136.657714844,76.029136657715,29136.6577148,-58.38448185,-108.330000981,-103.718412696,-104.444820094,-103.948596761,-103.923303988
76029281.616210938,76.029281616211,29281.6162109,-58.3413756304,-108.121771644,-102.85435812,-105.054834257,-104.782468912,-103.950826592
76029426.574707031,76.029426574707,29426.574707,-58.2984822821,-107.189121602,-103.290458732,-104.473352753,-103.269634837,-103.597781149
76029571.533203125,76.029571533203,29571.5332031,-58.255799713,-108.019673029,-103.604805533,-103.736776817,-104.594662453,-103.38910863
76029716.491699219,76.029716491699,29716.4916992,-58.2133258617,-108.727153515,-102.486079887,-104.163728375,-106.058431516,-102.51528475
76029861.450195312,76.029861450195,29861.4501953,-58.1710586968,-108.718418259,-102.689472587,-102.644743116,-105.775681204,-101.924919188
76030006.408691406,76.030006408691,30006.4086914,-58.1289962165,-107.555990836,-103.256435424,-102.797443989,-105.111284709,-101.909637174
76030151.3671875,76.030151367188,30151.3671875,-58.087136448,-107.460745186,-102.459121451,-104.108488798,-105.43115752,-102.720376198
76030296.325683594,76.030296325684,30296.3256836,-58.0454774467,-107.030322309,-102.647302835,-104.481066362,-105.45494003,-101.263803501
76030441.284179688,76.030441284180,30441.2841797,-58.004017296,-107.36567809,-102.970340469,-104.346823211,-104.616456539,-100.950591452
76030586.242675781,76.030586242676,30586.2426758,-57.9627541066,-106.106560183,-103.160459286,-104.987665797,-104.482042951,-102.152808865
76030731.201171875,76.030731201172,30731.2011719,-57.921686016,-106.660961012,-103.723042939,-105.572277156,-104.889008235,-101.542727542
76030876.159667969,76.030876159668,30876.159668,-57.8808111879,-107.900986633,-103.491776576,-104.670911946,-104.6274608,-100.497064913
76031021.118164062,76.031021118164,31021.1181641,-57.8401278119,-107.858625978,-101.897349183,-104.609506162,-103.656316538,-101.023031694
76031166.076660156,76.031166076660,31166.0766602,-57.7996341028,-107.177472182,-102.767031391,-104.336067959,-103.627585434,-101.668606162
76031311.03515625,76.031311035156,31311.0351562,-57.7593283005,-108.02925198,-104.181533769,-103.489923137,-104.300203797,-102.623910038
76031455.993652344,76.031455993652,31455.9936523,-57.7192086691,-106.886654728,-103.895847926,-103.934725919,-104.052492272,-102.591552597
76031600.952148438,76.031600952148,31600.9521484,-57.6792734966,-106.8334276,-102.604437223,-102.301495881,-103.698519656,-100.827154057
76031745.910644531,76.031745910645,31745.9106445,-57.6395210946,-106.89409579,-98.472683013,-98.5356371154,-100.672683285,-99.9129960734
76031890.869140625,76.031890869141,31890.8691406,-57.5999497977,-107.158776815,-100.302358326,-99.5230485347,-101.310113625,-102.086865419
76032035.827636719,76.032035827637,32035.8276367,-57.5605579634,-107.69499547,-102.915656915,-103.146125396,-104.855589595,-103.208586813
76032180.786132812,76.032180786133,32180.7861328,-57.5213439711,-108.600757653,-102.042528178,-103.477435639,-104.356944248,-101.497024713
76032325.744628906,76.032325744629,32325.7446289,-57.4823062223,-107.050898543,-102.935489815,-104.592941685,-104.332837071,-101.949886712
76032470.703125,76.032470703125,32470.703125,-57.4434431398,-106.350693951,-102.059206297,-103.312242735,-104.888545145,-101.550960078
76032615.661621094,76.032615661621,32615.6616211,-57.4047531676,-106.85597834,-101.62858559,-101.615868344,-104.960292073,-101.838156384
76032760.620117188,76.032760620117,32760.6201172,-57.3662347703,-106.835969008,-103.240684165,-101.913970263,-103.886856334,-100.90911318
76032905.578613281,76.032905578613,32905.5786133,-57.327886433,-107.079217442,-100.97099725,-101.887249197,-103.505990014,-100.800569229
76033050.537109375,76.033050537109,33050.5371094,-57.2897066605,-106.555843621,-100.711087843,-102.698842695,-102.885352131,-101.143871747
76033195.495605469,76.033195495605,33195.4956055,-57.2516939774,-105.655818542,-101.811731875,-103.254959425,-103.392935369,-100.290318286
76033340.454101562,76.033340454102,33340.4541016,-57.2138469277,-105.572565652,-101.139644501,-103.371543812,-104.196016744,-101.604767499
76033485.412597656,76.033485412598,33485.4125977,-57.1761640742,-106.748291408,-100.978280692,-102.30961374,-103.748621393,-101.523544663
76033630.37109375,76.033630371094,33630.3710938,-57.1386439983,-106.06346518,-102.62248049,-102.309239505,-103.393983495,-100.245781232
76033775.329589844,76.033775329590,33775.3295898,-57.1012852998,-105.502361755,-102.240874407,-102.227850496,-103.58583824,-101.038641244
76033920.288085938,76.033920288086,33920.2880859,-57.0640865964,-106.15925704,-102.359983157,-101.92415372,-104.43734462,-100.931916611
76034065.246582031,76.034065246582,34065.246582,-57.0270465235,-106.545196409,-103.086582448,-102.176143562,-103.459277009,-101.594771616
76034210.205078125,76.034210205078,34210.2050781,-56.990163734,-107.504898359,-101.482207425,-104.06538965,-103.500920961,-101.959326948
76034355.163574219,76.034355163574,34355.1635742,-56.9534368978,-106.202113273,-100.379689666,-104.491059311,-104.323963636,-101.856513945
76034500.122070312,76.034500122070,34500.1220703,-56.9168647016,-105.871311358,-101.775625852,-102.847950394,-104.259170112,-100.841221396
76034645.080566406,76.034645080566,34645.0805664,-56.8804458485,-105.037081392,-101.542406036,-102.432280118,-103.894188973,-102.032921811
76034790.0390625,76.034790039062,34790.0390625,-56.8441790582,-105.777805528,-101.51032286,-102.882027145,-103.888038322,-102.050968949
76034934.997558594,76.034934997559,34934.9975586,-56.8080630659,-107.829069565,-102.170852818,-102.058179901,-103.670002065,-102.759340227
76035079.956054688,76.035079956055,35079.9560547,-56.7720966229,-107.259862951,-100.943854842,-102.952543436,-104.310823967,-101.807951204
76035224.914550781,76.035224914551,35224.9145508,-56.7362784957,-106.859157783,-101.110909993,-102.770484393,-103.965652775,-100.529757548
76035369.873046875,76.035369873047,35369.8730469,-56.7006074662,-106.881771746,-100.930306939,-104.054097605,-103.536909694,-100.419496825
76035514.831542969,76.035514831543,35514.831543,-56.6650823311,-106.147279433,-101.426432257,-102.492996199,-102.046560449,-101.844351377
76035659.790039062,76.035659790039,35659.7900391,-56.6297019019,-106.854433457,-100.578870113,-101.593952526,-103.758682108,-101.181784702
76035804.748535156,76.035804748535,35804.7485352,-56.5944650044,-106.813883028,-100.931893998,-103.268680515,-103.246969937,-100.127075955
76035949.70703125,76.035949707031,35949.7070312,-56.5593704788,-106.078472158,-100.809848779,-103.317657455,-101.909102972,-100.216978485
76036094.665527344,76.036094665527,36094.6655273,-56.5244171792,-105.60550644,-102.057036869,-102.663166206,-101.801553925,-99.6397247391
76036239.624023438,76.036239624023,36239.6240234,-56.4896039736,-104.57769805,-103.244722454,-101.907632627,-102.091374293,-101.41895572
76036384.582519531,76.036384582520,36384.5825195,-56.4549297435,-104.34801598,-101.774689734,-102.339898477,-103.131087428,-101.484308132
76036529.541015625,76.036529541016,36529.5410156,-56.4203933836,-105.374534799,-101.899362401,-101.08843538,-102.879912039,-100.824175762
76036674.499511719,76.036674499512,36674.4995117,-56.385993802,-106.86211845,-102.095927263,-102.406549558,-103.029101509,-101.306788775
76036819.458007812,76.036819458008,36819.4580078,-56.3517299195,-105.460798104,-102.109302365,-102.201209912,-103.260747261,-101.115045012
76036964.416503906,76.036964416504,36964.4165039,-56.3176006696,-105.514746072,-100.734914957,-101.500368736,-104.287109263,-99.8360548472
76037109.375,76.037109375000,37109.375,-56.2836049987,-105.356512726,-101.327410636,-102.238772695,-102.975705213,-99.6268876746
76037254.333496094,76.037254333496,37254.3334961,-56.2497418649,-106.585878217,-101.307975094,-102.593288686,-103.088294161,-100.379656643
76037399.291992188,76.037399291992,37399.2919922,-56.2160102391,-106.937772304,-101.319667527,-102.738249625,-102.532254069,-101.738668684
76037544.250488281,76.037544250488,37544.2504883,-56.1824091036,-105.491540968,-101.388718351,-102.782454271,-103.935322308,-101.600298227
76037689.208984375,76.037689208984,37689.2089844,-56.1489374528,-105.088654883,-101.276991727,-102.528955744,-104.000100805,-102.025610168
76037834.167480469,76.037834167480,37834.1674805,-56.1155942925,-105.757810504,-100.410637953,-102.743336106,-103.10235975,-102.468026395
76037979.125976562,76.037979125977,37979.1259766,-56.08237864,-105.50522414,-101.752825844,-102.012586784,-102.939455871,-101.40290962
76038124.084472656,76.038124084473,38124.0844727,-56.0492895239,-104.903648343,-101.114160797,-101.772783205,-103.100825529,-100.94300523
76038269.04296875,76.038269042969,38269.0429688,-56.0163259837,-104.324928498,-101.078727561,-101.350720257,-102.563127167,-101.030565099
76038414.001464844,76.038414001465,38414.0014648,-55.9834870699,-104.720153459,-100.87774134,-103.283315583,-101.494268578,-100.601568385
76038558.959960938,76.038558959961,38558.9599609,-55.9507718436,-105.699520819,-101.229434688,-102.89109593,-102.980159802,-101.24655204
76038703.918457031,76.038703918457,38703.918457,-55.9181793766,-106.123268158,-100.586489173,-101.219201743,-102.872570444,-99.2468965131
76038848.876953125,76.038848876953,38848.8769531,-55.8857087512,-105.843340434,-101.561371332,-101.720560319,-101.717255185,-98.3700594021
76038993.835449219,76.038993835449,38993.8354492,-55.8533590596,-105.748655103,-100.604107673,-101.45682501,-101.343972613,-98.9467282661
76039138.793945312,76.039138793945,39138.7939453,-55.8211294045,-106.137789503,-99.7821632318,-100.709221079,-102.08055447,-99.4486554534
76039283.752441406,76.039283752441,39283.7524414,-55.7890188983,-106.267816328,-100.275230412,-101.184531236,-101.775922513,-99.8163399923
76039428.7109375,76.039428710938,39428.7109375,-55.7570266633,-104.930902672,-100.359744594,-102.220855784,-102.586856154,-99.3188932273
76039573.669433594,76.039573669434,39573.6694336,-55.7251518315,-103.753660162,-99.9357015891,-102.34596507,-102.798238983,-99.1680139499
76039718.627929688,76.039718627930,39718.6279297,-55.6933935444,-103.260689057,-100.683760948,-103.001494119,-101.40929113,-99.5671612137
76039863.586425781,76.039863586426,39863.5864258,-55.6617509527,-102.919666252,-100.82827592,-102.133606338,-102.256567055,-100.212710612
76040008.544921875,76.040008544922,40008.5449219,-55.6302232166,-104.083351578,-99.7452805673,-101.3775778,-102.291121804,-99.8965835999
76040153.503417969,76.040153503418,40153.503418,-55.5988095054,-107.635473646,-100.133071325,-101.342161466,-101.309029333,-99.619969923
76040298.461914062,76.040298461914,40298.4619141,-55.5675089972,-105.865260045,-99.7937840527,-100.941061421,-101.945867528,-99.3795023009
76040443.420410156,76.040443420410,40443.4204102,-55.536320879,-105.150438763,-99.1928265696,-101.753468092,-102.504193144,-99.0745908665
76040588.37890625,76.040588378906,40588.3789062,-55.5052443467,-104.639289453,-100.147196837,-101.913559796,-101.581197233,-99.3575241182
76040733.337402344,76.040733337402,40733.3374023,-55.4742786046,-104.977957053,-100.331530711,-101.813004578,-102.415813437,-100.496593383
76040878.295898438,76.040878295898,40878.2958984,-55.4434228656,-104.424960465,-100.384989123,-101.62230311,-102.89101282,-99.7493428723
76041023.254394531,76.041023254395,41023.2543945,-55.4126763508,-104.85772555,-99.8806143327,-102.103518394,-101.765923515,-100.145125439
76041168.212890625,76.041168212891,41168.2128906,-55.3820382899,-105.630321349,-100.184405179,-101.524833152,-101.473553338,-100.024426794
76041313.171386719,76.041313171387,41313.1713867,-55.3515079202,-105.332055995,-99.5258012618,-100.884843549,-101.634064637,-98.9895815579
76041458.129882812,76.041458129883,41458.1298828,-55.3210844875,-104.82216973,-100.181822081,-101.542260096,-101.704034463,-99.0417920252
76041603.088378906,76.041603088379,41603.0883789,-55.2907672452,-104.710775149,-101.123735746,-101.963852997,-102.138894438,-99.3926240717
76041748.046875,76.041748046875,41748.046875,-55.2605554545,-104.776120296,-100.268595321,-101.859558026,-102.689446103,-100.376309151
76041893.005371094,76.041893005371,41893.0053711,-55.2304483846,-104.450405072,-100.020409353,-100.492806037,-100.832269568,-99.3376532145
76042037.963867188,76.042037963867,42037.9638672,-55.2004453118,-104.567389808,-99.7335362731,-100.419770468,-101.148094343,-97.7505051512
76042182.922363281,76.042182922363,42182.9223633,-55.1705455203,-104.11085523,-99.1800684683,-101.508547578,-101.033958274,-97.4105085116
76042327.880859375,76.042327880859,42327.8808594,-55.1407483014,-104.914429548,-99.9762577642,-101.52351837,-101.934722985,-98.7243180993
76042472.839355469,76.042472839355,42472.8393555,-55.1110529536,-104.601934211,-100.457267182,-101.785256069,-102.048587126,-98.7347681156
76042617.797851562,76.042617797852,42617.7978516,-55.081458783,-104.267221126,-99.8911794459,-101.540625983,-102.14374162,-99.1003532998
76042762.756347656,76.042762756348,42762.7563477,-55.0519651023,-105.881641672,-99.9687279093,-101.080778242,-101.571327856,-98.7838585816
76042907.71484375,76.042907714844,42907.7148438,-55.0225712314,-103.860858271,-100.510916885,-100.964437626,-102.344927931,-100.709714304
76043052.673339844,76.043052673340,43052.6733398,-54.9932764971,-104.925934578,-100.0377864,-101.003583368,-101.82429017,-100.532739868
76043197.631835938,76.043197631836,43197.6318359,-54.9640802328,-105.581209083,-100.00574224,-100.244424993,-100.895887702,-98.1665374224
76043342.590332031,76.043342590332,43342.590332,-54.9349817789,-104.610384892,-100.714744086,-100.501841028,-100.913130865,-99.5034934046
76043487.548828125,76.043487548828,43487.5488281,-54.9059804821,-104.055583744,-100.835622455,-101.628799608,-101.785201695,-99.3767261331
76043632.507324219,76.043632507324,43632.5073242,-54.8770756959,-103.793028066,-99.1594269432,-100.767269707,-101.949478536,-98.9137839792
76043777.465820312,76.043777465820,43777.4658203,-54.8482667799,-103.422819743,-98.2468159751,-100.847724157,-101.842795194,-99.6180360335
76043922.424316406,76.043922424316,43922.4243164,-54.8195531005,-103.866286858,-98.6178897664,-101.289095892,-101.457780261,-98.6568349
76044067.3828125,76.044067382812,44067.3828125,-54.7909340299,-103.629622625,-99.7223672208,-101.317569132,-100.957145221,-98.6042283621
76044212.341308594,76.044212341309,44212.3413086,-54.7624089468,-102.63126175,-100.319356083,-99.6883385079,-100.865202511,-100.691615262
76044357.299804688,76.044357299805,44357.2998047,-54.7339772358,-103.281032333,-99.4774270358,-100.862034359,-101.375077529,-99.6052316003
76044502.258300781,76.044502258301,44502.2583008,-54.7056382878,-103.214969745,-99.3921886239,-100.929780546,-102.61607104,-98.7167256414
76044647.216796875,76.044647216797,44647.2167969,-54.6773914993,-104.604522271,-99.7175946542,-100.321533841,-102.085566895,-97.52469123
76044792.175292969,76.044792175293,44792.175293,-54.6492362729,-105.43919419,-100.485522884,-100.240149635,-100.13519556,-98.7213492781
76044937.133789062,76.044937133789,44937.1337891,-54.6211720169,-103.802377928,-99.6108669404,-99.725343572,-99.8803928838,-99.4675003232
76045082.092285156,76.045082092285,45082.0922852,-54.5931981453,-103.685993429,-99.754349208,-100.278633156,-101.259405009,-99.0236366425
76045227.05078125,76.045227050781,45227.0507812,-54.5653140778,-104.644996603,-99.029146291,-99.9346865108,-100.732132829,-97.4864483201
76045372.009277344,76.045372009277,45372.0092773,-54.5375192398,-103.919031419,-99.5219066277,-99.9001925064,-102.426411291,-97.7117936556
76045516.967773438,76.045516967773,45516.9677734,-54.5098130618,-102.906655044,-99.8704548339,-99.940039482,-101.983847046,-99.5945123928
76045661.926269531,76.045661926270,45661.9262695,-54.4821949802,-102.884502289,-99.5104612504,-100.984908106,-101.045723723,-98.8678418225
76045806.884765625,76.045806884766,45806.8847656,-54.4546644364,-104.238620508,-99.5712991386,-100.99182625,-100.427346839,-99.3385704065
76045951.843261719,76.045951843262,45951.8432617,-54.4272208773,-104.718439233,-99.3780314752,-102.161421129,-99.6567621128,-98.5608064723
76046096.801757812,76.046096801758,46096.8017578,-54.399863755,-105.254474593,-98.8069460854,-99.665014329,-101.049916194,-98.5216226949
76046241.760253906,76.046241760254,46241.7602539,-54.3725925267,-105.943507227,-98.3942843071,-98.9274310638,-101.355015499,-98.5952226294
76046386.71875,76.046386718750,46386.71875,-54.3454066546,-104.350302364,-99.3129911258,-96.5019518041,-102.951346672,-98.7373395702
76046531.677246094,76.046531677246,46531.6772461,-54.3183056062,-104.169525968,-98.687316821,-98.3037025498,-100.954026251,-99.5176703248
76046676.635742188,76.046676635742,46676.6357422,-54.2912888538,-104.940774765,-97.5446444017,-99.8991084603,-99.4956198667,-99.1605369871
76046821.594238281,76.046821594238,46821.5942383,-54.2643558747,-104.042911996,-98.0714778583,-99.0444597633,-99.6034553526,-98.4333656629
76046966.552734375,76.046966552734,46966.5527344,-54.2375061508,-102.35136916,-99.6676622462,-100.49397573,-100.679700527,-98.6263756502
76047111.511230469,76.047111511230,47111.5112305,-54.2107391691,-102.746488473,-100.012078603,-101.072077814,-99.8331622831,-98.320555469
76047256.469726562,76.047256469727,47256.4697266,-54.1840544211,-103.69717281,-99.2542019905,-100.311818518,-101.7593626,-99.2038263999
76047401.428222656,76.047401428223,47401.4282227,-54.1574514032,-103.073519828,-99.213649943,-100.3739265,-99.9224733768,-98.8134846249
76047546.38671875,76.047546386719,47546.3867188,-54.1309296162,-103.223986339,-98.4535569306,-101.202086552,-100.314679441,-97.8518665431
76047691.345214844,76.047691345215,47691.3452148,-54.1044885656,-103.280255188,-98.9225861313,-99.3979603933,-100.186160819,-98.0027218499
76047836.303710938,76.047836303711,47836.3037109,-54.0781277613,-102.683933749,-99.082891376,-98.054686489,-100.172845898,-97.6708519606
76047981.262207031,76.047981262207,47981.262207,-54.0518467177,-103.757488729,-100.002088656,-99.4310010617,-101.355395008,-97.676304099
76048126.220703125,76.048126220703,48126.2207031,-54.0256449536,-103.906322763,-98.9360692084,-100.625759581,-101.392146458,-99.3288087741
76048271.179199219,76.048271179199,48271.1791992,-53.9995219921,-104.623734941,-97.9811450933,-100.856475427,-101.03723034,-97.8267644668
76048416.137695312,76.048416137695,48416.1376953,-53.9734773607,-103.977948247,-99.3136387758,-99.6847115234,-100.856533952,-97.1613507033
76048561.096191406,76.048561096191,48561.0961914,-53.947510591,-103.663763761,-99.122602782,-99.4566331411,-100.97814096,-99.0370304061
76048706.0546875,76.048706054688,48706.0546875,-53.9216212188,-102.738542383,-99.2983835508,-100.301359146,-100.952456492,-99.657857641
76048851.013183594,76.048851013184,48851.0131836,-53.8958087841,-101.551463627,-100.032522692,-100.160707615,-100.465514589,-98.709057274
76048995.971679688,76.048995971680,48995.9716797,-53.8700728311,-101.27974304,-99.5487103275,-101.683297768,-99.9275982276,-97.4868903864
76049140.930175781,76.049140930176,49140.9301758,-53.8444129078,-102.435896001,-98.7464537252,-100.821647772,-100.439853006,-97.456807106
76049285.888671875,76.049285888672,49285.8886719,-53.8188285663,-103.540427614,-97.5644791435,-100.035275769,-100.670709338,-97.0936575405
76049430.847167969,76.049430847168,49430.847168,-53.7933193627,-103.902492634,-97.4335442466,-100.343788918,-100.117052289,-98.1475886501
76049575.805664062,76.049575805664,49575.8056641,-53.7678848569,-104.959135638,-98.6232966671,-98.8860845745,-100.902339509,-99.4474031563
76049720.764160156,76.049720764160,49720.7641602,-53.7425246128,-104.654817473,-99.2303716026,-99.5356961659,-101.983932208,-98.9696667848
76049865.72265625,76.049865722656,49865.7226562,-53.7172381979,-103.656599595,-99.8128479131,-99.5124622742,-99.9052303811,-98.2606304228
76050010.681152344,76.050010681152,50010.6811523,-53.6920251837,-103.787157857,-99.8906480639,-98.7583150267,-99.3147556231,-97.8095190586
76050155.639648438,76.050155639648,50155.6396484,-53.6668851452,-102.946967208,-98.5703515661,-99.8602157169,-99.3798887733,-96.8264342971
76050300.598144531,76.050300598145,50300.5981445,-53.6418176613,-102.453365228,-97.4914858022,-99.2363328205,-98.9509781289,-96.2823949274
76050445.556640625,76.050445556641,50445.5566406,-53.6168223143,-102.581352491,-97.6814609713,-99.4295828793,-99.7738294329,-97.1179064357
76050590.515136719,76.050590515137,50590.5151367,-53.5918986903,-103.742631882,-97.9192782177,-99.3112566085,-99.6133384596,-97.3713795705
76050735.473632812,76.050735473633,50735.4736328,-53.5670463788,-103.049737535,-98.2590708641,-99.3360398301,-97.9199968401,-97.6289355516
76050880.432128906,76.050880432129,50880.4321289,-53.5422649729,-101.95670583,-98.319400966,-99.3406102691,-99.0863345368,-99.0441549893
76051025.390625,76.051025390625,51025.390625,-53.5175540692,-102.274285209,-97.9788183906,-100.121809739,-99.5889708922,-97.4895319086
76051170.349121094,76.051170349121,51170.3491211,-53.4929132677,-102.99355393,-98.732904314,-99.5765490585,-99.3744565174,-97.2174482867
76051315.307617188,76.051315307617,51315.3076172,-53.4683421716,-102.821338213,-100.144790018,-98.4802549124,-99.7706116902,-98.4824231277
76051460.266113281,76.051460266113,51460.2661133,-53.4438403879,-104.010438312,-99.0827577972,-98.3856788586,-100.084672349,-99.1438772923
76051605.224609375,76.051605224609,51605.2246094,-53.4194075265,-103.475150646,-98.925990608,-99.022172039,-100.850838155,-98.5031355231
76051750.183105469,76.051750183105,51750.1831055,-53.3950432008,-102.643978753,-98.442063534,-98.782960541,-99.2657409154,-97.3112508268
76051895.141601562,76.051895141602,51895.1416016,-53.3707470273,-101.53156552,-97.9300821617,-99.7825156666,-99.4361866591,-96.8773156909
76052040.100097656,76.052040100098,52040.1000977,-53.3465186259,-101.507031573,-97.0357952084,-100.438715181,-101.483500878,-97.2165794735
76052185.05859375,76.052185058594,52185.0585938,-53.3223576195,-101.805855875,-97.7574805268,-99.5956318144,-100.594936194,-96.7104605239
76052330.017089844,76.052330017090,52330.0170898,-53.2982636342,-102.826255631,-97.4430425135,-99.8675538798,-100.380989166,-97.0603847349
76052474.975585938,76.052474975586,52474.9755859,-53.2742362992,-103.918566095,-96.3769709154,-98.1115400722,-100.328301861,-96.908128547
76052619.934082031,76.052619934082,52619.934082,-53.2502752469,-104.190259127,-97.2842917475,-97.9747473965,-99.5091993589,-97.6156202764
76052764.892578125,76.052764892578,52764.8925781,-53.2263801124,-104.156417325,-97.5485453536,-99.7258149288,-99.6083713382,-96.4283286463
76052909.851074219,76.052909851074,52909.8510742,-53.2025505341,-103.951577393,-98.4983650743,-99.4791701837,-100.580589134,-96.9007617469
76053054.809570312,76.053054809570,53054.8095703,-53.1787861534,-103.06618644,-97.1914641387,-99.1292777522,-101.510546048,-97.5660347132
76053199.768066406,76.053199768066,53199.7680664,-53.1550866143,-101.362766562,-96.8127587234,-100.681941209,-99.8899565094,-98.1379098373
76053344.7265625,76.053344726562,53344.7265625,-53.1314515641,-100.882478918,-97.9136244309,-100.503132737,-99.9623370672,-97.037393115
76053489.685058594,76.053489685059,53489.6850586,-53.1078806527,-101.124170122,-98.1996175232,-99.2837438345,-100.471797629,-95.7539767407
76053634.643554688,76.053634643555,53634.6435547,-53.0843735329,-101.633303322,-97.3672785429,-99.2272593935,-99.563151226,-96.6862157473
76053779.602050781,76.053779602051,53779.6020508,-53.0609298605,-102.781874463,-98.705529166,-100.464470812,-98.6759771928,-97.33971812
76053924.560546875,76.053924560547,53924.5605469,-53.0375492938,-102.001685218,-99.0408884304,-100.047814449,-99.2421244075,-96.8429853366
76054069.519042969,76.054069519043,54069.519043,-53.014231494,-101.815124244,-97.7985057785,-98.9570108013,-100.437509238,-96.5424130123
76054214.477539062,76.054214477539,54214.4775391,-52.990976125,-102.233591934,-97.3677108028,-97.8539988678,-100.431958227,-97.5956010901
76054359.436035156,76.054359436035,54359.4360352,-52.9677828533,-102.060218545,-96.5810415999,-98.5041726299,-99.9764845951,-96.8158673852
76054504.39453125,76.054504394531,54504.3945312,-52.9446513484,-101.963280667,-97.5645640437,-100.20477105,-99.08606078,-98.027289866
76054649.353027344,76.054649353027,54649.3530273,-52.921581282,-103.731800021,-97.399465436,-99.240668023,-98.5386237864,-98.3863979974
76054794.311523438,76.054794311523,54794.3115234,-52.8985723286,-101.644651705,-97.2618549844,-99.097579113,-99.0152092119,-96.6814144166
76054939.270019531,76.054939270020,54939.2700195,-52.8756241653,-101.473370035,-97.8766508973,-98.3903978355,-98.9720743723,-95.519293853
76055084.228515625,76.055084228516,55084.2285156,-52.8527364718,-101.927309029,-98.1306802312,-97.4136411702,-98.8996075473,-95.8936069884
76055229.187011719,76.055229187012,55229.1870117,-52.8299089302,-101.935538423,-97.9503392663,-98.1421266529,-99.6970061387,-97.08585953
76055374.145507812,76.055374145508,55374.1455078,-52.8071412251,-102.737108668,-97.0836559434,-99.4810358312,-99.2639955888,-98.4205153242
76055519.104003906,76.055519104004,55519.1040039,-52.7844330437,-102.357067401,-96.3341967278,-99.0016383957,-98.8913684547,-97.6006794678
76055664.0625,76.055664062500,55664.0625,-52.7617840756,-103.190255894,-97.6187775215,-98.8060264066,-98.6110284099,-96.8639628456
76055809.020996094,76.055809020996,55809.0209961,-52.7391940128,-103.443633722,-98.1977371173,-98.9655547286,-99.1346751754,-97.0735920196
76055953.979492188,76.055953979492,55953.9794922,-52.7166625496,-104.012849373,-97.4840922439,-98.7961931361,-100.215552551,-98.1826168187
76056098.937988281,76.056098937988,56098.9379883,-52.6941893828,-102.567712183,-97.5821354392,-98.7292391458,-98.3766772449,-97.5602906333
76056243.896484375,76.056243896484,56243.8964844,-52.6717742116,-100.794364898,-96.7201251522,-99.952871059,-98.6095717055,-96.6737910786
76056388.854980469,76.056388854980,56388.8549805,-52.6494167373,-101.551046722,-96.6864182479,-99.6287668985,-98.7170340528,-96.6153400802
76056533.813476562,76.056533813477,56533.8134766,-52.6271166638,-102.182135107,-96.7002465346,-98.933393349,-97.3376187974,-97.5821787233
76056678.771972656,76.056678771973,56678.7719727,-52.604873697,-102.090896037,-95.8956947145,-97.9299315425,-96.9353984628,-97.4881674885
76056823.73046875,76.056823730469,56823.7304688,-52.5826875452,-101.18109158,-96.1240073163,-97.4549859489,-98.0095244421,-95.8905552563
76056968.688964844,76.056968688965,56968.6889648,-52.5605579189,-100.866610895,-97.2149628763,-98.908504797,-98.6460808947,-95.7163320468
76057113.647460938,76.057113647461,57113.6474609,-52.5384845308,-100.881162805,-98.2085443158,-98.9851602347,-97.7563887124,-96.5240230838
76057258.605957031,76.057258605957,57258.605957,-52.5164670958,-102.048541369,-98.54194208,-97.8502133442,-97.9595986659,-97.2303956292
76057403.564453125,76.057403564453,57403.5644531,-52.494505331,-102.234484281,-98.8779067785,-98.3872930498,-99.0264888248,-97.2076952087
76057548.522949219,76.057548522949,57548.5229492,-52.4725989554,-102.016565335,-97.9629770947,-99.0592249552,-99.0853288342,-96.4159640974
76057693.481445312,76.057693481445,57693.4814453,-52.4507476905,-102.524165399,-98.3701172091,-98.8413155714,-99.7592399671,-96.4014962538
76057838.439941406,76.057838439941,57838.4399414,-52.4289512597,-102.132917604,-97.9851650008,-98.8374024826,-99.3353534262,-96.3207075228
76057983.3984375,76.057983398438,57983.3984375,-52.4072093884,-101.134497068,-98.0684894498,-98.4671958822,-99.1827490782,-96.9647245618
76058128.356933594,76.058128356934,58128.3569336,-52.3855218042,-100.77909488,-97.6558020481,-97.9749239991,-99.8106905699,-97.0691400929
76058273.315429688,76.058273315430,58273.3154297,-52.3638882367,-100.685075584,-96.885907071,-98.1874369164,-99.4914231846,-96.0003192562
76058418.273925781,76.058418273926,58418.2739258,-52.3423084174,-101.124949357,-96.7730140536,-98.6566830192,-98.4553605596,-96.0439713446
76058563.232421875,76.058563232422,58563.2324219,-52.3207820799,-101.404160219,-97.0984122316,-97.9194924742,-97.7723204759,-96.6601945766
76058708.190917969,76.058708190918,58708.190918,-52.2993089599,-102.084874869,-95.5471639194,-98.145675576,-99.8513401622,-97.2929106944
76058853.149414062,76.058853149414,58853.1494141,-52.2778887948,-101.848826213,-96.5813071618,-98.8509583953,-98.895439128,-97.3933697653
76058998.107910156,76.058998107910,58998.1079102,-52.2565213241,-101.673224622,-96.9539882976,-98.5231055724,-99.3709813676,-96.4464977952
76059143.06640625,76.059143066406,59143.0664062,-52.2352062892,-100.03298214,-97.7702369106,-98.5389223853,-99.9241992585,-95.2423108485
76059288.024902344,76.059288024902,59288.0249023,-52.2139434333,-100.356669132,-96.8115641206,-97.4919578819,-98.6701443522,-95.014259584
76059432.983398438,76.059432983398,59432.9833984,-52.1927325016,-101.2882992,-95.4309231485,-97.809841277,-98.1861748176,-95.9211590098
76059577.941894531,76.059577941895,59577.9418945,-52.1715732412,-102.166110962,-96.3730041109,-98.5906194685,-98.1877163244,-98.0087193945
76059722.900390625,76.059722900391,59722.9003906,-52.1504654008,-100.873857354,-96.2904475716,-98.3167906181,-96.9858877803,-97.8126204871
76059867.858886719,76.059867858887,59867.8588867,-52.1294087312,-101.608112577,-95.7828669265,-97.5554893074,-98.1703682971,-97.1354877957
76060012.817382812,76.060012817383,60012.8173828,-52.1084029849,-102.124974989,-96.9583848307,-97.5369639877,-99.9551889829,-96.5221230231
76060157.775878906,76.060157775879,60157.7758789,-52.0874479162,-102.43472445,-97.462217851,-98.1527959248,-98.8420531167,-97.3439109043
76060302.734375,76.060302734375,60302.734375,-52.0665432811,-101.477187151,-96.6408600235,-98.1033857602,-98.8113144104,-96.6522003556
76060447.692871094,76.060447692871,60447.6928711,-52.0456888374,-100.838218194,-96.435802093,-99.0854068434,-98.7915414719,-95.4372961987
76060592.651367188,76.060592651367,60592.6513672,-52.0248843448,-101.098640608,-97.4241143096,-97.6680521425,-99.8681119569,-95.4592472429
76060737.609863281,76.060737609863,60737.6098633,-52.0041295645,-101.199333628,-97.3540385265,-98.0779954125,-99.4254971058,-96.3431650534
76060882.568359375,76.060882568359,60882.5683594,-51.9834242595,-101.058214306,-95.3988506121,-98.1992747367,-99.9187828358,-96.3908603638
76061027.526855469,76.061027526855,61027.5268555,-51.9627681944,-101.955180058,-95.1057388945,-97.1957072159,-100.898481148,-96.3528765251
76061172.485351562,76.061172485352,61172.4853516,-51.9421611357,-102.196684476,-95.9031788193,-98.4756084768,-98.7919759211,-96.4381333314
76061317.443847656,76.061317443848,61317.4438477,-51.9216028514,-102.002123496,-96.6479692083,-98.8596840169,-98.8814723837,-95.931400687
76061462.40234375,76.061462402344,61462.4023438,-51.901093111,-100.69335302,-97.1812874007,-98.8483694646,-98.6268082551,-96.3042272828
76061607.360839844,76.061607360840,61607.3608398,-51.880631686,-100.1337431,-96.9807745361,-98.4370108504,-98.1587157451,-97.3952303268
76061752.319335938,76.061752319336,61752.3193359,-51.8602183492,-100.833979064,-96.5367983096,-97.4985826578,-98.4342376381,-98.0399565587
76061897.277832031,76.061897277832,61897.277832,-51.8398528751,-101.433165869,-97.6151769846,-97.3744430642,-98.3853898794,-96.2994627284
76062042.236328125,76.062042236328,62042.2363281,-51.8195350398,-100.705000486,-97.7299185045,-96.6846271594,-97.2700220755,-95.7486578348
76062187.194824219,76.062187194824,62187.1948242,-51.7992646209,-99.826981305,-98.7654524133,-98.1592102269,-97.0542538772,-95.6184858112
76062332.153320312,76.062332153320,62332.1533203,-51.7790413976,-101.869491487,-97.8326816929,-99.0420864259,-97.8268297798,-95.4982081101
76062477.111816406,76.062477111816,62477.1118164,-51.7588651508,-102.560792427,-97.3507375022,-98.6859087409,-98.4416253893,-95.8763605915
76062622.0703125,76.062622070312,62622.0703125,-51.7387356626,-102.96736281,-96.3093533931,-97.5591005102,-98.0716325214,-96.4051669179
76062767.028808594,76.062767028809,62767.0288086,-51.7186527167,-101.341311143,-97.0091115161,-97.5487124703,-98.5415680731,-95.959870195
76062911.987304688,76.062911987305,62911.9873047,-51.6986160986,-100.433702611,-97.6148107014,-98.1259667431,-97.2118149825,-96.4527641098
76063056.945800781,76.063056945801,63056.9458008,-51.678625595,-101.044782199,-96.6403643307,-97.6599275489,-97.7510541374,-96.3593923185
76063201.904296875,76.063201904297,63201.9042969,-51.6586809939,-100.398741233,-95.5696997568,-99.0369841427,-98.3438107897,-95.5449931141
76063346.862792969,76.063346862793,63346.862793,-51.6387820853,-100.877956301,-97.4073814683,-99.0082863225,-98.4325418533,-95.8155672841
76063491.821289062,76.063491821289,63491.8212891,-51.6189286601,-102.211916834,-97.3748541261,-98.2465839422,-98.3368306519,-95.2172941921
76063636.779785156,76.063636779785,63636.7797852,-51.5991205109,-101.748987679,-96.9583559899,-95.8179777313,-98.6278356181,-96.3263314275
76063781.73828125,76.063781738281,63781.7382812,-51.5793574317,-101.002927015,-95.8804707991,-97.2450170922,-97.6783686433,-96.4732578492
76063926.696777344,76.063926696777,63926.6967773,-51.5596392179,-100.791081991,-96.4810033769,-96.6458854078,-97.2559547289,-94.7006484754
76064071.655273438,76.064071655273,64071.6552734,-51.5399656662,-101.201979384,-96.4404554452,-96.5807122337,-97.9234587656,-96.386888216
76064216.613769531,76.064216613770,64216.6137695,-51.5203365747,-101.263530032,-95.2418301542,-97.80263104,-97.6424475292,-96.1887533032
76064361.572265625,76.064361572266,64361.5722656,-51.500751743,-101.46683835,-95.3762841641,-99.1977259074,-97.4022370662,-94.9393966982
76064506.530761719,76.064506530762,64506.5307617,-51.4812109718,-101.300168233,-97.0399288067,-98.4127342269,-97.299610269,-94.5277696882
76064651.489257812,76.064651489258,64651.4892578,-51.4617140635,-100.523271269,-96.0837743623,-97.5855607117,-97.612835662,-95.2756996265
76064796.447753906,76.064796447754,64796.4477539,-51.4422608215,-100.887364441,-95.3758338075,-97.2620029523,-97.7953578085,-96.0557302482
76064941.40625,76.064941406250,64941.40625,-51.4228510507,-101.154557694,-96.5925299002,-99.0712187344,-97.7539428855,-94.9225535208
76065086.364746094,76.065086364746,65086.3647461,-51.4034845573,-101.325223533,-97.0532264252,-97.5035342375,-98.0006184191,-95.8220584675
76065231.323242188,76.065231323242,65231.3232422,-51.3841611486,-100.90061161,-96.9354305346,-97.0608469218,-97.2362160697,-95.8639971067
76065376.281738281,76.065376281738,65376.2817383,-51.3648806333,-100.465921524,-95.5601996817,-96.8781368413,-98.4152511154,-95.6558095025
76065521.240234375,76.065521240234,65521.2402344,-51.3456428216,-100.267116133,-97.2507146989,-97.4225214532,-98.5299631483,-95.7009542182
76065666.198730469,76.065666198730,65666.1987305,-51.3264475246,-100.234330927,-97.2084544089,-96.538836776,-98.2290362769,-95.7338880637
76065811.157226562,76.065811157227,65811.1572266,-51.3072945549,-100.115911061,-96.9981118658,-96.6357826203,-98.6304532962,-95.0776693463
76065956.115722656,76.065956115723,65956.1157227,-51.2881837261,-100.359647097,-95.6734173239,-97.5986412854,-97.8675436245,-96.3589139745
76066101.07421875,76.066101074219,66101.0742188,-51.2691148533,-100.34058248,-95.7289083802,-97.2608920854,-97.7734182048,-96.1434013366
76066246.032714844,76.066246032715,66246.0327148,-51.2500877527,-101.374230036,-96.4958726365,-96.1401965063,-98.4855831701,-94.9419193184
76066390.991210938,76.066390991211,66390.9912109,-51.2311022416,-100.738029107,-95.7966338875,-97.639133121,-98.234788917,-96.1200289022
76066535.949707031,76.066535949707,66535.949707,-51.2121581386,-101.124581155,-95.0264998088,-97.0886659763,-98.7842621029,-96.7889076662
76066680.908203125,76.066680908203,66680.9082031,-51.1932552634,-101.338305128,-95.920758991,-96.7467711688,-99.2762891159,-95.9073184592
76066825.866699219,76.066825866699,66825.8666992,-51.1743934371,-102.009974766,-96.5492110766,-97.3525700543,-97.9771898171,-95.0977785135
76066970.825195312,76.066970825195,66970.8251953,-51.1555724818,-100.153523498,-95.8733795575,-98.1692119019,-97.3901586764,-95.8441966812
76067115.783691406,76.067115783691,67115.7836914,-51.1367922206,-100.849021491,-96.1676838769,-97.5838991774,-99.5247125532,-95.1984747582
76067260.7421875,76.067260742188,67260.7421875,-51.1180524781,-101.118757331,-96.0880661382,-96.6771621211,-97.8521016064,-95.0016447638
76067405.700683594,76.067405700684,67405.7006836,-51.0993530797,-100.253070054,-96.3384658795,-97.1442606695,-98.4058341697,-95.5170630741
76067550.659179688,76.067550659180,67550.6591797,-51.0806938521,-100.978388424,-96.1217208217,-96.9604809111,-97.7798491539,-96.4295523672
76067695.617675781,76.067695617676,67695.6176758,-51.062074623,-100.573556204,-96.2692880461,-97.0936842795,-96.7248221187,-96.3126141748
76067840.576171875,76.067840576172,67840.5761719,-51.0434952215,-101.078311725,-95.9304824936,-97.4071037122,-96.3716506592,-95.478339751
76067985.534667969,76.067985534668,67985.534668,-51.0249554774,-102.278536743,-95.7184357367,-97.1131537835,-97.2758674265,-94.6777753426
76068130.493164062,76.068130493164,68130.4931641,-51.0064552217,-101.57381057,-96.2473466399,-97.1078204116,-98.636028671,-94.192612587
76068275.451660156,76.068275451660,68275.4516602,-50.9879942868,-100.880199373,-96.5497899678,-98.046180814,-98.0756873943,-94.6009744038
76068420.41015625,76.068420410156,68420.4101562,-50.9695725057,-99.5052237767,-96.306685615,-97.9230301762,-97.1048550044,-95.5286682878
76068565.368652344,76.068565368652,68565.3686523,-50.9511897128,-100.006501937,-95.0390241869,-97.3667489341,-96.7154948397,-95.6640390934
76068710.327148438,76.068710327148,68710.3271484,-50.9328457433,-99.7739835028,-94.2754356425,-96.8312308742,-97.3139125347,-95.5578278484
76068855.285644531,76.068855285645,68855.2856445,-50.9145404336,-99.5805526727,-96.0020079754,-98.619226407,-97.3090470826,-96.1679106979
76069000.244140625,76.069000244141,69000.2441406,-50.8962736211,-101.357323449,-96.8502192998,-99.2236657832,-96.7368863822,-94.9181793432
76069145.202636719,76.069145202637,69145.2026367,-50.8780451442,-100.357944519,-96.1534720467,-97.2244769632,-98.16663471,-94.8658604261
76069290.161132812,76.069290161133,69290.1611328,-50.8598548424,-100.220854642,-94.4688950723,-95.8645608161,-97.7496362693,-95.5670692113
76069435.119628906,76.069435119629,69435.1196289,-50.8417025561,-100.0896599,-94.1982761029,-96.0592682845,-97.2958230309,-95.4460411427
76069580.078125,76.069580078125,69580.078125,-50.8235881267,-99.4010869329,-95.581493257,-97.0569661973,-96.7696443933,-95.2098377063
76069725.036621094,76.069725036621,69725.0366211,-50.8055113967,-99.6931088657,-96.295738155,-96.8638898553,-97.1814221674,-94.9125134517
76069869.995117188,76.069869995117,69869.9951172,-50.7874722095,-100.038431234,-96.104041588,-96.9060808749,-97.9961281192,-95.0132381659
76070014.953613281,76.070014953613,70014.9536133,-50.7694704094,-98.9934350706,-95.0896829248,-96.2618472524,-97.5906838529,-95.1326966299
76070159.912109375,76.070159912109,70159.9121094,-50.7515058418,-99.355331913,-95.8926060217,-96.6920187296,-96.2118930775,-95.4464946556
76070304.870605469,76.070304870605,70304.8706055,-50.733578353,-100.282165192,-95.5254327608,-96.7572420311,-97.4643585703,-96.0362636955
76070449.829101562,76.070449829102,70449.8291016,-50.7156877903,-100.337113572,-94.9959135744,-96.129783038,-97.7468025627,-95.829269083
76070594.787597656,76.070594787598,70594.7875977,-50.6978340018,-100.982711887,-96.0966722299,-95.9145428527,-97.6966372866,-95.5990672359
76070739.74609375,76.070739746094,70739.7460938,-50.6800168367,-101.977545464,-94.4235653083,-96.4034587301,-98.4359081854,-95.497130293
76070884.704589844,76.070884704590,70884.7045898,-50.6622361451,-100.209368587,-95.6169387786,-97.5135568254,-97.4426192253,-95.8869754671
76071029.663085938,76.071029663086,71029.6630859,-50.6444917779,-99.5172673947,-95.0673903856,-97.3809734076,-96.8601294883,-95.8692837341
76071174.621582031,76.071174621582,71174.621582,-50.626783587,-99.6688211152,-94.7468398081,-95.7474682039,-97.0437656824,-94.5484350872
76071319.580078125,76.071319580078,71319.5800781,-50.6091114252,-100.795122293,-94.6250382244,-96.0325345612,-96.0541513689,-94.2349053886
76071464.538574219,76.071464538574,71464.5385742,-50.5914751462,-101.672819371,-93.5053135869,-96.7693434737,-96.2920158759,-94.5300632878
76071609.497070312,76.071609497070,71609.4970703,-50.5738746046,-99.9867068883,-94.2073402716,-98.3366511371,-97.354123138,-94.8450553942
76071754.455566406,76.071754455566,71754.4555664,-50.5563096558,-98.4686946754,-94.7906457649,-97.4494403057,-96.8103377582,-94.5615747064
76071899.4140625,76.071899414062,71899.4140625,-50.5387801562,-98.3085400502,-93.6635343398,-97.1337313066,-97.4213478195,-94.7489232565
76072044.372558594,76.072044372559,72044.3725586,-50.5212859629,-98.3697225112,-93.5219425786,-95.8929207416,-96.169710362,-95.3804661492
76072189.331054688,76.072189331055,72189.3310547,-50.5038269341,-99.0082001746,-94.5451740974,-96.4676360236,-96.1745478384,-96.3504142084
76072334.289550781,76.072334289551,72334.2895508,-50.4864029286,-100.303013203,-95.5782687133,-97.8421335782,-96.281159777,-95.7723952422
76072479.248046875,76.072479248047,72479.2480469,-50.4690138063,-101.832629357,-95.635712406,-96.6050709056,-96.7522606697,-95.0824121769
76072624.206542969,76.072624206543,72624.206543,-50.4516594277,-100.271348125,-95.1992220051,-96.0933767152,-97.943979806,-95.0691060613
76072769.165039062,76.072769165039,72769.1650391,-50.4343396543,-99.1038430282,-93.5308703245,-95.8246294966,-98.5682838276,-95.9031595245
76072914.123535156,76.072914123535,72914.1235352,-50.4170543483,-100.485731782,-94.6022816923,-95.8984798166,-95.9818632715,-95.9249643199
76073059.08203125,76.073059082031,73059.0820312,-50.3998033729,-99.6443859157,-96.1384436718,-95.4353347679,-95.2547670555,-95.2467679372
76073204.040527344,76.073204040527,73204.0405273,-50.3825865919,-100.016949554,-95.8192906282,-95.2662664917,-95.7823530645,-93.6615473916
76073348.999023438,76.073348999023,73348.9990234,-50.36540387,-99.3806867348,-95.1116595307,-95.191282296,-95.3639900509,-93.0174057485
76073493.957519531,76.073493957520,73493.9575195,-50.3482550728,-99.6091420212,-95.7486750149,-95.8852586839,-95.8345267268,-93.9554333148
76073638.916015625,76.073638916016,73638.9160156,-50.3311400665,-100.72008357,-95.0732951246,-96.682299882,-96.9072203512,-94.4490189062
76073783.874511719,76.073783874512,73783.8745117,-50.3140587183,-99.055925377,-95.258877475,-97.210021171,-97.3309171065,-94.9560923864
76073928.833007812,76.073928833008,73928.8330078,-50.2970108961,-99.0079402762,-95.5480623412,-97.0379665812,-96.3741665188,-95.5161888798
76074073.791503906,76.074073791504,74073.7915039,-50.2799964684,-98.9658143031,-95.1693099031,-95.8258907603,-96.9425759385,-94.107216145
76074218.75,76.074218750000,74218.75,-50.2630153047,-99.4228933019,-95.0412582166,-96.6145631147,-97.2789319677,-94.1717868614
76074363.708496094,76.074363708496,74363.7084961,-50.2460672753,-100.902229846,-95.0454805865,-96.665446845,-97.6620915531,-94.9980130091
76074508.666992188,76.074508666992,74508.6669922,-50.229152251,-98.6789610948,-94.7773728726,-96.549351386,-98.2295623107,-95.7423671807
76074653.625488281,76.074653625488,74653.6254883,-50.2122701036,-98.9772996833,-94.4357135847,-95.4228705783,-98.9990677769,-95.3723639261
76074798.583984375,76.074798583984,74798.5839844,-50.1954207055,-100.036349352,-95.331715861,-94.787309697,-96.8751772099,-93.8474682497
76074943.542480469,76.074943542480,74943.5424805,-50.1786039298,-100.8891559,-95.2779687615,-95.3981232214,-96.0222779101,-93.3439562922
76075088.500976562,76.075088500977,75088.5009766,-50.1618196506,-99.7107664073,-94.6615208304,-96.282412323,-96.0775359323,-94.6224833516
76075233.459472656,76.075233459473,75233.4594727,-50.1450677424,-101.480275891,-93.6766575108,-96.986735374,-96.9088406315,-94.8889771361
76075378.41796875,76.075378417969,75378.4179688,-50.1283480807,-99.9963447852,-94.5280004089,-96.6497559383,-96.4885096387,-94.8098078071
76075523.376464844,76.075523376465,75523.3764648,-50.1116605415,-100.044477534,-95.0280888028,-97.3438219418,-96.5770685892,-94.7448714418
76075668.334960938,76.075668334961,75668.3349609,-50.0950050017,-101.231810734,-94.3224677567,-95.7802119023,-97.2443744733,-94.6494748608
76075813.293457031,76.075813293457,75813.293457,-50.0783813387,-100.001841744,-93.708789446,-95.9073461644,-96.2630403681,-94.4214018584
76075958.251953125,76.075958251953,75958.2519531,-50.0617894308,-99.5244118286,-93.4194396825,-96.8600602542,-95.88041485,-94.9726271691
76076103.210449219,76.076103210449,76103.2104492,-50.0452291569,-99.6129067688,-93.8270862121,-97.1894516856,-96.19008861,-94.6407214651
76076248.168945312,76.076248168945,76248.1689453,-50.0287003965,-98.7212134917,-95.4689653805,-96.9180957347,-96.573631405,-94.9260716718
76076393.127441406,76.076393127441,76393.1274414,-50.0122030301,-99.803030945,-94.2034787126,-95.3236645879,-96.270947834,-94.5856458171
76076538.0859375,76.076538085938,76538.0859375,-49.9957369385,-99.7388548733,-94.788364367,-94.7419998298,-96.1588078975,-96.4853422057
76076683.044433594,76.076683044434,76683.0444336,-49.9793020034,-99.570212988,-95.9440004172,-94.9560799928,-96.2176007029,-95.3173152098
76076828.002929688,76.076828002930,76828.0029297,-49.9628981072,-99.1281596414,-94.7116694129,-94.3520657521,-96.3482071158,-95.1513733623
76076972.961425781,76.076972961426,76972.9614258,-49.9465251327,-99.7314972282,-96.2731646155,-94.3270914075,-96.3431814531,-95.1293310386
76077117.919921875,76.077117919922,77117.9199219,-49.9301829637,-98.3133741123,-95.5155633149,-94.8428565776,-96.3532975006,-94.8460492893
76077262.878417969,76.077262878418,77262.878418,-49.9138714844,-98.7353282525,-95.3728544106,-94.8753810875,-97.2307559636,-94.3226039913
76077407.836914062,76.077407836914,77407.8369141,-49.8975905798,-98.9484015976,-94.3148061329,-94.3929924689,-96.2505981148,-94.1553871005
76077552.795410156,76.077552795410,77552.7954102,-49.8813401355,-97.8653148852,-95.9666590396,-94.6303346866,-96.2397316587,-93.4257535834
76077697.75390625,76.077697753906,77697.7539062,-49.8651200378,-99.7407291047,-95.2819703858,-95.1659175847,-95.3266864558,-93.1958196256
76077842.712402344,76.077842712402,77842.7124023,-49.8489301734,-101.363286087,-94.0544872685,-95.2885810241,-94.2997689392,-92.278049786
76077987.670898438,76.077987670898,77987.6708984,-49.8327704299,-100.076138308,-94.6048983838,-96.3649671989,-95.6875191427,-94.2275175411
76078132.629394531,76.078132629395,78132.6293945,-49.8166406955,-99.3341266845,-93.8235191927,-96.3655939331,-96.141180642,-94.7641491564
76078277.587890625,76.078277587891,78277.5878906,-49.8005408589,-99.9002332153,-93.1536685955,-95.7814095214,-96.3099578873,-94.3564180173
76078422.546386719,76.078422546387,78422.5463867,-49.7844708094,-100.656710883,-94.1937747788,-95.5408896582,-97.3170172593,-94.6225376695
76078567.504882812,76.078567504883,78567.5048828,-49.7684304371,-100.510552073,-95.6197358327,-95.4376187235,-95.7048097141,-93.9857980715
76078712.463378906,76.078712463379,78712.4633789,-49.7524196324,-100.431995212,-96.0353526054,-96.2245455173,-95.0055769002,-94.4363352668
76078857.421875,76.078857421875,78857.421875,-49.7364382868,-101.115778238,-96.1163889687,-95.770410282,-95.9028168437,-94.2705661053
76079002.380371094,76.079002380371,79002.3803711,-49.7204862918,-101.28346637,-94.4380310737,-95.0949851296,-96.5120466382,-92.5463033026
76079147.338867188,76.079147338867,79147.3388672,-49.7045635399,-99.9050443678,-94.8887516941,-95.6741758088,-96.3393637933,-93.406280784
76079292.297363281,76.079292297363,79292.2973633,-49.6886699242,-97.8357728254,-94.1884420368,-94.9711691069,-96.8979637889,-93.2675109489
76079437.255859375,76.079437255859,79437.2558594,-49.6728053381,-100.046329065,-94.7080369045,-95.3982245696,-96.2129844452,-93.2258421921
76079582.214355469,76.079582214355,79582.2143555,-49.6569696758,-102.340526199,-94.1438678195,-95.0738960947,-95.6320588261,-93.7847694126
76079727.172851562,76.079727172852,79727.1728516,-49.641162832,-100.910573215,-94.9233905282,-94.8740419483,-95.7481320399,-93.4919180661
76079872.131347656,76.079872131348,79872.1313477,-49.6253847021,-99.5623777415,-94.1039201191,-94.786824518,-97.292836075,-93.6784450542
76080017.08984375,76.080017089844,80017.0898438,-49.6096351819,-100.516044533,-93.5778052267,-94.0674827512,-95.8690339258,-94.5022095781
76080162.048339844,76.080162048340,80162.0483398,-49.5939141678,-99.6245645624,-94.1032375654,-95.0188267186,-94.9498699264,-94.2852464128
76080307.006835938,76.080307006836,80307.0068359,-49.5782215569,-99.110995789,-94.4763905583,-96.6785139773,-96.2037980765,-93.6209995813
76080451.965332031,76.080451965332,80451.965332,-49.5625572466,-99.84083835,-93.5596760697,-97.5585371488,-96.3775867263,-93.4017378961
76080596.923828125,76.080596923828,80596.9238281,-49.5469211352,-98.9739401443,-93.5157724701,-96.2057405002,-96.7678173066,-94.1195232025
76080741.882324219,76.080741882324,80741.8823242,-49.5313131212,-98.8921110454,-94.5651427654,-96.0858720311,-96.6176088047,-93.2148536806
76080886.840820312,76.080886840820,80886.8408203,-49.5157331039,-99.6790018435,-95.0419167008,-95.5156452995,-95.1951320049,-94.3727027885
76081031.799316406,76.081031799316,81031.7993164,-49.500180983,-99.4403259219,-94.0749210271,-95.1079045706,-96.0244959157,-95.1878294597
76081176.7578125,76.081176757812,81176.7578125,-49.4846566587,-98.3315888208,-94.1306232165,-94.9185504525,-97.130352735,-93.5702516853
76081321.716308594,76.081321716309,81321.7163086,-49.469160032,-98.0494675062,-95.9687151068,-94.392823969,-97.5804240593,-92.8591272038
76081466.674804688,76.081466674805,81466.6748047,-49.4536910041,-99.739284233,-95.0517666267,-95.3834065004,-96.5395939169,-93.8988079529
76081611.633300781,76.081611633301,81611.6333008,-49.438249477,-98.6873388169,-93.6502677171,-94.6752938613,-97.0179792304,-95.5625991021
76081756.591796875,76.081756591797,81756.5917969,-49.4228353529,-97.7470406731,-94.251070785,-95.2548750146,-96.2113808402,-95.4082018621
76081901.550292969,76.081901550293,81901.550293,-49.4074485349,-100.540069241,-93.024627064,-94.9092322781,-95.7225277242,-93.9814658717
76082046.508789062,76.082046508789,82046.5087891,-49.3920889263,-99.2408228515,-92.3025921252,-95.6508022669,-95.0613591703,-94.2525124352
76082191.467285156,76.082191467285,82191.4672852,-49.3767564311,-98.5801738763,-92.577822365,-95.3627058949,-96.5269998413,-93.5250488453
76082336.42578125,76.082336425781,82336.4257812,-49.3614509537,-99.3519939093,-94.779568184,-95.2825153511,-95.3575084,-92.3237120825
76082481.384277344,76.082481384277,82481.3842773,-49.3461723991,-100.305299177,-94.6178153984,-95.2347738437,-95.5159869384,-93.1444271812
76082626.342773438,76.082626342773,82626.3427734,-49.3309206728,-100.305928073,-93.7687097603,-94.8204081757,-94.7935187765,-94.4957000065
76082771.301269531,76.082771301270,82771.3012695,-49.3156956806,-98.995893427,-94.0211433452,-95.2691350156,-95.1424301254,-94.8470959189
76082916.259765625,76.082916259766,82916.2597656,-49.3004973291,-98.0459578327,-93.7971062591,-94.8597285078,-94.9985131748,-95.2418962637
76083061.218261719,76.083061218262,83061.2182617,-49.2853255251,-97.8998960427,-93.2868673389,-94.6337584039,-95.366404947,-93.0682450479
76083206.176757812,76.083206176758,83206.1767578,-49.2701801761,-98.4305395963,-92.9112603781,-96.2078756165,-96.1371758286,-93.1341019208
76083351.135253906,76.083351135254,83351.1352539,-49.25506119,-99.1413955792,-93.5843241584,-95.0680243405,-96.7758713004,-93.0878916452
76083496.09375,76.083496093750,83496.09375,-49.2399684752,-99.5953100974,-94.2854661835,-95.0073655727,-97.2368020195,-93.7254615585
76083641.052246094,76.083641052246,83641.0522461,-49.2249019404,-100.735617737,-94.0943771461,-96.4084262532,-96.8508982368,-94.159716387
76083786.010742188,76.083786010742,83786.0107422,-49.2098614952,-100.498367813,-94.5654002437,-96.1929021036,-95.9473547781,-95.3144769728
76083930.969238281,76.083930969238,83930.9692383,-49.1948470492,-98.2299289648,-93.3448244244,-94.9058941568,-95.7798126834,-93.6709872556
76084075.927734375,76.084075927734,84075.9277344,-49.1798585127,-99.3315448464,-93.4515890739,-94.7573372654,-96.3401583353,-92.3371888424
76084220.886230469,76.084220886230,84220.8862305,-49.1648957965,-99.3062791522,-93.4138152061,-94.763721017,-95.022657098,-93.1352257011
76084365.844726562,76.084365844727,84365.8447266,-49.1499588118,-98.0459545768,-93.895178838,-95.3054070147,-95.2387738547,-94.5515635933
76084510.803222656,76.084510803223,84510.8032227,-49.1350474701,-99.0903701542,-92.7535238899,-95.0380349828,-96.8971256482,-94.8324668074
76084655.76171875,76.084655761719,84655.7617188,-49.1201616837,-99.6200832383,-92.4020020018,-94.662553366,-96.4112739619,-94.4963581249
76084800.720214844,76.084800720215,84800.7202148,-49.1053013651,-99.0194236975,-93.6634318345,-94.5712496946,-93.907281364,-93.4449500526
76084945.678710938,76.084945678711,84945.6787109,-49.0904664273,-99.9107014749,-95.7200053167,-95.1323139748,-94.487314277,-92.3834092576
76085090.637207031,76.085090637207,85090.637207,-49.0756567836,-99.9022131894,-95.4471069186,-95.5895076093,-95.3924547541,-91.612712057
76085235.595703125,76.085235595703,85235.5957031,-49.0608723481,-99.2332846871,-94.5543498018,-95.6304839065,-95.4341464696,-92.6053140093
76085380.554199219,76.085380554199,85380.5541992,-49.0461130351,-97.7896614885,-93.7926614139,-94.5851659999,-95.327547365,-94.0974013985
76085525.512695312,76.085525512695,85525.5126953,-49.0313787593,-96.9892702777,-94.2193460937,-94.7468694007,-96.1757568386,-94.1604287371
76085670.471191406,76.085670471191,85670.4711914,-49.0166694359,-98.0428159812,-95.02817627,-93.8908051271,-95.7317478077,-93.4691529606
76085815.4296875,76.085815429688,85815.4296875,-49.0019849805,-97.6493672789,-93.8300316833,-94.8667025171,-95.8936780356,-93.4749320892
76085960.388183594,76.085960388184,85960.3881836,-48.9873253093,-98.253490053,-93.6480140995,-94.841862467,-95.3542559881,-93.5916508597
76086105.346679688,76.086105346680,86105.3466797,-48.9726903387,-98.6637798825,-92.3765679861,-94.2738440653,-96.4878852582,-93.631562716
76086250.305175781,76.086250305176,86250.3051758,-48.9580799855,-98.6041649666,-93.4370546631,-93.2963055436,-96.3446574234,-93.9378827226
76086395.263671875,76.086395263672,86395.2636719,-48.9434941672,-98.1792090787,-93.9306468036,-94.2004988868,-95.5705151736,-94.366463667
76086540.222167969,76.086540222168,86540.222168,-48.9289328014,-97.4669067535,-94.3490185837,-94.7350110184,-94.7072276764,-92.8798173349
76086685.180664062,76.086685180664,86685.1806641,-48.9143958064,-96.9501984307,-95.3209769328,-94.5498844245,-94.5395538162,-93.0199076979
76086830.139160156,76.086830139160,86830.1391602,-48.8998831006,-97.4811917952,-93.7478510316,-94.4769420002,-94.305421069,-91.9559371813
76086975.09765625,76.086975097656,86975.0976562,-48.885394603,-98.2160347766,-93.93772254,-93.965843294,-94.9108593398,-93.2533174883
76087120.056152344,76.087120056152,87120.0561523,-48.870930233,-98.1933722678,-94.9749349781,-93.7714676853,-96.2230350474,-95.1682263777
76087265.014648438,76.087265014648,87265.0146484,-48.8564899105,-97.6466980773,-94.0421860511,-94.4739589142,-96.1710289453,-94.2029672727
76087409.973144531,76.087409973145,87409.9731445,-48.8420735555,-97.5515280653,-92.3211020016,-95.180681391,-96.8002380893,-94.8720250833
76087554.931640625,76.087554931641,87554.9316406,-48.8276810886,-98.3082903793,-92.8314321741,-94.3291543713,-96.9876778427,-92.7236933107
76087699.890136719,76.087699890137,87699.8901367,-48.8133124308,-98.244748988,-93.5427556934,-94.0220752319,-95.5104961227,-92.5730522922
76087844.848632812,76.087844848633,87844.8486328,-48.7989675035,-97.9667610485,-92.4996904804,-93.9162763872,-95.4070494587,-92.8388940238
76087989.807128906,76.087989807129,87989.8071289,-48.7846462283,-97.6443269295,-94.1333590277,-94.7741230518,-94.7768701873,-92.7753905141
76088134.765625,76.088134765625,88134.765625,-48.7703485275,-97.6551042827,-93.4155629543,-94.9934184818,-94.7529901299,-92.0489597182
76088279.724121094,76.088279724121,88279.7241211,-48.7560743236,-98.9965513971,-94.7226422001,-93.9093443142,-95.0778935917,-92.5893655229
76088424.682617188,76.088424682617,88424.6826172,-48.7418235394,-97.8714610223,-95.0499703863,-94.2937493269,-95.5961090014,-93.2274221663
76088569.641113281,76.088569641113,88569.6411133,-48.7275960982,-98.9820733181,-93.6472536735,-95.1862482813,-95.9705870081,-93.0654828342
76088714.599609375,76.088714599609,88714.5996094,-48.7133919237,-99.2835847501,-92.7789164939,-95.2454735677,-97.4611448173,-92.5850979735
76088859.558105469,76.088859558105,88859.5581055,-48.6992109399,-98.6912372331,-93.2963648626,-94.1502225969,-96.6494060246,-93.0665055768
76089004.516601562,76.089004516602,89004.5166016,-48.6850530713,-97.8134596695,-94.190356061,-94.2162313953,-96.1178797342,-94.7250577269
76089149.475097656,76.089149475098,89149.4750977,-48.6709182425,-98.0623813396,-93.5536344315,-94.2161865976,-94.917182162,-93.9955376372
76089294.43359375,76.089294433594,89294.4335938,-48.6568063787,-98.2235253974,-92.6642854608,-94.2038691506,-94.1349628072,-93.1066491198
76089439.392089844,76.089439392090,89439.3920898,-48.6427174054,-96.4521494326,-93.3961262895,-94.9345811663,-94.4268781595,-93.202487936
76089584.350585938,76.089584350586,89584.3505859,-48.6286512485,-96.9773377221,-94.7688472683,-94.7136843798,-93.6651495645,-93.0893970863
76089729.309082031,76.089729309082,89729.309082,-48.6146078341,-98.1899671408,-94.5741104405,-95.0080743876,-94.4861847511,-92.9488149934
76089874.267578125,76.089874267578,89874.2675781,-48.600587089,-97.598835312,-94.5492343844,-95.089213985,-94.8598390727,-92.9204939894
76090019.226074219,76.090019226074,90019.2260742,-48.5865889399,-96.9397429714,-93.7073578894,-94.9587591843,-95.5125413801,-93.7457494527
76090164.184570312,76.090164184570,90164.1845703,-48.5726133142,-96.8773352055,-93.3046095929,-93.9405019801,-95.0221807066,-93.2683707762
76090309.143066406,76.090309143066,90309.1430664,-48.5586601396,-98.3539898169,-93.5895764161,-94.7195060443,-94.3067972027,-93.6985358957
76090454.1015625,76.090454101562,90454.1015625,-48.5447293439,-97.9447000933,-94.2815247746,-94.1988869368,-95.3501739471,-93.1375934353
76090599.060058594,76.090599060059,90599.0600586,-48.5308208556,-97.3408435057,-94.4230009248,-95.6814911761,-95.4292379072,-92.7640414057
76090744.018554688,76.090744018555,90744.0185547,-48.5169346033,-97.1893584218,-93.6214256291,-95.446999703,-96.1488557977,-92.0686743791
76090888.977050781,76.090888977051,90888.9770508,-48.503070516,-97.5661753546,-92.580058826,-94.4738400025,-95.3033325803,-92.5009542268
76091033.935546875,76.091033935547,91033.9355469,-48.4892285231,-98.2816276446,-92.1304594204,-95.0671289025,-95.0261797662,-92.9766472583
76091178.894042969,76.091178894043,91178.894043,-48.4754085543,-99.0149597618,-92.8143842397,-94.2814323567,-95.5185751678,-92.5383257398
76091323.852539062,76.091323852539,91323.8525391,-48.4616105396,-98.4984955134,-92.581206303,-94.4139062973,-94.7681037329,-93.6703494162
76091468.811035156,76.091468811035,91468.8110352,-48.4478344093,-97.1143431209,-92.7994820414,-94.7517782393,-94.2097042515,-93.5618339441
76091613.76953125,76.091613769531,91613.7695312,-48.4340800942,-98.0153688887,-93.646038707,-94.1509371904,-94.2641532081,-93.5361577907
76091758.728027344,76.091758728027,91758.7280273,-48.4203475253,-99.2568359119,-92.2358133637,-94.6406427553,-97.2467900106,-92.3669669828
76091903.686523438,76.091903686523,91903.6865234,-48.4066366338,-98.6175337606,-93.5025835028,-94.199946618,-95.7771060303,-92.6129849001
76092048.645019531,76.092048645020,92048.6450195,-48.3929473516,-98.8793077004,-94.8518713024,-93.7809216124,-95.5138913267,-91.5842140038
76092193.603515625,76.092193603516,92193.6035156,-48.3792796105,-98.5052008147,-93.0804212267,-93.5065653369,-94.5925020604,-91.6450816973
76092338.562011719,76.092338562012,92338.5620117,-48.365633343,-97.6029945499,-92.2117548919,-94.0147156169,-94.4393576968,-91.6696112967
76092483.520507812,76.092483520508,92483.5205078,-48.3520084815,-96.1305705431,-91.7049980138,-95.4218614892,-95.3919594654,-93.3521668149
76092628.479003906,76.092628479004,92628.4790039,-48.3384049591,-96.1055181929,-92.7171871586,-94.8213088005,-94.1343637766,-94.0318567889
76092773.4375,76.092773437500,92773.4375,-48.3248227091,-95.869524694,-93.2755318959,-92.5865561071,-93.1870877485,-92.8418558114
76092918.395996094,76.092918395996,92918.3959961,-48.311261665,-97.3660059445,-93.0188881256,-92.8670677504,-93.105007914,-91.2926175293
76093063.354492188,76.093063354492,93063.3544922,-48.2977217607,-98.6121474691,-92.2298472367,-94.3744310382,-94.0378690393,-91.7439993277
76093208.312988281,76.093208312988,93208.3129883,-48.2842029304,-97.5757155918,-91.9766040431,-93.7622671646,-94.6961131977,-94.6761997608
76093353.271484375,76.093353271484,93353.2714844,-48.2707051086,-97.2235236407,-92.41826157,-93.150432436,-95.2103948146,-92.4725108902
76093498.229980469,76.093498229980,93498.2299805,-48.2572282301,-96.2735354496,-93.7057251391,-93.6237325164,-94.8997061694,-91.8269710776
76093643.188476562,76.093643188477,93643.1884766,-48.24377223,-96.6964388763,-94.2842855417,-95.4130326469,-94.24743005,-93.5796560577
76093788.146972656,76.093788146973,93788.1469727,-48.2303370437,-97.2294441426,-94.352591131,-94.9915347174,-94.7281333867,-93.1033881059
76093933.10546875,76.093933105469,93933.1054688,-48.216922607,-98.0192304372,-93.1686529573,-93.6684330211,-96.0494667643,-91.3038489726
76094078.063964844,76.094078063965,94078.0639648,-48.2035288558,-97.1914239996,-92.7100653768,-94.6558396405,-96.4482242424,-90.3760648973
76094223.022460938,76.094223022461,94223.0224609,-48.1901557265,-96.3948529484,-91.9757129431,-94.564100807,-94.7951725135,-91.3970470664
76094367.980957031,76.094367980957,94367.980957,-48.1768031556,-97.0414545985,-92.4254639139,-94.2687639534,-93.9004061984,-92.8265308373
76094512.939453125,76.094512939453,94512.9394531,-48.16347108,-97.106485423,-93.1065522614,-94.6133613121,-94.0736191236,-91.9050933514
76094657.897949219,76.094657897949,94657.8979492,-48.150159437,-97.9012646772,-93.6458147105,-93.7452073767,-95.2592090372,-92.4008532246
76094802.856445312,76.094802856445,94802.8564453,-48.136868164,-98.1655334553,-92.7592373019,-93.4740286844,-94.6814384594,-92.3524589928
76094947.814941406,76.094947814941,94947.8149414,-48.1235971986,-97.460484937,-92.0029991318,-94.120793221,-94.2900720884,-92.245944373
76095092.7734375,76.095092773438,95092.7734375,-48.1103464791,-97.8050238132,-92.7951481646,-94.9879205961,-94.6209774116,-92.5029627673
76095237.731933594,76.095237731934,95237.7319336,-48.0971159437,-97.5265710716,-92.8004596688,-94.5205228057,-94.6554871368,-94.0795131462
76095382.690429688,76.095382690430,95382.6904297,-48.0839055309,-97.2832357261,-92.1514568292,-93.2695307391,-95.0223340485,-93.4878903764
76095527.648925781,76.095527648926,95527.6489258,-48.0707151798,-97.3106194674,-92.263887185,-93.5192127629,-94.7548093906,-92.3965653369
76095672.607421875,76.095672607422,95672.6074219,-48.0575448294,-98.0986782109,-93.7824918254,-94.0157282567,-94.5941936172,-92.7111426825
76095817.565917969,76.095817565918,95817.565918,-48.0443944192,-97.3697118839,-93.0473838317,-93.5857355285,-95.4226346096,-92.4277057654
76095962.524414062,76.095962524414,95962.5244141,-48.0312638889,-96.8578832204,-92.8906248089,-94.2030617698,-94.3040126628,-92.089304642
76096107.482910156,76.096107482910,96107.4829102,-48.0181531784,-97.142834635,-93.441863961,-94.3769524269,-93.9208801646,-92.4135391199
76096252.44140625,76.096252441406,96252.4414062,-48.0050622282,-98.4521966977,-94.3076050765,-93.2289076727,-94.1714574996,-92.6227175702
76096397.399902344,76.096397399902,96397.3999023,-47.9919909785,-98.3089437664,-93.8419412061,-93.2087886439,-93.8685314889,-93.1417733493
76096542.358398438,76.096542358398,96542.3583984,-47.9789393704,-96.8863710761,-93.9206308818,-93.1199074533,-93.5202900857,-94.0506221949
76096687.316894531,76.096687316895,96687.3168945,-47.9659073447,-96.6647273528,-93.436942049,-93.2471637445,-94.8063351639,-93.3098376952
76096832.275390625,76.096832275391,96832.2753906,-47.9528948429,-97.7612309106,-93.9726279715,-93.6040573346,-95.1658601356,-92.8040484473
76096977.233886719,76.096977233887,96977.2338867,-47.9399018066,-97.8564609943,-94.662445378,-95.0048132766,-95.6596972365,-92.9924382241
76097122.192382812,76.097122192383,97122.1923828,-47.9269281775,-98.0906708616,-93.1237487877,-94.1063235569,-95.5272064611,-94.3089215357
76097267.150878906,76.097267150879,97267.1508789,-47.9139738979,-98.7579745178,-92.2510516865,-93.6085620563,-95.2889407044,-92.8527542523
76097412.109375,76.097412109375,97412.109375,-47.90103891,-97.6119314091,-92.0385448239,-94.1098791041,-95.6167061354,-92.8732005579
76097557.067871094,76.097557067871,97557.0678711,-47.8881231565,-98.654458671,-93.1471414761,-94.9716163633,-95.4186941545,-93.0954177723
76097702.026367188,76.097702026367,97702.0263672,-47.8752265803,-97.9907702797,-92.8463541793,-94.8772024149,-94.8069645293,-92.5004287407
76097846.984863281,76.097846984863,97846.9848633,-47.8623491245,-96.8997867763,-93.1813844225,-94.6626407721,-94.4593431765,-93.2375032862
76097991.943359375,76.097991943359,97991.9433594,-47.8494907325,-97.2720133224,-93.2557814884,-94.7018761353,-93.6240884195,-92.8779090693
76098136.901855469,76.098136901855,98136.9018555,-47.836651348,-97.6071490855,-93.9809987481,-94.8260015368,-93.5748527085,-92.988390181
76098281.860351562,76.098281860352,98281.8603516,-47.8238309147,-97.4222870403,-93.4709177106,-94.1195722574,-94.1920204993,-92.0141133533
76098426.818847656,76.098426818848,98426.8188477,-47.811029377,-97.2704543045,-92.305055841,-93.7776513917,-94.7803199207,-92.1809166495
76098571.77734375,76.098571777344,98571.7773438,-47.7982466791,-96.3901188998,-92.3736728024,-92.9905060606,-94.522443477,-92.1212459205
76098716.735839844,76.098716735840,98716.7358398,-47.7854827657,-97.1357238798,-94.2134218469,-93.8873145338,-93.5732081055,-92.3389195313
76098861.694335938,76.098861694336,98861.6943359,-47.7727375817,-97.3276375074,-93.780591938,-94.8168026393,-94.4397263666,-91.8319927904
76099006.652832031,76.099006652832,99006.652832,-47.7600110722,-96.435437626,-92.5411573075,-95.081550067,-95.2094587769,-93.3888152257
76099151.611328125,76.099151611328,99151.6113281,-47.7473031825,-97.4917862295,-91.7715451854,-93.1702531071,-94.0967930039,-92.880406342
76099296.569824219,76.099296569824,99296.5698242,-47.7346138582,-97.3615605171,-92.7088570682,-93.5660501837,-94.2975138155,-93.0800860116
76099441.528320312,76.099441528320,99441.5283203,-47.7219430451,-98.3846363623,-92.5594336582,-92.9012292902,-94.770554891,-93.7579842396
76099586.486816406,76.099586486816,99586.4868164,-47.7092906895,-98.4291449874,-92.6614510297,-93.7586072163,-94.4728253797,-91.5555368584
76099731.4453125,76.099731445312,99731.4453125,-47.6966567374,-98.6753425491,-92.747781532,-93.3808130225,-93.809360716,-91.9106552535
76099876.403808594,76.099876403809,99876.4038086,-47.6840411355,-97.1397197141,-91.737209191,-92.65232859,-93.9956971398,-91.2370056628
