Frequency_Hz,Frequency_MHz,20260515_092941,20260515_133100,20260515_134951,20260515_140509,20260521_162959,20260522_135524
75900123.596191406,75.900123596191,1.1179547841653359e-05,3.1761572814808339e-05,2.9895961651716365e-05,2.3035999391584522e-05,4.1329650734935972e-05,2.0191204683615699e-05
75900268.5546875,75.900268554688,1.2040320989549485e-05,1.8182319768885409e-05,2.5825031934195361e-05,2.3777648656275824e-05,4.2541286941853021e-05,1.8291214756744524e-05
75900413.513183594,75.900413513184,1.3244747655806361e-05,2.3492157137590627e-05,2.2590682707061614e-05,2.1284434314216083e-05,4.5883850392277566e-05,2.0124620653961631e-05
75900558.471679688,75.900558471680,1.2020342929280535e-05,3.4493036529212079e-05,1.7758423288199964e-05,2.1301503423062692e-05,4.6313086866685904e-05,2.6218483537139438e-05
75900703.430175781,75.900703430176,1.2526255801971466e-05,3.2952746890001634e-05,1.9947874911726774e-05,2.1299959423966964e-05,3.7260207628539374e-05,2.0216565936364528e-05
75900848.388671875,75.900848388672,8.5641454578222428e-06,2.4247379617542489e-05,3.0411983769333029e-05,1.6261608990470939e-05,2.550704248521433e-05,2.0437840683986646e-05
75900993.347167969,75.900993347168,9.1162569568790402e-06,3.2888004893489782e-05,3.185796718610384e-05,2.1972738947820213e-05,2.3769644382827241e-05,2.2139307031646671e-05
75901138.305664062,75.901138305664,1.2661544027162625e-05,2.6461263138849089e-05,2.8887505060277786e-05,2.5092036798612598e-05,3.6119140606612031e-05,1.7655842796546266e-05
75901283.264160156,75.901283264160,1.1074151006445801e-05,3.0679704205699649e-05,2.3288695965683079e-05,2.3377786985760098e-05,3.6432609023406704e-05,1.9277443713425345e-05
75901428.22265625,75.901428222656,8.5599430621082285e-06,4.1082385697098192e-05,2.0972579708523218e-05,3.1266312619048712e-05,3.189315692681219e-05,2.1168648923630005e-05
75901573.181152344,75.901573181152,1.3513015850022574e-05,3.4959346832968441e-05,1.937253335944236e-05,3.1763130087591666e-05,3.0178837284041942e-05,1.8851528972354928e-05
75901718.139648438,75.901718139648,1.2513718832570715e-05,3.823842677325812e-05,1.7503184777292589e-05,3.3056261808857088e-05,4.2602941807175355e-05,2.2631222553185076e-05
75901863.098144531,75.901863098145,1.1962490575076267e-05,3.4633181505242306e-05,2.0702067966576245e-05,3.0061733609398197e-05,2.8755001838383715e-05,2.1934119426352617e-05
75902008.056640625,75.902008056641,1.2627427635827675e-05,3.4477199639437084e-05,3.0504993598327819e-05,2.629252534152399e-05,2.9914888563757141e-05,1.8771443998777689e-05
75902153.015136719,75.902153015137,1.102077251428057e-05,3.2538378002803896e-05,2.7537345483230861e-05,2.041885033524025e-05,3.2390747997496631e-05,2.4344906882441897e-05
75902297.973632812,75.902297973633,1.2138357955892667e-05,3.8676665980985353e-05,3.6578321635222505e-05,2.3662883486560628e-05,3.2071188524565837e-05,2.4559854715216514e-05
75902442.932128906,75.902442932129,1.4183777926124203e-05,3.6651638248727671e-05,2.8569424872355892e-05,2.6311670939400473e-05,2.8385641738746067e-05,1.7538816982868984e-05
75902587.890625,75.902587890625,1.1497533734668097e-05,4.1547350866191638e-05,2.5639394839978024e-05,2.0847605652199761e-05,3.3630072238639504e-05,1.8081610388649183e-05
75902732.849121094,75.902732849121,1.0249231675718321e-05,4.9458257949806256e-05,2.4418254559590457e-05,2.072651968052869e-05,2.8736121902145598e-05,2.0554661180918684e-05
75902877.807617188,75.902877807617,1.1074250495355244e-05,4.5753920741502546e-05,3.3892934284360793e-05,2.6498759226971808e-05,3.0547554496247249e-05,2.0083714546630175e-05
75903022.766113281,75.903022766113,1.2050268731769589e-05,3.2126811190455042e-05,3.0199069602014754e-05,2.2448837431232258e-05,3.2502848704014471e-05,1.9836097194235283e-05
75903167.724609375,75.903167724609,1.3165377800384781e-05,3.0891672512046241e-05,2.5780881314155468e-05,2.395558513828026e-05,3.8467744075127829e-05,2.3462818110510008e-05
75903312.683105469,75.903312683105,1.1102053943419266e-05,3.6330759757899659e-05,2.138789491228703e-05,2.0752692068483281e-05,2.9010200541124443e-05,2.4935056553770775e-05
75903457.641601562,75.903457641602,1.2735410827881935e-05,2.7882224873309232e-05,2.1914240347913146e-05,2.6481753244412027e-05,3.1076438891088286e-05,1.9845218958054755e-05
75903602.600097656,75.903602600098,1.5527687010380346e-05,2.438574682621023e-05,2.7788744353930251e-05,2.9125470706409468e-05,3.7621307781467933e-05,1.8812130772877264e-05
75903747.55859375,75.903747558594,1.3660265123032557e-05,2.4238444179509048e-05,3.0688674296884023e-05,2.3194683229080616e-05,3.798012308257288e-05,2.3065077623721226e-05
75903892.517089844,75.903892517090,1.0411522164054355e-05,3.157210169194374e-05,2.910790655883457e-05,2.1915683216343014e-05,3.3484162377573864e-05,2.7210662254592991e-05
75904037.475585938,75.904037475586,8.6248548682285324e-06,3.8782468691708737e-05,3.3132968641555767e-05,2.1576408254513747e-05,3.9762313187807329e-05,3.0082156351102889e-05
75904182.434082031,75.904182434082,9.0530801997733051e-06,3.5570376132664667e-05,3.0861006348904226e-05,2.1841940583607169e-05,4.0395321174038972e-05,3.0994441071280792e-05
75904327.392578125,75.904327392578,9.6730180838639372e-06,3.571116736964833e-05,2.348025235090958e-05,2.4797487825146299e-05,3.9381203644091229e-05,2.7123720955896472e-05
75904472.351074219,75.904472351074,1.1972272048156915e-05,3.3458522767822443e-05,2.9404955510874855e-05,1.998737856509254e-05,4.0955402425072354e-05,1.6260438837704792e-05
75904617.309570312,75.904617309570,1.077478599162927e-05,3.1066994489244607e-05,3.3320407483958928e-05,2.4751114182954823e-05,2.3357750790722795e-05,1.4420711110359627e-05
75904762.268066406,75.904762268066,1.1104613302596162e-05,2.9731643114988039e-05,2.9491802520036867e-05,2.567063392835381e-05,2.7697913682595958e-05,2.2216280876153911e-05
75904907.2265625,75.904907226562,1.1843860403143992e-05,2.9669064915614181e-05,2.6290920484245247e-05,2.0964762235113736e-05,4.7137507995799193e-05,2.373453375596022e-05
75905052.185058594,75.905052185059,1.0235605472454317e-05,3.421167241851307e-05,2.276800126579249e-05,1.7659034972427215e-05,3.797671649412275e-05,2.4662630203334279e-05
75905197.143554688,75.905197143555,1.0932662070495841e-05,3.2189902834790652e-05,2.1713206166330153e-05,2.2732684989290619e-05,4.6624956980854403e-05,2.7790400211978449e-05
75905342.102050781,75.905342102051,1.313503645646582e-05,2.7982391354359083e-05,2.1364563624335721e-05,2.0416476224356749e-05,3.5765030600708966e-05,1.9177950804020826e-05
75905487.060546875,75.905487060547,1.0741935365573295e-05,2.6196188638380389e-05,2.0566564310781388e-05,2.067024643564646e-05,3.9953585657828252e-05,2.3389617895772189e-05
75905632.019042969,75.905632019043,9.3237618198631546e-06,2.5997106891652727e-05,2.6569773262213384e-05,2.9068950754748917e-05,3.6773341917799658e-05,2.5083011766379141e-05
75905776.977539062,75.905776977539,7.1162825442996321e-06,2.7289104539706216e-05,2.1561543551104804e-05,2.5590713188368185e-05,3.8554364867654391e-05,2.3832394530311004e-05
75905921.936035156,75.905921936035,1.0777766483332774e-05,3.425902395414803e-05,1.9828198707078289e-05,2.3991699554096499e-05,4.3193378156190123e-05,2.3062630813756787e-05
75906066.89453125,75.906066894531,1.5405690509468546e-05,3.4723911690116419e-05,2.2811769297649522e-05,2.7499992781659387e-05,3.9653954139436915e-05,2.4949361974445468e-05
75906211.853027344,75.906211853027,1.112155224092529e-05,2.6930491089047162e-05,3.5093307899900811e-05,2.5295505835641159e-05,3.7127122118942019e-05,2.0729108885272053e-05
75906356.811523438,75.906356811523,1.0892529143166788e-05,1.8383524991236488e-05,2.8360320645238584e-05,1.9134233261320429e-05,3.2490781729536303e-05,2.1430694441777083e-05
75906501.770019531,75.906501770020,9.3902641537410086e-06,2.3491113789363277e-05,1.9008258851573431e-05,1.4026588855265233e-05,3.6336381597133658e-05,3.0776833058172478e-05
75906646.728515625,75.906646728516,9.1675250971308232e-06,2.553674054602529e-05,2.1364063291712489e-05,1.6144405906292847e-05,2.0133347427608552e-05,2.1611198789986449e-05
75906791.687011719,75.906791687012,1.0432883546296166e-05,4.7743405261678789e-05,2.2496770342036155e-05,1.8676483345040125e-05,2.795326817044014e-05,2.357825686069998e-05
75906936.645507812,75.906936645508,1.1200503380675569e-05,4.5258161010516422e-05,2.4630741793464676e-05,1.9202056749132967e-05,4.0802137519386937e-05,2.2346583312337549e-05
75907081.604003906,75.907081604004,1.0844583844898573e-05,2.9256753594586438e-05,2.7306580658227039e-05,1.8628974623367304e-05,3.8295006951090208e-05,1.5021156578148936e-05
75907226.5625,75.907226562500,9.846976669942363e-06,3.0445564899028109e-05,2.8703385235748415e-05,2.1312506254803529e-05,4.0891767558379891e-05,1.4084364901045697e-05
75907371.520996094,75.907371520996,1.0076600450733698e-05,3.4367873470336091e-05,2.028991717028934e-05,2.2395528564124186e-05,4.4702012383218095e-05,2.0039411120578884e-05
75907516.479492188,75.907516479492,1.0301671157600081e-05,4.5838952741094619e-05,2.1473957185603313e-05,2.0897907634805313e-05,3.7001340276724556e-05,1.7731750011651973e-05
75907661.437988281,75.907661437988,8.5991457973223744e-06,4.0622040502766592e-05,2.4018663476417892e-05,2.305342131135734e-05,4.4607888009377248e-05,2.491360979427759e-05
75907806.396484375,75.907806396484,9.1740008575260852e-06,2.6326938809783614e-05,2.7121443467217873e-05,2.3350708455907507e-05,4.552163326469158e-05,1.7628954506779966e-05
75907951.354980469,75.907951354980,1.1065242250263413e-05,2.8956044483561737e-05,2.4826836100004656e-05,2.2153459003781441e-05,4.4119648218760273e-05,1.9988400696813883e-05
75908096.313476562,75.908096313477,9.1470053232664679e-06,3.1654439120569e-05,2.538054303492616e-05,1.6070483930304599e-05,3.2286431856602916e-05,1.7963223756307279e-05
75908241.271972656,75.908241271973,7.8398812624527917e-06,2.5666987644322907e-05,3.3816315381875417e-05,1.6289665593916279e-05,3.9652751856367325e-05,1.9510898384872382e-05
75908386.23046875,75.908386230469,8.6164016581992697e-06,2.7137556104638861e-05,3.6785325000887965e-05,2.2271283473735144e-05,2.9270171490043462e-05,1.4781941338700883e-05
75908531.188964844,75.908531188965,9.6328621391800171e-06,2.9368984886880774e-05,2.6731239296645252e-05,2.3114662264090175e-05,3.2832533783684503e-05,1.9702155445211531e-05
75908676.147460938,75.908676147461,1.1568794249001375e-05,2.1477105463337852e-05,2.0643478310465442e-05,2.1431014091715176e-05,3.4288471082922828e-05,2.5375643009153904e-05
75908821.105957031,75.908821105957,1.1487206298229402e-05,2.4325489580277176e-05,2.141420697742841e-05,2.6564317823719916e-05,3.8553016567531203e-05,2.5728545287617538e-05
75908966.064453125,75.908966064453,1.1688527573349587e-05,3.8840675134271738e-05,2.0099562293749934e-05,2.2131122075898874e-05,3.2054010753813084e-05,2.3766461097798689e-05
75909111.022949219,75.909111022949,1.1142516370822645e-05,3.6069512247198289e-05,2.9532836809094309e-05,2.0633769602844449e-05,2.9675211773873082e-05,1.9357899422628821e-05
75909255.981445312,75.909255981445,1.0824069711620382e-05,3.3165994344036402e-05,3.1348360851666553e-05,2.4562763826947763e-05,3.5948135950401824e-05,1.6640495797309e-05
75909400.939941406,75.909400939941,1.034187091700795e-05,3.0870814528562106e-05,3.0343393294433334e-05,1.8017679311816729e-05,4.0464035519588624e-05,1.9620246457322265e-05
75909545.8984375,75.909545898438,1.1402316200546126e-05,2.55352208720299e-05,2.3118967430039345e-05,1.564779469950734e-05,3.1115965418008621e-05,2.4009101605812302e-05
75909690.856933594,75.909690856934,1.2293900600597132e-05,2.5237012501742343e-05,1.4224662374933077e-05,2.3199877841145619e-05,3.2436679289491931e-05,2.0255552355114431e-05
75909835.815429688,75.909835815430,1.1447333812795521e-05,3.7973235271249325e-05,2.5018379912832638e-05,2.5322582062864418e-05,3.4273730260894217e-05,2.1580495251174933e-05
75909980.773925781,75.909980773926,1.0902089072294371e-05,4.0999766614485534e-05,3.1097957123424798e-05,2.4777174061476695e-05,3.070721196195362e-05,2.6522818198821434e-05
75910125.732421875,75.910125732422,1.1561838280330378e-05,3.4701325010945144e-05,2.8772631604043292e-05,2.759618099973169e-05,4.1893939341561579e-05,2.2621267365093406e-05
75910270.690917969,75.910270690918,1.0950417081251399e-05,3.4036440218085018e-05,2.5067910057730867e-05,3.4011660346296785e-05,4.4204438429842723e-05,2.1617027643607353e-05
75910415.649414062,75.910415649414,1.4795744035152006e-05,2.6740479096130913e-05,2.4013338769871908e-05,2.5274217413778843e-05,4.4704909700077485e-05,1.9310184716867842e-05
75910560.607910156,75.910560607910,1.387178462227155e-05,2.7842089818355121e-05,2.6205560556563465e-05,2.4186334024247425e-05,2.874220968597761e-05,1.8833521710753704e-05
75910705.56640625,75.910705566406,8.2712624530893899e-06,3.6093959652133117e-05,1.6032098513972463e-05,2.4612792586934571e-05,3.0088970078345971e-05,1.7247568803974834e-05
75910850.524902344,75.910850524902,1.1754028287097353e-05,3.3846779459127397e-05,2.437984120902671e-05,2.0484654576396879e-05,3.4466487795789884e-05,1.9865165657016317e-05
75910995.483398438,75.910995483398,1.3147371725701357e-05,4.0142785949943266e-05,2.5340398232811458e-05,1.6672342481011574e-05,2.7881883347067171e-05,2.1235657774475359e-05
75911140.441894531,75.911140441895,1.2036129150043097e-05,3.5819080961504493e-05,2.6209182608143995e-05,1.6842466045329412e-05,3.1305928633041916e-05,2.1668410892567356e-05
75911285.400390625,75.911285400391,1.1670585460737639e-05,3.3536041683195285e-05,2.4238881675106344e-05,1.3568977560088175e-05,4.1643552534393612e-05,3.0815905495872777e-05
75911430.358886719,75.911430358887,1.4100955058971343e-05,3.0581705557076242e-05,2.1332974007238411e-05,1.3885211898421805e-05,4.8371874859811258e-05,2.4309507203894031e-05
75911575.317382812,75.911575317383,1.4361804835817404e-05,2.4130291038539549e-05,2.4229975303471615e-05,1.8480535192425739e-05,4.6995959648277726e-05,1.9667007260349633e-05
75911720.275878906,75.911720275879,1.1748441033467125e-05,2.369563240944592e-05,2.2588669429431547e-05,1.7387652210790402e-05,3.6969110004574648e-05,1.4203090452549453e-05
75911865.234375,75.911865234375,1.0329995062151775e-05,2.4506281326395883e-05,2.7234423192425649e-05,2.3877519005672459e-05,3.3680264653061269e-05,2.2364174876301145e-05
75912010.192871094,75.912010192871,1.0948336778823119e-05,2.3655854684581575e-05,2.6303317035069755e-05,2.8736311506391442e-05,3.2614856847513362e-05,2.6308690841068677e-05
75912155.151367188,75.912155151367,1.0938234660625708e-05,3.0453753887579968e-05,2.2468416500942617e-05,2.3493003289291457e-05,2.6485568200060937e-05,2.1449345459732317e-05
75912300.109863281,75.912300109863,1.2850071262838758e-05,4.167514446551727e-05,2.2031158179906439e-05,1.7833002268466929e-05,3.2419164511678073e-05,2.226016786622502e-05
75912445.068359375,75.912445068359,9.2621411329379648e-06,4.6027266376683249e-05,2.3444840518556114e-05,2.7083757479785996e-05,3.0952970202309636e-05,2.1793849621914194e-05
75912590.026855469,75.912590026855,9.8564335365822207e-06,4.2449998579958908e-05,1.9571442805851339e-05,2.8830644992864043e-05,2.8269811041645712e-05,2.1740972488830704e-05
75912734.985351562,75.912734985352,1.006204076757772e-05,2.6932990513258703e-05,2.6620166393875806e-05,2.2912606898077261e-05,3.3328235761217837e-05,2.3653904633004569e-05
75912879.943847656,75.912879943848,1.146110070224519e-05,2.791881466422676e-05,2.8628577195726959e-05,2.0116821675945015e-05,3.3674352555665085e-05,2.5796625246432877e-05
75913024.90234375,75.913024902344,8.170237678196431e-06,3.203163444794983e-05,2.9535829551171934e-05,2.2556749142072688e-05,3.7893885954772867e-05,1.7267348941338198e-05
75913169.860839844,75.913169860840,1.104400529197709e-05,4.0837176544694651e-05,3.0520529184822663e-05,2.6443582662714217e-05,4.395447197169713e-05,1.8800877666763952e-05
75913314.819335938,75.913314819336,1.3916331130648804e-05,3.6992500413889899e-05,2.7945155431112369e-05,2.1310659290586518e-05,4.4448698658162897e-05,1.9220878783760397e-05
75913459.777832031,75.913459777832,1.2161859645574603e-05,3.1619262897741056e-05,2.0663660532539708e-05,2.3925080497649571e-05,4.0104364311627721e-05,2.6661055766557755e-05
75913604.736328125,75.913604736328,1.0754890203993171e-05,2.9282976380098454e-05,1.7990443371555177e-05,3.1041280852229863e-05,4.3890582541382572e-05,2.9374646612614269e-05
75913749.694824219,75.913749694824,1.0921092998024743e-05,2.5323928969350783e-05,2.604876381924725e-05,2.9864702472194909e-05,3.6154656158319342e-05,2.5747947255006072e-05
75913894.653320312,75.913894653320,1.1789378905351776e-05,2.7523954686384889e-05,2.5483623188495308e-05,2.8325959358489701e-05,3.4551619109642203e-05,2.1268185388629992e-05
75914039.611816406,75.914039611816,1.1845650600738e-05,2.9207197482003027e-05,2.0278116472366011e-05,2.3818657347030078e-05,3.5108256494238748e-05,2.2645919217914514e-05
75914184.5703125,75.914184570312,1.1683554765530123e-05,3.5089642403682809e-05,1.7521988748904925e-05,2.0261464215132729e-05,3.2353253550174807e-05,2.3241398544912736e-05
75914329.528808594,75.914329528809,1.0005432893061641e-05,2.9239679463759608e-05,1.9229284042882315e-05,1.9631138111995035e-05,2.7240878476127203e-05,2.6462028707924308e-05
75914474.487304688,75.914474487305,8.0946015095486256e-06,2.8075122550470692e-05,2.451721553924951e-05,2.0496054336723511e-05,3.1413286419580082e-05,2.3309094712760055e-05
75914619.445800781,75.914619445801,8.9926972146514841e-06,2.5877887510495301e-05,2.4267089955822955e-05,1.9758621669798122e-05,2.4699019374188555e-05,2.4176216752723592e-05
75914764.404296875,75.914764404297,9.2148291252936383e-06,2.8178431521564975e-05,2.405379089979883e-05,2.6430730299482586e-05,3.2329107560896789e-05,1.9996012668478232e-05
75914909.362792969,75.914909362793,1.0594985357288668e-05,3.2142341805094894e-05,2.3661098505843296e-05,2.8641471540943179e-05,3.9262980994557354e-05,2.0312247316678182e-05
75915054.321289062,75.915054321289,9.5197322201356778e-06,2.9050361572047661e-05,2.7151992635022218e-05,2.3420458314431138e-05,4.5829347872270166e-05,2.6850908986074611e-05
75915199.279785156,75.915199279785,1.3611496693692598e-05,3.7927612381203633e-05,2.6321616142255934e-05,2.139499935705889e-05,4.0068161335508622e-05,2.8581055403609678e-05
75915344.23828125,75.915344238281,1.1864392070696569e-05,3.9199235045028378e-05,2.9878628189332943e-05,2.0316805050663973e-05,3.3173764821175253e-05,2.7581257286884708e-05
75915489.196777344,75.915489196777,1.0076518603810892e-05,4.3985965862613488e-05,2.8029434803787557e-05,2.3616753152171226e-05,3.638222800562527e-05,2.3500929461214996e-05
75915634.155273438,75.915634155273,1.1065902766884846e-05,5.1249386248289419e-05,2.1277534703903729e-05,2.4921286050772076e-05,3.4669084184878825e-05,1.8043225644408184e-05
75915779.113769531,75.915779113770,1.4070137058857837e-05,4.1331835031707559e-05,2.4885499931532247e-05,3.0077701892573692e-05,3.8715942026080003e-05,2.0266598185875896e-05
75915924.072265625,75.915924072266,1.0047204677597259e-05,3.6418591406172274e-05,2.6824580103086125e-05,2.4561931067376671e-05,4.1719385541117164e-05,1.7288393956304717e-05
75916069.030761719,75.916069030762,1.1599851459237172e-05,3.7027869239443854e-05,2.2649614466796153e-05,2.5303850739418062e-05,3.7364011770498452e-05,1.8702146847669829e-05
75916213.989257812,75.916213989258,1.5416199693413484e-05,3.3019870390409361e-05,2.4127949865092466e-05,2.6525299007144552e-05,3.9503144930905945e-05,1.9103291868531808e-05
75916358.947753906,75.916358947754,1.1410681270058477e-05,3.1223225728533625e-05,3.30573104547306e-05,1.5689698711442699e-05,3.4543699406810798e-05,2.1709576447799435e-05
75916503.90625,75.916503906250,8.3766042985737993e-06,2.6416076860717327e-05,3.3598043446445795e-05,2.2569897395927591e-05,3.7176211724875958e-05,2.8441566429748436e-05
75916648.864746094,75.916648864746,9.584472615961034e-06,4.1133358506283492e-05,2.3661955084870321e-05,2.1718639077737278e-05,3.249957384750371e-05,3.0490264868902904e-05
75916793.823242188,75.916793823242,1.2726095220301224e-05,5.4236808638606136e-05,1.7626421112199535e-05,2.1829386765627839e-05,3.7993619312243795e-05,2.6287860411624744e-05
75916938.781738281,75.916938781738,1.2757455650422593e-05,3.8602848339488793e-05,2.2341281425119653e-05,2.1746327312007022e-05,4.6704727200058747e-05,2.2173093850940863e-05
75917083.740234375,75.917083740234,1.3229947971167759e-05,2.2808928926395612e-05,3.3818309125199031e-05,1.9974795361340657e-05,3.5846222913523647e-05,2.2283232839860883e-05
75917228.698730469,75.917228698730,1.2756871902397247e-05,3.5371575787719123e-05,3.4193387498471505e-05,2.0093773274948125e-05,3.1470704941175619e-05,1.7164209959059582e-05
75917373.657226562,75.917373657227,1.096128385931144e-05,3.575606472565876e-05,2.8282509411474491e-05,2.6352749319750821e-05,4.331567094754366e-05,2.4876902870302471e-05
75917518.615722656,75.917518615723,1.0678332894180531e-05,2.9014359508586899e-05,2.1522313003895943e-05,2.6187815642967851e-05,3.8150897201074555e-05,2.7739173164759113e-05
75917663.57421875,75.917663574219,1.0136675033427717e-05,2.5102414313712161e-05,2.1310550730239022e-05,2.0297054304691961e-05,4.4022080553469907e-05,2.4505198749291161e-05
75917808.532714844,75.917808532715,9.657113250956394e-06,2.9461206809499242e-05,2.5126941049059519e-05,1.9942683014069612e-05,3.8518747138688075e-05,2.3336588350440017e-05
75917953.491210938,75.917953491211,1.3388373711757708e-05,3.281940532135112e-05,2.9996755136365051e-05,2.5831405522944354e-05,3.2556624126314688e-05,2.5211836974691756e-05
75918098.449707031,75.918098449707,1.226821429250271e-05,3.4712420412349677e-05,2.4007792907250263e-05,2.6334460352270639e-05,3.8037094092879059e-05,2.3348537624556911e-05
75918243.408203125,75.918243408203,1.1866054495294587e-05,3.7326024657544637e-05,2.1862237546708254e-05,2.4526784720120032e-05,3.3124568228087484e-05,2.215384507722123e-05
75918388.366699219,75.918388366699,1.483787667524018e-05,3.4796998295610548e-05,2.1621243673045082e-05,1.8523144248882982e-05,3.1425414080052458e-05,1.9606325483743041e-05
75918533.325195312,75.918533325195,1.3683193779220654e-05,3.450451242872652e-05,3.2300053533267302e-05,1.6092995251377698e-05,3.1635872335426846e-05,2.1066916179551188e-05
75918678.283691406,75.918678283691,1.2149142980092016e-05,3.2178207048017934e-05,3.1365663020437511e-05,1.8194897530758959e-05,3.7632756027634663e-05,2.5152508276569188e-05
75918823.2421875,75.918823242188,1.2878401487273199e-05,3.6997654525824841e-05,2.2585445365002989e-05,1.924156190220544e-05,3.3417700216674e-05,2.167633120404245e-05
75918968.200683594,75.918968200684,1.4016362620360359e-05,3.1307145427889163e-05,2.1587651969129964e-05,2.3946744017637634e-05,2.7636212070634383e-05,2.103764318963391e-05
75919113.159179688,75.919113159180,1.2295114909386173e-05,2.3571759286324737e-05,3.3781051810801452e-05,2.809117430263455e-05,3.7341967314063322e-05,2.0265880111493257e-05
75919258.117675781,75.919258117676,8.7884677352812193e-06,3.0482024817335047e-05,3.1764521333230833e-05,2.138730619075157e-05,3.9476805972655545e-05,2.8309527769539673e-05
75919403.076171875,75.919403076172,1.132887467192051e-05,3.3672065323415865e-05,3.2594551739915806e-05,2.0935532144201586e-05,3.2225669807054165e-05,2.2315563947145024e-05
75919548.034667969,75.919548034668,1.0916685792758621e-05,2.9786748808720131e-05,2.9493848910542e-05,2.3634018532500673e-05,4.4407143496994212e-05,2.1786323763372911e-05
75919692.993164062,75.919692993164,1.0746026569630953e-05,2.5390872947538805e-05,1.900078116448518e-05,2.3015069140426229e-05,4.5569696367151812e-05,2.0645871145710256e-05
75919837.951660156,75.919837951660,1.0258962439752129e-05,2.8669919355402072e-05,2.1857264423629461e-05,2.7888290159806268e-05,3.9085152166719196e-05,1.4928767702765472e-05
75919982.91015625,75.919982910156,1.0435426014523296e-05,3.870289494670253e-05,2.505360760708731e-05,3.0157614885056777e-05,3.4938068009674413e-05,1.5206119851673994e-05
75920127.868652344,75.920127868652,1.1010087845108999e-05,4.6095762076986963e-05,2.7149070922105598e-05,2.5272405413378315e-05,3.3225089900791294e-05,2.2504159223818934e-05
75920272.827148438,75.920272827148,1.0364725085999046e-05,3.6868663823877886e-05,2.9609255433210706e-05,1.6386989709499073e-05,3.1347371153804539e-05,1.9307907898314136e-05
75920417.785644531,75.920417785645,1.1834030968662087e-05,4.4453576294276788e-05,2.8938318121337978e-05,2.0234057861580886e-05,3.0665902765563725e-05,2.2152950156710371e-05
75920562.744140625,75.920562744141,1.2996113572803593e-05,3.5364411128904157e-05,3.0937436867704581e-05,2.3190835911325801e-05,3.1426730480080348e-05,1.8058994287399405e-05
75920707.702636719,75.920707702637,1.2959605620349086e-05,3.622967398087512e-05,2.7374397205339203e-05,1.6901704528768698e-05,3.5143280536902254e-05,1.3693298841181225e-05
75920852.661132812,75.920852661133,9.0696603761624186e-06,3.0928823280767912e-05,3.4340763962446465e-05,1.9653497717054006e-05,3.7005700494540868e-05,2.0069265586314948e-05
75920997.619628906,75.920997619629,1.0859754932786427e-05,3.0571651269279224e-05,3.3088771950688667e-05,2.7403912871933222e-05,4.8912523055181207e-05,2.0445827194668338e-05
75921142.578125,75.921142578125,9.7245192533810616e-06,2.2319678956635896e-05,2.786196431979713e-05,2.8152301911291703e-05,4.2549125570083034e-05,2.3357768301871901e-05
75921287.536621094,75.921287536621,1.0867702397303845e-05,3.0195166957343233e-05,2.4741343850070954e-05,2.7259192523995906e-05,3.2627720285922769e-05,1.9149692511241357e-05
75921432.495117188,75.921432495117,9.7433223700789172e-06,3.7921859443193139e-05,2.6974493649390994e-05,2.385621240949754e-05,4.1010263744503331e-05,1.5637660740600566e-05
75921577.453613281,75.921577453613,9.2265816902155955e-06,3.3955618957745229e-05,2.3402681297471283e-05,2.3746186111313236e-05,4.346711869616496e-05,2.2990180368387383e-05
75921722.412109375,75.921722412109,7.4965447062468681e-06,4.8020895829549319e-05,2.4694676395773245e-05,2.7877805213294588e-05,3.3967140383207143e-05,2.3246584910579725e-05
75921867.370605469,75.921867370605,1.2449894329330761e-05,3.9825476520330721e-05,2.6491636562106033e-05,1.8718990672005651e-05,3.3207691188188596e-05,2.0604531837213667e-05
75922012.329101562,75.922012329102,1.2781284373986446e-05,3.1736182178313514e-05,3.0446273016394627e-05,1.7258645182620345e-05,4.0078371880612687e-05,2.3325162269441405e-05
75922157.287597656,75.922157287598,1.3635773950593217e-05,3.5141703689298551e-05,3.0693220014364033e-05,2.0613219871180291e-05,4.0919291033939772e-05,2.4853511199313505e-05
75922302.24609375,75.922302246094,1.2403785846419027e-05,3.538562382972298e-05,2.9811463443002646e-05,1.9401125736206507e-05,3.0460915125574409e-05,2.2862923716187432e-05
75922447.204589844,75.922447204590,1.1772112082649577e-05,3.2005546632814184e-05,2.7395795745975932e-05,2.3586011969040861e-05,4.5826335365713645e-05,2.1667343725300421e-05
75922592.163085938,75.922592163086,1.3394995582297561e-05,4.9109582816676153e-05,2.2787959794891497e-05,2.4555820261670559e-05,3.691894438430243e-05,1.9482589872862602e-05
75922737.121582031,75.922737121582,1.2396132096542651e-05,3.6541956067419015e-05,2.1411089103900428e-05,1.7204572749669571e-05,3.3976067286441611e-05,1.8960249242965705e-05
75922882.080078125,75.922882080078,1.4496551539032413e-05,2.9978303298836861e-05,2.2236107622987269e-05,2.4862455215434022e-05,3.8466205841630695e-05,2.2563401123122301e-05
75923027.038574219,75.923027038574,1.5883377727207484e-05,2.7025339678103244e-05,3.1325622272703976e-05,2.1626924542722351e-05,3.4834815290869801e-05,2.8672609852211041e-05
75923171.997070312,75.923171997070,1.2789572379175821e-05,2.992465438810292e-05,2.6303984944165285e-05,2.3975054186950618e-05,4.0459550603397321e-05,3.0624209718646404e-05
75923316.955566406,75.923316955566,1.1965549145642646e-05,3.0666613213201707e-05,1.7008209961397729e-05,2.1774558144148878e-05,4.3911667425032417e-05,2.6537082895663465e-05
75923461.9140625,75.923461914062,9.4951272080734441e-06,2.7721503444250062e-05,2.312946966418788e-05,1.5920642846574224e-05,3.8032177492063776e-05,1.5311665050758255e-05
75923606.872558594,75.923606872559,8.9545308968653177e-06,3.5045960413530443e-05,2.5317046455318293e-05,1.7594938264603318e-05,3.5656945348326644e-05,1.7108633020785373e-05
75923751.831054688,75.923751831055,1.0477824355770311e-05,3.0205754117438142e-05,2.582918163279404e-05,2.1951268733828969e-05,2.6965863869772652e-05,1.7616869969387327e-05
75923896.789550781,75.923896789551,1.4515125529280617e-05,3.2712449487551713e-05,2.9626389252163035e-05,2.1669724624011523e-05,2.5666580085520845e-05,2.0515302299533742e-05
75924041.748046875,75.924041748047,1.5226861442651913e-05,3.968971396346534e-05,2.5468246199216793e-05,1.9337163060740269e-05,3.0907020348666803e-05,1.8516741478575367e-05
75924186.706542969,75.924186706543,1.1493645261653806e-05,4.4222210536713888e-05,1.7583327287738866e-05,1.9903877987522745e-05,2.9593041045044512e-05,1.7198291543557742e-05
75924331.665039062,75.924331665039,1.0293682052449686e-05,3.2865730658746273e-05,2.8354557747085086e-05,1.6321322661076326e-05,3.6486480239569028e-05,1.7526243168712757e-05
75924476.623535156,75.924476623535,1.1435543482589566e-05,2.870016143769363e-05,2.8999216536321678e-05,1.909285514257275e-05,3.6336624869998863e-05,2.0315872256536525e-05
75924621.58203125,75.924621582031,1.0745218800786442e-05,3.2792674639028148e-05,2.781215707026344e-05,2.2943993603785085e-05,3.1440898190779935e-05,1.818949637944881e-05
75924766.540527344,75.924766540527,1.0385389833520214e-05,3.6588825417793885e-05,2.472601915430249e-05,1.8320102876425051e-05,3.6515795213179362e-05,1.7414997602661997e-05
75924911.499023438,75.924911499023,9.9525867640764041e-06,2.8182480866519789e-05,1.7110272845545376e-05,2.4038795330151444e-05,4.6492761077730218e-05,1.4882549197204015e-05
75925056.457519531,75.925056457520,8.5566163404961766e-06,3.4998215348514248e-05,1.9150664148616523e-05,2.4091802915956947e-05,5.603419222268046e-05,1.8457829919756754e-05
75925201.416015625,75.925201416016,8.839558064599133e-06,2.9779208147084323e-05,2.2728546203133649e-05,1.9571638462824811e-05,4.1171030748007916e-05,1.8995091852128476e-05
75925346.374511719,75.925346374512,1.1052052687899106e-05,3.3812933221542592e-05,2.2683737319284444e-05,1.6465545222505831e-05,2.7740515829768563e-05,2.4885174681253525e-05
75925491.333007812,75.925491333008,1.0971526347440936e-05,2.4954287821709651e-05,2.3231368637332098e-05,2.2617881570755114e-05,3.8630752863760457e-05,2.4386940588277756e-05
75925636.291503906,75.925636291504,1.1374932054200924e-05,3.1261855915516635e-05,1.9384768821397641e-05,2.1701714528049766e-05,3.8202641344618171e-05,1.9561996224247967e-05
75925781.25,75.925781250000,1.0673264041063623e-05,3.7356593011153589e-05,1.9692591581496291e-05,1.2722114074327422e-05,3.6891975808279391e-05,2.1861253538987131e-05
75925926.208496094,75.925926208496,1.0458132103115155e-05,4.0684952070777026e-05,2.3025371767751367e-05,1.257954861594325e-05,3.2045374865226936e-05,2.6899726947662708e-05
75926071.166992188,75.926071166992,1.0820562123040794e-05,4.3661800067816286e-05,2.7775809066579362e-05,2.1638917606420103e-05,2.9618301676980959e-05,2.3039687466503586e-05
75926216.125488281,75.926216125488,1.0358891967644088e-05,3.2883895979907905e-05,2.2774211054171402e-05,1.8283687481092359e-05,3.2041849589973379e-05,2.0693281536266034e-05
75926361.083984375,75.926361083984,1.360115145736235e-05,3.1945095102576428e-05,2.3890452113217493e-05,1.2406918626849889e-05,3.2749418992333119e-05,1.8828878647322167e-05
75926506.042480469,75.926506042480,1.4276080682455315e-05,3.7003406828030883e-05,1.9012096966203018e-05,1.490465135238788e-05,3.5013996819179898e-05,2.1086220584321199e-05
75926651.000976562,75.926651000977,1.4024573140837331e-05,4.2939557421345806e-05,2.0499736575993525e-05,2.009960212148825e-05,4.1946003114593125e-05,2.3684408016945597e-05
75926795.959472656,75.926795959473,1.1395362553851151e-05,2.6576668261547648e-05,2.7617493501019685e-05,2.4661992678571355e-05,4.1004577221022467e-05,1.8097496407801803e-05
75926940.91796875,75.926940917969,1.2614652395745343e-05,2.6638172343070589e-05,2.5440239740013615e-05,2.4028119264441582e-05,3.4930939570349399e-05,1.742328436708334e-05
75927085.876464844,75.927085876465,1.3049235301430626e-05,2.3291154283397321e-05,3.0085670977621857e-05,2.1596862910231989e-05,2.6046105453666772e-05,1.9518098854684284e-05
75927230.834960938,75.927230834961,1.1932247848169209e-05,2.8495912416189919e-05,3.3567575982325175e-05,1.8733191016182559e-05,2.7242356875062994e-05,2.1147385922525625e-05
75927375.793457031,75.927375793457,8.5903814442063863e-06,2.6511382632925331e-05,3.318398262986817e-05,2.0677669359110869e-05,3.2035866534123293e-05,2.3811849060558768e-05
75927520.751953125,75.927520751953,1.0795385190848721e-05,2.3126074462926664e-05,2.3303646331047856e-05,2.3856327320562107e-05,3.5341690471064052e-05,2.8547522169991589e-05
75927665.710449219,75.927665710449,1.0825913839988713e-05,2.5158078389156486e-05,2.0648706087228091e-05,2.3745885222731723e-05,3.2912872767634272e-05,2.7742553384768761e-05
75927810.668945312,75.927810668945,1.0559671281063261e-05,3.1482654788549188e-05,1.755649040609245e-05,2.5697984102896705e-05,2.8108861371652634e-05,2.4354151855309541e-05
75927955.627441406,75.927955627441,1.1756991286074681e-05,4.6123379726453717e-05,2.1420497123959973e-05,2.4125244558413045e-05,4.0577258441596697e-05,2.810343296758475e-05
75928100.5859375,75.928100585938,9.653085585886794e-06,4.7488686936879534e-05,2.4666018475856218e-05,2.1529299354565442e-05,5.0147465133500868e-05,3.0076073977531188e-05
75928245.544433594,75.928245544434,1.3192512218059251e-05,3.0868383377457198e-05,2.8317776208107084e-05,2.9975504964349395e-05,5.2323113577731998e-05,3.3420766439288143e-05
75928390.502929688,75.928390502930,1.1424908457148669e-05,3.2794617646813114e-05,2.1379044236811628e-05,2.8414795156394297e-05,4.8362618686778724e-05,2.5970907304721883e-05
75928535.461425781,75.928535461426,1.0452596765491091e-05,3.7324473511224598e-05,1.8112037839302382e-05,1.8833594504798445e-05,4.127348107452973e-05,2.0985133220671226e-05
75928680.419921875,75.928680419922,1.296153335835503e-05,3.5808271550534839e-05,2.1854915407940057e-05,1.8935641239163741e-05,3.1541221709040743e-05,1.7955972494238431e-05
75928825.378417969,75.928825378418,1.0325985549188566e-05,4.1325344795276635e-05,3.0510656431636489e-05,2.3694468085209496e-05,3.2034538546398962e-05,2.1295161095867574e-05
75928970.336914062,75.928970336914,1.101532297406734e-05,4.2219713766820927e-05,2.8724020847344116e-05,2.7925100442265136e-05,3.4438620246537153e-05,2.5637703023919992e-05
75929115.295410156,75.929115295410,1.2475261704923954e-05,3.5907351457203801e-05,2.384241872552539e-05,2.3456583890518198e-05,3.4658669605030419e-05,1.8105419094844952e-05
75929260.25390625,75.929260253906,1.3392864344383871e-05,3.5324033276301076e-05,2.1646740938767402e-05,2.3477573622591523e-05,3.0043793499999056e-05,2.0541260154491793e-05
75929405.212402344,75.929405212402,1.3146167084042493e-05,3.0116298646959516e-05,1.9381766727239146e-05,3.3378378934200558e-05,3.0837395778149067e-05,1.8456665400924831e-05
75929550.170898438,75.929550170898,1.3154969663924594e-05,3.4257467281369856e-05,1.9963884119298749e-05,2.0802326704809682e-05,3.0317410649002542e-05,2.5798819148216976e-05
75929695.129394531,75.929695129395,1.1308249655852831e-05,5.0278556768515551e-05,2.2316598703335594e-05,1.8220560105275598e-05,3.2365045850623692e-05,2.0742677422545426e-05
75929840.087890625,75.929840087891,1.1035509964572935e-05,4.193792197419026e-05,3.5524209979246299e-05,2.0667990142731532e-05,3.5092144388094643e-05,1.854809759963515e-05
75929985.046386719,75.929985046387,9.4494941004649738e-06,3.9125669107012705e-05,3.1157855556110773e-05,2.0817314259247816e-05,3.4043931048478947e-05,1.9206177105101111e-05
75930130.004882812,75.930130004883,1.2898787083219481e-05,3.1093215889722693e-05,2.1043449543679237e-05,2.2338986163995661e-05,3.580910755902234e-05,1.9622386946615184e-05
75930274.963378906,75.930274963379,1.2580458520139657e-05,2.6863312399164687e-05,2.2404755337316329e-05,1.8485046162261754e-05,4.0049800314690118e-05,2.1335108579306145e-05
75930419.921875,75.930419921875,1.2033983113164863e-05,3.1694370246532535e-05,2.3279695105565397e-05,1.8842780703609233e-05,3.6556792628420113e-05,2.2383188140992358e-05
75930564.880371094,75.930564880371,1.176581815481361e-05,3.4910777328898741e-05,2.5388776946474403e-05,2.2091162098823546e-05,3.7458206944439822e-05,2.5970069567307979e-05
75930709.838867188,75.930709838867,1.1396703534388638e-05,3.4122505469976859e-05,2.5912256146208524e-05,1.929825910877986e-05,3.4580926156952051e-05,1.4564331659383909e-05
75930854.797363281,75.930854797363,1.341854410312491e-05,3.3453971137938322e-05,2.4917953763418089e-05,1.5709278004818877e-05,3.7473600615911049e-05,1.2492403528529546e-05
75930999.755859375,75.930999755859,1.2198553290532308e-05,3.1788323318806103e-05,2.01409883497815e-05,2.0455794421656727e-05,4.7111608254679307e-05,2.4417705184651169e-05
75931144.714355469,75.931144714355,1.1754232444448111e-05,3.0555566479645969e-05,2.9575383439247398e-05,1.9439846442122293e-05,4.8343069192005418e-05,2.8265258173802162e-05
75931289.672851562,75.931289672852,1.4151956948711586e-05,3.3230516145648816e-05,2.7027797442833542e-05,2.431067602289124e-05,3.9374006690628275e-05,2.641795630427954e-05
75931434.631347656,75.931434631348,1.5208108921477407e-05,3.1964233186513733e-05,2.3759272699163154e-05,2.1721730741190273e-05,3.2564244997055726e-05,2.1543404275382461e-05
75931579.58984375,75.931579589844,1.2873147544358359e-05,3.9339937828004698e-05,2.4964960563188073e-05,2.0141136730475618e-05,3.908631351628786e-05,3.1139320563241467e-05
75931724.548339844,75.931724548340,9.5449755659025656e-06,4.0717527974455419e-05,2.9878491774629503e-05,2.1601230664505568e-05,4.1802321179591607e-05,3.1527031486943144e-05
75931869.506835938,75.931869506836,1.4044090709680433e-05,3.732157560250883e-05,2.7295512993701414e-05,2.0501123262986426e-05,5.0825393012957772e-05,2.3274844041742553e-05
75932014.465332031,75.932014465332,1.5048727513570348e-05,4.0668080145385511e-05,2.21882901150869e-05,2.1407610772267452e-05,3.740419737387632e-05,1.7500938344056646e-05
75932159.423828125,75.932159423828,1.3612284576533118e-05,3.8633194486138363e-05,2.3641805527477237e-05,2.3999169528922257e-05,4.4964855244367979e-05,2.2122414595955151e-05
75932304.382324219,75.932304382324,1.2771313848102883e-05,3.8301524144127668e-05,2.3297956086403787e-05,2.5543135344894396e-05,3.9116036072753437e-05,2.6488162336823903e-05
75932449.340820312,75.932449340820,1.3421262652512741e-05,2.6130812805728141e-05,2.5077526979895069e-05,2.554532709089264e-05,3.6261073987309752e-05,2.7939425082211568e-05
75932594.299316406,75.932594299316,1.0186250336495411e-05,3.3509262066676777e-05,2.4685532270215328e-05,1.5345033462536862e-05,4.1697009847109399e-05,2.5914264998019536e-05
75932739.2578125,75.932739257812,1.0804463568500051e-05,3.5993260898590661e-05,2.651258089881512e-05,1.997582527660478e-05,3.7661196295520438e-05,2.375975192393837e-05
75932884.216308594,75.932884216309,1.2080513467769432e-05,3.6225741854283149e-05,2.9830799601570985e-05,2.3632711572169924e-05,3.6242554974631574e-05,2.5370584114250745e-05
75933029.174804688,75.933029174805,1.3849673111510161e-05,3.9544109475625701e-05,2.7492503199611039e-05,2.0896088884174341e-05,3.2508464513522856e-05,2.1363742639853366e-05
75933174.133300781,75.933174133301,1.2882765493704055e-05,3.3863360671039568e-05,2.464177969701188e-05,1.8335374632430624e-05,3.3404058865666492e-05,2.0817470368722369e-05
75933319.091796875,75.933319091797,9.3870661509404773e-06,3.4667804555564002e-05,2.410112710047049e-05,1.5868774893132541e-05,2.8796092611000649e-05,1.9431825568050351e-05
75933464.050292969,75.933464050293,1.2282447734278338e-05,3.8925067071780825e-05,2.8440472403560584e-05,2.0653251968421808e-05,2.6757737266678133e-05,2.0830869172730617e-05
75933609.008789062,75.933609008789,1.3171526012689243e-05,3.0758289198315847e-05,2.1118263020895191e-05,1.871887947462673e-05,3.7969281517733856e-05,2.305667061276687e-05
75933753.967285156,75.933753967285,9.4396656649708806e-06,3.3444410206678738e-05,2.52048457006632e-05,1.5696831583889585e-05,3.3903118967231544e-05,1.74588290587963e-05
75933898.92578125,75.933898925781,1.1086657491177331e-05,3.575059766782179e-05,2.3996266223367162e-05,2.1427890680129443e-05,3.0134893158756569e-05,2.2507190445811058e-05
75934043.884277344,75.934043884277,7.8416079008262128e-06,3.5127980442240515e-05,2.0287748190530033e-05,2.2449621111530739e-05,3.6327594263868501e-05,1.9308535082354024e-05
75934188.842773438,75.934188842773,1.0780863588734027e-05,3.5133468047960101e-05,2.21289346958893e-05,2.3838153369478841e-05,5.0780305060670571e-05,2.3208585629207826e-05
75934333.801269531,75.934333801270,1.5649060452609046e-05,2.2919714157719031e-05,2.933147436100136e-05,2.0384353135467388e-05,4.9435663398948422e-05,2.7695140491742553e-05
75934478.759765625,75.934478759766,1.2118445552439952e-05,2.8901959821295844e-05,2.8278332766864708e-05,2.4285688981003806e-05,4.6735542233151018e-05,2.5925125846130063e-05
75934623.718261719,75.934623718262,1.1596364122899523e-05,4.1062853337106341e-05,2.1273247855948413e-05,2.9116104921023981e-05,3.7782739991738762e-05,2.2145334153644251e-05
75934768.676757812,75.934768676758,1.0896279824434715e-05,3.2273167292852532e-05,2.4714917049874163e-05,2.7922495037486174e-05,2.4242845403610174e-05,2.582058827718221e-05
75934913.635253906,75.934913635254,1.239034265189718e-05,2.9522437833111505e-05,3.0071978564730604e-05,2.4667545589645632e-05,2.5046930268570845e-05,2.6105015752591575e-05
75935058.59375,75.935058593750,1.2303802537436264e-05,2.5572753056238547e-05,2.9971491068909211e-05,1.5121119654186136e-05,2.8461419540801358e-05,1.8649278909820279e-05
75935203.552246094,75.935203552246,1.3407553129013445e-05,3.1432838679547231e-05,3.0561970912089734e-05,1.8437113293022068e-05,3.7289340336407312e-05,2.0885252446809904e-05
75935348.510742188,75.935348510742,1.2367659484399992e-05,3.9712040097723023e-05,2.7429014442939559e-05,2.6337954952678324e-05,4.3759164496492801e-05,2.0803026962531095e-05
75935493.469238281,75.935493469238,1.1547584449244138e-05,3.8318056497752943e-05,2.3338971093941458e-05,1.8620823833093095e-05,4.9134578011479873e-05,1.7221415408310472e-05
75935638.427734375,75.935638427734,1.1881159903742708e-05,3.9553065131604976e-05,2.5428299508957333e-05,1.5418917928758842e-05,4.3607930561553356e-05,2.3316771718195022e-05
75935783.386230469,75.935783386230,1.1291805604431161e-05,3.802618894625364e-05,2.5060930316134808e-05,1.8369969954869752e-05,2.5025448517108221e-05,2.6740250465754519e-05
75935928.344726562,75.935928344727,1.1384610043813462e-05,2.8887462680921133e-05,2.6453998733876883e-05,2.685894707225682e-05,2.9243496743450384e-05,2.6171416214050425e-05
75936073.303222656,75.936073303223,1.1693141680212331e-05,2.3778718879106184e-05,2.2255316218367758e-05,2.7076040202802777e-05,4.3209610967982233e-05,2.3433628895796683e-05
75936218.26171875,75.936218261719,1.2546145670683201e-05,3.359311023717e-05,2.7031999316814455e-05,2.2054800948945035e-05,4.9131900450736104e-05,2.2569804927648064e-05
75936363.220214844,75.936363220215,8.9476932469851156e-06,3.5080030000927479e-05,3.140996072125841e-05,2.3887994406421844e-05,4.0092486826877057e-05,2.1644107599263102e-05
75936508.178710938,75.936508178711,8.0313927649548165e-06,3.2357418657772379e-05,2.1410406607129859e-05,2.964668877107631e-05,3.2544233440383477e-05,2.2087840528860736e-05
75936653.137207031,75.936653137207,9.9991750301133671e-06,2.8825833047077984e-05,2.2849429022257228e-05,2.1390386432433707e-05,3.603430196201329e-05,2.2974499544626619e-05
75936798.095703125,75.936798095703,9.0839348564612007e-06,3.0587018206733928e-05,2.055475693313051e-05,1.5831924460545382e-05,5.2564700540595551e-05,3.0398795919657641e-05
75936943.054199219,75.936943054199,1.2078035843982652e-05,3.2237697551835992e-05,2.2171670969233504e-05,1.7020326843239901e-05,4.1079450339664164e-05,2.358008160211752e-05
75937088.012695312,75.937088012695,1.1018667804253934e-05,3.5399286839283572e-05,2.9297141800194285e-05,2.3725308598936024e-05,3.257148484602193e-05,2.0468040182564779e-05
75937232.971191406,75.937232971191,1.1326945504951866e-05,3.2419171075003673e-05,3.4943022736419336e-05,2.411039834497883e-05,3.3589105482046444e-05,2.2844282507460117e-05
75937377.9296875,75.937377929688,1.3264560741662961e-05,4.1421241677491993e-05,2.9484198876088396e-05,2.1289702642164262e-05,2.6701256840528338e-05,2.0811312673086598e-05
75937522.888183594,75.937522888184,1.2749857579078969e-05,3.2892021147745741e-05,2.4105268045986778e-05,2.5359299385876207e-05,2.4806158413273638e-05,2.0076558418962494e-05
75937667.846679688,75.937667846680,1.4796592033288793e-05,2.902057969832265e-05,2.1113755052096729e-05,2.440941997639462e-05,3.1694230757570345e-05,2.8532416937119765e-05
75937812.805175781,75.937812805176,1.1891389076359545e-05,3.0025958354219158e-05,2.3917494858076745e-05,2.6906242958323131e-05,4.2791472147700837e-05,2.8739233763228369e-05
75937957.763671875,75.937957763672,1.1290160464685107e-05,2.5402040868508754e-05,2.5843314230328e-05,2.7313595774341601e-05,4.0101015042545146e-05,2.1615279126185099e-05
75938102.722167969,75.938102722168,1.0612264360321731e-05,2.7347278199934414e-05,2.9770051971531551e-05,2.659872905918832e-05,3.0379330772910545e-05,2.1596956998452836e-05
75938247.680664062,75.938247680664,1.0914151494873591e-05,3.5142352481694931e-05,3.0818220410465157e-05,2.4400885672430151e-05,2.7117795839050369e-05,1.9940398129624729e-05
75938392.639160156,75.938392639160,1.188273392844791e-05,2.2971682292225821e-05,3.2368220245280231e-05,2.1295090405979546e-05,2.9647686855838989e-05,2.5519969657714292e-05
75938537.59765625,75.938537597656,9.8196657441281726e-06,1.7228680031633172e-05,2.7510342518532847e-05,1.7962046618987172e-05,4.162616578266407e-05,2.2270085250985435e-05
75938682.556152344,75.938682556152,1.1892161145507625e-05,2.8261680674438742e-05,3.3008278501816857e-05,1.8934523696252757e-05,3.7055097748009607e-05,1.8608963544652166e-05
75938827.514648438,75.938827514648,1.3993360708269375e-05,4.8550490376881999e-05,3.0618517015501867e-05,1.3954662761427599e-05,3.2863954327822665e-05,2.1527562269852256e-05
75938972.473144531,75.938972473145,1.3659919409465564e-05,4.2441741185115367e-05,2.998548431255045e-05,1.9603413113104711e-05,3.9535760328230924e-05,1.7654025663037068e-05
75939117.431640625,75.939117431641,1.1717495526623416e-05,4.5450909200513793e-05,2.4128791469120935e-05,2.2283357981936378e-05,4.7996283210589643e-05,1.6755387917174516e-05
75939262.390136719,75.939262390137,1.2151966767678469e-05,4.0720678205080925e-05,1.8017404933266297e-05,2.3281745563547501e-05,4.6931966739972561e-05,2.3611201985772121e-05
75939407.348632812,75.939407348633,9.3441431432719793e-06,3.3586982942826918e-05,2.0874860282560311e-05,1.8526251860345705e-05,4.6714617217271643e-05,2.5717877682927944e-05
75939552.307128906,75.939552307129,1.0974337213961573e-05,3.1247887647371161e-05,1.8720236947464505e-05,1.5745770732101543e-05,4.5526544988229273e-05,2.6555966020890833e-05
75939697.265625,75.939697265625,1.3558471517885469e-05,2.8020918074869724e-05,2.9511018156599711e-05,2.2621779674546793e-05,2.9694074929863591e-05,3.7639540783921709e-05
75939842.224121094,75.939842224121,1.1049056822474825e-05,2.2462501569301032e-05,3.0137007282364774e-05,2.1486472794216996e-05,2.3793036032411247e-05,2.0328369635042073e-05
75939987.182617188,75.939987182617,9.5484933749597705e-06,2.8954560282309071e-05,2.9246837297062112e-05,1.7517207452572612e-05,3.6787102960445317e-05,1.9248323374851408e-05
75940132.141113281,75.940132141113,8.4626357761818481e-06,3.2650825712014036e-05,2.2575049472728682e-05,1.5783897672382392e-05,3.2520685652289252e-05,2.2930107554907427e-05
75940277.099609375,75.940277099609,8.4983927270727663e-06,3.7540099671506274e-05,2.5002686463681819e-05,1.1613984259140788e-05,2.3627234697897773e-05,2.0154663687635144e-05
75940422.058105469,75.940422058105,8.5933227441794082e-06,4.3391835316559959e-05,2.7330031993672595e-05,1.491439631236088e-05,2.778763469172155e-05,1.9821447369186342e-05
75940567.016601562,75.940567016602,1.1922992085165364e-05,3.3539246399514391e-05,2.5316140111028878e-05,2.0061916379385449e-05,3.6072968532596141e-05,2.7332303420136877e-05
75940711.975097656,75.940711975098,9.0268204781676961e-06,2.7682816080850158e-05,3.100074490508085e-05,1.902553727436433e-05,3.9024187275834608e-05,2.9821772629711859e-05
75940856.93359375,75.940856933594,1.1026222349237268e-05,2.6933278104867593e-05,3.1254635754397758e-05,2.0975347109386327e-05,4.1966078098014314e-05,2.2433148971008469e-05
75941001.892089844,75.941001892090,1.4144241603893213e-05,2.578025858168839e-05,2.6403527549262756e-05,2.173349606818764e-05,3.4081070413005187e-05,1.758047102126427e-05
75941146.850585938,75.941146850586,1.2798846515600384e-05,2.6612788065340305e-05,2.9398879715348973e-05,2.2853587697723602e-05,2.708473959139434e-05,2.1492633756160134e-05
75941291.809082031,75.941291809082,1.0813210104313487e-05,3.4365179280578244e-05,2.3392511003630871e-05,1.9388302873758762e-05,4.2311892553133503e-05,2.0161043060784165e-05
75941436.767578125,75.941436767578,1.1223031705740591e-05,2.1533295150097259e-05,2.3319937953605587e-05,2.0070769913795037e-05,4.2022078703444259e-05,1.470629359541732e-05
75941581.726074219,75.941581726074,1.1314239545688643e-05,2.6208510087445586e-05,1.888777040882524e-05,2.599802949002687e-05,4.1391319601559116e-05,1.7040891542739326e-05
75941726.684570312,75.941726684570,1.0288098827305813e-05,3.4396802292390408e-05,2.3421052471043415e-05,2.6563226828503649e-05,3.704121620275134e-05,2.5361711988530223e-05
75941871.643066406,75.941871643066,9.7988874484762829e-06,3.609351016435785e-05,2.512534103219371e-05,2.4412343145679375e-05,2.7410715382606072e-05,2.8402066271471709e-05
75942016.6015625,75.942016601562,1.1033008989554536e-05,2.9255711901059479e-05,2.4125645021984836e-05,1.9649408208561315e-05,3.4217478329499742e-05,2.5400297695925749e-05
75942161.560058594,75.942161560059,8.550803920941767e-06,3.2321890077054396e-05,2.549293920682335e-05,1.4706164947849353e-05,3.530102641404604e-05,2.1479116222835808e-05
75942306.518554688,75.942306518555,1.0364948476306234e-05,3.4938014469294886e-05,2.2069000047988189e-05,1.7898683873572684e-05,4.3116919557421045e-05,1.9993802379079432e-05
75942451.477050781,75.942451477051,1.2189058874203232e-05,2.8799619681165485e-05,1.9900280143796774e-05,2.5263701131807105e-05,5.4539464395061354e-05,1.5502964950434818e-05
75942596.435546875,75.942596435547,1.3358395225560587e-05,2.2867965597668229e-05,2.4731719497301569e-05,2.2741504812944472e-05,4.5397395362594936e-05,2.2640879515142912e-05
75942741.394042969,75.942741394043,1.3188098327829118e-05,2.4178770988347412e-05,2.4065830626890488e-05,2.2642176414278586e-05,3.5559870817533808e-05,2.7535558656583047e-05
75942886.352539062,75.942886352539,9.2121192560221929e-06,2.5636040131806674e-05,2.8931457014399514e-05,1.9316232621898438e-05,3.5524675050428507e-05,2.1557913103606971e-05
75943031.311035156,75.943031311035,1.2431456956182683e-05,3.3808914635885359e-05,2.5492718580193574e-05,2.70660618800563e-05,5.2194146808223986e-05,1.671756754429949e-05
75943176.26953125,75.943176269531,7.8346065321255361e-06,3.3047200465849626e-05,2.3863264269621315e-05,3.0116635169980764e-05,4.2178276374082991e-05,1.8545944816390302e-05
75943321.228027344,75.943321228027,8.8559586416918673e-06,3.7511747466792685e-05,2.7390830476748545e-05,3.7593885372533044e-05,3.3904493217652964e-05,2.7673522796448369e-05
75943466.186523438,75.943466186523,1.0986432771410169e-05,4.1770332211395669e-05,2.2823106366277651e-05,2.3896586559649514e-05,3.6593791807865423e-05,2.564616443783398e-05
75943611.145019531,75.943611145020,1.1620303036116214e-05,3.9120973161828091e-05,2.5101999967022484e-05,1.8708351156707659e-05,4.2962947198295478e-05,2.715174275170207e-05
75943756.103515625,75.943756103516,1.4732379726829825e-05,3.7826580802718203e-05,1.9710503463580771e-05,1.6611154146102574e-05,3.5724539405556028e-05,1.9153549267403093e-05
75943901.062011719,75.943901062012,1.1872848862417097e-05,3.3658336746243197e-05,1.5544472344962598e-05,2.2046665433079046e-05,3.3256099609452368e-05,1.7821958363470916e-05
75944046.020507812,75.944046020508,1.374684164822873e-05,4.0420554412897931e-05,1.8891468019791453e-05,2.2909786154903123e-05,3.0858889266813474e-05,2.6072404127801211e-05
75944190.979003906,75.944190979004,9.7965168301512254e-06,3.8429592319040537e-05,2.7003715489103083e-05,1.5502318625266272e-05,4.4547952059478487e-05,2.4696196875580541e-05
75944335.9375,75.944335937500,9.2349883767724126e-06,4.1755795094064537e-05,2.1712026955390416e-05,2.194623259811974e-05,5.1077588288217869e-05,2.1134465086496474e-05
75944480.895996094,75.944480895996,1.0224845260558665e-05,4.5150203648368114e-05,2.7696060212163655e-05,2.504677536988331e-05,4.384530464276117e-05,1.8921921191657999e-05
75944625.854492188,75.944625854492,1.1780798622653483e-05,3.7162983358689115e-05,3.3352489969609273e-05,2.0404768962941201e-05,4.4813359366239762e-05,2.0929109318852777e-05
75944770.812988281,75.944770812988,1.0640673740945092e-05,3.4028129264752507e-05,3.2008084832536607e-05,1.6747771443164263e-05,4.2967293777862955e-05,1.6880723409130024e-05
75944915.771484375,75.944915771484,1.1791883217338576e-05,3.585029200354327e-05,2.8204358467626069e-05,1.5857610585891713e-05,4.287722303164492e-05,1.990601478875126e-05
75945060.729980469,75.945060729980,1.1633721021147684e-05,4.1617866632557124e-05,2.6724692147253906e-05,1.9242628711276108e-05,4.1186013941074805e-05,2.6646294385333803e-05
75945205.688476562,75.945205688477,1.0314171845066702e-05,3.88320529543128e-05,2.2116522750117732e-05,1.6732816070063188e-05,3.5472715577850543e-05,2.4017272473687598e-05
75945350.646972656,75.945350646973,9.7984044060276101e-06,4.014626989186506e-05,1.8395662975357649e-05,2.2228647613669534e-05,3.0803503178087084e-05,2.2150321951266184e-05
75945495.60546875,75.945495605469,1.5136312391062744e-05,4.2374233034158699e-05,2.1781588351234533e-05,2.397105278332471e-05,2.9258342629290859e-05,2.6329998213328543e-05
75945640.563964844,75.945640563965,1.6473854707871725e-05,4.5148951300101886e-05,2.9552360040685502e-05,2.8313222874706661e-05,3.0037196182467163e-05,1.6564308756715883e-05
75945785.522460938,75.945785522461,1.4713510750630364e-05,3.5421994503119855e-05,2.9340601798659669e-05,2.2996195060146456e-05,3.36117460242097e-05,1.1961320144180933e-05
75945930.480957031,75.945930480957,1.4156782176002588e-05,3.0669552323509832e-05,2.7174344349841204e-05,2.0932999737897924e-05,3.1755484618209694e-05,1.3777176771378795e-05
75946075.439453125,75.946075439453,1.0717015357883548e-05,2.2620785111144676e-05,2.5680338268667469e-05,1.8526575838964973e-05,3.4202928646518931e-05,1.7122290765894878e-05
75946220.397949219,75.946220397949,1.0059772887866461e-05,2.5291155856060163e-05,2.0596372338193925e-05,1.8279733909681514e-05,3.60619628363441e-05,1.6631774704421616e-05
75946365.356445312,75.946365356445,1.3213657660009705e-05,3.6343720629916655e-05,2.3814902756147471e-05,2.0657077377208006e-05,4.1579336949463973e-05,1.9792205896451994e-05
75946510.314941406,75.946510314941,1.0952228103505193e-05,2.5597077186843098e-05,2.5507541410086741e-05,1.926304267813244e-05,5.6348940464893316e-05,2.1935962761111684e-05
75946655.2734375,75.946655273438,8.3952619281204573e-06,2.7994467610667418e-05,2.2301604227029639e-05,2.1580435291175446e-05,4.5449817048120334e-05,2.5552950598631256e-05
75946800.231933594,75.946800231934,1.0579685539904584e-05,3.8051652565004988e-05,2.1680844250155305e-05,2.9472063801331455e-05,3.741892516984125e-05,2.6079746855671324e-05
75946945.190429688,75.946945190430,1.0565340067567999e-05,3.7141231119057028e-05,2.5425861529830184e-05,2.3295969815048167e-05,3.738152109484902e-05,2.5299126644802314e-05
75947090.148925781,75.947090148926,1.1520362249184992e-05,3.2416946717247127e-05,2.7552632541355313e-05,1.6028384457529895e-05,3.8153737894231915e-05,1.9502176512749178e-05
75947235.107421875,75.947235107422,1.4117216852782359e-05,3.2716166252423053e-05,2.0204058805734698e-05,1.6857856006687813e-05,4.452411391168903e-05,2.0126793457016097e-05
75947380.065917969,75.947380065918,1.5503240332131262e-05,3.3846340772169103e-05,1.9520415604839304e-05,1.8236486198526443e-05,3.9451767076760942e-05,2.2871034990505239e-05
75947525.024414062,75.947525024414,1.1502380107603902e-05,3.0176882165857403e-05,2.6710795541275112e-05,1.9634646321002427e-05,4.4058187896126552e-05,2.3289132968182258e-05
75947669.982910156,75.947669982910,7.0118807989020416e-06,3.0844821852501247e-05,2.8454195251813811e-05,1.9504418736796984e-05,3.9937536184677821e-05,2.2818002233616789e-05
75947814.94140625,75.947814941406,1.071339754919607e-05,3.227335470431645e-05,2.622221811989727e-05,2.5528315686374272e-05,3.2576269869316003e-05,1.7293892790038396e-05
75947959.899902344,75.947959899902,1.008588102744428e-05,3.07903884610654e-05,2.3794227258312144e-05,1.8605666955996144e-05,4.0612250228784325e-05,2.0748792849161882e-05
75948104.858398438,75.948104858398,9.3675422052836012e-06,3.3636410400192286e-05,2.6288551404468583e-05,1.900849008935674e-05,5.5031338119883589e-05,2.6981330091058272e-05
75948249.816894531,75.948249816895,1.5006936863707681e-05,3.7112287319128145e-05,3.5442335100136262e-05,2.5254781527832076e-05,4.1184313861285354e-05,2.4574894372951813e-05
75948394.775390625,75.948394775391,1.0595992351768254e-05,2.7344202551523901e-05,2.7851919958102889e-05,2.3090131735470837e-05,3.6341648850937467e-05,2.1528772508640682e-05
75948539.733886719,75.948539733887,9.3608810884006208e-06,2.4519525971275441e-05,2.4344731491992419e-05,2.1438149771084702e-05,4.0238598049373529e-05,2.4457039472931759e-05
75948684.692382812,75.948684692383,8.4457151611978192e-06,3.1420823199658641e-05,2.490583011871101e-05,2.2940201682316366e-05,4.5322458283426952e-05,2.2670813510535304e-05
75948829.650878906,75.948829650879,9.1371041505181988e-06,3.4778994353382976e-05,1.9887006923612035e-05,2.7262499000262078e-05,3.54536331420492e-05,1.8931068419389026e-05
75948974.609375,75.948974609375,1.0339369877435394e-05,2.7100160822489929e-05,2.7060507728199282e-05,2.1966542014199236e-05,3.2738001868376077e-05,2.235793903919965e-05
75949119.567871094,75.949119567871,1.1037533514764606e-05,3.2827987946179932e-05,3.6052022739597118e-05,2.4411703592130779e-05,2.7871799908119727e-05,2.689565508975231e-05
75949264.526367188,75.949264526367,1.1805391223021941e-05,3.201228448561881e-05,3.0868604012532248e-05,2.5879818835803206e-05,2.7770634477006199e-05,2.0921585134035387e-05
75949409.484863281,75.949409484863,1.0686915236761074e-05,4.066688721817159e-05,2.1701514609602921e-05,2.0257936851037787e-05,3.9274440176046685e-05,1.9940729215352099e-05
75949554.443359375,75.949554443359,1.5235708328944556e-05,3.9412798805818009e-05,2.5176642140723388e-05,2.1306308966943009e-05,4.0362137513389873e-05,1.4781339559870383e-05
75949699.401855469,75.949699401855,1.5852081686883217e-05,3.4206869512915212e-05,2.2006724664785189e-05,2.080800605314812e-05,4.3123083297310049e-05,2.4601526717754374e-05
75949844.360351562,75.949844360352,1.2098268164574183e-05,3.6471971996782897e-05,2.1332108010910381e-05,1.7363590444483578e-05,4.0785682424068396e-05,2.1637734912899152e-05
75949989.318847656,75.949989318848,1.3572254643493306e-05,3.1222766461988279e-05,2.5596951222487767e-05,2.1349633688987238e-05,3.5992673004047182e-05,2.2831159581575858e-05
75950134.27734375,75.950134277344,1.1834430738942075e-05,2.3723064939787285e-05,2.9796219330258908e-05,2.3571536125829517e-05,3.5391170755328856e-05,2.9112906393487902e-05
75950279.235839844,75.950279235840,1.4434752561415685e-05,2.6282794926220186e-05,3.2669704799722126e-05,2.6078059748672383e-05,3.0417867427090785e-05,1.6243125904676205e-05
75950424.194335938,75.950424194336,1.180387072002907e-05,3.0686019938180227e-05,3.0576619687214113e-05,2.6274046023091713e-05,2.4971357311246273e-05,1.7670785804293111e-05
75950569.152832031,75.950569152832,1.3250434930493224e-05,2.7703324974056446e-05,2.5109002241663902e-05,1.9656465872609935e-05,3.3515090810357383e-05,1.7208854348944619e-05
75950714.111328125,75.950714111328,1.2577196188170603e-05,3.3246049689035486e-05,3.1958509168979719e-05,1.9637233113158542e-05,4.0987925006214453e-05,1.5661166209559585e-05
75950859.069824219,75.950859069824,1.078057672393099e-05,3.3047912923142969e-05,3.2854420387578773e-05,2.5181768646755601e-05,4.0836715789340919e-05,1.9772572969164274e-05
75951004.028320312,75.951004028320,1.0794997479742374e-05,3.6577708271139071e-05,3.0730842806857018e-05,2.5316532055345104e-05,4.0661280337961696e-05,1.6546593203855253e-05
75951148.986816406,75.951148986816,1.2311403990137199e-05,2.5194664991323417e-05,3.3579623245511066e-05,2.4263046036687986e-05,2.7591490070639401e-05,1.8827804058511424e-05
75951293.9453125,75.951293945312,1.0182569070950666e-05,2.563558533885333e-05,2.2002572210218875e-05,1.9555900692336823e-05,2.4901834554649516e-05,1.805142099122182e-05
75951438.903808594,75.951438903809,1.1017212340950956e-05,2.8051584612414e-05,1.9944540817025932e-05,2.2775528326192736e-05,3.9038295952971461e-05,2.077206606163807e-05
75951583.862304688,75.951583862305,9.6231119358571567e-06,2.891629902060096e-05,2.4090244759624133e-05,2.0251803575821634e-05,4.8488859888742907e-05,2.2383267733784513e-05
75951728.820800781,75.951728820801,8.2142719179174425e-06,3.5135018056106647e-05,2.1451932579888034e-05,1.8638913391427888e-05,3.7527031637118979e-05,3.0580495319775574e-05
75951873.779296875,75.951873779297,1.0887936429963187e-05,3.5414116572658783e-05,2.7118173006206573e-05,2.2765405428591029e-05,2.9282405029503634e-05,3.0745092615387132e-05
75952018.737792969,75.952018737793,1.0466729090992388e-05,3.4081806813511069e-05,2.1978082252964234e-05,2.4137783013174864e-05,4.9988289835414231e-05,2.8079520637193171e-05
75952163.696289062,75.952163696289,9.7900655756115212e-06,3.8787763440904786e-05,2.3127908185154929e-05,2.1154402845279082e-05,4.5675092050512448e-05,2.6564920121617226e-05
75952308.654785156,75.952308654785,1.4985429452903348e-05,3.9193437297956651e-05,2.6627740954155715e-05,1.8932219245664024e-05,3.5293377482071225e-05,2.4585546355419046e-05
75952453.61328125,75.952453613281,1.2093712607897103e-05,4.0186335817390949e-05,2.8074396032880046e-05,1.9078204142994124e-05,3.7106109183312897e-05,2.0621400325531748e-05
75952598.571777344,75.952598571777,1.0742980725217486e-05,2.6450379121537203e-05,2.3258172220626737e-05,2.0870382729760504e-05,3.1744680670636466e-05,2.064327234460276e-05
75952743.530273438,75.952743530273,1.4346209421360224e-05,2.7954090194593026e-05,2.1673547443403422e-05,1.758737029295174e-05,4.0157382648397142e-05,2.0857773935869215e-05
75952888.488769531,75.952888488770,9.7050633619330466e-06,2.934555190343816e-05,1.9629004455664229e-05,3.1973466869364024e-05,3.5532420235785058e-05,2.2527131127485375e-05
75953033.447265625,75.953033447266,9.9198776735742861e-06,3.2689908030471321e-05,2.7566132420281968e-05,1.8043087301026092e-05,3.4805641178565899e-05,1.8059465263080535e-05
75953178.405761719,75.953178405762,8.7156021791185596e-06,3.6742400079025473e-05,2.486854541400587e-05,1.6079216041363333e-05,4.1762436750275354e-05,2.1110851703427877e-05
75953323.364257812,75.953323364258,8.4175993305814242e-06,4.0816516032127209e-05,2.1429974434985681e-05,2.0182236643731325e-05,2.2856037349312319e-05,2.1260391826827033e-05
75953468.322753906,75.953468322754,8.5879759372470601e-06,3.4105084971412284e-05,4.0963019691507079e-05,2.6518263993014653e-05,2.5157525614452136e-05,2.4860341638700222e-05
75953613.28125,75.953613281250,8.5880329251308205e-06,3.4433309978372987e-05,6.5732905164525609e-05,2.7337487313623227e-05,3.8975237892445914e-05,2.6512576520591628e-05
75953758.239746094,75.953758239746,1.1058064926139387e-05,3.2048127269381471e-05,3.6104501299432641e-05,2.4250156653959674e-05,4.1503519135715846e-05,2.1149528755582e-05
75953903.198242188,75.953903198242,1.078751715565401e-05,3.1182142056488257e-05,2.6263425787767124e-05,1.8972701058111361e-05,4.720880142482061e-05,2.4051397276258213e-05
75954048.156738281,75.954048156738,1.1942921974222296e-05,3.2544934138778007e-05,2.9655958607758293e-05,1.7730609531733705e-05,4.8152571534028182e-05,2.3100831294799164e-05
75954193.115234375,75.954193115234,1.4549522050444453e-05,2.955123598647899e-05,2.9858097729801869e-05,2.6365705941261555e-05,3.1697121821879012e-05,2.4641917134653053e-05
75954338.073730469,75.954338073730,1.0958884449781816e-05,2.4639719526369122e-05,2.8848849080583125e-05,3.0262441652093013e-05,3.0274330771699244e-05,2.7439613494167271e-05
75954483.032226562,75.954483032227,9.1542313368312346e-06,2.8083511432396174e-05,2.4672141582045357e-05,2.5958986841907288e-05,3.983160592210089e-05,2.3928279645946023e-05
75954627.990722656,75.954627990723,1.2608337707580789e-05,3.6356915209740915e-05,2.733998465136743e-05,1.5871886160028144e-05,4.5776732046046004e-05,1.8770030846404141e-05
75954772.94921875,75.954772949219,1.4583405976595846e-05,4.0821365748631706e-05,2.6096534513157997e-05,1.4092742516920736e-05,4.1582742778827536e-05,2.24797490246544e-05
75954917.907714844,75.954917907715,1.2658129672089818e-05,4.2431306016794201e-05,2.114410381390899e-05,2.245433735700573e-05,3.4966500008794911e-05,2.2587945222802995e-05
75955062.866210938,75.955062866211,1.2493033865001158e-05,3.5521609700343016e-05,1.6572285955801637e-05,2.2503622758095195e-05,2.6082662871820634e-05,2.4762902751249738e-05
75955207.824707031,75.955207824707,1.2572445014344508e-05,3.5954640293651766e-05,2.2995526622082116e-05,1.7909859762827769e-05,3.4340100707600875e-05,1.921549874396667e-05
75955352.783203125,75.955352783203,1.1497751538288934e-05,3.4493842274680052e-05,3.3356118302755515e-05,2.2026096659872261e-05,4.1753288392228811e-05,2.2440943705598664e-05
75955497.741699219,75.955497741699,1.1280815971036294e-05,3.8713582455136666e-05,3.5290724932010738e-05,1.746959967916888e-05,3.2990104115326692e-05,2.7200705887047562e-05
75955642.700195312,75.955642700195,1.2616426128604349e-05,4.5811035532554349e-05,2.6344463207749159e-05,1.7594846572967877e-05,3.2148675905636505e-05,2.5950394082721043e-05
75955787.658691406,75.955787658691,1.2708551006885753e-05,4.4017948105827926e-05,2.2651542201995111e-05,2.3687609582398988e-05,2.9673533830906216e-05,2.6215617185809044e-05
75955932.6171875,75.955932617188,1.1376157431858002e-05,4.3327478371459531e-05,2.1475616039600618e-05,2.6113724360573597e-05,3.2849179912220365e-05,2.0747063885254305e-05
75956077.575683594,75.956077575684,1.0448179457024211e-05,3.6898506278761554e-05,2.678176552003586e-05,1.9201448402007908e-05,3.7149763631704358e-05,1.8116632336334367e-05
75956222.534179688,75.956222534180,1.135091606729741e-05,3.9005548557443891e-05,2.0400916452634471e-05,1.5180116898100707e-05,3.5378637896666403e-05,1.683797493513343e-05
75956367.492675781,75.956367492676,1.0628595580390975e-05,3.6561761947711649e-05,1.4257650305518097e-05,1.7575588403887155e-05,3.8943939246651534e-05,2.43516315108867e-05
75956512.451171875,75.956512451172,1.1996521444621958e-05,3.8136800838707478e-05,1.8532062583699966e-05,1.7469272446445987e-05,3.9233902711117305e-05,2.4517813408851314e-05
75956657.409667969,75.956657409668,1.1850085894239075e-05,2.9227152134501604e-05,2.4741484927050601e-05,1.2463808056111087e-05,3.9514002233539425e-05,2.6859543032328093e-05
75956802.368164062,75.956802368164,1.0307781752261266e-05,3.4561799790753777e-05,2.4835501137185428e-05,1.5404983355920123e-05,4.2698755401590892e-05,2.5090428672663273e-05
75956947.326660156,75.956947326660,1.1370650093861346e-05,3.5634078842355663e-05,2.3113086360753012e-05,2.0384363880566375e-05,3.5469759686919033e-05,2.6962653406515408e-05
75957092.28515625,75.957092285156,1.0025392859680451e-05,3.5364137322108283e-05,1.8451506245609699e-05,2.4368983017739472e-05,3.0429530672344839e-05,2.8440101287915936e-05
75957237.243652344,75.957237243652,1.1344562277180377e-05,3.3301299223638961e-05,2.4089094362708212e-05,2.3021920269084287e-05,3.3815308621727675e-05,2.4088686200062687e-05
75957382.202148438,75.957382202148,1.2959915290753633e-05,2.9478706016400356e-05,3.2428852889416618e-05,2.0517207443421307e-05,3.6277121927388465e-05,2.8223068997752008e-05
75957527.160644531,75.957527160645,1.3252267024491175e-05,2.9198681249270812e-05,2.3942343689242754e-05,2.1979912345599687e-05,3.9394820969632475e-05,3.0957492627352704e-05
75957672.119140625,75.957672119141,1.2509916369840537e-05,3.7204009169882523e-05,2.2815223061835046e-05,2.399967689362982e-05,4.9487795299051071e-05,2.6968374190383333e-05
75957817.077636719,75.957817077637,1.1255893368423648e-05,4.0027765734112641e-05,2.9371730312333354e-05,2.1328501645709974e-05,4.6486903400873445e-05,2.4447315058338927e-05
75957962.036132812,75.957962036133,9.7419542142402433e-06,3.0232396260558635e-05,2.7696575839258754e-05,1.8987632141819734e-05,3.9101651290642935e-05,1.722712541278058e-05
75958106.994628906,75.958106994629,1.2045104012948781e-05,4.1148027157093373e-05,2.6834146542999517e-05,2.2872659879710272e-05,4.0711078683744074e-05,1.6705991778262177e-05
75958251.953125,75.958251953125,1.1792997622454864e-05,4.3010081991104671e-05,2.3590990988997405e-05,2.0835161715302922e-05,2.8560823175236723e-05,2.6977819650779777e-05
75958396.911621094,75.958396911621,1.174080919986072e-05,2.3108840923630598e-05,3.3277013623957018e-05,2.2280858813214971e-05,2.9986716229648808e-05,2.3941741979106102e-05
75958541.870117188,75.958541870117,1.3479366786327873e-05,2.2812310650808911e-05,3.613102425852511e-05,2.3683029911415592e-05,3.7705403172466081e-05,2.1619707576001559e-05
75958686.828613281,75.958686828613,9.9385963581033674e-06,3.6849726782279364e-05,2.6967572446582349e-05,2.3467785982706495e-05,4.0410458465363785e-05,1.949894835707678e-05
75958831.787109375,75.958831787109,1.0316267646729362e-05,2.8388464116067437e-05,2.2262798711092973e-05,3.1140981287335199e-05,4.4849729409065886e-05,2.0620378648125176e-05
75958976.745605469,75.958976745605,1.4987486536882571e-05,2.788619351532085e-05,2.6065381230365085e-05,3.8197406935384715e-05,3.9849920959867359e-05,2.3454026208110795e-05
75959121.704101562,75.959121704102,1.5561428920794663e-05,3.228137357246172e-05,2.5114376499721848e-05,3.2995464561356043e-05,4.3169563769483686e-05,2.07264721884945e-05
75959266.662597656,75.959266662598,1.5924763672153332e-05,3.5742268151959687e-05,2.5005290444128755e-05,2.2168916368413532e-05,4.2854484593980029e-05,1.9210113887301049e-05
75959411.62109375,75.959411621094,1.2799241013151891e-05,4.0116190231117222e-05,2.4700762253058718e-05,1.8983420824597196e-05,3.9275032209780462e-05,2.2271447398650673e-05
75959556.579589844,75.959556579590,1.158487764064604e-05,4.9304063775991867e-05,2.8228782895922094e-05,2.5472605181989878e-05,3.8244504480414266e-05,2.3484684557936152e-05
75959701.538085938,75.959701538086,1.2123479358981849e-05,3.8485442600902423e-05,2.9606931969128011e-05,2.0831658916492235e-05,4.6807248514303809e-05,2.1077410575987313e-05
75959846.496582031,75.959846496582,1.0317308785187571e-05,2.7995497395599282e-05,2.6827538965785978e-05,2.0336466086281464e-05,4.7726501836073466e-05,1.9859295367370228e-05
75959991.455078125,75.959991455078,1.1143644542330034e-05,3.3533478959264453e-05,3.2134354433121085e-05,2.3467071311387507e-05,4.8281820187371959e-05,2.4454204575759883e-05
75960136.413574219,75.960136413574,1.3067948288229774e-05,2.5970464105784992e-05,2.5505846506186931e-05,2.0772772243518437e-05,3.8768712702312062e-05,1.7964332157372566e-05
75960281.372070312,75.960281372070,1.2149694220993603e-05,2.7394471000701795e-05,2.4077182850410052e-05,2.1830626231882342e-05,4.5800382750514682e-05,1.7220336729215831e-05
75960426.330566406,75.960426330566,1.1700144393296929e-05,3.718244701991861e-05,3.1963771960468062e-05,1.3881762517373188e-05,4.3781711990176601e-05,1.8880364241749666e-05
75960571.2890625,75.960571289062,1.1994139152022638e-05,4.2063485226196036e-05,3.0135213017309672e-05,2.1494565508506479e-05,4.6980796607985062e-05,1.714342219965957e-05
75960716.247558594,75.960716247559,1.3384553020669724e-05,3.7238242977051848e-05,2.4234691744432299e-05,2.6930055534736628e-05,4.0737743339848584e-05,2.008725448241468e-05
75960861.206054688,75.960861206055,1.0656718608350086e-05,3.8451958158816484e-05,2.6160566680985564e-05,2.4125851716606382e-05,3.7083478260668648e-05,2.1724430432753219e-05
75961006.164550781,75.961006164551,1.0538384572045534e-05,3.5052811549849446e-05,2.3322081377672865e-05,2.0017209665328879e-05,4.5075738363312607e-05,2.7347666158104628e-05
75961151.123046875,75.961151123047,1.04116028419296e-05,3.2457190884345539e-05,2.515740274123968e-05,2.6579153750281526e-05,4.7120791477654625e-05,2.0578257412384165e-05
75961296.081542969,75.961296081543,9.6099696752129878e-06,3.61851154676763e-05,3.1366985150925928e-05,2.5971290593457076e-05,3.3740228690725664e-05,2.1744086962678873e-05
75961441.040039062,75.961441040039,1.0048176377194523e-05,3.0768552113655495e-05,2.7009988546576925e-05,1.8203698278695623e-05,2.8489128218819637e-05,1.8671997028696872e-05
75961585.998535156,75.961585998535,1.2353540572148527e-05,2.1581595886430855e-05,2.5879877753763218e-05,2.4181398034439373e-05,3.5270678488977281e-05,2.0511911247723214e-05
75961730.95703125,75.961730957031,1.0163928611780347e-05,3.3342461116306082e-05,2.8790231422492959e-05,2.2847933174902589e-05,3.711515718147345e-05,1.7139185870449569e-05
75961875.915527344,75.961875915527,1.0686101363305818e-05,3.0507425741754067e-05,2.7212338767810628e-05,1.837829914614327e-05,4.4680531492231627e-05,1.7657939854553701e-05
75962020.874023438,75.962020874023,9.5097795150327686e-06,2.6584987881443486e-05,2.7491857071628592e-05,2.3384132948563262e-05,4.0512936793287245e-05,2.106158558158547e-05
75962165.832519531,75.962165832520,9.1332775922101136e-06,3.3549867336693982e-05,2.7356162278447519e-05,2.5513827047477721e-05,3.3090826283882804e-05,2.839521857664588e-05
75962310.791015625,75.962310791016,9.731385479851485e-06,2.587883401941365e-05,2.3425736823356557e-05,1.8789037345730267e-05,3.1441998502657509e-05,1.9003494675582436e-05
75962455.749511719,75.962455749512,9.424165021899103e-06,2.6529689559939357e-05,1.7698421553387825e-05,1.8421599614947648e-05,2.4947324649511745e-05,1.4510784875557371e-05
75962600.708007812,75.962600708008,9.0961831758493164e-06,2.9519553162348412e-05,2.6865609510604241e-05,1.7658617629948673e-05,2.7848000260965483e-05,2.5097887149710834e-05
75962745.666503906,75.962745666504,1.0150870215758298e-05,3.0925416070539228e-05,2.5497257304596812e-05,2.2900315925779367e-05,3.6990113712528932e-05,2.5763979739541632e-05
75962890.625,75.962890625000,1.2657360985363023e-05,2.8662196580667408e-05,2.4942322593579199e-05,2.7808754219631914e-05,3.496508566655742e-05,1.6939742621773691e-05
75963035.583496094,75.963035583496,1.0597277639777959e-05,2.1727545132591144e-05,2.4120408108593573e-05,2.7470345073208326e-05,3.1735380226156516e-05,1.9247671583109505e-05
75963180.541992188,75.963180541992,8.3888870638454994e-06,3.4221284723778337e-05,2.7549362449169944e-05,2.3167905454311813e-05,3.409612033024013e-05,2.5557225919102879e-05
75963325.500488281,75.963325500488,9.2227845018411872e-06,4.02537854763784e-05,2.5361758384019358e-05,2.6316951621056065e-05,3.3273612177560182e-05,2.4711272466731432e-05
75963470.458984375,75.963470458984,8.9408337933812767e-06,3.7525803514113892e-05,2.7066113341589018e-05,2.7519790066973418e-05,3.2769994236661327e-05,2.0357535238151504e-05
75963615.417480469,75.963615417480,1.1353451182285253e-05,3.4520149249717513e-05,2.615873237627057e-05,1.9681870446531944e-05,3.2827438293696119e-05,1.9930911987585382e-05
75963760.375976562,75.963760375977,1.311243485299971e-05,2.944577224620675e-05,1.9576832839916694e-05,2.2281707622546193e-05,4.1293153060125215e-05,2.1689088435510954e-05
75963905.334472656,75.963905334473,1.4187056430152468e-05,2.6007501269900456e-05,2.4139627354669011e-05,2.4941103762799142e-05,4.6455202854575092e-05,2.5478156562654309e-05
75964050.29296875,75.964050292969,1.1700399402320883e-05,3.2088915883737641e-05,3.0383970328759799e-05,2.6947735376858154e-05,5.0071964875491356e-05,2.7339807085506839e-05
75964195.251464844,75.964195251465,1.0966120240933211e-05,4.2518301414783352e-05,2.8242907061089652e-05,2.4447539855917462e-05,3.6974117768986121e-05,2.8585303387467931e-05
75964340.209960938,75.964340209961,1.1205232936069374e-05,4.9123611152511096e-05,2.2934269540179779e-05,2.2955322757010754e-05,3.5859401305742845e-05,2.6913620988257172e-05
75964485.168457031,75.964485168457,9.9639929912599437e-06,4.1585397388297957e-05,2.6565857675381665e-05,2.1972640388614789e-05,3.3833149323697388e-05,2.5536630564739439e-05
75964630.126953125,75.964630126953,1.0878782763888492e-05,4.3953355691782455e-05,2.6761059435244907e-05,2.3075085688987944e-05,4.5645619923317765e-05,1.878373737758215e-05
75964775.085449219,75.964775085449,1.1518301816614245e-05,4.0612132390310571e-05,2.4118103449138546e-05,1.7947996636621348e-05,4.1751443941242234e-05,2.6135157061397606e-05
75964920.043945312,75.964920043945,9.3757285730979408e-06,3.5887922530228543e-05,2.2912029556441133e-05,1.8715114763652343e-05,2.6878027799812361e-05,2.5986851180809607e-05
75965065.002441406,75.965065002441,1.3888835362264171e-05,3.3425378236976576e-05,2.8470364338573959e-05,2.1368630660099778e-05,3.3107368782863595e-05,2.4749763970966421e-05
75965209.9609375,75.965209960938,1.7756188972696639e-05,3.0921389650331651e-05,2.2906165827364305e-05,2.5119551823669995e-05,2.6932976047086208e-05,2.4365267936779691e-05
75965354.919433594,75.965354919434,1.2807133654692817e-05,2.9141688350150064e-05,2.7755754024206979e-05,2.0304481685556084e-05,3.096448052786397e-05,2.3135416220242874e-05
75965499.877929688,75.965499877930,1.157655468888046e-05,3.3222687673587082e-05,3.6163713584044602e-05,1.8541368293168773e-05,4.8108188463764161e-05,2.6083700417657414e-05
75965644.836425781,75.965644836426,1.2279636928539382e-05,4.3440355983074057e-05,2.4378382256721301e-05,1.8057913426334133e-05,3.7645110663939332e-05,2.2684899459012068e-05
75965789.794921875,75.965789794922,1.2588815046764914e-05,3.5508847551860298e-05,2.449684270475349e-05,2.2078356034014209e-05,2.4507898832235781e-05,1.9536958487838852e-05
75965934.753417969,75.965934753418,1.3528567871893626e-05,3.3009844474799247e-05,2.6882811443830952e-05,1.3556411118050927e-05,3.7198215088397538e-05,2.1131051215305293e-05
75966079.711914062,75.966079711914,1.4017416257657873e-05,2.8394502625820819e-05,3.5750741822320668e-05,1.4858805629938907e-05,4.5062036263601886e-05,1.5178172819814402e-05
75966224.670410156,75.966224670410,1.2567500340075583e-05,2.9206852272041862e-05,2.8252000966658224e-05,1.7107356408984415e-05,3.5504159969073176e-05,2.142709840123381e-05
75966369.62890625,75.966369628906,1.210031503454574e-05,3.6538571385259001e-05,2.1887850268610293e-05,1.58335109203035e-05,3.905816403420424e-05,2.2357967411975072e-05
75966514.587402344,75.966514587402,9.4708121569859545e-06,2.8349354760489413e-05,2.7338954122151398e-05,1.6588329914832667e-05,3.6737017846896498e-05,1.7744983342190608e-05
75966659.545898438,75.966659545898,1.3312722445745661e-05,3.1322337764736267e-05,1.9375898347500735e-05,2.1784939008066568e-05,4.0682988307631732e-05,1.6998899951349088e-05
75966804.504394531,75.966804504395,1.2932245258719488e-05,3.9373819935162596e-05,1.8022717376719661e-05,1.9971084951334367e-05,5.2782551591290313e-05,2.0447272189408527e-05
75966949.462890625,75.966949462891,8.6177193404358475e-06,4.7172925230674196e-05,2.2586334838081822e-05,2.0204354605277269e-05,4.9267825994237303e-05,2.5511534416632882e-05
75967094.421386719,75.967094421387,9.7975889316732698e-06,4.7660465478790848e-05,1.7444974243478461e-05,1.4823017772895008e-05,4.5636441643549194e-05,2.3539252976019015e-05
75967239.379882812,75.967239379883,9.476144382333194e-06,4.3729157383402752e-05,2.5441582321419989e-05,2.2477909339049005e-05,4.2504216549210589e-05,1.9559557385527399e-05
75967384.338378906,75.967384338379,8.2687495268134748e-06,4.2025026970510621e-05,3.4102033386508747e-05,2.6074279420905008e-05,3.5996669520178649e-05,2.3279877232420505e-05
75967529.296875,75.967529296875,8.0347175956000728e-06,3.7399726887485254e-05,2.8124675148964164e-05,2.4584946388213165e-05,3.454440889092451e-05,2.1946621178354041e-05
75967674.255371094,75.967674255371,1.2073432840409584e-05,3.0301876669788602e-05,2.4389875276432685e-05,2.2650702715413303e-05,2.9110860866709519e-05,2.1387604521886915e-05
75967819.213867188,75.967819213867,1.4475653450368474e-05,3.1810589341152155e-05,2.5005688070646838e-05,2.4836704939267876e-05,2.7796499525907545e-05,2.3364411846436287e-05
75967964.172363281,75.967964172363,1.3019605572706476e-05,3.1826167423392997e-05,2.9026767891086769e-05,2.1881564145264784e-05,2.8310350233648376e-05,2.7946795324797417e-05
75968109.130859375,75.968109130859,1.1155050740469649e-05,5.3600004647171735e-05,8.5535564885028876e-05,4.8370628938488569e-05,3.5734440434028441e-05,2.5637823523992559e-05
75968254.089355469,75.968254089355,1.0903367604589125e-05,7.8833422680310846e-05,8.4488401402720302e-05,5.8263090006627796e-05,5.1357606362223124e-05,2.130345779412179e-05
75968399.047851562,75.968399047852,1.1554088269126364e-05,3.4707565203709036e-05,3.0500249472380304e-05,3.0007720902904198e-05,4.8499710494910719e-05,1.8243435296000486e-05
75968544.006347656,75.968544006348,1.1058632079754205e-05,2.8938676347850074e-05,2.8436078423961373e-05,1.7195383382420751e-05,4.4679775883322051e-05,1.9180692402101389e-05
75968688.96484375,75.968688964844,1.0665809322688111e-05,3.9855742170716204e-05,2.226217938695632e-05,2.3683462486020387e-05,3.0066389466903819e-05,2.0753747597700393e-05
75968833.923339844,75.968833923340,1.1813525733458058e-05,3.039631372223929e-05,1.6536497562200526e-05,3.1028527407339584e-05,2.9872935022798013e-05,1.9207011331967707e-05
75968978.881835938,75.968978881836,9.1372239045224159e-06,3.537394448687463e-05,2.6704223417406534e-05,2.1758958195915212e-05,3.7880508821454239e-05,2.7486597956584798e-05
75969123.840332031,75.969123840332,9.4634152714910334e-06,3.7060441067801681e-05,3.1249490193007555e-05,2.1839663931085906e-05,4.5571076578823125e-05,2.3358015206050187e-05
75969268.798828125,75.969268798828,1.0162539502256773e-05,3.1713762774696941e-05,2.258340218866863e-05,2.5932744102036039e-05,3.3849528589210042e-05,2.4160321223089438e-05
75969413.757324219,75.969413757324,1.2573209125116975e-05,4.0795884850523736e-05,2.1987515490890193e-05,2.4478644151631169e-05,3.662774335329179e-05,1.6923012037165979e-05
75969558.715820312,75.969558715820,1.3244723908534649e-05,4.2604174961741263e-05,2.9423561402770052e-05,2.4707514121472756e-05,4.8601055411981228e-05,2.1962897042505358e-05
75969703.674316406,75.969703674316,1.179636689149662e-05,3.9972364025434331e-05,3.0547213746708176e-05,2.1070525514062011e-05,4.7484709662847009e-05,1.8664163638759752e-05
75969848.6328125,75.969848632812,1.4489033382662411e-05,3.5329969994372306e-05,3.6720825798132405e-05,2.5687345327198457e-05,4.2361669600115152e-05,2.1036977418012073e-05
75969993.591308594,75.969993591309,1.1767601176679914e-05,2.4050844268246292e-05,3.372691915791966e-05,2.2115057851642213e-05,4.3145142859446259e-05,3.0400316869403299e-05
75970138.549804688,75.970138549805,1.2446423934154976e-05,3.9658205082222213e-05,2.3529866984654781e-05,2.442701531714551e-05,4.5831937221085986e-05,2.8003964097690749e-05
75970283.508300781,75.970283508301,1.4610206562424448e-05,4.1152690048929525e-05,2.0343676689083275e-05,2.6588842792330486e-05,5.4227356415007365e-05,2.6504926656284846e-05
75970428.466796875,75.970428466797,1.1239221200450547e-05,2.8789889014499158e-05,2.528874088825529e-05,2.1673499922912756e-05,3.6774314365036739e-05,2.6424684779506665e-05
75970573.425292969,75.970573425293,7.6137885068401706e-06,3.0599124434851721e-05,2.4156970695988894e-05,2.1593884022211941e-05,3.3664537781220653e-05,2.249009047573167e-05
75970718.383789062,75.970718383789,9.557299732172374e-06,2.6473631432569428e-05,3.3158040693739438e-05,1.7263023406765709e-05,3.4794023911934322e-05,1.7068322872139357e-05
75970863.342285156,75.970863342285,1.2604057503937176e-05,2.9687522368771979e-05,2.9237195576171785e-05,2.0363860745828879e-05,3.1705941307368215e-05,1.8841532321502753e-05
75971008.30078125,75.971008300781,1.4697429183332557e-05,3.2016647334424108e-05,2.9589422603656568e-05,2.5276549109594498e-05,2.7208744326131767e-05,2.6359494984269823e-05
75971153.259277344,75.971153259277,1.2204072779542364e-05,3.3714973657832212e-05,2.5463038868832659e-05,2.5716779129666006e-05,2.8273161341164196e-05,2.7034092048489262e-05
75971298.217773438,75.971298217773,1.4571328081229811e-05,3.8258727689448275e-05,2.5881139718273323e-05,2.4187975760467818e-05,2.8143280169195764e-05,2.5831294508615283e-05
75971443.176269531,75.971443176270,1.2719839026791167e-05,4.5630078959527137e-05,3.2418959444891422e-05,2.3950370242844927e-05,3.2612407180831707e-05,2.2149572054580495e-05
75971588.134765625,75.971588134766,9.1256895352236374e-06,4.2157367824586791e-05,2.9562644721702714e-05,1.9010121475783018e-05,3.1591356651529703e-05,2.4047345050211577e-05
75971733.093261719,75.971733093262,1.052678045764808e-05,4.4614879443535753e-05,2.2814974292737412e-05,1.6402512491913449e-05,2.5813587235908993e-05,2.394024421427188e-05
75971878.051757812,75.971878051758,1.2694791474312214e-05,3.9801152227855681e-05,2.0041057393295693e-05,1.7358254016344297e-05,2.765203297044744e-05,1.9365277589798012e-05
75972023.010253906,75.972023010254,1.4465173018986624e-05,3.2076000181786073e-05,3.6479713850462981e-05,2.2447738690047912e-05,3.4164373794613507e-05,1.917497300575827e-05
75972167.96875,75.972167968750,1.608915465065054e-05,2.9073864724125523e-05,3.9575595207516669e-05,2.5891717055760502e-05,2.8859811917818912e-05,1.2455674537579808e-05
75972312.927246094,75.972312927246,1.4135107670815876e-05,3.490375556444095e-05,2.7686905622208364e-05,2.3530281137059264e-05,3.6579034464992617e-05,1.2094668637337263e-05
75972457.885742188,75.972457885742,1.2099050698375045e-05,2.841481350986063e-05,2.5331579459944849e-05,2.2026540130962071e-05,3.8875902482707275e-05,1.9566321121445023e-05
75972602.844238281,75.972602844238,8.8513201663392011e-06,2.4821929532997681e-05,2.239051339206399e-05,2.4347939143060186e-05,3.3800531354205042e-05,2.5718188617584127e-05
75972747.802734375,75.972747802734,1.1661950701775178e-05,2.730509873385614e-05,2.0087155238218021e-05,2.1353551693568759e-05,3.3309360161208538e-05,2.1586059477957485e-05
75972892.761230469,75.972892761230,1.3969419602623831e-05,3.3653744327939776e-05,2.1323599452627774e-05,1.9596265396544022e-05,2.8355590610357172e-05,2.6645785858081046e-05
75973037.719726562,75.973037719727,1.5812849105028046e-05,3.447966177554267e-05,1.7403213893352631e-05,1.9046053372515622e-05,3.669670352916391e-05,3.7856172427149684e-05
75973182.678222656,75.973182678223,1.4671887272665319e-05,3.3888302613953987e-05,2.1601385836319351e-05,2.208430037523247e-05,3.8012045042468888e-05,2.9294190038842309e-05
75973327.63671875,75.973327636719,1.1831396808403019e-05,3.9791451945637292e-05,2.3018728207118357e-05,2.235031076055774e-05,2.6299509720812894e-05,1.7968374356161445e-05
75973472.595214844,75.973472595215,1.200108260539667e-05,4.1004329925584332e-05,2.2882439408663195e-05,2.7628934601526701e-05,3.0948161006755077e-05,1.3193804633840956e-05
75973617.553710938,75.973617553711,1.3087211646471228e-05,3.4922324573708353e-05,2.17642368644046e-05,2.5977532092597558e-05,4.0848198409781964e-05,1.8483643486659085e-05
75973762.512207031,75.973762512207,1.2835407202967502e-05,3.7323974360915005e-05,2.369356842987484e-05,2.4874516020504964e-05,4.0775237341925229e-05,2.600020137869327e-05
75973907.470703125,75.973907470703,1.2024246731054831e-05,2.7544410246606508e-05,2.357403625470872e-05,2.3114457913238211e-05,5.482344248835697e-05,2.3204197810849007e-05
75974052.429199219,75.974052429199,1.0479306726177273e-05,3.0733280761078786e-05,2.6237433537399041e-05,2.4340805767494317e-05,4.5239534183347036e-05,1.9707097302542389e-05
75974197.387695312,75.974197387695,1.1234041511148837e-05,2.2872777425999625e-05,2.6297124235318633e-05,2.9646357758666266e-05,4.1685930528873551e-05,2.1096917396213554e-05
75974342.346191406,75.974342346191,1.170929025763249e-05,2.9368572814068931e-05,3.1911978748697012e-05,2.4889131523564268e-05,4.7584510147701857e-05,2.5844402695563942e-05
75974487.3046875,75.974487304688,8.3178692694386333e-06,3.9161489199371408e-05,3.2940700514444391e-05,2.4045485520329715e-05,5.3535076669902891e-05,2.6944578622545075e-05
75974632.263183594,75.974632263184,9.3839452737290475e-06,4.0902345618827993e-05,2.6093878268536157e-05,2.0066411483389243e-05,5.0038138690479454e-05,2.7085392322385339e-05
75974777.221679688,75.974777221680,1.1422324856018067e-05,3.1501007703948016e-05,2.1336166510552566e-05,2.4230417516681862e-05,3.6689928854267401e-05,2.1862062127883904e-05
75974922.180175781,75.974922180176,1.1384833060635382e-05,2.2110026880460372e-05,2.8403007302134319e-05,2.3301167752570589e-05,3.023302282975956e-05,1.9253304698430346e-05
75975067.138671875,75.975067138672,1.266099602510346e-05,2.2666510658366886e-05,2.3079449093464887e-05,2.4426329214910788e-05,4.2133130259959284e-05,1.9601723855966948e-05
75975212.097167969,75.975212097168,1.2178425892951793e-05,2.8138214094550591e-05,2.1582302212243079e-05,2.2792357698997861e-05,4.7508901875393519e-05,2.1877811314391514e-05
75975357.055664062,75.975357055664,1.1676880445676846e-05,3.387390936825212e-05,2.6378890861054949e-05,2.2477013340480002e-05,4.5905063977960681e-05,2.8854527279323541e-05
75975502.014160156,75.975502014160,8.9919092311963562e-06,3.2281378204113811e-05,3.3223415688188722e-05,2.4837952165682095e-05,4.528253101586527e-05,2.7212617058405914e-05
75975646.97265625,75.975646972656,8.5603725543631234e-06,2.8196268937803517e-05,2.6622513756310898e-05,2.1219150056244934e-05,4.0199221185865209e-05,2.4905319709043042e-05
75975791.931152344,75.975791931152,1.4914902350644241e-05,2.9223510058387807e-05,2.2688867670610687e-05,2.2780274800962861e-05,3.3771570396943076e-05,2.147337163909131e-05
75975936.889648438,75.975936889648,1.200311250283718e-05,4.0136242576780802e-05,2.8198027497116668e-05,2.8163561286512587e-05,3.6084913871378395e-05,1.9057944323625075e-05
75976081.848144531,75.976081848145,1.4647573354590018e-05,4.3521864162330756e-05,3.7886537316705204e-05,2.6487874147541111e-05,4.2028950921834756e-05,2.2090298166186979e-05
75976226.806640625,75.976226806641,1.4783231999131646e-05,3.4197383216101733e-05,3.3471676958486885e-05,2.2544507128626618e-05,3.8975056846730115e-05,2.4150019321736689e-05
75976371.765136719,75.976371765137,1.3848705650652623e-05,2.8127646530679705e-05,3.6738878135918662e-05,1.8142610594188478e-05,3.2557255083891482e-05,2.7021074840988466e-05
75976516.723632812,75.976516723633,1.2332120175560961e-05,2.8185743000790049e-05,3.5835832962849694e-05,2.9044128127359354e-05,3.2003474989850083e-05,2.4355687945869016e-05
75976661.682128906,75.976661682129,1.2282380173445434e-05,3.1796844803494675e-05,3.7343255681283083e-05,2.4099322841693477e-05,2.7143099855129622e-05,1.8010038765515678e-05
75976806.640625,75.976806640625,1.1268132720826818e-05,3.3470764519382327e-05,2.7366893899438542e-05,1.4184476572779239e-05,3.5417628317558935e-05,2.0573889735491579e-05
75976951.599121094,75.976951599121,1.0440991430015745e-05,2.9159619068630787e-05,1.7585420717644637e-05,1.4539634465710388e-05,4.1991393136738148e-05,1.8708047867958808e-05
75977096.557617188,75.977096557617,1.0006390124041164e-05,2.656937094293777e-05,2.0018619053210265e-05,2.1086702980967882e-05,3.6102899758338149e-05,1.8803481125189069e-05
75977241.516113281,75.977241516113,9.3051779619408667e-06,3.0897003028784322e-05,2.6229442972644079e-05,2.867200530818812e-05,2.4595350017196996e-05,2.2331073919297319e-05
75977386.474609375,75.977386474609,1.0513335081889296e-05,3.3292780119267063e-05,2.3756115346200982e-05,2.6804534508317838e-05,2.3824195320501696e-05,2.3292394852239917e-05
75977531.433105469,75.977531433105,1.2969255874916227e-05,2.3828039631626824e-05,1.9982988709720215e-05,2.3462599156064572e-05,4.0015058278177683e-05,2.5557228671085014e-05
75977676.391601562,75.977676391602,1.5223478662705594e-05,2.6520720644184809e-05,2.6350704616627733e-05,2.8510063929716372e-05,3.948722630328441e-05,2.2531465238528622e-05
75977821.350097656,75.977821350098,1.2633875372741374e-05,3.3287373908849895e-05,2.3764910848608511e-05,2.7154295858382364e-05,5.336256823491904e-05,1.8099420225174212e-05
75977966.30859375,75.977966308594,1.3267061437471682e-05,3.7138200571819206e-05,2.6678583666684517e-05,2.3422570202296336e-05,5.0652225118524925e-05,1.8704708785536999e-05
75978111.267089844,75.978111267090,1.5229750681428924e-05,3.7207275955406588e-05,2.4946856056708351e-05,2.2929997120553752e-05,3.9085468634429415e-05,2.6219228653069492e-05
75978256.225585938,75.978256225586,1.1902882511815948e-05,4.0382996671252291e-05,2.8023776255455208e-05,2.4420833693225251e-05,4.4602718242464396e-05,2.5141787347678813e-05
75978401.184082031,75.978401184082,1.0459083792703466e-05,4.6097951977262749e-05,2.8924885048174918e-05,2.0908069653871182e-05,4.2609158854241947e-05,1.7600416560401835e-05
75978546.142578125,75.978546142578,1.2366073376517527e-05,3.4309107656425813e-05,2.9110974367777757e-05,1.836228659955051e-05,4.3920565477777606e-05,1.3458894586441844e-05
75978691.101074219,75.978691101074,1.0396558910339605e-05,3.420397253673458e-05,2.3536171829454815e-05,2.0006405391825623e-05,5.0428989288529567e-05,2.1156705753376511e-05
75978836.059570312,75.978836059570,1.0791576533134761e-05,2.8621156453931261e-05,2.3231265843314835e-05,1.6727162769910757e-05,3.323651612332428e-05,2.4741110414125162e-05
75978981.018066406,75.978981018066,1.0769021299928643e-05,3.8927889120960866e-05,2.7025322854193314e-05,1.7226083218945028e-05,2.941216777788842e-05,2.5853125452606885e-05
75979125.9765625,75.979125976562,1.2811000751624367e-05,4.491841325521212e-05,2.4189347820540546e-05,2.1830866468312721e-05,3.3742708609176548e-05,2.8201185636722574e-05
75979270.935058594,75.979270935059,1.0774467912384766e-05,4.0935631969029286e-05,2.1366965672637322e-05,2.9509192069103506e-05,4.260736333764985e-05,2.3557821493329577e-05
75979415.893554688,75.979415893555,1.2141562320049183e-05,2.6544008550507198e-05,2.8824093139256775e-05,2.8459450365542029e-05,3.7126958422597033e-05,1.9550452782894956e-05
75979560.852050781,75.979560852051,1.0294209991538398e-05,2.9592472888941317e-05,3.3929691879384663e-05,2.254961083604227e-05,4.9214848444641482e-05,2.6754339800055022e-05
75979705.810546875,75.979705810547,7.7552388595334735e-06,4.37388296508586e-05,2.2676010920536174e-05,2.4298998779990706e-05,5.9613010210210451e-05,2.203815853990121e-05
75979850.769042969,75.979850769043,1.2088808530714741e-05,4.2160421335923361e-05,2.4256414801450647e-05,1.8585294862765182e-05,5.3724229928940351e-05,1.8950023692516187e-05
75979995.727539062,75.979995727539,1.1468051854448653e-05,3.1680136200494461e-05,2.9381245070849914e-05,2.1439099805636794e-05,4.018280000387829e-05,1.8061489307313318e-05
75980140.686035156,75.980140686035,1.3479167223733344e-05,3.3808742575774903e-05,3.2048302138447191e-05,2.6437653604460303e-05,2.6326102861018231e-05,2.2776893160457151e-05
75980285.64453125,75.980285644531,1.0807751793329891e-05,4.3551835317446144e-05,3.4331281093099643e-05,2.6478223458241131e-05,3.3341570266180697e-05,2.8786649451634319e-05
75980430.603027344,75.980430603027,9.1224164537597017e-06,3.8595591272653118e-05,2.2583660870452818e-05,2.0022887515090726e-05,5.9642456434324915e-05,2.5837380111732621e-05
75980575.561523438,75.980575561523,9.9700371401948852e-06,3.2076479627815656e-05,2.0605073128100452e-05,2.3189944848398358e-05,4.7827844577771362e-05,2.3489968522859391e-05
75980720.520019531,75.980720520020,1.151707037633549e-05,2.9875413224931264e-05,2.0310392323684468e-05,2.186687439381398e-05,4.581286178898972e-05,2.1193611676335442e-05
75980865.478515625,75.980865478516,9.7349671654234921e-06,3.0793409835507607e-05,2.1674255866871032e-05,2.1287462342916706e-05,5.3175067703384204e-05,1.5601551692399946e-05
75981010.437011719,75.981010437012,1.0706446123364242e-05,3.3161568601552415e-05,2.8043179686189521e-05,1.9864044240930389e-05,4.5094294348145215e-05,1.7874642546639995e-05
75981155.395507812,75.981155395508,1.111285230871116e-05,3.6932913958289521e-05,2.1938029752975554e-05,2.8142046792769803e-05,3.7544496439614553e-05,1.9675609637541814e-05
75981300.354003906,75.981300354004,9.0885926591045843e-06,3.2667468659806686e-05,2.5369963214325853e-05,2.6031798039460837e-05,5.5447669449637441e-05,1.7973277033754256e-05
75981445.3125,75.981445312500,9.75723083497426e-06,3.8630747189253382e-05,2.9883043194005598e-05,2.3332838782149226e-05,4.8501684975568598e-05,1.5385574699105036e-05
75981590.270996094,75.981590270996,1.0905629836543112e-05,3.4186096948700039e-05,2.6548306955573871e-05,2.5992547339263639e-05,4.3786353359958262e-05,1.8122704608048601e-05
75981735.229492188,75.981735229492,9.4679144066337615e-06,3.8091662008400374e-05,2.8546672747577407e-05,2.6513131072544442e-05,4.47362214204268e-05,1.6545531057005996e-05
75981880.187988281,75.981880187988,1.2230141865840159e-05,3.6798158412775894e-05,3.2999876603157935e-05,2.4476544533999815e-05,4.5110641990770807e-05,1.6145990719623769e-05
75982025.146484375,75.982025146484,1.2603453900391398e-05,1.980059658592671e-05,2.9234683856909809e-05,2.3568239171986431e-05,4.746552873148853e-05,2.5746623813872873e-05
75982170.104980469,75.982170104980,1.2992498349316947e-05,2.4102908802296913e-05,2.9295568180307518e-05,2.3860336752738788e-05,4.5453848799261068e-05,2.497901825763481e-05
75982315.063476562,75.982315063477,1.2948984999104733e-05,3.6926527827289775e-05,2.3230384570167021e-05,2.1228811298507932e-05,6.4740414932066876e-05,2.1530769025212233e-05
75982460.021972656,75.982460021973,1.7802976774062939e-05,2.9500803595571243e-05,2.5223399150330781e-05,2.1342823183315102e-05,5.4647545449118002e-05,2.1120793149001464e-05
75982604.98046875,75.982604980469,1.7186400219398683e-05,3.3080759638046139e-05,2.8733342872189104e-05,2.6199642655554255e-05,4.5875310890726944e-05,2.5118003344819429e-05
75982749.938964844,75.982749938965,1.2805944677266793e-05,4.1747265444035803e-05,1.991690744014156e-05,2.51344036471632e-05,4.1251791302542062e-05,2.8336381924368953e-05
75982894.897460938,75.982894897461,1.193716603837674e-05,3.177689638694611e-05,2.7580677120654574e-05,1.6519883960096102e-05,5.4140290606527571e-05,3.2119620617856777e-05
75983039.855957031,75.983039855957,1.2935428683176402e-05,3.2227831102128363e-05,2.9243186879963321e-05,2.0306152830272562e-05,6.1449231219974198e-05,2.4672458784557183e-05
75983184.814453125,75.983184814453,1.4393752957918781e-05,3.1601463338112585e-05,2.2845046739375525e-05,1.8687860301583108e-05,4.9044660850971331e-05,2.5080139702119275e-05
75983329.772949219,75.983329772949,1.3251907844561946e-05,3.4715474072676191e-05,2.7717442350792219e-05,2.3867835246246818e-05,4.5749187527357526e-05,2.267814339574806e-05
75983474.731445312,75.983474731445,1.0628323281171239e-05,3.3302506723867836e-05,3.4452070180107536e-05,2.7487011671358812e-05,4.4573254014401982e-05,1.7254921020026079e-05
75983619.689941406,75.983619689941,9.0220125072225926e-06,2.9125271361669785e-05,4.2986673492099585e-05,3.6916169828684478e-05,5.3241679614765737e-05,1.9656059859550909e-05
75983764.6484375,75.983764648438,9.6550030918082848e-06,2.6812524141239481e-05,3.5107459373840658e-05,3.09592058854835e-05,5.6653487894985292e-05,1.8998826353691051e-05
75983909.606933594,75.983909606934,1.3129579330645519e-05,2.7799472247313645e-05,4.7549022206986191e-05,3.4708978305426056e-05,5.0931629363742895e-05,2.2010419609788215e-05
75984054.565429688,75.984054565430,1.2367782488083206e-05,5.6257797725715448e-05,0.00024677879239680709,0.00011494669440498351,6.9234187053847937e-05,2.6220463431478878e-05
75984199.523925781,75.984199523926,1.323485131240513e-05,5.5656731950224217e-05,0.00014901802632396555,7.7702006523074801e-05,6.4416605437204902e-05,2.0291136866148239e-05
75984344.482421875,75.984344482422,1.3656576207411467e-05,4.3828319861846931e-05,3.5641078467361887e-05,2.1015142197152359e-05,4.0218446956791877e-05,2.4612028387551669e-05
75984489.440917969,75.984489440918,1.4861643743998792e-05,3.0609712825599909e-05,3.1157953444987126e-05,1.984454454361801e-05,3.5177648735368361e-05,2.4855485397077853e-05
75984634.399414062,75.984634399414,1.4452963150570485e-05,3.9038772855383235e-05,3.1117653622620546e-05,1.8409439511416962e-05,4.2949856914926853e-05,2.7673024830776349e-05
75984779.357910156,75.984779357910,1.1279874729585955e-05,4.707268212206738e-05,4.5331320328430566e-05,3.6533420355825408e-05,5.3383510116465142e-05,2.6107914618197818e-05
75984924.31640625,75.984924316406,1.1252193271594562e-05,4.2604032693758183e-05,2.666763209588746e-05,2.8543891285071515e-05,4.7119904364631902e-05,2.273897589027864e-05
75985069.274902344,75.985069274902,1.4133720716372516e-05,3.8269928145787232e-05,1.8383637116926342e-05,2.3760747824691125e-05,6.2100794493878312e-05,2.3883877373793174e-05
75985214.233398438,75.985214233398,9.6136767081431949e-06,3.6928117958325985e-05,2.8429647916726264e-05,2.3801904047490001e-05,5.3849327637693342e-05,2.8081481316400369e-05
75985359.191894531,75.985359191895,8.4547652216999676e-06,2.9714036909667773e-05,4.0111149575775135e-05,2.4348982141369095e-05,3.6658350934403946e-05,2.6261902398615293e-05
75985504.150390625,75.985504150391,8.9683371727664301e-06,3.2593584244083652e-05,2.9192807378185996e-05,2.5840257884558455e-05,3.7270908134539818e-05,1.9555851123399161e-05
75985649.108886719,75.985649108887,1.0308643766056444e-05,2.8270847741617206e-05,3.1953268155191862e-05,2.9776205482116237e-05,4.466708432887274e-05,1.8376121308650352e-05
75985794.067382812,75.985794067383,1.0960004365427614e-05,3.2334052179064894e-05,2.445612872570131e-05,3.3652926317865047e-05,4.5919523820929753e-05,1.8158709501584337e-05
75985939.025878906,75.985939025879,1.1717564473414743e-05,4.2202579909654809e-05,1.8115675798927153e-05,2.6841095940701482e-05,5.2710893280291664e-05,2.1847754220336006e-05
75986083.984375,75.986083984375,1.420730732580602e-05,3.7731045459514999e-05,1.9359512286143057e-05,2.876368931999597e-05,4.4955766604698733e-05,2.4848029450993134e-05
75986228.942871094,75.986228942871,1.3327586156505291e-05,4.1737256769033638e-05,2.648153009058814e-05,2.6549028796228368e-05,4.8301350315834599e-05,1.4926746384745053e-05
75986373.901367188,75.986373901367,1.2781701942259367e-05,3.590030390336253e-05,3.3674984744964869e-05,2.4984256414142286e-05,6.2985315216669574e-05,1.3227427881937722e-05
75986518.859863281,75.986518859863,1.2785973481268134e-05,4.3301158444366654e-05,3.5863087224672504e-05,3.5765719737484313e-05,6.5116227450935925e-05,1.6465977405555392e-05
75986663.818359375,75.986663818359,1.2029686428949766e-05,4.7612622346604695e-05,4.1451896069554454e-05,2.6852676178386879e-05,6.0956837386193661e-05,2.9113960699084484e-05
75986808.776855469,75.986808776855,1.1974800297969936e-05,5.0633183824081351e-05,4.4451090171684842e-05,3.4094952565165414e-05,5.8321763744448177e-05,3.2812613788122152e-05
75986953.735351562,75.986953735352,1.1067657553174707e-05,4.0393009396082861e-05,3.9458626153045884e-05,3.5293706659621833e-05,7.0429038845358394e-05,2.9228694369637657e-05
75987098.693847656,75.987098693848,1.1212013441464132e-05,4.8105430069297199e-05,3.4037562137572805e-05,3.185851728720712e-05,6.3930038672029994e-05,2.4096933525061707e-05
75987243.65234375,75.987243652344,1.2417891345302434e-05,5.0118481511579351e-05,3.6964904768615288e-05,2.6668377612023847e-05,6.568282654635893e-05,2.2259157456555574e-05
75987388.610839844,75.987388610840,1.5441340372048929e-05,3.5053797714514925e-05,3.1097938555601812e-05,3.0113286628845504e-05,6.6543676462077424e-05,1.9855041345535403e-05
75987533.569335938,75.987533569336,1.666524106940774e-05,3.3770375127671761e-05,0.00018097146311046831,0.00011752094334182272,5.7609495196025966e-05,2.5470041028222779e-05
75987678.527832031,75.987678527832,1.3268106850968149e-05,3.8739760847888412e-05,0.00032654083490948015,0.00020131208169267263,6.5865426113015512e-05,2.7714121962208784e-05
75987823.486328125,75.987823486328,1.2605132760599161e-05,3.8506874580015478e-05,0.00014121998956267794,7.3629363716990793e-05,8.1982507624199987e-05,2.6992054556377375e-05
75987968.444824219,75.987968444824,1.5762503735314491e-05,3.4509926255964362e-05,7.3541631129235048e-05,4.4083937197739504e-05,8.2619948019832791e-05,3.2782882920119637e-05
75988113.403320312,75.988113403320,1.4435008744805696e-05,3.3843511269455911e-05,5.5259688523863656e-05,2.9481492826535641e-05,7.0013065221528816e-05,2.9513823032803511e-05
75988258.361816406,75.988258361816,1.0451557909400209e-05,2.4312953186901107e-05,3.1001828116605383e-05,3.0477049864293135e-05,6.6713608659069743e-05,1.9427161720680483e-05
75988403.3203125,75.988403320312,1.276728175879576e-05,2.3670874709671301e-05,2.2634880213921255e-05,2.3229314114180197e-05,4.6448122597828726e-05,2.2191254048374482e-05
75988548.278808594,75.988548278809,1.0252697103929629e-05,3.1025275956028836e-05,2.2306111539078666e-05,2.0084956456132329e-05,4.706413285155345e-05,2.426351250667116e-05
75988693.237304688,75.988693237305,1.2044955473743241e-05,3.9547100430666319e-05,2.6365783844199948e-05,3.1032458638567747e-05,4.1252741790225217e-05,2.2294718219292118e-05
75988838.195800781,75.988838195801,1.3763636733871795e-05,4.6071653873736148e-05,2.3997561339899115e-05,2.9634912841950166e-05,4.8299737525632261e-05,2.2135336590445603e-05
75988983.154296875,75.988983154297,1.243285562891327e-05,3.0666569837796335e-05,3.5332613693368875e-05,3.9015857813053336e-05,6.2688854528866782e-05,2.0981070661096563e-05
75989128.112792969,75.989128112793,1.0449623157900047e-05,4.1805224701562191e-05,0.00024376059211627987,8.379643527821066e-05,9.5215070154252852e-05,1.6612734044035478e-05
75989273.071289062,75.989273071289,8.6408490758452743e-06,4.5047730547426262e-05,0.0007620865514690663,0.00029714759592212528,8.7635852141267431e-05,1.8488760152344526e-05
75989418.029785156,75.989418029785,1.0937343741600392e-05,3.4418690822737537e-05,0.00048957021092575813,0.00024850722236445435,7.4069951162351882e-05,2.2044086515704632e-05
75989562.98828125,75.989562988281,9.0602336434175604e-06,3.5531887183791142e-05,0.00010736046099537664,7.7295830989776201e-05,8.6023893513103051e-05,2.1919864417509528e-05
75989707.946777344,75.989707946777,8.9595552665324185e-06,3.6306729119511418e-05,7.5844923253784284e-05,4.3137977441270348e-05,8.6873158798574354e-05,2.0110109703128565e-05
75989852.905273438,75.989852905273,1.000922841596773e-05,3.1036553941664388e-05,5.2431353327712086e-05,2.6513153646160697e-05,8.3700900974970237e-05,2.5724599924716065e-05
75989997.863769531,75.989997863770,1.0705363440798273e-05,2.9557987080310028e-05,5.4778491071725625e-05,4.4711681654747858e-05,0.00010083797930784421,2.5390758963571714e-05
75990142.822265625,75.990142822266,1.2040419768180773e-05,4.4334974174959192e-05,0.00010720565348521511,8.4251662627852304e-05,9.5553364255756781e-05,1.5294955281089227e-05
75990287.780761719,75.990287780762,8.6658631664263124e-06,5.6354365420881091e-05,0.00015999174107659409,0.00011356628804973981,8.0212703085361629e-05,1.7952076039418702e-05
75990432.739257812,75.990432739258,1.1515686067021869e-05,4.2074633263463292e-05,0.00029122648529138385,0.00018095312795540419,7.9038842912384949e-05,2.7791647774725423e-05
75990577.697753906,75.990577697754,1.3957694896903981e-05,3.9000811510747814e-05,0.00019831308100469916,0.00010945772030643901,0.00011638755680557412,3.7676600178320098e-05
75990722.65625,75.990722656250,1.3065194395618912e-05,3.6542947135186276e-05,8.7654386953152353e-05,6.9427104636894782e-05,0.00012364405407659594,4.2078217576922353e-05
75990867.614746094,75.990867614746,1.3365263004555402e-05,4.060172895217879e-05,9.1405564847675289e-05,6.4519419660540893e-05,0.0001017778936207489,3.1313941865990084e-05
75991012.573242188,75.991012573242,1.024048117629526e-05,3.5901073230498584e-05,6.7026525412935454e-05,4.5771345716725314e-05,0.00014149888915566733,2.7045570315674602e-05
75991157.531738281,75.991157531738,9.953456865354802e-06,3.8768238645263597e-05,0.00013064249368118088,6.5075882103561198e-05,0.00015692413013511958,2.465193602700699e-05
75991302.490234375,75.991302490234,9.7877430550926988e-06,4.6984957193439056e-05,0.0002159541964282681,7.1760344202848763e-05,0.00020083053649498148,2.2208198328176342e-05
75991447.448730469,75.991447448730,1.2211735653705679e-05,4.0026594115871164e-05,0.00020104740737814507,9.6717618624416724e-05,0.00019237962640392716,1.9574679979294814e-05
75991592.407226562,75.991592407227,1.1915076578870012e-05,4.1097942879679244e-05,0.00097687360092197132,0.00037601961741090436,0.00017297077031724987,1.7717582314514852e-05
75991737.365722656,75.991737365723,1.0757140815089651e-05,4.846849513632636e-05,0.0039710764600189904,0.0017903265879089965,0.00028470381482082055,3.7935713332198521e-05
75991882.32421875,75.991882324219,1.0443190077197137e-05,4.7775083058766356e-05,0.0052337354717363989,0.0022592698965117528,0.0004276345529922499,0.00075892237649289164
75992027.282714844,75.992027282715,1.0711682690324524e-05,4.1591329893847593e-05,0.002542753220792178,0.0012374048381683614,0.00028018928571435167,0.0018678994549110961
75992172.241210938,75.992172241211,1.1560558926536504e-05,3.9738187080656859e-05,0.00065871616929836629,0.00049767669501523152,0.00019185180718960166,0.00034209131494832869
75992317.199707031,75.992317199707,1.2045456560462226e-05,5.7490640897084542e-05,0.0068699444281609106,0.0037532416511316556,0.00024158215809654584,7.8295189623281793e-05
75992462.158203125,75.992462158203,1.1163037643601057e-05,3.8156707534952073e-05,0.0069924607310475678,0.0041096684973645197,0.00021845393976068208,4.7285387283866251e-05
75992607.116699219,75.992607116699,1.0528430822918166e-05,3.5229206800446109e-05,0.00039606041986125302,0.00033148693300981191,0.00017791275469568272,2.5838174910920531e-05
75992752.075195312,75.992752075195,1.2107088618969211e-05,5.5699823230195028e-05,0.0002060978124412079,0.00014737117594699231,0.00019328415380814257,2.9043263032015757e-05
75992897.033691406,75.992897033691,1.5015260698833517e-05,5.2528565622534727e-05,7.1478200655783746e-05,5.4590328871290963e-05,0.00013815041339527206,2.8119602411408839e-05
75993041.9921875,75.993041992188,1.0073596060253564e-05,4.2402485201999304e-05,6.0855671060801151e-05,5.1488813156142619e-05,0.00016189745753432411,2.5575816883787903e-05
75993186.950683594,75.993186950684,1.1242425551525499e-05,5.5302462472336949e-05,7.5790000770149099e-05,6.0808626525012946e-05,0.0001706885478282961,2.8149538335957746e-05
75993331.909179688,75.993331909180,1.3347450087460804e-05,4.2647563189318396e-05,0.00010278175607126863,9.8036548062913881e-05,0.00020510522346149244,2.6358279915338342e-05
75993476.867675781,75.993476867676,1.1147035699465702e-05,6.0143128546611693e-05,0.00014566683833677418,0.00013729415043271491,0.00034792714960461092,2.6030404141065092e-05
75993621.826171875,75.993621826172,1.1050115733821392e-05,8.9856727021027231e-05,0.00015136410984645775,0.00014489384383063262,0.00058037650121347151,3.2234401312623042e-05
75993766.784667969,75.993766784668,1.3098254372220697e-05,0.0001333012986279776,0.00069872326657126674,0.00041850078471785789,0.00055516300908829838,4.1670524507746581e-05
75993911.743164062,75.993911743164,1.1534571689166054e-05,0.00012516886865046741,0.002402908777059566,0.0013394485309296102,0.00035754085442039023,3.730258923955277e-05
75994056.701660156,75.994056701660,8.2743878443364918e-06,7.4047139583414073e-05,0.0043767118785899379,0.0023582610964509938,0.00019449644548992785,2.6553083986779585e-05
75994201.66015625,75.994201660156,9.096868786543509e-06,7.2903907803517379e-05,0.0031295706016800555,0.0013068181593234925,0.00020645000099572076,2.5615661330805979e-05
75994346.618652344,75.994346618652,8.2362269978713585e-06,5.7852992056167108e-05,0.030468397696487619,0.017809993314420888,0.00030266996402398801,2.4775924948080976e-05
75994491.577148438,75.994491577148,1.4278985152521197e-05,5.1744531892944881e-05,0.15519300475063944,0.10786838222704875,0.00025960303157648504,2.4253280574347392e-05
75994636.535644531,75.994636535645,1.2597502431409845e-05,3.6735785220466204e-05,0.14671105182673816,0.10706003156793675,0.00019535338572993855,2.9736096092511523e-05
75994781.494140625,75.994781494141,1.0473410876347998e-05,4.5008267022579985e-05,0.040229469680842324,0.023278130359166628,0.00018995448512814807,2.7315993616344993e-05
75994926.452636719,75.994926452637,1.1759416247167941e-05,9.0776550637144103e-05,0.0067329867611197903,0.0028649047824530712,0.00024300783412173948,2.5890228014006413e-05
75995071.411132812,75.995071411133,1.223115244723491e-05,9.0663337034351744e-05,0.0010692614293457072,0.00051061915042352414,0.00025465974269848308,2.2528414745055182e-05
75995216.369628906,75.995216369629,1.3140613521415369e-05,8.138461984518739e-05,0.0011846507033176613,0.00051589641107074489,0.00024128604468043281,2.7969938803441574e-05
75995361.328125,75.995361328125,1.0429296629755225e-05,5.3205636552126395e-05,0.0095228226993530965,0.0042151789603725983,0.00023258860771868819,4.1256340829048753e-05
75995506.286621094,75.995506286621,8.9723557738147731e-06,5.7663954269427726e-05,0.03634390079804807,0.020836753899214123,0.00027557871903923235,8.5819896374217771e-05
75995651.245117188,75.995651245117,1.2313463824984268e-05,6.1711491794382066e-05,0.046989077148131247,0.016974491840126699,0.00024240630067696778,6.4977453901085512e-05
75995796.203613281,75.995796203613,1.5099305892443508e-05,6.1271745913405481e-05,0.20655137557960074,0.095094188350558453,0.00047367798719347555,4.9516994878742456e-05
75995941.162109375,75.995941162109,1.4547306686073394e-05,7.4525728952203079e-05,0.52354733859572022,0.27567863578063795,0.0016604781201013455,0.00037969953218747014
75996086.120605469,75.996086120605,1.25166029222949e-05,8.7499114864711435e-05,0.60111307057466223,0.25488364921257045,0.0023723711567346867,0.0011375755277651702
75996231.079101562,75.996231079102,1.1313899824174817e-05,7.3604465490210649e-05,0.95780022134467913,0.4165007134540416,0.0011231386973497726,0.0004195136803505657
75996376.037597656,75.996376037598,1.1255298785406408e-05,9.4430661555718452e-05,0.34993022264026447,0.16442320737787919,0.00061615107964807178,0.00016184997000121101
75996520.99609375,75.996520996094,1.0328967419475561e-05,0.00013151837475136905,0.041564050365606564,0.018754797186450622,0.00060115362863570555,0.00016578670444267378
75996665.954589844,75.996665954590,1.2679219588753971e-05,0.0001802610242024543,0.20497018752155954,0.093496751251775159,0.00070146015196767542,0.00031106777775297709
75996810.913085938,75.996810913086,1.3237437612874696e-05,0.00015559299619068146,0.2239713012603094,0.10738279695734156,0.00077820201121783198,0.00074307765512308293
75996955.871582031,75.996955871582,1.2011963852952513e-05,0.00020694222000954045,0.033777847060979353,0.016700019691746351,0.0023103707116496363,0.0015385599728222092
75997100.830078125,75.997100830078,1.3504977557955091e-05,0.0001711885716539088,0.012026021360296605,0.0083440109079387769,0.0017770479144698856,0.00078814813464353408
75997245.788574219,75.997245788574,1.5075262304042941e-05,0.00019519739394577057,0.030250988118440476,0.017567649228531972,0.00093538929930593302,0.00013969476138368087
75997390.747070312,75.997390747070,9.9959378578711792e-06,0.00014779268170242947,0.042823046280714067,0.026496580441533881,0.0011185915541606101,0.00033247902191163147
75997535.705566406,75.997535705566,1.1357050413653012e-05,0.0013360055240877874,0.046545718783576107,0.023180212482613673,0.001458389887514396,0.0002322251577521634
75997680.6640625,75.997680664062,1.2556427620408734e-05,0.011081608754897878,0.033735804988025239,0.015172812542943868,0.0019569910391364579,0.00021505714659725416
75997825.622558594,75.997825622559,1.2053497887310263e-05,0.0097993130743875504,0.0062532986889488598,0.0035817416046226248,0.0021446185626716064,0.00025509052479821668
75997970.581054688,75.997970581055,1.2170396478740278e-05,0.0034902315200333461,0.0013109102832988457,0.0013049332056213644,0.002344816306769719,0.00033052323858682493
75998115.539550781,75.998115539551,1.1928266596558375e-05,0.0030487376468651467,0.0021367988266886369,0.0027908131051157777,0.0037908151495184995,0.00017777645733728486
75998260.498046875,75.998260498047,9.892559721023959e-06,0.0020176418515499362,0.0070976463533012814,0.0094998881053624893,0.015642696685385659,0.00021083239527165716
75998405.456542969,75.998405456543,1.1051088364034441e-05,0.0029491640951835414,0.014472646589018302,0.011028046958286037,0.01628538217903789,0.0020628949901298345
75998550.415039062,75.998550415039,8.9839326958115569e-06,0.0084994137878152912,0.05892756919108369,0.030540832200034364,0.014944358091877712,0.0030499882905990188
75998695.373535156,75.998695373535,9.9179288789557338e-06,0.012005133757015276,0.039258055352849403,0.020793733065222,0.00488024178803607,0.0009570150640557057
75998840.33203125,75.998840332031,8.6054921691173029e-06,0.0074509541144126053,0.019885447714588254,0.018534758056202603,0.0083871525189558316,0.0024465499412833686
75998985.290527344,75.998985290527,1.0742560188166255e-05,0.0019416673764084916,0.032689088769461541,0.020885512873350824,0.022463634591367979,0.0089947347863036306
75999130.249023438,75.999130249023,1.0898907935117617e-05,0.0039692328724328756,0.065573825541201072,0.040424390681694816,0.23330656564686467,0.0051286248558059409
75999275.207519531,75.999275207520,1.2416083204559835e-05,0.011418060322600475,0.33100798716318613,0.2021411438091256,0.95579940896111615,0.0092969081240769219
75999420.166015625,75.999420166016,1.1856597393641109e-05,0.012252165888366185,0.80593950803655234,0.45767887828833886,0.46029592228102961,0.035904556130093905
75999565.124511719,75.999565124512,1.0181993313962182e-05,0.039644837521447637,0.44917384027526086,0.27467695841424405,0.13430848787801578,0.043628631467990155
75999710.083007812,75.999710083008,1.0967741226810076e-05,0.45952871389643357,0.21330461310740301,0.81564951685104803,0.028637080912485586,0.023392319304294206
75999855.041503906,75.999855041504,2.1464566802108195e-05,60317.568631982562,11631.001115277986,11518.605625590699,79239.529007684134,46387.69294466827
76000000,76.000000000000,5.3119232596614601e-05,241320.17275270919,46428.312016739888,46153.298823693171,316941.13819978945,185594.23446823558
76000144.958496094,76.000144958496,1.8928038607824246e-05,60308.763802989532,11603.844085371727,11550.810739102599,79230.253417402695,46392.935020415454
76000289.916992188,76.000289916992,1.0370377826805725e-05,0.55426765322577165,0.20786973454338536,0.79985043961094693,0.028300060153790808,0.026471214282594652
76000434.875488281,76.000434875488,9.8663081263554158e-06,0.056158691893919831,0.42699582574214601,0.24329463894212555,0.12203054406880157,0.05351114734002841
76000579.833984375,76.000579833984,9.9510761859617007e-06,0.014117813304102805,0.79796575920480661,0.41633562825558923,0.43228614299770551,0.041373912069683182
76000724.792480469,76.000724792480,8.6096029164800929e-06,0.0069876074327756988,0.34072262662453756,0.21167826375516724,0.92179789377169152,0.010081224101405309
76000869.750976562,76.000869750977,1.2093954793886049e-05,0.0033738489544734855,0.071172068493294327,0.047566064163907733,0.22252231452606314,0.0051697955820822527
76001014.709472656,76.001014709473,1.3706534732634146e-05,0.0012424770136390967,0.037648920898128997,0.021037872618566843,0.020641858374818113,0.0090531345778968077
76001159.66796875,76.001159667969,1.4026837867873604e-05,0.0074669186744759164,0.021249243464546746,0.018883617244743155,0.0090068222221235776,0.0022192563371953031
76001304.626464844,76.001304626465,1.0588368708952639e-05,0.016494480428595693,0.036788248590365016,0.023363097391518355,0.0053019633511888591,0.00093856597803485898
76001449.584960938,76.001449584961,1.0567856222630825e-05,0.012425152319525032,0.044512156493179848,0.03229120466139683,0.014263989181473697,0.0031161330434026752
76001594.543457031,76.001594543457,1.1932315293194138e-05,0.0057217656379666346,0.012012042563205354,0.013046310189745702,0.016264196256072689,0.0022135515085403732
76001739.501953125,76.001739501953,1.0045182114556167e-05,0.003664012830952388,0.0065461383760070805,0.010482844309972136,0.015106274968844816,0.0002336033893846713
76001884.460449219,76.001884460449,1.0792155822079406e-05,0.0031590536658046239,0.0020781596855977977,0.0029515437792833926,0.0040637031053067027,0.00016105359668693066
76002029.418945312,76.002029418945,1.2535571185389012e-05,0.0044911070399969036,0.0015440521456361388,0.0013318372508993332,0.0021560633970390823,0.00036912840863428698
76002174.377441406,76.002174377441,1.320670036883865e-05,0.0083429185663198464,0.0063056055930812661,0.0040681606247381964,0.0020817334760751373,0.00027148423811268853
76002319.3359375,76.002319335938,1.0805836618785248e-05,0.010331697191220396,0.033460892981462487,0.016598101971223266,0.0019091956584920036,0.00024120914420809874
76002464.294433594,76.002464294434,9.5564833549072276e-06,0.0012016693493643036,0.046209043403380598,0.023727059166747413,0.0014542434374687778,0.00024783273935930481
76002609.252929688,76.002609252930,1.0749547408799677e-05,0.00019156272092996044,0.041605844637269448,0.027222836410214817,0.0010608545439593762,0.00037117819506068554
76002754.211425781,76.002754211426,8.1565838489116639e-06,0.00019240684021663257,0.02898968217775396,0.017454708138540186,0.00093449806885325423,0.00015339910108787177
76002899.169921875,76.002899169922,8.1467077373875903e-06,0.00022218423523622145,0.011545966786837039,0.0090886451867353748,0.0017319952175516092,0.00074682460189282041
76003044.128417969,76.003044128418,1.3391184781478787e-05,0.0002578367451379527,0.034049596268415062,0.016748509677896872,0.0022266008986067945,0.0016127589502254712
76003189.086914062,76.003189086914,1.3231440891664097e-05,0.0001514664546616559,0.22409696440249358,0.10762482603719106,0.00077017115647815915,0.00078104374305341202
76003334.045410156,76.003334045410,1.090152645742276e-05,0.00016911980234619067,0.20561085744207855,0.093567823186898644,0.00077574149495318991,0.00028968537298446967
76003479.00390625,76.003479003906,1.1113144448146422e-05,0.00012222031683000012,0.041737457293022362,0.019219053339450908,0.00061368430200148521,0.0001132957080691941
76003623.962402344,76.003623962402,9.3480685819075812e-06,8.8653491434443086e-05,0.35308701876195536,0.1656638321239231,0.00055578621739775611,0.00015161502678014659
76003768.920898438,76.003768920898,6.6491488669542381e-06,7.2162780926565118e-05,0.968024940558604,0.41961309789358575,0.00096267877111928584,0.00042340524353132051
76003913.879394531,76.003913879395,9.9323954395123296e-06,7.2743363683086364e-05,0.60026125492703575,0.25370614485933307,0.0020283677606839521,0.0011985181281609278
76004058.837890625,76.004058837891,7.5127698019105421e-06,7.5479634408951303e-05,0.51302345132548077,0.27160996501592527,0.0014490111745050277,0.00042378833111080037
76004203.796386719,76.004203796387,9.5635734772252748e-06,7.1524755664088068e-05,0.20233683477840017,0.093656371315966699,0.00051862765411203149,7.7703779890025469e-05
76004348.754882812,76.004348754883,1.331965366820918e-05,6.7470604751317128e-05,0.04737136655519892,0.016868208343514005,0.00024261315692717064,6.8006845983719342e-05
76004493.713378906,76.004493713379,1.0808180143602155e-05,5.4958265417425049e-05,0.037657868596148433,0.021437966747807676,0.00024716558196628715,8.635628018197972e-05
76004638.671875,76.004638671875,9.9513255555792244e-06,7.0382194214941606e-05,0.009844734735192642,0.0043538850264980798,0.00022734129721382976,2.9903969613102971e-05
76004783.630371094,76.004783630371,7.8217529886640259e-06,8.39539192476208e-05,0.0011140639594743971,0.00051022915977836009,0.00022460764456940727,2.9720154730384633e-05
76004928.588867188,76.004928588867,8.5188553471746927e-06,8.1588482760240711e-05,0.00098649802073786036,0.00048493156674878524,0.0002590004573196863,2.8246001979729454e-05
76005073.547363281,76.005073547363,8.7731308883731927e-06,7.4789312391868035e-05,0.0064403144387037295,0.0029392095520995891,0.00027666909115687274,2.8188839617133562e-05
76005218.505859375,76.005218505859,1.11887464960934e-05,4.6085525174897714e-05,0.038223188124849344,0.022722336707357939,0.0001793512151356629,2.6071358480686801e-05
76005363.464355469,76.005363464355,1.2570723170268877e-05,4.341757830814369e-05,0.14067209685209359,0.10383059799302526,0.0001928684488097531,2.9284310652881579e-05
76005508.422851562,76.005508422852,1.1208457906837466e-05,6.0553648934423072e-05,0.15016498195380287,0.10483027007837016,0.00028512022103603933,3.0485210319609138e-05
76005653.381347656,76.005653381348,1.1162880610634281e-05,5.4905791184486772e-05,0.029586613433422004,0.01743656086292876,0.00034586879683479849,2.794103520643387e-05
76005798.33984375,76.005798339844,1.3119845457894033e-05,5.7223750944861935e-05,0.0028863918804554163,0.0014396824294558087,0.00026391977178970863,2.5677815406483008e-05
76005943.298339844,76.005943298340,1.3402408651455424e-05,7.4651857573245381e-05,0.0040586505760106962,0.002318092273096858,0.0002060877590033348,5.4817593582247625e-05
76006088.256835938,76.006088256836,1.1151457498442744e-05,0.000100667495576128,0.0023359274621526003,0.0010381396434029036,0.00029862714624288535,5.400483938087805e-05
76006233.215332031,76.006233215332,9.8902184482591478e-06,9.9311690387715433e-05,0.00062981107987451052,0.00034408363787488683,0.00049009375318335622,3.627211965117753e-05
76006378.173828125,76.006378173828,9.7607518184281236e-06,7.808993263473511e-05,0.00014718886373304979,0.00013970334447900969,0.00057082380670201772,2.9995894641911063e-05
76006523.132324219,76.006523132324,9.3811488049060198e-06,5.2299546358465775e-05,0.00015507681358168567,0.00012941830451645094,0.0003671137736864269,3.3451934945715386e-05
76006668.090820312,76.006668090820,1.2113874344564532e-05,4.2218304326788645e-05,0.00010969443074623973,0.0001022512804422698,0.00016020057215955933,1.8333381372002004e-05
76006813.049316406,76.006813049316,1.1856903609444972e-05,3.8298820176830035e-05,9.0937008221590862e-05,6.536397370546606e-05,0.00014681445506368454,2.0298655976715087e-05
76006958.0078125,76.006958007812,1.2794972846824437e-05,3.0278520097199825e-05,7.6893334436727658e-05,4.0782710906645926e-05,0.00015681493288722655,2.5169106743921935e-05
76007102.966308594,76.007102966309,9.7060859707639956e-06,4.6789137863622992e-05,8.3532886296339989e-05,4.8618174098953449e-05,0.00014120172047804228,3.1435063957559118e-05
76007247.924804688,76.007247924805,1.015624782233896e-05,4.9030237326363277e-05,0.00020371771176653711,0.00012399596065675608,0.000195012206533495,2.3238921065972556e-05
76007392.883300781,76.007392883301,1.1380607539631048e-05,4.6932633193612645e-05,0.00041890734790557435,0.00033675646795733376,0.00016489723233771136,2.600975659577116e-05
76007537.841796875,76.007537841797,8.1242008036192824e-06,3.9156497578499686e-05,0.0073759770860810535,0.0042427740476044329,0.00016374074283324565,6.5274013447721979e-05
76007682.800292969,76.007682800293,8.4575378805577129e-06,4.6379713338342277e-05,0.0071774309302255687,0.0038476587220972643,0.00015767098973220594,9.3641267309733085e-05
76007827.758789062,76.007827758789,1.0684133946900517e-05,5.6334317436697994e-05,0.00070116227985478384,0.00045003106904410121,0.00019035559421289166,0.00037038376059911999
76007972.717285156,76.007972717285,9.5435396708793501e-06,5.2341690128324373e-05,0.0025570212029964144,0.0013173280691674465,0.00031744123545153648,0.002116944430005591
76008117.67578125,76.008117675781,8.4572698910467118e-06,4.7339144972208793e-05,0.0050702348762778539,0.0024621732476611704,0.00037093248032759528,0.00087947801909757362
76008262.634277344,76.008262634277,1.0340633735890291e-05,5.4486216248495076e-05,0.0040508192838225225,0.0018978419855724597,0.00030883409758489569,3.5983736900437966e-05
76008407.592773438,76.008407592773,1.0621949362631357e-05,4.3506283995256287e-05,0.001049493028330007,0.00040290906694378988,0.00030264411762700696,2.1641633372272566e-05
76008552.551269531,76.008552551270,1.0957874544491209e-05,3.9185956655048031e-05,0.00022464762615537057,0.00010284604698382549,0.00034634955392349223,2.8949209014182999e-05
76008697.509765625,76.008697509766,9.7865169295902898e-06,3.9511134404483523e-05,0.00028037903860933338,8.0223752971617993e-05,0.00027496151299016575,3.1768133259686263e-05
76008842.468261719,76.008842468262,1.0593373027644369e-05,3.6809622741131414e-05,0.00014686370244163183,7.9595633595902089e-05,0.0001543384113635297,2.1351915099164775e-05
76008987.426757812,76.008987426758,1.083420504100954e-05,3.4151837664812926e-05,7.6717630659533267e-05,5.0686838314759145e-05,0.00010559998405633116,1.9791894677718989e-05
76009132.385253906,76.009132385254,1.0037476008478667e-05,3.699542378806447e-05,8.8231040992275142e-05,5.8902514777286478e-05,0.00011411136161814678,2.7860255986389449e-05
76009277.34375,76.009277343750,9.856813024287876e-06,3.4332533854162417e-05,9.005202307751223e-05,6.9512880863040652e-05,0.00013071424030160737,2.7801831070614416e-05
76009422.302246094,76.009422302246,9.9399756748664378e-06,4.0588895553598562e-05,0.00018197479864064079,0.00010109721353459624,0.00010996065873475935,2.0417905115882097e-05
76009567.260742188,76.009567260742,1.3725379327198517e-05,3.5583451279437174e-05,0.00029910343977020338,0.0001589799650831897,9.3905927049120727e-05,1.3496001869902595e-05
76009712.219238281,76.009712219238,1.4404284851127133e-05,4.2443341024818275e-05,0.00017291566331297816,9.2057947348325928e-05,6.7655680351613387e-05,2.1408930354770734e-05
76009857.177734375,76.009857177734,1.3206154899652214e-05,4.3943317748129365e-05,0.00013479525024161682,7.872072870334283e-05,8.0610077788661081e-05,2.5199370945717232e-05
76010002.136230469,76.010002136230,1.1198746679615665e-05,3.8900075761909099e-05,7.0569682168993068e-05,6.2471309283767819e-05,9.6861358410946233e-05,2.599857767734973e-05
76010147.094726562,76.010147094727,1.1820756245235085e-05,3.6357847766598178e-05,5.7764330679826096e-05,4.0843872594715961e-05,8.8089902900171217e-05,2.1570414316751099e-05
76010292.053222656,76.010292053223,1.3366312230995194e-05,2.5963369330992017e-05,5.0107578697870074e-05,5.6934747396816461e-05,9.9674164682390481e-05,2.2504134912333126e-05
76010437.01171875,76.010437011719,1.2112789654979362e-05,3.1959853612732775e-05,0.00010038738221906988,7.1714493747626875e-05,9.3927467300347164e-05,2.439847057968645e-05
76010581.970214844,76.010581970215,1.4217357264800229e-05,3.6890282419858042e-05,0.00048263789928191088,0.0002772405935971416,9.6548122042395014e-05,2.2872600341407629e-05
76010726.928710938,76.010726928711,1.1264201815645876e-05,3.5457727473072541e-05,0.00069493702653121523,0.00034943796857719146,6.9910663396235799e-05,2.5384414651928688e-05
76010871.887207031,76.010871887207,1.2983101849406846e-05,3.7180131797249268e-05,0.00018972297044322724,7.8472722762948819e-05,5.3067281467698052e-05,2.8665694988101507e-05
76011016.845703125,76.011016845703,1.4531463424129472e-05,3.1691063085160866e-05,4.3025503519746265e-05,3.9918661322040017e-05,5.4921346119324091e-05,2.1553405516241939e-05
76011161.804199219,76.011161804199,1.3400120609012651e-05,4.7694143570361248e-05,3.1440847257471481e-05,2.4857966954758217e-05,6.2310242985136668e-05,2.4510264570081244e-05
76011306.762695312,76.011306762695,1.3954812049411376e-05,4.8672750584487952e-05,3.3398051893710996e-05,2.2125303968211745e-05,6.4454251805284689e-05,2.8233904448567844e-05
76011451.721191406,76.011451721191,1.3414390378129159e-05,4.0319537249619126e-05,3.3560480889652308e-05,2.5551297593672686e-05,5.6905885393386162e-05,2.2937414005977267e-05
76011596.6796875,76.011596679688,8.7306230829039667e-06,3.7486251568914619e-05,2.4688711774853549e-05,2.840077029465302e-05,5.8969213280795068e-05,2.1697214384417505e-05
76011741.638183594,76.011741638184,1.175621221053078e-05,3.9672194083965176e-05,2.8252461788834727e-05,2.713360964522308e-05,6.8196628097072869e-05,2.482859706879609e-05
76011886.596679688,76.011886596680,1.2366187506072507e-05,3.4701563989446134e-05,4.3225904523589405e-05,3.4480881366476799e-05,6.4692457279685089e-05,2.3372753328407426e-05
76012031.555175781,76.012031555176,1.0725996753941886e-05,3.7201719950524251e-05,6.8468207524536613e-05,4.4505381717326803e-05,6.2298062561654999e-05,2.0867229458416899e-05
76012176.513671875,76.012176513672,9.8828507233441172e-06,4.2484524381179919e-05,0.00015492970721883356,8.2392392184156332e-05,5.7241955662224665e-05,2.619565191923718e-05
76012321.472167969,76.012321472168,9.1939033599378876e-06,3.4724600480135554e-05,0.00036214263020206726,0.00021159598961703201,5.8724072383083884e-05,2.9041439322566602e-05
76012466.430664062,76.012466430664,7.6121789006145383e-06,3.9240990095512301e-05,0.00018834512976736493,0.00012006033043437206,5.7882103435424043e-05,2.3965132872166495e-05
76012611.389160156,76.012611389160,7.5835361191502032e-06,4.0402000201237e-05,2.6362176287133562e-05,3.2388585390560952e-05,7.5848565550054985e-05,1.942020576825491e-05
76012756.34765625,76.012756347656,1.2338678996316095e-05,5.3043038760475427e-05,2.7251578524222337e-05,2.816575398209386e-05,7.2186299330552413e-05,2.1056398811560632e-05
76012901.306152344,76.012901306152,1.6077006077983466e-05,4.8118392475207643e-05,3.7213566908238192e-05,3.0419079021688669e-05,5.1968785738957901e-05,2.2259074513117568e-05
76013046.264648438,76.013046264648,1.3992861572087446e-05,4.2948349472073204e-05,5.2344623069109808e-05,3.0836836364466291e-05,7.1630624053822443e-05,1.8416918100332173e-05
76013191.223144531,76.013191223145,1.3491536439725958e-05,4.8340415286965604e-05,3.9546228427516151e-05,2.3342252032601712e-05,6.1705626345533293e-05,2.5451540182377681e-05
76013336.181640625,76.013336181641,1.1714913197529497e-05,3.6411022305519994e-05,2.5133998965295147e-05,3.3887027205969414e-05,5.9579324307117226e-05,3.5795724450911483e-05
76013481.140136719,76.013481140137,1.0874242310590819e-05,3.741404264958523e-05,3.6938431264060892e-05,3.7811800606274921e-05,6.0975692476399096e-05,3.018524319208889e-05
76013626.098632812,76.013626098633,1.3353944457537604e-05,4.1901409802535775e-05,4.8538302885727379e-05,2.444213633436344e-05,7.0405600880921545e-05,2.2339331390013322e-05
76013771.057128906,76.013771057129,1.4469019128179068e-05,3.9994313349525252e-05,2.8814905450778572e-05,2.4085955334381024e-05,6.3265732461793744e-05,2.4887933270096418e-05
76013916.015625,76.013916015625,1.3863784494305089e-05,4.0149780477508297e-05,2.7351054017010641e-05,2.7462933242929501e-05,5.1207698932039651e-05,2.1745498558444897e-05
76014060.974121094,76.014060974121,1.3930125732024432e-05,4.7149950076706888e-05,2.3744366332654741e-05,3.0260249183216631e-05,4.1879498095718774e-05,2.3868671352373236e-05
76014205.932617188,76.014205932617,1.3317721903780038e-05,4.1390071857297126e-05,3.3914054665911914e-05,3.0835519886536936e-05,5.0560247550620638e-05,2.4837158998323276e-05
76014350.891113281,76.014350891113,1.3033910064076877e-05,3.0236252394022271e-05,3.1494833186823314e-05,2.5506232279394557e-05,5.0954994327333415e-05,2.4316484122453645e-05
76014495.849609375,76.014495849609,1.1677836740303899e-05,1.9575091942848244e-05,3.0602409506435458e-05,2.9300866879250536e-05,3.507959617313259e-05,2.3910564368083069e-05
76014640.808105469,76.014640808105,1.0925744558469794e-05,1.9462187954608638e-05,3.9706675121029233e-05,2.9912121736236168e-05,3.5788673563707858e-05,2.7233948099737904e-05
76014785.766601562,76.014785766602,1.1196924026670069e-05,2.1972603866437247e-05,3.0651639369958468e-05,2.3818714860251291e-05,5.0558990653863927e-05,2.7203662480582497e-05
76014930.725097656,76.014930725098,1.1769140756163793e-05,3.0033389571572838e-05,2.8993581749824262e-05,2.6705749703943697e-05,5.8049376591222751e-05,2.8839740933012111e-05
76015075.68359375,76.015075683594,1.6403734737486254e-05,3.293569478540466e-05,3.6973247879549487e-05,3.2574987256078745e-05,4.8503563112630208e-05,1.7822963774122022e-05
76015220.642089844,76.015220642090,1.4252083340151578e-05,3.1374896311731814e-05,5.3717969190469668e-05,4.1097744181483482e-05,5.1493163450213518e-05,1.9586565209283048e-05
76015365.600585938,76.015365600586,8.3089805361370018e-06,2.7877240806792737e-05,3.9006247824782315e-05,2.813346394100182e-05,4.9232906778839284e-05,2.2705094720505264e-05
76015510.559082031,76.015510559082,9.195170332891254e-06,3.7033655148839513e-05,2.7435978942056474e-05,2.1639660424116315e-05,3.7141901049030706e-05,2.6058818792592613e-05
76015655.517578125,76.015655517578,1.0998541834241156e-05,5.198910929938647e-05,3.3313822346413104e-05,2.5906071942811252e-05,4.8645621888523648e-05,2.6216236981035355e-05
76015800.476074219,76.015800476074,1.1292340016795891e-05,4.3673634629736912e-05,0.00013641880826140441,9.9594110554391849e-05,7.4132953372048639e-05,2.2421069384019727e-05
76015945.434570312,76.015945434570,1.1658189693812117e-05,4.1143622031907396e-05,0.0002101554165643771,0.00014113617469622953,6.6606278462074246e-05,2.2642216437439637e-05
76016090.393066406,76.016090393066,1.1980252314541065e-05,2.9549467098816959e-05,4.6568998684097332e-05,3.4317563876894447e-05,5.0186422092200754e-05,2.8131078025700395e-05
76016235.3515625,76.016235351562,1.5739907919325828e-05,3.8266061019197923e-05,5.043934677985432e-05,3.4078667583875273e-05,5.0519519299464861e-05,2.4311491215630571e-05
76016380.310058594,76.016380310059,1.1616988515049181e-05,4.2054465345808329e-05,4.6952158039404819e-05,3.4495315953349429e-05,3.7359773407760929e-05,2.3606223128564752e-05
76016525.268554688,76.016525268555,1.1199913454079647e-05,4.1665955789897039e-05,2.7636277539615226e-05,3.6113449105857041e-05,3.9779549045332161e-05,2.0932754314042125e-05
76016670.227050781,76.016670227051,1.2721747806224081e-05,4.7036869447113441e-05,3.0739422027635804e-05,2.9529570387345979e-05,4.0222611620287405e-05,2.1750887270953297e-05
76016815.185546875,76.016815185547,1.130473718969653e-05,3.4355864177275298e-05,2.9335246397513127e-05,2.4315738227686199e-05,4.289984173764957e-05,1.854661327657567e-05
76016960.144042969,76.016960144043,1.1876539786150717e-05,4.0819037866964721e-05,3.0392843799643811e-05,2.2226149646339805e-05,4.7798734524833933e-05,2.5610113024121367e-05
76017105.102539062,76.017105102539,9.7358410494994498e-06,3.8273900589413094e-05,2.4923812091536804e-05,2.5386243293694819e-05,4.3741952428925366e-05,2.6706464818932538e-05
76017250.061035156,76.017250061035,1.133676654686011e-05,3.1073978537478212e-05,3.1796641939738784e-05,2.5220203377412102e-05,3.607684495785556e-05,2.8097775097347795e-05
76017395.01953125,76.017395019531,1.4569043191985664e-05,2.755818761144985e-05,3.1432040672939314e-05,2.4651248853315851e-05,3.3157115681854613e-05,3.0429173060116049e-05
76017539.978027344,76.017539978027,1.5352490479314263e-05,1.8843444414833014e-05,2.3882248354814388e-05,3.1269753164688719e-05,3.8278548587427548e-05,2.4896782959535561e-05
76017684.936523438,76.017684936523,1.4116194596550313e-05,2.851521023990268e-05,2.7663342335121845e-05,3.1203126045227464e-05,5.7753597915248346e-05,1.7653991810722345e-05
76017829.895019531,76.017829895020,1.1807106326312306e-05,2.9789229328481137e-05,2.7250017745653439e-05,2.5874681119679067e-05,5.2308025940738396e-05,1.5621247677694646e-05
76017974.853515625,76.017974853516,1.466768022293471e-05,2.3474828696713314e-05,2.4047043168109876e-05,2.6808066185378109e-05,5.7295840704239812e-05,2.1070765421226746e-05
76018119.812011719,76.018119812012,1.4121428863193682e-05,3.3701858498044282e-05,2.9301154954223782e-05,2.5306969157693061e-05,5.297709580526531e-05,1.9381805782625804e-05
76018264.770507812,76.018264770508,1.3877689389102219e-05,4.1826140238281385e-05,2.8227649742536479e-05,2.2704622873668786e-05,4.5243978505621053e-05,2.0399848644226811e-05
76018409.729003906,76.018409729004,1.5304862607746112e-05,4.1609939454018729e-05,2.5138225488518952e-05,1.8257161182768414e-05,4.2086144535964153e-05,2.267447482267249e-05
76018554.6875,76.018554687500,1.3931564607598431e-05,3.2431580431440773e-05,2.4096619998665591e-05,1.5584690617621947e-05,3.2167050743800247e-05,2.304437121095198e-05
76018699.645996094,76.018699645996,1.2366732311291914e-05,2.8241736801609534e-05,2.3841657213207701e-05,1.8044751245812539e-05,3.229513271080313e-05,2.1180282409050291e-05
76018844.604492188,76.018844604492,1.4019256701187492e-05,2.6222315149560258e-05,2.2251181989111278e-05,1.6803263952671265e-05,3.3932542948835481e-05,2.1713925832664769e-05
76018989.562988281,76.018989562988,9.5850785655249275e-06,2.7443874222718259e-05,2.1353762438361802e-05,1.6274788763727771e-05,4.2556656987294154e-05,2.0728145245145147e-05
76019134.521484375,76.019134521484,1.2688093733358492e-05,3.0505756145446384e-05,2.5743460054478454e-05,2.364292591651205e-05,5.1387055492192894e-05,2.5049628439370726e-05
76019279.479980469,76.019279479980,1.4857626355468782e-05,2.7518633588679819e-05,2.3114176195969133e-05,2.3513279098132314e-05,5.8865022403748629e-05,2.8320696252773558e-05
76019424.438476562,76.019424438477,1.0275723929277717e-05,2.6329943846980483e-05,2.5571462053922876e-05,1.9641476775947804e-05,5.4490119442993346e-05,2.0864768552548831e-05
76019569.396972656,76.019569396973,1.0680270356754983e-05,2.481954762685459e-05,2.630724139042186e-05,2.1780971867329003e-05,5.7015210696660852e-05,2.5560040488767787e-05
76019714.35546875,76.019714355469,1.0321383220625749e-05,3.4288187103656415e-05,1.8794738614144107e-05,2.5737964586980075e-05,4.1707997322722615e-05,2.833216678724598e-05
76019859.313964844,76.019859313965,8.851517190624629e-06,3.6912000858731545e-05,2.5537040072650178e-05,2.4613370689895747e-05,3.4134609350062442e-05,2.8851514122484798e-05
76020004.272460938,76.020004272461,1.0418953722275563e-05,4.0888175083242052e-05,3.548672430397926e-05,2.8124019801823955e-05,3.5752379504482465e-05,3.0881429713505384e-05
76020149.230957031,76.020149230957,1.0951396200247532e-05,4.5182376185161521e-05,3.0109226871873358e-05,2.9639301797902629e-05,5.1575784371362918e-05,2.6387400912894618e-05
76020294.189453125,76.020294189453,1.1614466586455664e-05,5.3920709550811788e-05,2.4147830995567413e-05,2.7955791341305366e-05,6.6838477918654656e-05,2.4450337010174939e-05
76020439.147949219,76.020439147949,9.4200394894236935e-06,5.1165963501880265e-05,2.1001399125748962e-05,3.0159508667148906e-05,5.2461540854084058e-05,2.4360222764353036e-05
76020584.106445312,76.020584106445,8.4191664107984731e-06,3.201961415389484e-05,2.2747516811740475e-05,2.7472294344926173e-05,3.8423549145451308e-05,2.0300699743460297e-05
76020729.064941406,76.020729064941,1.0237412216369797e-05,3.5661757075484785e-05,2.427582124882759e-05,2.6253207970141445e-05,4.1758264193979847e-05,2.1505556600886632e-05
76020874.0234375,76.020874023438,1.0280877415948516e-05,4.1083359946334687e-05,3.0161240892787954e-05,2.3912595171544967e-05,3.9006792258720595e-05,2.4236921255176213e-05
76021018.981933594,76.021018981934,1.1987643869582028e-05,4.94429284345803e-05,3.4352688291455771e-05,2.6347686667100561e-05,4.0385918858445664e-05,2.318161593752829e-05
76021163.940429688,76.021163940430,1.3862398988397431e-05,5.3584888398458125e-05,3.2627298245569888e-05,2.6450349127836486e-05,4.0886709932068923e-05,2.229405510062249e-05
76021308.898925781,76.021308898926,1.2945049811726535e-05,4.0630927261461064e-05,2.4349043781316714e-05,2.6477988002432872e-05,4.320581767554683e-05,1.948743448358254e-05
76021453.857421875,76.021453857422,1.3850519586739351e-05,3.1020912164541706e-05,1.8786707613403107e-05,2.0681043138899077e-05,4.8402406434592425e-05,2.1582624648028687e-05
76021598.815917969,76.021598815918,1.3495718783956439e-05,3.2655208517611311e-05,3.0989769080930903e-05,1.9205794374322316e-05,4.3290270752908687e-05,2.5376163734567824e-05
76021743.774414062,76.021743774414,1.1502107061767728e-05,3.8437075407315908e-05,3.2566285378143879e-05,2.0116843757245423e-05,4.069477582829132e-05,1.9724384088593504e-05
76021888.732910156,76.021888732910,1.0007496157240426e-05,3.6415596242294073e-05,2.7899969987448691e-05,1.9602416553054057e-05,2.5458034814065126e-05,2.9012690409498221e-05
76022033.69140625,76.022033691406,1.0440936371689747e-05,3.1782943282550392e-05,2.7182764334457239e-05,2.0849449339261308e-05,3.2330704727926931e-05,2.4394373275880943e-05
76022178.649902344,76.022178649902,1.3957378571563826e-05,2.8803201955748544e-05,2.0381732741268554e-05,2.5675923487371633e-05,4.9114249207130827e-05,1.9088487465555257e-05
76022323.608398438,76.022323608398,1.3555048326499667e-05,3.1383522071199166e-05,2.6557796682791532e-05,2.6856538765787776e-05,4.6365069729916984e-05,2.0532318187443833e-05
76022468.566894531,76.022468566895,1.1432300297691749e-05,2.902116036205807e-05,2.8178877199481974e-05,2.2897883317499506e-05,4.4370413249721251e-05,1.8077519398165719e-05
76022613.525390625,76.022613525391,1.0102063047976978e-05,2.4830309152645969e-05,2.4126584375709077e-05,2.4796538884204476e-05,4.4535795703256295e-05,1.9829939789279749e-05
76022758.483886719,76.022758483887,7.3083102831576982e-06,2.819397410808421e-05,3.2182327728105536e-05,2.9999782743587281e-05,3.8337744626915408e-05,2.5973534914329438e-05
76022903.442382812,76.022903442383,1.0728048258592724e-05,3.2755842106203265e-05,2.8564000431890532e-05,3.0412696969176118e-05,4.4185615674633682e-05,2.3044478515549225e-05
76023048.400878906,76.023048400879,9.4017224372877643e-06,2.9766929427737792e-05,1.7717198948342206e-05,2.3750706899015179e-05,4.7139476222658656e-05,1.7349124960347496e-05
76023193.359375,76.023193359375,1.2409042896207385e-05,2.8330236887974316e-05,2.0709430547819332e-05,2.0717927717021055e-05,3.3749227954046086e-05,1.9549275494604043e-05
76023338.317871094,76.023338317871,1.1448911090994005e-05,2.5124377500198512e-05,2.3208385378293549e-05,2.8629548195711756e-05,2.6350328761838666e-05,1.9970972001984655e-05
76023483.276367188,76.023483276367,7.4619125540663236e-06,3.0309030782816008e-05,2.1217858385673319e-05,2.934751803105239e-05,3.2797640639431998e-05,2.0467682291870231e-05
76023628.234863281,76.023628234863,8.227843107714197e-06,2.7535823091995467e-05,1.746062476109607e-05,2.0723315412723071e-05,3.7604225090814404e-05,2.7283691087463775e-05
76023773.193359375,76.023773193359,1.1922181076553214e-05,2.7351373934606996e-05,1.9708022948259858e-05,2.0276714351855623e-05,4.0626025617563023e-05,2.9228075171597258e-05
76023918.151855469,76.023918151855,1.3017492449947068e-05,3.4934095888726214e-05,3.0812495718628339e-05,1.6663696027908289e-05,2.9553351411891289e-05,2.0191787808859866e-05
76024063.110351562,76.024063110352,9.6204340750460501e-06,4.0840328896151635e-05,3.4407101301351426e-05,1.8870012112986877e-05,3.7899801896179827e-05,2.1728068058250044e-05
76024208.068847656,76.024208068848,1.3083195611993475e-05,3.315745486513004e-05,3.6610359450163689e-05,1.998242398414194e-05,4.6738475848791487e-05,2.4912909361198841e-05
76024353.02734375,76.024353027344,1.3721002153247017e-05,3.7682112696790074e-05,3.0106862821933363e-05,2.2293475606449255e-05,4.4278202984977438e-05,1.0380575392482435e-05
76024497.985839844,76.024497985840,9.8660352804994438e-06,3.338702970536175e-05,3.2236017035101195e-05,2.5049640192810497e-05,4.2339196687478095e-05,1.6654328851210667e-05
76024642.944335938,76.024642944336,1.2015344607868096e-05,3.7710326286210388e-05,3.0057126723447386e-05,2.0277006045913169e-05,3.0943607702581797e-05,1.907550973498695e-05
76024787.902832031,76.024787902832,1.2019078809794058e-05,3.5919047838124134e-05,2.3791130145276483e-05,2.0391986682979686e-05,3.8633949310914919e-05,2.2124474220579492e-05
76024932.861328125,76.024932861328,9.3621127522428429e-06,2.4131899782998553e-05,2.7814566469052348e-05,2.7594189139023203e-05,4.1204895333456565e-05,1.7829041792670011e-05
76025077.819824219,76.025077819824,1.0129347184506138e-05,2.8860093847951079e-05,3.6339030593694908e-05,3.2450638894553787e-05,3.5648342309003112e-05,2.5353011511159396e-05
76025222.778320312,76.025222778320,7.2065591214066156e-06,3.2371665901036954e-05,2.6817484943424041e-05,2.6296023406240894e-05,4.0824163015158217e-05,2.5487225299390548e-05
76025367.736816406,76.025367736816,7.6539716240835508e-06,3.3774545377059864e-05,2.5503874770306237e-05,2.309623975339683e-05,4.5179843579292197e-05,2.2713212187581285e-05
76025512.6953125,76.025512695312,1.1725942840733616e-05,3.8538231809579069e-05,3.0063718995367563e-05,2.0604151107690537e-05,4.8159179662830875e-05,2.0834979867519312e-05
76025657.653808594,76.025657653809,1.2878840462696832e-05,3.4255727432420909e-05,2.5633752215528486e-05,2.47784085325233e-05,4.7426357673024082e-05,1.9540664493304405e-05
76025802.612304688,76.025802612305,1.1722505053671738e-05,3.1901511038554388e-05,3.0558888585421418e-05,2.3051238165675885e-05,4.3254417478121649e-05,1.7347077149184439e-05
76025947.570800781,76.025947570801,1.2496090930166708e-05,3.3587357080735554e-05,2.9771769331309003e-05,2.1465493882496242e-05,4.5033529156546191e-05,1.9958274151887597e-05
76026092.529296875,76.026092529297,1.513083021334868e-05,2.4868019876397013e-05,1.8780813559628675e-05,1.8955739611228379e-05,4.8261359743488055e-05,1.7580909599949724e-05
76026237.487792969,76.026237487793,1.3355320064502511e-05,3.3259493517354446e-05,3.0615728282374034e-05,1.8568261935539521e-05,3.9863534158743293e-05,1.5333096038079582e-05
76026382.446289062,76.026382446289,1.2238899740919976e-05,5.0960603854648122e-05,3.4566784792933087e-05,2.524233879802824e-05,4.0148064596564896e-05,1.7367744581103247e-05
76026527.404785156,76.026527404785,1.2763852916485853e-05,3.581121031386497e-05,3.36826574450504e-05,2.7575760288024828e-05,3.4608157893562223e-05,2.2465566563008608e-05
76026672.36328125,76.026672363281,1.0869074077679485e-05,2.8540910216008239e-05,2.7931518140807062e-05,2.4701226170083654e-05,3.1235835090341796e-05,2.4983864786499238e-05
76026817.321777344,76.026817321777,1.3260032100773921e-05,2.7978368127336434e-05,2.9674232235627638e-05,2.2811825310499719e-05,3.5228456362170617e-05,2.4076657805082602e-05
76026962.280273438,76.026962280273,1.3384749933067273e-05,3.8762724407817422e-05,2.6534048367714362e-05,1.9838460411533631e-05,3.7103918606636965e-05,1.862921250807678e-05
76027107.238769531,76.027107238770,1.0259532577555903e-05,3.5722211343754137e-05,2.5286243597314932e-05,2.3729700956036988e-05,2.9671023341517973e-05,1.632736897613869e-05
76027252.197265625,76.027252197266,9.8856757231400173e-06,3.2872691129764489e-05,2.1017351474147342e-05,2.5453265013125809e-05,3.7645326780606673e-05,2.1062658498406481e-05
76027397.155761719,76.027397155762,8.740511651865879e-06,3.2149539453981336e-05,2.5634722122257961e-05,2.6619218370767646e-05,4.1542664340134983e-05,2.1768921054929065e-05
76027542.114257812,76.027542114258,1.0323808020779026e-05,3.4643022901146461e-05,2.4587409497341066e-05,2.4699437074406627e-05,4.207221179497293e-05,2.1874511061969048e-05
76027687.072753906,76.027687072754,9.785138461211157e-06,3.72440740130657e-05,2.2428279814232287e-05,2.5475919711313136e-05,3.2175244058355295e-05,1.5802817013318824e-05
76027832.03125,76.027832031250,1.0200763877719519e-05,3.4208289070125606e-05,2.6904308936860958e-05,2.5297268909484051e-05,2.957455889324358e-05,1.6475511708169395e-05
76027976.989746094,76.027976989746,1.173807934119471e-05,3.2242300048049856e-05,2.3645023895731021e-05,2.3646774705996789e-05,2.815517547376385e-05,1.6480944573967398e-05
76028121.948242188,76.028121948242,1.1962827239189347e-05,2.8957139339225715e-05,2.4688993369039266e-05,1.7732090173097917e-05,3.2452409790645319e-05,2.0549816393216911e-05
76028266.906738281,76.028266906738,1.2227424297120272e-05,3.3185548408646174e-05,2.7696059949951321e-05,1.8968118837846965e-05,4.2164876209742964e-05,2.6842848640297729e-05
76028411.865234375,76.028411865234,1.5041399959123889e-05,2.8801314752204292e-05,2.923748250590152e-05,2.6862106853823673e-05,4.410565960210419e-05,2.912589290224103e-05
76028556.823730469,76.028556823730,1.6501330742184088e-05,2.758798980012775e-05,3.2205638319890184e-05,2.5458487815358118e-05,4.1151023591445637e-05,1.9102314430931359e-05
76028701.782226562,76.028701782227,1.3680161245327641e-05,2.4261103154630471e-05,3.0604947218148522e-05,2.7808722533478146e-05,3.2694923802113171e-05,1.931060495245754e-05
76028846.740722656,76.028846740723,1.0056629579949404e-05,2.8213406963869643e-05,2.9778673523391036e-05,1.7085543486549842e-05,2.7980592266912376e-05,1.98249181218488e-05
76028991.69921875,76.028991699219,1.124578425662405e-05,2.8743756360269944e-05,2.340916895751579e-05,2.3994462545547218e-05,3.0193218043987759e-05,2.3950845473901223e-05
76029136.657714844,76.029136657715,1.0126236982223531e-05,2.9282416622201014e-05,2.4772291145229659e-05,2.777080755215114e-05,2.7933013176312097e-05,2.5428993509524407e-05
76029281.616210938,76.029281616211,1.0518659545154001e-05,3.5375431910869617e-05,2.1313468787445166e-05,2.2692935138117768e-05,2.7482415660868669e-05,2.092573079142886e-05
76029426.574707031,76.029426574707,1.2910292087942644e-05,3.168125339054849e-05,2.4127534922149983e-05,3.1833525940288071e-05,2.9516857138741524e-05,2.0903817389407752e-05
76029571.533203125,76.029571533203,1.0558753919940052e-05,2.9180949429225457e-05,2.8307550423300765e-05,2.3233451165155588e-05,3.0666845718696403e-05,1.8881427997483721e-05
76029716.491699219,76.029716491699,8.8841776602205312e-06,3.7387342585530141e-05,2.5407372134692594e-05,1.6424397022404248e-05,3.713676856836202e-05,2.6260562057383684e-05
76029861.450195312,76.029861450195,8.8158469884717763e-06,3.5331218127481021e-05,3.5696986749223013e-05,1.7359521468547679e-05,4.2132181930013314e-05,3.0477935211407214e-05
76030006.408691406,76.030006408691,1.1410391298469388e-05,3.0708321535062191e-05,3.4131488041176403e-05,2.0034160592534213e-05,4.1873176167220701e-05,1.9618014977750882e-05
76030151.3671875,76.030151367188,1.1551519783124387e-05,3.6542772966205945e-05,2.4995668999635136e-05,1.8433079359071744e-05,3.4409314838317928e-05,2.1639262028806165e-05
76030296.325683594,76.030296325684,1.2633262311330701e-05,3.4659114368702701e-05,2.2721715018265395e-05,1.8157403371583008e-05,4.7661465784907982e-05,2.73876666462745e-05
76030441.284179688,76.030441284180,1.1583343104952702e-05,3.1868944710252511e-05,2.3212365937273194e-05,2.181504311886836e-05,5.0739079540529474e-05,1.9297643864471107e-05
76030586.242675781,76.030586242676,1.5332726619748472e-05,3.0215478905269961e-05,1.9838499959338427e-05,2.2288000844748409e-05,3.8106101870991485e-05,1.9982946908669733e-05
76030731.201171875,76.030731201172,1.3368186642049529e-05,2.6294463112762626e-05,1.7176745698458832e-05,2.0103319646893898e-05,4.344060323153542e-05,2.5332067090883922e-05
76030876.159667969,76.030876159668,9.9536520598393655e-06,2.7472833949022784e-05,2.094063871978533e-05,2.115120131315953e-05,5.4748802887805988e-05,2.4219885241356398e-05
76031021.118164062,76.031021118164,9.9574969813767009e-06,3.9289623115837502e-05,2.1040795964234961e-05,2.6204816773939046e-05,4.805179457726735e-05,2.0324433284645092e-05
76031166.076660156,76.031166076660,1.1540275905454311e-05,3.1861063719031433e-05,2.2200186063268167e-05,2.6133938627599235e-05,4.1030120658947526e-05,2.1186182059671141e-05
76031311.03515625,76.031311035156,9.3973982499223858e-06,2.2791843445977106e-05,2.6726403220457892e-05,2.2177492976462242e-05,3.2624346892327124e-05,2.6842613882813369e-05
76031455.993652344,76.031455993652,1.2113102553599101e-05,2.4117710311778495e-05,2.3902772336183922e-05,2.3263317052255219e-05,3.2566089134064238e-05,2.6552753993268265e-05
76031600.952148438,76.031600952148,1.2150232533708523e-05,3.217241242580373e-05,3.4496716654143028e-05,2.5007794047582094e-05,4.8440871054976504e-05,2.1648683600597112e-05
76031745.910644531,76.031745910645,1.1872509628398605e-05,8.2543676440369429e-05,8.1355777129034243e-05,4.9737480390001001e-05,5.9245108901500305e-05,1.7913788106053633e-05
76031890.869140625,76.031890869141,1.1069227115674432e-05,5.3673404960494431e-05,6.4222931640624479e-05,4.2558235871774249e-05,3.5588397923448212e-05,1.9161110446616074e-05
76032035.827636719,76.032035827637,9.6951883207422972e-06,2.9140037399988023e-05,2.7633968407816029e-05,1.8642186002003468e-05,2.7239373522257881e-05,1.8755277761271295e-05
76032180.786132812,76.032180786133,7.7993539841366427e-06,3.5308687912989255e-05,2.5374110871860529e-05,2.0722396171499217e-05,4.003427110135636e-05,1.679881180350518e-05
76032325.744628906,76.032325744629,1.1044365431404898e-05,2.8489290963172367e-05,1.9450754559715463e-05,2.0651277149829544e-05,3.5747193491234369e-05,2.0583455526799548e-05
76032470.703125,76.032470703125,1.2861005350221049e-05,3.4548061516625698e-05,2.5889284048341094e-05,1.8009008353522016e-05,3.8837235292363475e-05,2.6215046791263178e-05
76032615.661621094,76.032615661621,1.134690666940566e-05,3.781087761448896e-05,3.7921759737711793e-05,1.7556830224012662e-05,3.6029619725934819e-05,1.8809198703288892e-05
76032760.620117188,76.032760620117,1.1298650536818507e-05,2.5855626201589726e-05,3.5093481141602747e-05,2.2281162376032917e-05,4.422951315844726e-05,1.6005309641715432e-05
76032905.578613281,76.032905578613,1.0589291389138587e-05,4.3220413574794958e-05,3.4999651786201246e-05,2.4109579838412926e-05,4.4950209522949028e-05,2.3894988162241919e-05
76033050.537109375,76.033050537109,1.1840943366595763e-05,4.5484338372525922e-05,2.8779708882587792e-05,2.7569916637967197e-05,4.1170248778399899e-05,2.2870711629448301e-05
76033195.495605469,76.033195495605,1.4440676648761228e-05,3.4994211331717185e-05,2.5099984614953733e-05,2.4315088850895252e-05,4.9674964926652428e-05,2.2282715691232685e-05
76033340.454101562,76.033340454102,1.4592447097593513e-05,4.0496756680235139e-05,2.422313287770629e-05,2.003470806059825e-05,3.6383790547271858e-05,2.3384902252496218e-05
76033485.412597656,76.033485412598,1.1035379340282124e-05,4.1666626366597557e-05,3.0665851862643094e-05,2.2016803587230176e-05,3.6750389063723037e-05,2.003632943965241e-05
76033630.37109375,76.033630371094,1.2809078342059257e-05,2.8288918914232007e-05,3.0404680867653482e-05,2.3684599771298841e-05,4.8897457363656662e-05,2.2667475702427185e-05
76033775.329589844,76.033775329590,1.4450815441571847e-05,3.0622531443257673e-05,3.0714502158041838e-05,2.2466980374158765e-05,4.0389121369484228e-05,2.5856631876107825e-05
76033920.288085938,76.033920288086,1.2316376478753658e-05,2.9539989998837387e-05,3.2658278456979471e-05,1.8309403581927989e-05,4.1040911583584944e-05,2.1581465133449659e-05
76034065.246582031,76.034065246582,1.1173391379895399e-05,2.4776868026549966e-05,3.0555563419529545e-05,2.2739292675524888e-05,3.493232489685654e-05,1.913437120405731e-05
76034210.205078125,76.034210205078,8.8823225001067172e-06,3.5546400590208271e-05,1.960999163565171e-05,2.2331828157694687e-05,3.1848111027997794e-05,2.1248796557729601e-05
76034355.163574219,76.034355163574,1.1888645095508899e-05,4.5433346099779902e-05,1.7629409211759391e-05,1.8320922016803507e-05,3.2336446671531512e-05,1.7195641011229767e-05
76034500.122070312,76.034500122070,1.272199833279011e-05,3.2668100650712333e-05,2.552063233051878e-05,1.8440362704653126e-05,4.0510194704994047e-05,2.0693544511922923e-05
76034645.080566406,76.034645080566,1.5287499141635381e-05,3.4182512495163006e-05,2.7849446816180928e-05,1.9889583440629328e-05,3.0531799640416873e-05,2.0785835892527228e-05
76034790.0390625,76.034790039062,1.2783134338862096e-05,3.4149599902436783e-05,2.4900908434880961e-05,1.9752136291091504e-05,3.0152339257846444e-05,1.7859572626956221e-05
76034934.997558594,76.034934997559,7.9049540547092081e-06,2.9088479781520479e-05,2.9853023064873664e-05,2.0597101072351141e-05,2.5402255734913221e-05,2.3203602536918747e-05
76035079.956054688,76.035079956055,8.9376504847546254e-06,3.8266979003291218e-05,2.4096575045037694e-05,1.7624924514152116e-05,3.1362779299801362e-05,2.4524103901046069e-05
76035224.914550781,76.035224914551,9.7210252520616304e-06,3.6520511393955614e-05,2.4921800222887354e-05,1.8926162825975642e-05,4.1749578456147975e-05,2.941014249617538e-05
76035369.873046875,76.035369873047,9.591434646558015e-06,3.775983194028799e-05,1.8392932884283632e-05,2.0719047076540531e-05,4.2472816773684361e-05,1.7981428059731185e-05
76035514.831542969,76.035514831543,1.1266273495935235e-05,3.3409117765091324e-05,2.6134164069020869e-05,2.8963576471000357e-05,3.0344018565956477e-05,2.4110723173971656e-05
76035659.790039062,76.035659790039,9.4956969198274808e-06,4.0279417266234143e-05,3.1884156898994355e-05,1.9368767205281592e-05,3.5058369985422909e-05,2.8806960190846445e-05
76035804.748535156,76.035804748535,9.5073218799773387e-06,3.6834696911072471e-05,2.1506931354146441e-05,2.1614714662736965e-05,4.4334202945251254e-05,2.751760159383164e-05
76035949.70703125,76.035949707031,1.1170942903966665e-05,3.7579601455865127e-05,2.1094600376233082e-05,2.9176067204197102e-05,4.3076379994907731e-05,2.8768692514011681e-05
76036094.665527344,76.036094665527,1.2356374825024019e-05,2.7972934670041307e-05,2.432904699748731e-05,2.9667867134262261e-05,4.8805553676822216e-05,2.4377912337809833e-05
76036239.624023438,76.036239624023,1.5530684326509812e-05,2.1109996043766577e-05,2.8720839804303762e-05,2.753106222853895e-05,3.214140264598581e-05,2.9242488156835608e-05
76036384.582519531,76.036384582520,1.624393998956236e-05,2.9378120033741727e-05,2.579307534008713e-05,2.1497315560001948e-05,3.1409582310470531e-05,2.3924008659758522e-05
76036529.541015625,76.036529541016,1.2722892521662716e-05,2.8320642269673806e-05,3.4134677210403317e-05,2.2596862054973766e-05,3.6276197870993756e-05,1.9919243977655082e-05
76036674.499511719,76.036674499512,8.9616408536878413e-06,2.6853855886634733e-05,2.5000254189451901e-05,2.1661535027892465e-05,3.2204792305452934e-05,2.4668576345724741e-05
76036819.458007812,76.036819458008,1.2277026169168086e-05,2.6560898083349966e-05,2.6004709150218955e-05,2.0375030420978681e-05,3.3394003683003676e-05,2.9058115642170863e-05
76036964.416503906,76.036964416504,1.2030549373851651e-05,3.6163343055137153e-05,3.0319580865841025e-05,1.596059731990063e-05,4.4478955714868854e-05,2.5171886169647151e-05
76037109.375,76.037109375000,1.2379674539852165e-05,3.1305412904422356e-05,2.5379509849328726e-05,2.1418545664538074e-05,4.6309674921759377e-05,1.8758985976937285e-05
76037254.333496094,76.037254333496,9.2552118653609522e-06,3.1201586500695376e-05,2.3208406247346749e-05,2.0708315374462218e-05,3.863745588147177e-05,2.2619562038097098e-05
76037399.291992188,76.037399291992,8.4688373788470245e-06,3.0876941235413747e-05,2.2272863805963739e-05,2.3354771203167354e-05,2.8037168742787734e-05,2.5694099724661395e-05
76037544.250488281,76.037544250488,1.1724297057867135e-05,3.0155676471908683e-05,2.1877388707724822e-05,1.6776782706698005e-05,2.8721762564628577e-05,2.027884468482585e-05
76037689.208984375,76.037689208984,1.276521861833015e-05,3.0703972796045094e-05,2.3014321243695111e-05,1.6401503645302344e-05,2.5842393102358517e-05,2.2882341985139462e-05
76037834.167480469,76.037834167480,1.0858713602955925e-05,3.7195948179352646e-05,2.1738312047934656e-05,2.0013518833714865e-05,2.3160972439551303e-05,2.009429597649444e-05
76037979.125976562,76.037979125977,1.1421297655651389e-05,2.7099125708111278e-05,2.5525789627260056e-05,2.0620171683386216e-05,2.9372905093391523e-05,2.1236147196581304e-05
76038124.084472656,76.038124084473,1.3018595046133857e-05,3.1153932362164733e-05,2.6770139347968205e-05,1.9717252563319367e-05,3.2406223985757067e-05,2.3630367493425491e-05
76038269.04296875,76.038269042969,1.4761814668402948e-05,3.1171653662809431e-05,2.9279292123128755e-05,2.2147253754899319e-05,3.1519265499769875e-05,2.4159909532444345e-05
76038414.001464844,76.038414001465,1.3376218709385421e-05,3.2402205572357137e-05,1.8621606649596338e-05,2.8113948774028411e-05,3.4529625527930094e-05,1.759148001472058e-05
76038558.959960938,76.038558959961,1.0595588966625008e-05,2.9657443762693446e-05,2.0228682192934704e-05,1.9818062975721411e-05,2.9540781496030349e-05,1.7528674495393761e-05
76038703.918457031,76.038703918457,9.5387424280080426e-06,3.4132572423640719e-05,2.9505145687413091e-05,2.0163266637435608e-05,4.6465250877218227e-05,2.0398629104888623e-05
76038848.876953125,76.038848876953,1.009803407165357e-05,2.7066602311215722e-05,2.6092448998971416e-05,2.6112313827211756e-05,5.6437131879217936e-05,2.0540631322446764e-05
76038993.835449219,76.038993835449,1.0244019479153339e-05,3.3490770463097658e-05,2.7520315276368686e-05,2.8244809153505452e-05,4.9052718316988563e-05,2.1235199558555061e-05
76039138.793945312,76.039138793945,9.2968107459316956e-06,4.016951769191939e-05,3.244821661433595e-05,2.3662329272502183e-05,4.3375789746304022e-05,2.2418578775868609e-05
76039283.752441406,76.039283752441,8.9561272815481589e-06,3.5594168224635196e-05,2.887013177797999e-05,2.5194725935461533e-05,3.9561057360167034e-05,2.9965868472289972e-05
76039428.7109375,76.039428710938,1.2095181759913125e-05,3.4651992119797033e-05,2.2574445318275362e-05,2.0749949824883117e-05,4.4036555712815787e-05,2.9477027116045106e-05
76039573.669433594,76.039573669434,1.5745235725703838e-05,3.7926697190514138e-05,2.1773020234220457e-05,1.9619651322259188e-05,4.5259920645149405e-05,2.4822399623065298e-05
76039718.627929688,76.039718627930,1.7509367122136698e-05,3.1692993357563904e-05,1.8586171600908248e-05,2.6817003054647993e-05,4.0984838969058965e-05,2.0555725568377494e-05
76039863.586425781,76.039863586426,1.8802191431030635e-05,3.0433191813431378e-05,2.2532763657678831e-05,2.1903745754976073e-05,3.5067437698509423e-05,1.9490448483044611e-05
76040008.544921875,76.040008544922,1.4278650513013994e-05,3.8769862873187352e-05,2.662346280436269e-05,2.1572980021460712e-05,3.7442424408155387e-05,2.2376875278682799e-05
76040153.503417969,76.040153503418,6.2565307863570013e-06,3.5202525197349213e-05,2.6648011307774114e-05,2.6852085246871268e-05,3.9617216448477404e-05,2.7981566895115793e-05
76040298.461914062,76.040298461914,9.3373770280715834e-06,3.7789617357210587e-05,2.9016482054862602e-05,2.3023118399102039e-05,4.1571976166651614e-05,2.2977509769196006e-05
76040443.420410156,76.040443420410,1.0929195928229459e-05,4.3087314922027471e-05,2.3893803001145554e-05,2.010077366565775e-05,4.4276471260939392e-05,2.5898925144933868e-05
76040588.37890625,76.040588378906,1.2206621811965973e-05,3.4340352668162292e-05,2.2864855181328177e-05,2.468338467132402e-05,4.1188125072114001e-05,2.6254721582815614e-05
76040733.337402344,76.040733337402,1.1210685136943742e-05,3.267945381022245e-05,2.3234182836115112e-05,2.0223043532501899e-05,3.1460710195455308e-05,2.2526881001733593e-05
76040878.295898438,76.040878295898,1.2642886527433371e-05,3.2051132105802191e-05,2.4105268627102659e-05,1.7998694457211083e-05,3.7102912258714863e-05,1.7463873811718822e-05
76041023.254394531,76.041023254395,1.1363054250562087e-05,3.574425105804534e-05,2.1424751613595957e-05,2.3156626115546335e-05,3.3632185616171534e-05,2.1487223127239158e-05
76041168.212890625,76.041168212891,9.4443417529921333e-06,3.3095070541323753e-05,2.4306392902513656e-05,2.4595094480342835e-05,3.4336905212485628e-05,2.3362904511083099e-05
76041313.171386719,76.041313171387,1.004489016987715e-05,3.8244647803279892e-05,2.7968323681018526e-05,2.3536632607671924e-05,4.3270571999685516e-05,2.1820543440864914e-05
76041458.129882812,76.041458129883,1.1217381122954695e-05,3.2653237011587325e-05,2.3871650044462711e-05,2.2998790779140343e-05,4.2455039201782959e-05,2.0747533946356594e-05
76041603.088378906,76.041603088379,1.1428762548340047e-05,2.610376493488897e-05,2.1512526822063895e-05,2.0662710014608464e-05,3.8887884424924622e-05,1.8307932666891905e-05
76041748.046875,76.041748046875,1.1180044080095898e-05,3.156428916713823e-05,2.1882641367678444e-05,1.8076358053066865e-05,3.079105931949161e-05,2.2426969883919307e-05
76041893.005371094,76.041893005371,1.1967524666841696e-05,3.3189744040882247e-05,2.9768999226179613e-05,2.7530739789877062e-05,3.8840026451315064e-05,2.1935364221174816e-05
76042037.963867188,76.042037963867,1.1569259178333831e-05,3.5212017082810489e-05,3.0065434487968269e-05,2.5423485840825216e-05,5.5589659778535041e-05,1.9078380203962378e-05
76042182.922363281,76.042182922363,1.2763477849288321e-05,3.9723518148737104e-05,2.3238056014117532e-05,2.5921416160417889e-05,5.9704037428258175e-05,1.6986613490204218e-05
76042327.880859375,76.042327880859,1.053493536355966e-05,3.2843471397201686e-05,2.2999743523463628e-05,2.0921967909989698e-05,4.3817038401330453e-05,1.9694640690347707e-05
76042472.839355469,76.042472839355,1.1243767955698593e-05,2.9199712619596568e-05,2.150699273839093e-05,2.0241681299854069e-05,4.3413868236075042e-05,2.2649314630839766e-05
76042617.797851562,76.042617797852,1.2062123360891352e-05,3.3039079100715893e-05,2.2598690794202195e-05,1.9668521566986434e-05,3.9637891844839922e-05,2.5238780144947244e-05
76042762.756347656,76.042762756348,8.2609946912877283e-06,3.2234706427710914e-05,2.4952765544267458e-05,2.2287621545723467e-05,4.234583023271915e-05,2.4033527423173178e-05
76042907.71484375,76.042907714844,1.3066861744898889e-05,2.825956253582944e-05,2.5457359794255862e-05,1.8525260770708849e-05,2.6995146750191831e-05,2.0106402594679603e-05
76043052.673339844,76.043052673340,1.0156268924920033e-05,3.1300336730240447e-05,2.505932178686427e-05,2.0744292751337125e-05,2.7928889187512433e-05,2.3248957897390695e-05
76043197.631835938,76.043197631836,8.6753521961499848e-06,3.132086872750125e-05,2.9645960386220252e-05,2.5516391271371061e-05,4.7835936536293238e-05,2.6628260062441342e-05
76043342.590332031,76.043342590332,1.0776052255323325e-05,2.6425533825708612e-05,2.7753264525200308e-05,2.5245564803149755e-05,3.4925999015257301e-05,1.989390295850425e-05
76043487.548828125,76.043487548828,1.2162971072718342e-05,2.5529117530730427e-05,2.1267580601951535e-05,2.0515300311592867e-05,3.5721150235594844e-05,1.9363120093117411e-05
76043632.507324219,76.043632507324,1.2835262735031807e-05,3.7304813682811878e-05,2.5762060683684089e-05,1.9622743003865874e-05,3.9475639264723761e-05,2.2794049599188847e-05
76043777.465820312,76.043777465820,1.388496226228491e-05,4.5724091007300211e-05,2.512200294904476e-05,1.9977776887508567e-05,3.3344412862520123e-05,2.1063492986800906e-05
76043922.424316406,76.043922424316,1.2454509384977312e-05,4.1702907369988643e-05,2.25447654220891e-05,2.1685891670471647e-05,4.1330610470957313e-05,2.4903912655296401e-05
76044067.3828125,76.044067382812,1.3065653618778433e-05,3.212600191491368e-05,2.225033170717616e-05,2.4175690152670505e-05,4.1559524194755826e-05,1.811993341731668e-05
76044212.341308594,76.044212341309,1.6334833785330997e-05,2.7816679480203093e-05,3.2166739641649655e-05,2.4531304517728704e-05,2.5531678580097427e-05,2.2333858442577573e-05
76044357.299804688,76.044357299805,1.3973155441195919e-05,3.3547102837435544e-05,2.4389016507630857e-05,2.1671549826366056e-05,3.2574260380307868e-05,2.3919920494708267e-05
76044502.258300781,76.044502258301,1.4095057576832092e-05,3.3989514902332539e-05,2.3855348978888564e-05,1.6179188122172376e-05,3.9709211610418447e-05,2.1705256624829158e-05
76044647.216796875,76.044647216797,1.016920313866193e-05,3.13313915843807e-05,2.7263760991815993e-05,1.8162785766841991e-05,5.1912270833189406e-05,1.804264273844e-05
76044792.175292969,76.044792175293,8.3368926290748184e-06,2.6083828670919347e-05,2.7599973418126538e-05,2.8275094903668799e-05,3.9155132638074407e-05,1.5762576701705751e-05
76044937.133789062,76.044937133789,1.2074785064775609e-05,3.1697901217156699e-05,3.0873285174102798e-05,2.9790508292041575e-05,3.2761755839667547e-05,1.4617753923204e-05
76045082.092285156,76.045082092285,1.2323114157099745e-05,3.0470872765743151e-05,2.7005765919341062e-05,2.1546627996081563e-05,3.605422380615217e-05,1.6946929914084812e-05
76045227.05078125,76.045227050781,9.8181971273141719e-06,3.5778059229232211e-05,2.9044423237539804e-05,2.4172308308257469e-05,5.1037168934456118e-05,1.8567683362581569e-05
76045372.009277344,76.045372009277,1.1530517044566395e-05,3.1736663069315392e-05,2.9089259995938125e-05,1.6259635098521731e-05,4.8147368801511369e-05,2.4075554441306867e-05
76045516.967773438,76.045516967773,1.4464912196398396e-05,2.9102870230727635e-05,2.8640286494116401e-05,1.7889434056959051e-05,3.101202082265076e-05,2.7508595650317456e-05
76045661.926269531,76.045661926270,1.4446720449439627e-05,3.1417626542118549e-05,2.2373230009891129e-05,2.2062114069303682e-05,3.6427998982030611e-05,3.0364723973161907e-05
76045806.884765625,76.045806884766,1.0510040578484767e-05,3.078481370444836e-05,2.2196465217802414e-05,2.5277362681793518e-05,3.2479505088488909e-05,2.7673133542950641e-05
76045951.843261719,76.045951843262,9.3514329536797409e-06,3.198298101073431e-05,1.6849226746307502e-05,2.9994793505858915e-05,3.8604811880777985e-05,1.9822054508702881e-05
76046096.801757812,76.046096801758,8.2137015074007706e-06,3.6248644164246042e-05,2.9749861115107561e-05,2.1626924100236815e-05,3.8710083312094637e-05,1.3863679604497746e-05
76046241.760253906,76.046241760254,6.9647980785716098e-06,3.9612369546246325e-05,3.5036131386324144e-05,2.0033540244584501e-05,3.7821346793468998e-05,1.5047548972155478e-05
76046386.71875,76.046386718750,9.9887335650235715e-06,3.1859690524878205e-05,6.0861897045698951e-05,1.3784975490780835e-05,3.6375310440346779e-05,1.989911028008265e-05
76046531.677246094,76.046531677246,1.0348513338981078e-05,3.6567803832480495e-05,3.994480502303203e-05,2.1698411217858262e-05,3.0203935080950661e-05,2.6501227531789528e-05
76046676.635742188,76.046676635742,8.6109567681693491e-06,4.7278582293351297e-05,2.7492740911845538e-05,3.0169415669993948e-05,3.2589311594536688e-05,2.1094574361977374e-05
76046821.594238281,76.046821594238,1.0523116728642476e-05,4.1618632070704336e-05,3.3265159575734409e-05,2.9247587720957181e-05,3.8291203910592096e-05,2.4711096868984518e-05
76046966.552734375,76.046966552734,1.5438805612892345e-05,2.8640750265873361e-05,2.367843757894058e-05,2.2687182385618975e-05,3.6400977822924739e-05,3.2019069670049724e-05
76047111.511230469,76.047111511230,1.400957851662363e-05,2.6294569000530201e-05,2.0599948539605778e-05,2.7400449574778628e-05,3.8816678451790939e-05,2.6712331649275535e-05
76047256.469726562,76.047256469727,1.1186343756660265e-05,3.1116106055640505e-05,2.4390662137894883e-05,1.7477092391514502e-05,3.147913587252127e-05,3.2629960518839788e-05
76047401.428222656,76.047401428223,1.2834919746228474e-05,3.1216208012118713e-05,2.3897501105260268e-05,2.6515376772609046e-05,3.4229194391826611e-05,2.6833019926781622e-05
76047546.38671875,76.047546386719,1.2322372343921932e-05,3.6960451563520563e-05,1.9628373184385682e-05,2.4078255445502e-05,4.2452796836361576e-05,2.69079113028904e-05
76047691.345214844,76.047691345215,1.2089917514085338e-05,3.2975412990237381e-05,2.9556487234888574e-05,2.4650899703459343e-05,4.0754603435706097e-05,2.4948404804221199e-05
76047836.303710938,76.047836303711,1.378540091989773e-05,3.1588109769823524e-05,4.0026178446802222e-05,2.4576961343075051e-05,4.3724774669348231e-05,2.707382073554625e-05
76047981.262207031,76.047981262207,1.0701281758076466e-05,2.5408311559539667e-05,2.8979078118831707e-05,1.8605663880296493e-05,4.3406449339788784e-05,2.2872260919828614e-05
76048126.220703125,76.048126220703,1.0278558666848204e-05,3.2281787511225052e-05,2.1877038808508928e-05,1.8337910532076695e-05,2.949060063752101e-05,1.9995421223113261e-05
76048271.179199219,76.048271179199,8.6612127212558057e-06,3.9979530519409996e-05,2.0620759473718191e-05,1.978013107718384e-05,4.1426262476283566e-05,1.6725061727242705e-05
76048416.137695312,76.048416137695,9.989710701077667e-06,2.9240436973056228e-05,2.6845814423857287e-05,2.049719066025685e-05,4.7996842249488102e-05,1.4687910168239076e-05
76048561.096191406,76.048561096191,1.067516712897332e-05,3.0373216157012962e-05,2.8124690050517497e-05,1.9812394324282248e-05,3.097761789418824e-05,1.805086342139062e-05
76048706.0546875,76.048706054688,1.3131304842788211e-05,2.899504364447088e-05,2.3015807011298335e-05,1.9811459579176121e-05,2.669170754721541e-05,2.7181540926662064e-05
76048851.013183594,76.048851013184,1.7156729959174011e-05,2.4340450344244349e-05,2.3632524505183067e-05,2.2030756964639534e-05,3.3012251951917271e-05,2.9772652337595548e-05
76048995.971679688,76.048995971680,1.8156535333539068e-05,2.7048068047752514e-05,1.654540896306336e-05,2.4788340913087918e-05,4.3482874342564409e-05,2.6268801569157759e-05
76049140.930175781,76.049140930176,1.3830939788334887e-05,3.2344163095284301e-05,2.0057486731168738e-05,2.1900598840798005e-05,4.3527184889995585e-05,2.1978342119099711e-05
76049285.888671875,76.049285888672,1.0662034787832866e-05,4.2211904049045145e-05,2.3897654595006839e-05,2.0644859083750207e-05,4.704539319003999e-05,2.884612847689333e-05
76049430.847167969,76.049430847168,9.7517525572777812e-06,4.3249143542495129e-05,2.2128554448672859e-05,2.3314532282811036e-05,3.6692142480058778e-05,2.8189945984618442e-05
76049575.805664062,76.049575805664,7.6010733226125932e-06,3.2693304465583157e-05,3.0773722145341801e-05,1.9344367523175809e-05,2.7042582920672191e-05,1.5925731650484343e-05
76049720.764160156,76.049720764160,8.1053302346134936e-06,2.8262807532566991e-05,2.6344068362061858e-05,1.4991988504136614e-05,3.0011367349871348e-05,2.0818901324231769e-05
76049865.72265625,76.049865722656,1.0140604860336972e-05,2.4571916367057724e-05,2.6331620809315185e-05,2.4054746345491723e-05,3.5128594787983039e-05,1.9671779201078984e-05
76050010.681152344,76.050010681152,9.783330670885709e-06,2.3995936940876798e-05,3.1143757973468763e-05,2.7398510670514533e-05,3.8748117900251657e-05,2.3104712810020069e-05
76050155.639648438,76.050155639648,1.1802983330087796e-05,3.2333547628860862e-05,2.4025196191192074e-05,2.6834878742230526e-05,4.8310895175564531e-05,2.2505647607682977e-05
76050300.598144531,76.050300598145,1.3147562478891666e-05,4.1212901005934356e-05,2.7577093022728758e-05,2.944990873387418e-05,5.4443028212531832e-05,2.5494074537891511e-05
76050445.556640625,76.050445556641,1.2692494454457453e-05,3.9222577906256634e-05,2.6225510057511374e-05,2.4226980410209182e-05,4.4657210125709451e-05,2.5568775170022318e-05
76050590.515136719,76.050590515137,9.6588780058444373e-06,3.6920030171054781e-05,2.6795644551893175e-05,2.4995165867547542e-05,4.1884362723507033e-05,2.4269153750912935e-05
76050735.473632812,76.050735473633,1.1264991915198642e-05,3.3946699147257419e-05,2.6491140430548457e-05,3.6703286508940078e-05,3.9247417273556689e-05,2.9111965957097255e-05
76050880.432128906,76.050880432129,1.4406414772070995e-05,3.3287900196361648e-05,2.6312703402951613e-05,2.7899283088670718e-05,2.8171566594086646e-05,2.1989996385896735e-05
76051025.390625,76.051025390625,1.3314562050704118e-05,3.5799220296686804e-05,2.1856188773474769e-05,2.4709179122524163e-05,4.0068419873562666e-05,1.8386413549085679e-05
76051170.349121094,76.051170349121,1.1218529486647962e-05,2.9922708056135366e-05,2.4639757026164892e-05,2.5813427568028463e-05,4.2417639627618575e-05,1.9978214337206686e-05
76051315.307617188,76.051315307617,1.1606476485612434e-05,2.1495879326541983e-05,3.1536153868985821e-05,2.3430040977360025e-05,3.1520413372970046e-05,1.8567980438007586e-05
76051460.266113281,76.051460266113,8.7768809500768542e-06,2.7296581355159533e-05,3.2049123225167169e-05,2.1672888861108654e-05,2.6915119325801436e-05,2.4739916564453426e-05
76051605.224609375,76.051605224609,9.8724669400321278e-06,2.8141140329564768e-05,2.7524760499872081e-05,1.8065789147611001e-05,3.101895768543316e-05,2.6468201116007089e-05
76051750.183105469,76.051750183105,1.188793562830999e-05,3.1282248862154858e-05,2.8920664407637395e-05,2.5877971399073857e-05,4.0586279084697193e-05,2.6518534965807109e-05
76051895.141601562,76.051895141602,1.5272781928864738e-05,3.4999874457675455e-05,2.2846681959261273e-05,2.474320975713161e-05,4.4600849804481809e-05,2.8382526938007246e-05
76052040.100097656,76.052040100098,1.5273856473006185e-05,4.2763411252994336e-05,1.9533512486664516e-05,1.5356837004468549e-05,4.1019835578428919e-05,2.4238700722349381e-05
76052185.05859375,76.052185058594,1.4179149266711609e-05,3.6015355773837121e-05,2.3586993127536928e-05,1.8738815816922863e-05,4.5834205707311172e-05,2.3759603779259944e-05
76052330.017089844,76.052330017090,1.1148098576168721e-05,3.8505441919751794e-05,2.2032865100918376e-05,1.9576157336401246e-05,4.2052119504219518e-05,2.9337057525258151e-05
76052474.975585938,76.052474975586,8.621186107845683e-06,4.8947051808143087e-05,3.2829904750122647e-05,1.9705771558191965e-05,4.3312252994477271e-05,2.501625260120415e-05
76052619.934082031,76.052619934082,8.0538143061490531e-06,3.9500114082168169e-05,3.3694016564418836e-05,2.3665058849357101e-05,3.6598686321469631e-05,2.1066585355159476e-05
76052764.892578125,76.052764892578,8.0722811348996483e-06,3.6964384226947026e-05,2.2390125009671049e-05,2.3003868558230909e-05,4.7841539519602515e-05,2.1769345475009268e-05
76052909.851074219,76.052909851074,8.4158369749701895e-06,2.9540547893239423e-05,2.356883060549462e-05,1.8289260259124822e-05,4.2675525604820376e-05,1.8808934977010656e-05
76053054.809570312,76.053054809570,1.0262660715305344e-05,3.9694670517314533e-05,2.5406850969149527e-05,1.468331144243629e-05,3.6414566482230394e-05,1.7356850788586644e-05
76053199.768066406,76.053199768066,1.5108870722681963e-05,4.3075744180071363e-05,1.7673173479625886e-05,2.1208649284886213e-05,3.1748095476836915e-05,1.6862200841304737e-05
76053344.7265625,76.053344726562,1.6784069322795619e-05,3.3249315833514621e-05,1.8316052626708562e-05,2.0744904968870816e-05,4.0682332490172846e-05,2.0289557744964486e-05
76053489.685058594,76.053489685059,1.578959727249237e-05,3.0961807984304419e-05,2.4122020478351511e-05,1.8348826848648203e-05,5.4373888363333256e-05,2.0191937180002098e-05
76053634.643554688,76.053634643555,1.3967125037941474e-05,3.7300057303298742e-05,2.4305883610665958e-05,2.2496876836563538e-05,4.3633070780376705e-05,1.7578310481133279e-05
76053779.602050781,76.053779602051,1.0663641588754973e-05,2.7260892453674306e-05,1.8182177989217345e-05,2.7447024297261506e-05,3.7335431417862522e-05,1.6944190326845053e-05
76053924.560546875,76.053924560547,1.2693646732473358e-05,2.5099558731789813e-05,1.9905518038039183e-05,2.3963071778230973e-05,4.163479165227853e-05,1.8350469670941267e-05
76054069.519042969,76.054069519043,1.3179857811409469e-05,3.3233231402203163e-05,2.5452009066561039e-05,1.8099735383095748e-05,4.4379443102071368e-05,2.708251021129095e-05
76054214.477539062,76.054214477539,1.1905247242559114e-05,3.650282969455353e-05,3.2636060212273438e-05,1.8026100573539128e-05,3.4636779389891288e-05,2.0978210662720871e-05
76054359.436035156,76.054359436035,1.232413454190607e-05,4.3518520812457999e-05,2.7948662052252343e-05,1.9912685098960454e-05,4.1227931596957505e-05,1.8545952951334925e-05
76054504.39453125,76.054504394531,1.2535367424919213e-05,3.451506777071532e-05,1.8792650191633941e-05,2.4314148051625343e-05,3.1026740133303296e-05,1.9801965097287313e-05
76054649.353027344,76.054649353027,8.2980897184093384e-06,3.5662483570944631e-05,2.3339488066020787e-05,2.7434417883315444e-05,2.841308093712394e-05,2.1118515662170679e-05
76054794.311523438,76.054794311523,1.3347258213156946e-05,3.661607039986762e-05,2.3993815860352769e-05,2.4453234445052555e-05,4.1851959000720072e-05,2.7602095371622164e-05
76054939.270019531,76.054939270020,1.3811009152303388e-05,3.1615301424859398e-05,2.8088117484158242e-05,2.4567161414313407e-05,5.4404275505722812e-05,2.8757363742109142e-05
76055084.228515625,76.055084228516,1.2374929808247354e-05,2.9662354713561808e-05,3.498722759677645e-05,2.4849227516493389e-05,4.9649279254604167e-05,2.6899086501566429e-05
76055229.187011719,76.055229187012,1.2286750819056881e-05,3.0757920238261099e-05,2.9429184500814565e-05,2.0572651970543517e-05,3.7532279343351231e-05,2.1619503363463413e-05
76055374.145507812,76.055374145508,1.0162563111803952e-05,3.7354981715726339e-05,2.1508520582200314e-05,2.2610728938858962e-05,2.745760101902172e-05,1.6185200594496348e-05
76055519.104003906,76.055519104004,1.1034091074063973e-05,4.415944755154273e-05,2.3893483136482078e-05,2.4507920275828359e-05,3.2989471461843204e-05,1.8022239066044685e-05
76055664.0625,76.055664062500,9.0605136336777057e-06,3.2681400219837463e-05,2.4864273078238751e-05,2.6006120262959992e-05,3.8885001764430098e-05,2.2504634846097661e-05
76055809.020996094,76.055809020996,8.5026838067868469e-06,2.8454154777696965e-05,2.3843166329076728e-05,2.2932525428026331e-05,3.6860413202435866e-05,2.2514817680502373e-05
76055953.979492188,76.055953979492,7.4196140967903448e-06,3.3362380450672041e-05,2.4663058970918685e-05,1.7787339726319078e-05,2.8405639632860644e-05,2.2669163387698315e-05
76056098.937988281,76.056098937988,1.0295506566700186e-05,3.2449304615402246e-05,2.4916958203394241e-05,2.702409841292066e-05,3.2612934254252986e-05,2.2606385667228083e-05
76056243.896484375,76.056243896484,1.5407810604494705e-05,3.9369953870793694e-05,1.8702097434354765e-05,2.5481221943307898e-05,3.9792233219202035e-05,2.7710856416878269e-05
76056388.854980469,76.056388854980,1.2877661392817925e-05,3.9472974036526089e-05,2.0047719808087975e-05,2.4730805874842029e-05,4.0124318186308882e-05,2.0969648956347409e-05
76056533.813476562,76.056533813477,1.1078938604900206e-05,3.9145965852176326e-05,2.3408432418649428e-05,3.3802575123270743e-05,3.195168706389414e-05,2.0681413099291144e-05
76056678.771972656,76.056678771973,1.1256354602340299e-05,4.6872476310139274e-05,2.9342304215004131e-05,3.6893301704585347e-05,3.2484083700659525e-05,2.3639899179705783e-05
76056823.73046875,76.056823730469,1.3808916276606694e-05,4.424538952755042e-05,3.2566430504260725e-05,2.8662648005410891e-05,4.6688855590861598e-05,1.7097961825054226e-05
76056968.688964844,76.056968688965,1.4770483178252633e-05,3.4242030066082187e-05,2.3184904544837345e-05,2.4629052382852543e-05,4.8352906778949454e-05,2.303172735761074e-05
76057113.647460938,76.057113647461,1.4646443229399319e-05,2.7101543236933756e-05,2.2663784374862939e-05,3.0075273250910545e-05,3.9943502573985053e-05,1.7937252125853023e-05
76057258.605957031,76.057258605957,1.1137624523654197e-05,2.4971952581266114e-05,2.9283661305537502e-05,2.8555307614198481e-05,3.3775916838511213e-05,2.1936373131038221e-05
76057403.564453125,76.057403564453,1.0617007030660276e-05,2.299640005696205e-05,2.5746679574287926e-05,2.222294700533527e-05,3.3781661994148789e-05,2.228991978487624e-05
76057548.522949219,76.057548522949,1.1107168543449183e-05,2.8246340239521145e-05,2.1945091704696395e-05,2.1813583273530724e-05,4.033327484426106e-05,1.8375549625013395e-05
76057693.481445312,76.057693481445,9.8323703649049384e-06,2.5589573533057538e-05,2.2958484247164383e-05,1.8584495338870199e-05,4.0264762676704417e-05,2.1636130433045625e-05
76057838.439941406,76.057838439941,1.0705411499203529e-05,2.7821377294325804e-05,2.2864140369522328e-05,2.038730327295911e-05,4.0815429759456498e-05,2.0327716090808612e-05
76057983.3984375,76.057983398438,1.3405136235396023e-05,2.7156387298738272e-05,2.4774297622148684e-05,2.1010966534108361e-05,3.5014544630803869e-05,1.6683108527762666e-05
76058128.356933594,76.058128356934,1.4475803940916198e-05,2.971474280639583e-05,2.7609578751130939e-05,1.8091856044134989e-05,3.4012469953154421e-05,2.0854272881194367e-05
76058273.315429688,76.058273315430,1.4719100317208853e-05,3.5301902941010704e-05,2.6160445287803199e-05,1.9375213875362611e-05,4.3286941185306827e-05,2.0192290542769076e-05
76058418.273925781,76.058418273926,1.3235364495582931e-05,3.6052006141348639e-05,2.3364825390571075e-05,2.4473426896400941e-05,4.2641621143040039e-05,2.0820346953576794e-05
76058563.232421875,76.058563232422,1.2349864314632746e-05,3.3284112774067044e-05,2.7550466728933837e-05,2.8500085336599618e-05,3.6817877662582981e-05,2.3768139540056342e-05
76058708.190917969,76.058708190918,1.0506145453014812e-05,4.7338501263714462e-05,2.6023358125369473e-05,1.7571016224764701e-05,3.1669399352769581e-05,2.7540367214211167e-05
76058853.149414062,76.058853149414,1.1038403318352414e-05,3.7124290577194019e-05,2.201369981157445e-05,2.1789384704602149e-05,3.0792992977898412e-05,2.1068008126206243e-05
76058998.107910156,76.058998107910,1.1437462158770003e-05,3.3904184494820428e-05,2.3623354935098501e-05,1.9433632943422577e-05,3.8106788791180218e-05,1.9654743334228309e-05
76059143.06640625,76.059143066406,1.6604370482001857e-05,2.795741015181492e-05,2.3422238039684467e-05,1.7025532462276887e-05,5.0036801907808928e-05,1.6205160473907378e-05
76059288.024902344,76.059288024902,1.533654135942225e-05,3.4692686470342727e-05,2.9661871910230074e-05,2.2614131232568609e-05,5.2476925754665049e-05,1.5346905590987018e-05
76059432.983398438,76.059432983398,1.2315252769402131e-05,4.7443960462543509e-05,2.7433999252134704e-05,2.5156821509028912e-05,4.2379648389045243e-05,1.6182177865637582e-05
76059577.941894531,76.059577941895,1.0012585274896027e-05,3.8006415598185838e-05,2.2808429226305109e-05,2.5025668744632558e-05,2.6078666748775281e-05,2.3457844410998809e-05
76059722.900390625,76.059722900391,1.3417166361177464e-05,3.8547994018113401e-05,2.4175055415515457e-05,3.2844129970636737e-05,2.7150916328219478e-05,2.2820285072116702e-05
76059867.858886719,76.059867858887,1.1275339191265825e-05,4.3117560406341098e-05,2.8667640019234606e-05,2.4883074704539601e-05,3.1578543385049658e-05,3.1858429890818729e-05
76060012.817382812,76.060012817383,9.9619142607738789e-06,3.2734206321995887e-05,2.8651271477470994e-05,1.6418043431641182e-05,3.6193284461983791e-05,2.5076893776465943e-05
76060157.775878906,76.060157775879,9.2315015424354685e-06,2.9008348647618477e-05,2.4743731770674509e-05,2.1112491121746082e-05,2.9809432019643433e-05,2.3794596034069427e-05
76060302.734375,76.060302734375,1.1453431243452139e-05,3.4879345405237319e-05,2.4906674901083375e-05,2.1160351961472263e-05,3.4788386987724112e-05,2.9341697510888189e-05
76060447.692871094,76.060447692871,1.3205263279644578e-05,3.639055460511404e-05,1.9770980119334514e-05,2.1155083144601999e-05,4.5797235583437492e-05,2.6443811962953786e-05
76060592.651367188,76.060592651367,1.2377256002461556e-05,2.8845429079067547e-05,2.7269879584409234e-05,1.6431501045540509e-05,4.5348581842373625e-05,2.1280057688965336e-05
76060737.609863281,76.060737609863,1.2035928349206854e-05,2.917488170536307e-05,2.4695249325441393e-05,1.810769813105905e-05,3.6821073933648942e-05,2.4813258509979469e-05
76060882.568359375,76.060882568359,1.2374310102404127e-05,4.5546747013032365e-05,2.3900938383531993e-05,1.6086595530191318e-05,3.6245691489749971e-05,2.182487720438605e-05
76061027.526855469,76.061027526855,1.0017487603202543e-05,4.8495666227869702e-05,2.9971335682374362e-05,1.277699440631926e-05,3.6390595872195169e-05,1.9466682571348519e-05
76061172.485351562,76.061172485352,9.4307811330101166e-06,4.0169667011622999e-05,2.2215457728467725e-05,2.0654682404528636e-05,3.5514260866655608e-05,3.1147458298974568e-05
76061317.443847656,76.061317443848,9.8163025541546852e-06,3.3679323875941563e-05,2.0239132026047803e-05,2.013784745657554e-05,3.9721003919086282e-05,2.4981128589905881e-05
76061462.40234375,76.061462402344,1.3206082593189605e-05,2.9646987552621683e-05,2.0196325645450812e-05,2.1253403408722827e-05,3.6281612686106196e-05,2.0514709655543216e-05
76061607.360839844,76.061607360840,1.4951640924235488e-05,3.0901937867922736e-05,2.2098463764756318e-05,2.3560884706750955e-05,2.8089249514153718e-05,2.4997985692396867e-05
76061752.319335938,76.061752319336,1.2665546348810536e-05,3.4067636442620391e-05,2.7300057963789878e-05,2.2008886517761514e-05,2.4100507009568521e-05,2.6859664614011755e-05
76061897.277832031,76.061897277832,1.0981677880685089e-05,2.6452552746537465e-05,2.7960245548324007e-05,2.2153701492665862e-05,3.5812860799769737e-05,2.5840150408713977e-05
76062042.236328125,76.062042236328,1.2925681650684503e-05,2.5642576128112119e-05,3.2620513107948365e-05,2.8506985604990161e-05,4.0465761777123593e-05,2.3495525989480183e-05
76062187.194824219,76.062187194824,1.5748106081206508e-05,2.0108571549490483e-05,2.3120937482423365e-05,2.9819549247397496e-05,4.1502846200476474e-05,1.8085480753717859e-05
76062332.153320312,76.062332153320,9.7938847932217682e-06,2.4810525929462979e-05,1.8779996075588111e-05,2.4843979475389077e-05,4.2470104417505355e-05,2.2461902322545492e-05
76062477.111816406,76.062477111816,8.3139473967581323e-06,2.7593879590174718e-05,2.029063511222589e-05,2.1464658146454097e-05,3.874810392974662e-05,2.1515898625454295e-05
76062622.0703125,76.062622070312,7.5359374535447544e-06,3.4909065808837486e-05,2.6179630657877152e-05,2.3265388771049582e-05,3.4147339660755004e-05,2.2201944496094084e-05
76062767.028808594,76.062767028809,1.0907724426617224e-05,2.9576999913657922e-05,2.6121254145163369e-05,2.078301085114609e-05,3.7659821062524068e-05,2.0443464115440955e-05
76062911.987304688,76.062911987305,1.3381085595090334e-05,2.5608287665227626e-05,2.2764857470146845e-05,2.8098304305508154e-05,3.346456614198084e-05,2.0126070088461758e-05
76063056.945800781,76.063056945801,1.15713582495123e-05,3.1902603509340484e-05,2.5227243817422687e-05,2.4703423616424749e-05,3.4034809777322975e-05,2.2054067418185654e-05
76063201.904296875,76.063201904297,1.3365769773279768e-05,4.0634799735514707e-05,1.8288146208676634e-05,2.1452949993438343e-05,4.0866626441539231e-05,2.3508826413756295e-05
76063346.862792969,76.063346862793,1.1914685369915702e-05,2.6493544281777911e-05,1.8325235996144425e-05,2.0923003283117779e-05,3.8222710414876775e-05,2.1363007858483729e-05
76063491.821289062,76.063491821289,8.7237092487947546e-06,2.6570972713273303e-05,2.1738745179078071e-05,2.1291673647607081e-05,4.3668014596369851e-05,1.8048032602490607e-05
76063636.779785156,76.063636779785,9.6608042672030857e-06,2.9112295584261377e-05,3.7854217920744377e-05,1.9821133621639448e-05,3.3672774994757441e-05,1.7062796339721315e-05
76063781.73828125,76.063781738281,1.1419393582010535e-05,3.7143999367291429e-05,2.7129015516074666e-05,2.455267859948688e-05,3.2404845730689233e-05,1.6323086651985821e-05
76063926.696777344,76.063926696777,1.1935915145458276e-05,3.2200571827731728e-05,3.1000977007898752e-05,2.6938192304038875e-05,4.8517573700379523e-05,2.0401064580022407e-05
76064071.655273438,76.064071655273,1.0809326328409925e-05,3.2355716545847868e-05,3.132747147757998e-05,2.2995914754416819e-05,3.2757273366867566e-05,1.9854849358183202e-05
76064216.613769531,76.064216613770,1.0609151573295947e-05,4.2447355839685018e-05,2.3538053924912228e-05,2.442243174612619e-05,3.4131732017884353e-05,2.7446590056209352e-05
76064361.572265625,76.064361572266,1.0078394159118255e-05,4.0968188198774122e-05,1.6994272725050643e-05,2.5695168363492558e-05,4.5303891079519487e-05,2.1411176245669164e-05
76064506.530761719,76.064506530762,1.0425677192441447e-05,2.7805340420965796e-05,2.0269716498606365e-05,2.619148184082036e-05,4.9584293360088566e-05,2.6742894862680127e-05
76064651.489257812,76.064651489258,1.2412071807788154e-05,3.4498004152154878e-05,2.4412673070307567e-05,2.4259834855236381e-05,4.1552910034190445e-05,3.0640876994142256e-05
76064796.447753906,76.064796447754,1.1362911863581128e-05,4.0424317977324916e-05,2.6183384716387091e-05,2.3157426873060238e-05,3.456631293197306e-05,2.2133893913499256e-05
76064941.40625,76.064941406250,1.0637249249193816e-05,3.0411099002909624e-05,1.7185541925144946e-05,2.3275060391962156e-05,4.46714194960522e-05,2.2999998581970877e-05
76065086.364746094,76.065086364746,1.0181836115441688e-05,2.7228631423985418e-05,2.4546808357037108e-05,2.1892059196965692e-05,3.6152855803012646e-05,2.4022401070026391e-05
76065231.323242188,76.065231323242,1.1177764460585712e-05,2.7853069408149346e-05,2.7060226204293291e-05,2.5989295546976115e-05,3.5646459756062916e-05,2.234762354039079e-05
76065376.281738281,76.065376281738,1.2299739427531363e-05,3.8059939636974988e-05,2.8097933428075372e-05,1.9722544825412479e-05,3.7231206762354623e-05,2.7869365434632896e-05
76065521.240234375,76.065521240234,1.281895635378194e-05,2.5673957164065563e-05,2.4678123701157854e-05,1.9123525854511637e-05,3.6683339091302469e-05,3.0959224655960995e-05
76065666.198730469,76.065666198730,1.2859132157771207e-05,2.5810671982300071e-05,3.0113488884609395e-05,2.0405212635931288e-05,3.6245654477479572e-05,2.7474096624127707e-05
76065811.157226562,76.065811157227,1.3156438786866493e-05,2.6972317850969681e-05,2.9319137717310979e-05,1.8521839898313653e-05,4.1972276080457937e-05,2.6035216166234049e-05
76065956.115722656,76.065956115723,1.2383792398146583e-05,3.643146538261743e-05,2.3385908389635455e-05,2.1981838367007491e-05,3.1111931587480762e-05,2.6696689555425587e-05
76066101.07421875,76.066101074219,1.2383780263649969e-05,3.5811346219758754e-05,2.5166468476939509e-05,2.2365039258710256e-05,3.2551525908103471e-05,2.2017960875174013e-05
76066246.032714844,76.066246032715,9.7181986374819046e-06,2.9882815374781619e-05,3.2433149552127409e-05,1.8899506245044105e-05,4.2738260653295229e-05,2.0048537192744801e-05
76066390.991210938,76.066390991211,1.1202302953388046e-05,3.4949972261746556e-05,2.2866353443195726e-05,1.9935692786696284e-05,3.2441978634042723e-05,2.2124317988439332e-05
76066535.949707031,76.066535949707,1.0203700398146875e-05,4.154950297140034e-05,2.5843374212925102e-05,1.748999170730814e-05,2.7690133350523631e-05,1.9604493571966857e-05
76066680.908203125,76.066680908203,9.6715262207944198e-06,3.3670504777980179e-05,2.7838665292805625e-05,1.5548790597332095e-05,3.377486955954435e-05,2.2586631357620407e-05
76066825.866699219,76.066825866699,8.2497704993925396e-06,2.9008030010527193e-05,2.41091743847906e-05,2.087951286411282e-05,4.0519258795148725e-05,2.0578662682587683e-05
76066970.825195312,76.066970825195,1.2595195077252123e-05,3.3745766134282578e-05,1.9890058386873232e-05,2.3798050432515014e-05,3.3973287945163083e-05,2.1238233053167794e-05
76067115.783691406,76.067115783691,1.0685062649959122e-05,3.1398639776584121e-05,2.2661533980524266e-05,1.4494657801943033e-05,3.9249284691054703e-05,2.4366275969274285e-05
76067260.7421875,76.067260742188,9.9983771473835002e-06,3.184187506276759e-05,2.7802832015091019e-05,2.121265785546699e-05,4.0892227795822855e-05,2.1861129402118062e-05
76067405.700683594,76.067405700684,1.2151455548996796e-05,2.9928759749707674e-05,2.4860464623407967e-05,1.8593103678192875e-05,3.616004818825885e-05,2.6427314005338729e-05
76067550.659179688,76.067550659180,1.0238363459170901e-05,3.1325448885457954e-05,2.5823868057271944e-05,2.138377961289447e-05,2.9181939213595596e-05,2.028869393712295e-05
76067695.617675781,76.067695617676,1.1190560560311061e-05,3.0149398888105034e-05,2.4936703089264099e-05,2.714721299778413e-05,2.9850117487812495e-05,1.6760882383728732e-05
76067840.576171875,76.067840576172,9.920152526923195e-06,3.2456469182262454e-05,2.3101445264973236e-05,2.9321383366688641e-05,3.6017664391189821e-05,2.1999203409424172e-05
76067985.534667969,76.067985534668,7.4927608877014328e-06,3.3935321973012372e-05,2.4613885125353748e-05,2.3708758072621235e-05,4.3123898331482722e-05,1.7659363737211244e-05
76068130.493164062,76.068130493164,8.7753503654639226e-06,2.9916505175300429e-05,2.4539374075948874e-05,1.7260074068172542e-05,4.8015810432090693e-05,1.8817462195472514e-05
76068275.451660156,76.068275451660,1.0251312940746534e-05,2.778564175007053e-05,1.9687081867198641e-05,1.9553778407683804e-05,4.3521312912516576e-05,1.7028704282852957e-05
76068420.41015625,76.068420410156,1.4009894758293193e-05,2.9260967991833026e-05,2.0167600645500278e-05,2.4348474135145988e-05,3.5001803455291582e-05,2.3715906770084386e-05
76068565.368652344,76.068565368652,1.2429932711269797e-05,3.9013647222437402e-05,2.2826749760180578e-05,2.6519753762490709e-05,3.3784310659313995e-05,2.8953917648629422e-05
76068710.327148438,76.068710327148,1.3058287438360681e-05,4.6317062724974165e-05,2.5713517295951899e-05,2.3008765657169831e-05,3.4474802708375283e-05,3.0276298830557084e-05
76068855.285644531,76.068855285645,1.3595612443419104e-05,3.0992259931901169e-05,1.696412260801288e-05,2.2937671836142902e-05,2.9830667650702313e-05,2.6840325133484311e-05
76069000.244140625,76.069000244141,8.9928017068735067e-06,2.5386652139133189e-05,1.4698085987526932e-05,2.6057858646979938e-05,3.9610418213830491e-05,2.9603033130717849e-05
76069145.202636719,76.069145202637,1.1272235733279219e-05,2.9679549853199523e-05,2.3192994131803422e-05,1.866985923126528e-05,3.9922568231503654e-05,2.8649150082339978e-05
76069290.161132812,76.069290161133,1.1585106219950694e-05,4.3560813036817758e-05,3.1588529020237593e-05,2.0465476334566993e-05,3.3828174570957776e-05,2.2751630418158451e-05
76069435.119628906,76.069435119629,1.1890613578272537e-05,4.6168168390821173e-05,3.0077617160526762e-05,2.2624966900640675e-05,3.4639063452233829e-05,1.9121059549016006e-05
76069580.078125,76.069580078125,1.387554720937351e-05,3.3435628175757065e-05,2.3804671514950041e-05,2.5432811554083694e-05,3.6422943659722105e-05,2.0490367363741829e-05
76069725.036621094,76.069725036621,1.2919337778944014e-05,2.824732483221792e-05,2.4783472346370204e-05,2.3036098291847353e-05,3.8841839960039981e-05,1.8998129666381643e-05
76069869.995117188,76.069869995117,1.1882398070208812e-05,2.9399711056870774e-05,2.4442134717255777e-05,1.9016667323326405e-05,3.7794047482266333e-05,1.8053167519711168e-05
76070014.953613281,76.070014953613,1.5052323167459565e-05,3.6981008324649771e-05,2.8233343740753217e-05,2.0791156891878413e-05,3.6616546218438701e-05,2.2390134073220795e-05
76070159.912109375,76.070159912109,1.3791687016688487e-05,3.0611878576396465e-05,2.5465294978724207e-05,2.8442074943505713e-05,3.3923536331826512e-05,1.7334508416360983e-05
76070304.870605469,76.070304870605,1.1095357911080259e-05,3.3175277113926946e-05,2.4982369771383681e-05,2.1228630518603665e-05,2.9493849902879265e-05,1.9376660416418027e-05
76070449.829101562,76.070449829102,1.0910820771956201e-05,3.7323075350133368e-05,2.8746864057892875e-05,1.9810184611519165e-05,3.080646530178897e-05,2.3082040770160333e-05
76070594.787597656,76.070594787598,9.3650955236092127e-06,2.8848031074350418e-05,3.0083552159972479e-05,1.9958121929447093e-05,3.2350178146585049e-05,1.881859814683757e-05
76070739.74609375,76.070739746094,7.4173220731961187e-06,4.2232340725901098e-05,2.6770458575002406e-05,1.6765282087653013e-05,3.2982886050797007e-05,1.8585001202125729e-05
76070884.704589844,76.070884704590,1.109907422741253e-05,3.1954331523276028e-05,2.064752173559428e-05,2.0987547495946156e-05,3.0027976533250628e-05,2.0715509345652956e-05
76071029.663085938,76.071029663086,1.2963504963836022e-05,3.6116872766273651e-05,2.1200779884261544e-05,2.3902109351883488e-05,3.0027612612623823e-05,1.7912218424460089e-05
76071174.621582031,76.071174621582,1.2467984312894104e-05,3.8725263174888389e-05,3.0756119405342799e-05,2.2819272283048606e-05,4.0535436123124564e-05,2.4115592391064508e-05
76071319.580078125,76.071319580078,9.5807368829491616e-06,3.9664987346463294e-05,2.868518706491511e-05,2.8542762617908516e-05,4.3393092651411258e-05,2.4442291688062034e-05
76071464.538574219,76.071464538574,7.7958877553216276e-06,5.1122979371944873e-05,2.411088586713811e-05,2.691199708213969e-05,4.0377663635003812e-05,2.0731911681403336e-05
76071609.497070312,76.071609497070,1.1447661302194475e-05,4.331650749900135e-05,1.6738723933798543e-05,2.0988197711642983e-05,3.740088863459805e-05,2.3669186025765511e-05
76071754.455566406,76.071754455566,1.6171916788672069e-05,3.7719540115526884e-05,2.0449699707087345e-05,2.3691752647010936e-05,3.9762482862328168e-05,3.0479323567547143e-05
76071899.4140625,76.071899414062,1.6711830055014062e-05,4.8699508894055831e-05,2.1903064645401516e-05,2.0499498361394796e-05,3.793024867265051e-05,2.3501892550389294e-05
76072044.372558594,76.072044372559,1.6411804886405981e-05,5.0111146417748397e-05,2.9029297230291624e-05,2.7236892711118076e-05,3.2664948767647845e-05,2.2445826073307109e-05
76072189.331054688,76.072189331055,1.4111158693593908e-05,3.943349620479031e-05,2.5329061066475045e-05,2.7097417927374059e-05,2.6022035952993122e-05,2.5700464101483082e-05
76072334.289550781,76.072334289551,1.0431312895226839e-05,3.0960888940369274e-05,1.8383446478887028e-05,2.6334453801880926e-05,2.9607433918559273e-05,2.6686566887680937e-05
76072479.248046875,76.072479248047,7.305306552337686e-06,3.0431975108418995e-05,2.4344131767759453e-05,2.3532892648215925e-05,3.4566878485028659e-05,2.722642604564345e-05
76072624.206542969,76.072624206543,1.0423921454529366e-05,3.3515348702401975e-05,2.7278989035813421e-05,1.7814267202845722e-05,3.4534672086022603e-05,1.9924201901439504e-05
76072769.165039062,76.072769165039,1.358468781852814e-05,4.9017023192335668e-05,2.8904869687439255e-05,1.5367583539770887e-05,2.8386902949355743e-05,1.9749632226662367e-05
76072914.123535156,76.072914123535,9.8431081449004042e-06,3.8148482383526395e-05,2.8304628112597177e-05,2.7766370073236109e-05,2.8132543744187138e-05,2.0580155825713677e-05
76073059.08203125,76.073059082031,1.1899857087434547e-05,2.667693742676416e-05,3.1365113287189785e-05,3.2696678104401569e-05,3.2756956468604821e-05,2.1290543085746524e-05
76073204.040527344,76.073204040527,1.087836693452443e-05,2.8597600596571768e-05,3.2481195840301735e-05,2.8841865864334967e-05,4.7000656053194033e-05,2.1955285751470008e-05
76073348.999023438,76.073348999023,1.2545030268721775e-05,3.3525435949400936e-05,3.2916386824603044e-05,3.163307287866745e-05,5.429999781925126e-05,2.3530881168612086e-05
76073493.957519531,76.073493957520,1.1855266064014593e-05,2.8837526444751506e-05,2.7944712049902133e-05,2.8273061287139272e-05,4.3579493240713339e-05,2.3849202427307879e-05
76073638.916015625,76.073638916016,9.1433564242085563e-06,3.3557105569755395e-05,2.3167758552423796e-05,2.1998444418290876e-05,3.8744683364813155e-05,2.4158653560180226e-05
76073783.874511719,76.073783874512,1.3360211524530475e-05,3.2027137501272653e-05,2.04363698943839e-05,1.9875321441251951e-05,3.4339710789451261e-05,2.2601407248136394e-05
76073928.833007812,76.073928833008,1.3455723738786607e-05,2.9846599327281757e-05,2.117895031336764e-05,2.4676549791272528e-05,3.0066453352865875e-05,2.255498012686444e-05
76074073.791503906,76.074073791504,1.3533752079808181e-05,3.2439089544387332e-05,2.7887563411568389e-05,2.1564632082775035e-05,4.1426479942347461e-05,2.0474822355909393e-05
76074218.75,76.074218750000,1.2134229376867704e-05,3.3279416942450723e-05,2.3165688859645727e-05,1.9879631678235805e-05,4.0655831179512217e-05,1.6988067774838937e-05
76074363.708496094,76.074363708496,8.5977288189921204e-06,3.3117585703981072e-05,2.280667863459211e-05,1.8129990320225207e-05,3.3481540096287904e-05,2.1431444537657287e-05
76074508.666992188,76.074508666992,1.4289568531625237e-05,3.5089561240937665e-05,2.3333510697851109e-05,1.5847435543177898e-05,2.8098200491264464e-05,2.1822709182448628e-05
76074653.625488281,76.074653625488,1.3289145058945969e-05,3.7814263999166706e-05,3.0125894614795686e-05,1.3222702679299677e-05,3.0478291453491026e-05,2.826201491724076e-05
76074798.583984375,76.074798583984,1.0373065862244214e-05,3.0645766232807952e-05,3.4738503124498435e-05,2.1479508997746328e-05,4.3131567886401177e-05,2.54665253042276e-05
76074943.542480469,76.074943542480,8.4907255465557138e-06,3.0907474302910221e-05,3.0064090551950648e-05,2.6039497670351956e-05,4.8246383404251027e-05,1.7681709097884081e-05
76075088.500976562,76.075088500977,1.1094438429953213e-05,3.5483780332863659e-05,2.4430971256664076e-05,2.561110825372517e-05,3.5804171598423145e-05,2.0712363082062711e-05
76075233.459472656,76.075233459473,7.3532475205771951e-06,4.4344628729444193e-05,2.0693465953587366e-05,2.1067970961737241e-05,3.3543552890768074e-05,2.2073935113455504e-05
76075378.41796875,76.075378417969,1.0308615222888271e-05,3.6310712192648453e-05,2.2277128718520865e-05,2.311978782747192e-05,3.4029379282432944e-05,1.8062742269633031e-05
76075523.376464844,76.075523376465,1.0155897306769469e-05,3.2237189627036489e-05,1.8914020698510362e-05,2.2566239611414864e-05,3.4409543416780692e-05,2.2679072243049407e-05
76075668.334960938,76.075668334961,7.6969634940628711e-06,3.7779284145109594e-05,2.7007184413478494e-05,1.9278047803035084e-05,3.5039105773545299e-05,2.1987626313549334e-05
76075813.293457031,76.075813293457,1.0177801100833166e-05,4.3347014320438583e-05,2.6127840573760129e-05,2.4073215137496622e-05,3.6787302882292711e-05,2.2188862934129855e-05
76075958.251953125,76.075958251953,1.1317167929802551e-05,4.6156723775785138e-05,2.0901281656542079e-05,2.6190118176857319e-05,3.2278714169782318e-05,2.3225693740563251e-05
76076103.210449219,76.076103210449,1.1046691834022796e-05,4.1861452610978676e-05,1.9300908289038984e-05,2.4294840640104065e-05,3.4709692738561436e-05,1.8523040992733739e-05
76076248.168945312,76.076248168945,1.3512903971172616e-05,2.8574161933450025e-05,2.0467295800689579e-05,2.2156792940586356e-05,3.2378958300743996e-05,1.8387713387650489e-05
76076393.127441406,76.076393127441,1.04934236877543e-05,3.8095390679130608e-05,2.9434308962689969e-05,2.3666035934462237e-05,3.488636508034551e-05,1.6552531375476247e-05
76076538.0859375,76.076538085938,1.060933606574032e-05,3.3169372619018906e-05,3.3525380132719385e-05,2.4193177072523911e-05,2.2440858807889514e-05,1.8004007217408158e-05
76076683.044433594,76.076683044434,1.0987753340085437e-05,2.5323874852309887e-05,3.1792318532824551e-05,2.3777715698732534e-05,2.9254904138447258e-05,2.2302952288419111e-05
76076828.002929688,76.076828002930,1.2119197041816578e-05,3.3506022008587675e-05,3.6398478961265783e-05,2.2986301515942086e-05,3.0279763200411234e-05,2.3618998740409741e-05
76076972.961425781,76.076972961426,1.0507582062322123e-05,2.3298934031383297e-05,3.6470638991096772e-05,2.292632095399668e-05,3.0319316695647421e-05,2.1998339301293671e-05
76077117.919921875,76.077117919922,1.4510450136855121e-05,2.7635158823416413e-05,3.2265072001901203e-05,2.2787073140474431e-05,3.2241361082172109e-05,2.2734565999079995e-05
76077262.878417969,76.077262878418,1.3117598173420427e-05,2.8451273294886456e-05,3.1904286726181248e-05,1.8548617780543331e-05,3.6234873484977002e-05,2.1985526650605481e-05
76077407.836914062,76.077407836914,1.2442822281364812e-05,3.6164165219092193e-05,3.5518924832065518e-05,2.3157903853650665e-05,3.7516330052119476e-05,1.3234576043230632e-05
76077552.795410156,76.077552795410,1.5907521725186028e-05,2.4630209710325887e-05,3.3504299705046997e-05,2.3129212577281253e-05,4.4213882749993442e-05,2.5562843577479975e-05
76077697.75390625,76.077697753906,1.0290561993033863e-05,2.8728633253174856e-05,2.9506673105253086e-05,2.8434353491120387e-05,4.6444045432106832e-05,2.5886595205324022e-05
76077842.712402344,76.077842712402,7.0560948262602455e-06,3.7970322907526988e-05,2.8578202874475011e-05,3.5885262168237246e-05,5.7159449667840065e-05,2.7957533008865316e-05
76077987.670898438,76.077987670898,9.4550365531221439e-06,3.3326308068187062e-05,2.2221855698959149e-05,2.5973180205627784e-05,3.63517471484302e-05,2.9580311259330299e-05
76078132.629394531,76.078132629395,1.1175099562869988e-05,3.9747713454556417e-05,2.2136281871762066e-05,2.3310200300533835e-05,3.2007308362167839e-05,2.6586662429675498e-05
76078277.587890625,76.078277587891,9.7730644849516949e-06,4.6204814003474841e-05,2.5229760840650707e-05,2.2338720646813703e-05,3.5027753448569799e-05,2.7779571225906507e-05
76078422.546386719,76.078422546387,8.1804273602566152e-06,3.6230105865577959e-05,2.6567954273253772e-05,1.7650026224976003e-05,3.2824136802768078e-05,2.0290940463847292e-05
76078567.504882812,76.078567504883,8.4292286848152895e-06,2.5993781286648936e-05,2.710698224784177e-05,2.5489544360985097e-05,3.7867203759617355e-05,2.1707898299793661e-05
76078712.463378906,76.078712463379,8.5515027959395047e-06,2.3534593572056949e-05,2.2531360251234766e-05,2.9832130709608503e-05,3.4010141322293848e-05,2.9721083747188521e-05
76078857.421875,76.078857421875,7.2789042220968652e-06,2.3014679524893477e-05,2.4923142492817786e-05,2.4174758501155374e-05,3.5203611385315199e-05,2.701496398402958e-05
76079002.380371094,76.079002380371,6.9775344941410713e-06,3.3747804283706815e-05,2.9010159474984333e-05,2.0933602119234779e-05,5.2169695144638217e-05,3.1360138469898387e-05
76079147.338867188,76.079147338867,9.548868601514847e-06,3.0309668368656225e-05,2.529523818214242e-05,2.1703010206943223e-05,4.2641087831146009e-05,2.9618068900167381e-05
76079292.297363281,76.079292297363,1.5321091627500981e-05,3.5483200784937754e-05,2.9631257441335724e-05,1.901387408305051e-05,4.3864774141400363e-05,2.1117260698220747e-05
76079437.255859375,76.079437255859,9.175877929573623e-06,3.1367278749371804e-05,2.6758272787430032e-05,2.2181049411661947e-05,4.4126178208421033e-05,2.4779774023269508e-05
76079582.214355469,76.079582214355,5.390689874292064e-06,3.5588541143042735e-05,2.8728130047588902e-05,2.5263358499254559e-05,3.8656277148710317e-05,2.963783424214761e-05
76079727.172851562,76.079727172852,7.4655010641802405e-06,2.9633109810903442e-05,2.9971749100198943e-05,2.4507729555231559e-05,4.1202586194970389e-05,2.0080994410163897e-05
76079872.131347656,76.079872131348,1.0146136390243167e-05,3.5657136067595546e-05,3.0468846889279455e-05,1.7110191202640835e-05,3.9327284937853881e-05,2.4996925568627525e-05
76080017.08984375,76.080017089844,8.1163181937370296e-06,4.0103566351882139e-05,3.5827395922660468e-05,2.3662472683232306e-05,3.2414741337498928e-05,2.5890329320299388e-05
76080162.048339844,76.080162048340,9.9296733159502895e-06,3.5405249584933433e-05,2.867535115501599e-05,2.9134289013985412e-05,3.3952110486980367e-05,2.6842958143223543e-05
76080307.006835938,76.080307006836,1.1135829600646044e-05,3.2373011375268793e-05,1.949713316656596e-05,2.1749152980108044e-05,3.942050627126145e-05,2.6320848152070547e-05
76080451.965332031,76.080451965332,9.3793315858327247e-06,3.9837136865012499e-05,1.5863609466690583e-05,2.0820782721428383e-05,4.1312543588388061e-05,2.0836929155929146e-05
76080596.923828125,76.080596923828,1.1410327219876591e-05,4.0097275685080632e-05,2.158331074398889e-05,1.8963145742675694e-05,3.4893119135938439e-05,2.105538909685023e-05
76080741.882324219,76.080741882324,1.1585644749020671e-05,3.1377405883266207e-05,2.2107727814596595e-05,1.9560071215035197e-05,4.2819929118925315e-05,2.2326579946393466e-05
76080886.840820312,76.080886840820,9.6310386572046276e-06,2.8014420315134155e-05,2.5119372166003606e-05,2.7043326399071259e-05,3.2681579028049582e-05,2.4996752768081209e-05
76081031.799316406,76.081031799316,1.0138775486117889e-05,3.487594592261066e-05,2.7493348760032368e-05,2.2262221871133246e-05,2.699200541217257e-05,2.3230844864622008e-05
76081176.7578125,76.081176757812,1.3040876551880097e-05,3.4308627465167793e-05,2.861611158514237e-05,1.7196117041219516e-05,3.9033769870174166e-05,2.5066132566128004e-05
76081321.716308594,76.081321716309,1.3866576520465806e-05,2.2389505023941562e-05,3.2183524739816425e-05,1.544804753969143e-05,4.5814534981057506e-05,1.8105326430430758e-05
76081466.674804688,76.081466674805,9.3635530876586005e-06,2.7554493842504878e-05,2.5528685341048334e-05,1.956184028420183e-05,3.5932572054119882e-05,1.4502451717245682e-05
76081611.633300781,76.081611633301,1.1887514672985877e-05,3.79138751819263e-05,2.9943017323340395e-05,1.745930792834976e-05,2.4409845887083634e-05,1.3827313960046852e-05
76081756.591796875,76.081756591797,1.4708875364123025e-05,3.2898527266646308e-05,2.6109348422388431e-05,2.0948139207254729e-05,2.5203644724320215e-05,1.8101218614056974e-05
76081901.550292969,76.081901550293,7.704384154139205e-06,4.3479260313666783e-05,2.817225596914422e-05,2.3361035052932577e-05,3.4881750093921702e-05,2.3105014204521274e-05
76082046.508789062,76.082046508789,1.0354439799621078e-05,5.1162255253393891e-05,2.3666207387722054e-05,2.7106470704778971e-05,3.2655598601295998e-05,2.1901943442735653e-05
76082191.467285156,76.082191467285,1.2013187498645477e-05,4.7851263159959583e-05,2.5200261859136292e-05,1.927416883687944e-05,3.847430279376288e-05,2.3720785364292429e-05
76082336.42578125,76.082336425781,1.0021799375607291e-05,2.8720254033975936e-05,2.5579588887065349e-05,2.5141677737825698e-05,5.0556137589266493e-05,2.4179469499297929e-05
76082481.384277344,76.082481384277,8.0183927036355047e-06,2.9705420198523459e-05,2.5771509414781565e-05,2.4155639862555219e-05,4.1703693662577306e-05,2.7925505694249856e-05
76082626.342773438,76.082626342773,7.9891258032996667e-06,3.5993252348269768e-05,2.8252133496950544e-05,2.842759958759741e-05,3.0445426801644032e-05,2.4657943628386514e-05
76082771.301269531,76.082771301270,1.0764162002895766e-05,3.3841938627774955e-05,2.538961214024202e-05,2.6141262342826332e-05,2.7980790265552755e-05,1.7279883487678844e-05
76082916.259765625,76.082916259766,1.3349160343990161e-05,3.5509054377580504e-05,2.7802053974319642e-05,2.6927647620763337e-05,2.5460100083731081e-05,1.6823917774147598e-05
76083061.218261719,76.083061218262,1.3757608552612373e-05,3.9796586132391114e-05,2.9184799370304982e-05,2.4654264890246725e-05,4.1851212786393407e-05,1.7452380675483837e-05
76083206.176757812,76.083206176758,1.2132884350860357e-05,4.3240626710541067e-05,2.0240929674755503e-05,2.0573133050056461e-05,4.1077861428693134e-05,1.8404246849646601e-05
76083351.135253906,76.083351135254,1.0265179809787664e-05,3.6904022226186716e-05,2.6224286743516353e-05,1.769778802152952e-05,4.1372994407449331e-05,2.3057596261564194e-05
76083496.09375,76.083496093750,9.2143740429858429e-06,3.1293218257926767e-05,2.6500879676096028e-05,1.586049164758894e-05,3.5600056863836242e-05,2.5648745097301304e-05
76083641.052246094,76.083641052246,7.0620114985993473e-06,3.2587607695499016e-05,1.9127031307391655e-05,1.7274296527991924e-05,3.210099953652145e-05,3.0250191637617457e-05
76083786.010742188,76.083786010742,7.4327473066053807e-06,2.9137086626156564e-05,2.0030691356070886e-05,2.119584191276429e-05,2.4521015521614987e-05,2.342587367133262e-05
76083930.969238281,76.083930969238,1.2487968898452032e-05,3.8459378560371553e-05,2.6846970725450529e-05,2.1953483208950817e-05,3.5676807029849254e-05,1.780612742094686e-05
76084075.927734375,76.084075927734,9.6567584131253857e-06,3.7396154371564535e-05,2.7685484283194736e-05,1.9229589695886497e-05,4.833558364816548e-05,2.2354602925575883e-05
76084220.886230469,76.084220886230,9.6796948039336342e-06,3.7593092996062827e-05,2.754973831163495e-05,2.595516952816154e-05,4.0083626760833096e-05,2.8749170956627183e-05
76084365.844726562,76.084365844727,1.2894378773376752e-05,3.3533431500828808e-05,2.4235678332864411e-05,2.4610389983282114e-05,2.8829660082205618e-05,2.5200172150230607e-05
76084510.803222656,76.084510803223,1.0103404286783797e-05,4.3466268462102152e-05,2.5686282149858522e-05,1.6741415771273951e-05,2.6931346418071929e-05,2.0274194117401833e-05
76084655.76171875,76.084655761719,8.912670367028761e-06,4.6969503367712547e-05,2.7910063962508981e-05,1.8659017506950766e-05,2.8998821979173846e-05,2.3119378360019859e-05
76084800.720214844,76.084800720215,1.0199708655657176e-05,3.5009584222133734e-05,2.8405678482107048e-05,3.3098018937386436e-05,3.6815875379308881e-05,2.4041162094991759e-05
76084945.678710938,76.084945678711,8.2789735527614678e-06,2.1729318768379563e-05,2.4877987498472007e-05,2.8861255201634266e-05,4.6849581630417689e-05,2.4734088628403526e-05
76085090.637207031,76.085090637207,8.266931887474461e-06,2.3059770807413286e-05,2.2315926247635133e-05,2.3351791426042232e-05,5.5756367593208171e-05,2.6346043102747488e-05
76085235.595703125,76.085235595703,9.6107828803498467e-06,2.8226189613161439e-05,2.2031235060179156e-05,2.3050088004465824e-05,4.4213595521988132e-05,2.4256188168124335e-05
76085380.554199219,76.085380554199,1.3355038817046462e-05,3.3523176383611808e-05,2.793152857901164e-05,2.3542716180741436e-05,3.1251521324734232e-05,2.1519202355796902e-05
76085525.512695312,76.085525512695,1.6003347958909555e-05,3.0283304718645713e-05,2.681951598697612e-05,1.9300217003888225e-05,3.0696934124859067e-05,2.2250630711429588e-05
76085670.471191406,76.085670471191,1.2513688657605025e-05,2.5052398807527821e-05,3.2552656154255525e-05,2.1305521197070301e-05,3.5871674284509801e-05,2.0839148880242724e-05
76085815.4296875,76.085815429688,1.3654058843868455e-05,3.2899956954084949e-05,2.5913629571279438e-05,2.0456470055250967e-05,3.5703047617159036e-05,1.8971787604515937e-05
76085960.388183594,76.085960388184,1.1840867616348549e-05,3.4192520894416637e-05,2.5974445450762342e-05,2.3083780292728799e-05,3.4639167428093482e-05,1.6122289998923234e-05
76086105.346679688,76.086105346680,1.0737200071724318e-05,4.5668025539718287e-05,2.9504253261766777e-05,1.772068509584683e-05,3.4206824720031204e-05,2.0472008087721302e-05
76086250.305175781,76.086250305176,1.0849044782813378e-05,3.5653529762532459e-05,3.68279414636674e-05,1.8253336337380232e-05,3.1770183721787765e-05,2.3335799713550013e-05
76086395.263671875,76.086395263672,1.1924179604663273e-05,3.1716462069619301e-05,2.9805713873748987e-05,2.1741920297629191e-05,2.8688183492518404e-05,2.7671106964219972e-05
76086540.222167969,76.086540222168,1.4002404030554294e-05,2.8707238786235734e-05,2.6265893457824164e-05,2.643446422359434e-05,4.0263502075558067e-05,1.9434565642803362e-05
76086685.180664062,76.086685180664,1.5718812645408269e-05,2.2873987916895123e-05,2.7318140743101152e-05,2.7383200038478266e-05,3.88551697684638e-05,2.2613903668956059e-05
76086830.139160156,76.086830139160,1.3863380095053296e-05,3.2749389381262999e-05,2.7688160899591807e-05,2.8803562327594006e-05,4.9476001261818678e-05,2.0661093139677297e-05
76086975.09765625,76.086975097656,1.1666376356736933e-05,3.1244041522782474e-05,3.1042388573346153e-05,2.4972011503514515e-05,3.6576968767196987e-05,1.6488342910206922e-05
76087120.056152344,76.087120056152,1.1688419672054099e-05,2.4524464065370103e-05,3.2355361373719568e-05,1.8398800848582256e-05,2.3456887530996376e-05,2.921564158284035e-05
76087265.014648438,76.087265014648,1.3212323031131061e-05,3.0299145868392715e-05,2.7431723815762009e-05,1.8558637824949094e-05,2.919794349521981e-05,2.6900191823234654e-05
76087409.973144531,76.087409973145,1.3460294097740002e-05,4.4884578933792818e-05,2.3234814868960626e-05,1.600234195401599e-05,2.4946225695762743e-05,1.7753639995191701e-05
76087554.931640625,76.087554931641,1.1270393278059877e-05,3.9776346613547075e-05,2.8174269968168387e-05,1.5275671999256925e-05,4.0775451422596442e-05,9.7601149412860403e-06
76087699.890136719,76.087699890137,1.139872678648313e-05,3.3655471073967766e-05,3.0138644782814189e-05,2.1393489624553026e-05,4.2075183029361056e-05,1.5976112477720613e-05
76087844.848632812,76.087844848633,1.2112133402951102e-05,4.265085113391093e-05,3.0780035162780572e-05,2.1836941189558509e-05,3.9446397608354493e-05,2.5288077941458171e-05
76087989.807128906,76.087989807129,1.3002651716767741e-05,2.9182918351516014e-05,2.5179802401044193e-05,2.516387992009639e-05,3.9895652407522581e-05,2.8694151098064328e-05
76088134.765625,76.088134765625,1.2927794039593639e-05,3.4314569704708231e-05,2.386123975930329e-05,2.5219463284179815e-05,4.7004439780125036e-05,2.5824545825620438e-05
76088279.724121094,76.088279724121,9.461332226996681e-06,2.5312976290860402e-05,3.0526217969741783e-05,2.3324807768064133e-05,4.1368605368790952e-05,2.0616985903860501e-05
76088424.682617188,76.088424682617,1.2219016512828064e-05,2.3398354434382914e-05,2.7848859956692009e-05,2.0633431180275963e-05,3.5599191710780716e-05,2.5596944305243789e-05
76088569.641113281,76.088569641113,9.4308812846150553e-06,3.221322770376084e-05,2.2601370865847929e-05,1.8866915702131538e-05,3.6830814769434909e-05,2.3118044520031417e-05
76088714.599609375,76.088714599609,8.7696188325553508e-06,3.9214577746301613e-05,2.2222444774746569e-05,1.3342115951917276e-05,4.1004299313521873e-05,1.6318807568733079e-05
76088859.558105469,76.088859558105,1.001837700356622e-05,3.4696415320758553e-05,2.8503542212013862e-05,1.6031733746677508e-05,3.6582260357696621e-05,1.7918208680407403e-05
76089004.516601562,76.089004516602,1.2222480137564058e-05,2.8149436210313219e-05,2.7982220054417058e-05,1.8059982855770079e-05,2.4888546502417196e-05,2.0742862878785367e-05
76089149.475097656,76.089149475098,1.1504127604470193e-05,3.2488404301883155e-05,2.7891583059766691e-05,2.3734145915878352e-05,2.9345266675628311e-05,2.1417973849285984e-05
76089294.43359375,76.089294433594,1.1049130375731099e-05,3.9742217131387265e-05,2.788006120328205e-05,2.8325941712197867e-05,3.5893493151409056e-05,2.5057354172982013e-05
76089439.392089844,76.089439392090,1.6559865201609957e-05,3.3470261971010053e-05,2.3486246997325742e-05,2.6398784124426526e-05,3.4996365767089842e-05,2.3304163741414944e-05
76089584.350585938,76.089584350586,1.4626194777293808e-05,2.4320942334242007e-05,2.4631830471266691e-05,3.135813087926874e-05,3.5803494450669816e-05,1.9475050777733627e-05
76089729.309082031,76.089729309082,1.1027169985178449e-05,2.5354189931558743e-05,2.294316585664599e-05,2.5872733093890943e-05,3.6862033042287345e-05,2.2277989168231256e-05
76089874.267578125,76.089874267578,1.2594333163215894e-05,2.5417642700029095e-05,2.2445914815443368e-05,2.3663272317767721e-05,3.6983610786413174e-05,1.8003898051688675e-05
76090019.226074219,76.090019226074,1.4611156646109185e-05,3.0755522180029379e-05,2.3055947553782002e-05,2.0295733704880171e-05,3.0484842018397046e-05,1.6055916604372316e-05
76090164.184570312,76.090164184570,1.4775010931681723e-05,3.3635692395860569e-05,2.9054347960336759e-05,2.2648699036394867e-05,3.391753281114535e-05,2.3272785669245008e-05
76090309.143066406,76.090309143066,1.0482552164516694e-05,3.1398461778154187e-05,2.4205575324900946e-05,2.6618666414540462e-05,3.0620510322623977e-05,2.292278195685919e-05
76090454.1015625,76.090454101562,1.1481613545849814e-05,2.6688272106645229e-05,2.7200960558034169e-05,2.0866784920500649e-05,3.4730704336681367e-05,2.3746054689962881e-05
76090599.060058594,76.090599060059,1.3152179728244622e-05,2.575028221165206e-05,1.9272274284756584e-05,2.0424822679451051e-05,3.7729230263967064e-05,2.5506764667218694e-05
76090744.018554688,76.090744018555,1.3575555767890301e-05,3.0871014193258788e-05,2.0276523252700758e-05,1.7250745995950457e-05,4.413935904614557e-05,2.4094010059989937e-05
76090888.977050781,76.090888977051,1.2407649483348479e-05,3.9111202516052592e-05,2.5288498930976241e-05,2.0891700612599833e-05,3.9830121290740008e-05,1.7931679467084263e-05
76091033.935546875,76.091033935547,1.0489628024895388e-05,4.3239126335862315e-05,2.198922697186903e-05,2.2197541453164342e-05,3.5584275378454371e-05,1.7343425733863337e-05
76091178.894042969,76.091178894043,8.8317116111028844e-06,3.6821580973754218e-05,2.626622255635892e-05,1.9755286784556236e-05,3.9238128169159787e-05,1.9581928720205708e-05
76091323.852539062,76.091323852539,9.9154288521626854e-06,3.8729369212279525e-05,2.5396298572178983e-05,2.3407265470967035e-05,3.013881081150451e-05,2.3052892916438707e-05
76091468.811035156,76.091468811035,1.3594058322682759e-05,3.6714298688401501e-05,2.3421009864543662e-05,2.6534628753626784e-05,3.0803498664992169e-05,2.2145810624882082e-05
76091613.76953125,76.091613769531,1.1012124697435285e-05,3.0116475031928609e-05,2.6811078880128159e-05,2.6121173787859215e-05,3.0888173662060467e-05,2.301119159717239e-05
76091758.728027344,76.091758728027,8.24804765148377e-06,4.1538749303307445e-05,2.3876489668779926e-05,1.3102547761299969e-05,4.0303063076359948e-05,2.4271239729582677e-05
76091903.686523438,76.091903686523,9.5259936421867017e-06,3.0931808523102621e-05,2.6343228660267355e-05,1.8321163918952911e-05,3.7963406335963631e-05,1.8488938143246687e-05
76092048.645019531,76.092048645020,8.9405444170306379e-06,2.2599956588090388e-05,2.8920285362795708e-05,1.9404640557746754e-05,4.7959355120623696e-05,2.1928346592568086e-05
76092193.603515625,76.092193603516,9.7142187648532874e-06,3.3875509695522574e-05,3.0709406793525792e-05,2.3915405831447312e-05,4.7143279564370452e-05,2.2401468148982455e-05
76092338.562011719,76.092338562012,1.1919660320264746e-05,4.124657056632359e-05,2.7232767144418495e-05,2.4696053915780872e-05,4.6730691183031838e-05,2.2403920308984292e-05
76092483.520507812,76.092483520508,1.6677993254087803e-05,4.6206284389834535e-05,1.9634267303143723e-05,1.9769919530799197e-05,3.1621623732030768e-05,1.8097155843150643e-05
76092628.479003906,76.092628479004,1.6722017616536072e-05,3.6485624153812903e-05,2.2475513136653588e-05,2.6327166391909549e-05,2.695596085483299e-05,1.949966245461016e-05
76092773.4375,76.092773437500,1.7600694365125261e-05,3.1983727846585853e-05,3.7482336926966779e-05,3.2641754646143956e-05,3.5342453052874372e-05,2.2144963374044418e-05
76092918.395996094,76.092918395996,1.2431558329585243e-05,3.3824964848656869e-05,3.5028326688669576e-05,3.3160828693971728e-05,5.0334344078803321e-05,2.2818456739747634e-05
76093063.354492188,76.093063354492,9.3015950674679434e-06,4.0437793708109673e-05,2.4679086048847361e-05,2.666768227127254e-05,4.522434060172094e-05,2.3585328014848771e-05
76093208.312988281,76.093208312988,1.177195881050835e-05,4.2732656196032838e-05,2.8326543036794296e-05,2.2845936916960256e-05,2.2950931510141309e-05,1.5567681883135377e-05
76093353.271484375,76.093353271484,1.2726768571027847e-05,3.848082317841453e-05,3.251077086923826e-05,2.0231637241622683e-05,3.8003134772949408e-05,1.8305037204203766e-05
76093498.229980469,76.093498229980,1.5789532737600823e-05,2.8520051742545071e-05,2.9063610950454174e-05,2.166467637978726e-05,4.3956764214884697e-05,2.0663740431880879e-05
76093643.188476562,76.093643188477,1.4280168611913042e-05,2.4885631666648112e-05,1.9189955087564648e-05,2.5097717004554007e-05,2.926925155570159e-05,2.4205795955116263e-05
76093788.146972656,76.093788146973,1.2591842710566202e-05,2.4421626856420384e-05,2.108046724120042e-05,2.2398573780464193e-05,3.2560787034784898e-05,2.6725002767945455e-05
76093933.10546875,76.093933105469,1.04657225433791e-05,3.1976208345487476e-05,2.8500268965361337e-05,1.6471971578879933e-05,4.9125542958282428e-05,2.4380757329377243e-05
76094078.063964844,76.094078063965,1.2624392414652286e-05,3.5427976497307234e-05,2.2634396610273842e-05,1.4980643233398637e-05,6.0638213228759313e-05,2.4260560976686915e-05
76094223.022460938,76.094223022461,1.5119251029153053e-05,4.1825802108736561e-05,2.3046527178691477e-05,2.1852358729186825e-05,4.7787120928917963e-05,2.6409756859448792e-05
76094367.980957031,76.094367980957,1.2987777972661154e-05,3.759533198113107e-05,2.4592570225861153e-05,2.6769465247825905e-05,3.4278927999271441e-05,1.9775042689643805e-05
76094512.939453125,76.094512939453,1.2755531679408357e-05,3.2039953850069787e-05,2.2647015471948221e-05,2.564396619158132e-05,4.2251075935683372e-05,1.7534675689188972e-05
76094657.897949219,76.094657897949,1.058984188974238e-05,2.8212038812513689e-05,2.757371014894202e-05,1.945785846205419e-05,3.7577736887522575e-05,2.492562523855991e-05
76094802.856445312,76.094802856445,9.9342130771867136e-06,3.4495550987797604e-05,2.9260648556824891e-05,2.2158633298980718e-05,3.7882699334199498e-05,2.8580415645117968e-05
76094947.814941406,76.094947814941,1.1649605699100599e-05,4.093170228841549e-05,2.5135087287736151e-05,2.4174222275930689e-05,3.8704840541629545e-05,2.2927941594041621e-05
76095092.7734375,76.095092773438,1.0728333527024961e-05,3.4003203253944552e-05,2.052308237458782e-05,2.2332477584237635e-05,3.6369587149829221e-05,1.8392735379275353e-05
76095237.731933594,76.095237731934,1.1403928538990318e-05,3.3858337325542506e-05,2.2785539386520542e-05,2.2088329930811535e-05,2.5220882552807585e-05,2.0034314358853904e-05
76095382.690429688,76.095382690430,1.2024498720813443e-05,3.9196281694145754e-05,3.0299640742707694e-05,2.0237513349467172e-05,2.8813864893066213e-05,1.9721147127050502e-05
76095527.648925781,76.095527648926,1.1912682616092714e-05,3.8078760169725043e-05,2.8520047315667783e-05,2.1458066107271929e-05,3.6933033868468489e-05,1.9301789257913583e-05
76095672.607421875,76.095672607422,9.9057340048472091e-06,2.6761182540309359e-05,2.5361892492776775e-05,2.2199087408207197e-05,3.4248394286322086e-05,2.1113301911937439e-05
76095817.565917969,76.095817565918,1.1680683421612955e-05,3.1601016943344681e-05,2.7916816316934254e-05,1.8288411328066993e-05,3.644759405712297e-05,1.8945697931528711e-05
76095962.524414062,76.095962524414,1.3102014232006919e-05,3.2663589428755867e-05,2.4144610952286413e-05,2.3589846917386723e-05,3.9282211054966365e-05,1.892086052257219e-05
76096107.482910156,76.096107482910,1.2232968413334442e-05,2.8683287220246274e-05,2.3127041257876663e-05,2.5687823076514049e-05,3.6346400340443732e-05,2.3923597421543264e-05
76096252.44140625,76.096252441406,9.021662020569502e-06,2.3428566418843621e-05,3.0034157614862819e-05,2.4174665461114316e-05,3.4533012496066813e-05,2.5496062348469992e-05
76096397.399902344,76.096397399902,9.2961842154210991e-06,2.6001893625498636e-05,3.0082936948931473e-05,2.5843179789851385e-05,3.0550742021754043e-05,2.2535859439754864e-05
76096542.358398438,76.096542358398,1.2860469667649274e-05,2.5458384937941707e-05,3.0612809695091416e-05,2.7916754569162008e-05,2.4707665753256857e-05,2.4688926281402842e-05
76096687.316894531,76.096687316895,1.349329449886605e-05,2.8372429762681665e-05,2.9639737975617392e-05,2.0699374312518409e-05,2.921507226882301e-05,2.3667473880072131e-05
76096832.275390625,76.096832275391,1.0451205643626157e-05,2.5004990112067583e-05,2.7219726103285304e-05,1.8997806973760256e-05,3.2725375582794834e-05,1.9024952608283091e-05
76096977.233886719,76.096977233887,1.0193987136541108e-05,2.126893004649428e-05,1.9656620497704084e-05,1.6905205600476644e-05,3.1242541706390516e-05,1.653216204815343e-05
76097122.192382812,76.097122192383,9.6299876816170642e-06,3.0221633808436565e-05,2.4102409568026491e-05,1.7376894789721492e-05,2.3003857263274053e-05,1.9446141218449982e-05
76097267.150878906,76.097267150879,8.233792876786298e-06,3.6837675774346014e-05,2.6948908767984574e-05,1.8302200947588618e-05,3.2071698796369746e-05,1.7513461064807762e-05
76097412.109375,76.097412109375,1.0688352051326337e-05,3.856997955098979e-05,2.3939549890921198e-05,1.6921282554848577e-05,3.1826130205695736e-05,2.0634208609051578e-05
76097557.067871094,76.097557067871,8.3823626995079825e-06,2.9791897701459328e-05,1.9572697287049744e-05,1.7658056423332487e-05,3.014883524072914e-05,1.7791833769306722e-05
76097702.026367188,76.097702026367,9.7374587307428906e-06,3.1833708863573361e-05,1.994354771400697e-05,2.0268714487744234e-05,3.4473055928279532e-05,1.918388760509644e-05
76097846.984863281,76.097846984863,1.2481196907520562e-05,2.9383022670147467e-05,2.0891558302602585e-05,2.189276396619032e-05,2.9005782349093523e-05,2.6791051173468456e-05
76097991.943359375,76.097991943359,1.1422146891850707e-05,2.879857007361952e-05,2.0642460380641812e-05,2.6456977702328174e-05,3.1416526484634384e-05,3.168196427171308e-05
76098136.901855469,76.098136901855,1.0542660618184239e-05,2.4297705281345561e-05,2.0001611204494199e-05,2.6679633782153522e-05,3.0536982253387223e-05,2.4666750260324476e-05
76098281.860351562,76.098281860352,1.0968680527063869e-05,2.7245282816880403e-05,2.3465286749723663e-05,2.3077089880109414e-05,3.8104104200685217e-05,2.0868092107724325e-05
76098426.818847656,76.098426818848,1.1325503203420117e-05,3.5530175575410378e-05,2.5312660746519487e-05,2.0094210414921229e-05,3.6560428128363045e-05,2.4172727997610096e-05
76098571.77734375,76.098571777344,1.3829700593266958e-05,3.4870436810713573e-05,3.0253391107282275e-05,2.1260835155017411e-05,3.6957286429677745e-05,2.1109348769472884e-05
76098716.735839844,76.098716735840,1.1613841336779732e-05,2.2761773210671719e-05,2.4536737864161732e-05,2.6377125521235724e-05,3.5047441817368923e-05,2.2029252390380251e-05
76098861.694335938,76.098861694336,1.1079240949391114e-05,2.5073477090647481e-05,1.9751200344407782e-05,2.1542749005309199e-05,3.9271227763848442e-05,2.6132862842182245e-05
76099006.652832031,76.099006652832,1.35661727998756e-05,3.325717658969924e-05,1.8528749099683298e-05,1.7990996933171363e-05,2.73602199672576e-05,3.054075364891672e-05
76099151.611328125,76.099151611328,1.0606001770963508e-05,3.9589115577832383e-05,2.8688312800344265e-05,2.3176668971566815e-05,3.0668298668017718e-05,2.4871465064042414e-05
76099296.569824219,76.099296569824,1.0896959432811937e-05,3.1810879679410175e-05,2.6112975870763321e-05,2.206530852389769e-05,2.9204702371539016e-05,2.4905229728994375e-05
76099441.528320312,76.099441528320,8.58480961516579e-06,3.2828492387482497e-05,3.0343898395632366e-05,1.9730532908571806e-05,2.4911270671522985e-05,2.2489175440239428e-05
76099586.486816406,76.099586486816,8.472558383746089e-06,3.1973042575206029e-05,2.4835239203888459e-05,2.1069126514890318e-05,4.1245387020427678e-05,2.1988304368039544e-05
76099731.4453125,76.099731445312,7.9823619942593911e-06,3.1252698376142383e-05,2.7013718597084076e-05,2.447538895192883e-05,3.7896591328591207e-05,2.2428232931064366e-05
76099876.403808594,76.099876403809,1.1335277122826796e-05,3.9326309648983073e-05,3.1854533881373738e-05,2.3379455888266127e-05,4.4126913084990637e-05,2.067647801994866e-05
