Frequency_Hz,Frequency_MHz,OffsetFrom76MHz_MHz,TwoTapDelaySamples,NormalizedFirRejection_dB
0,0.000000000000,-76.000000000000,8,-160
35207.041408281657,0.035207041408,-75.964792958592,8,-56.7406868367
70414.082816563314,0.070414082817,-75.929585917183,8,-50.7200961219
105621.12422484497,0.105621124225,-75.894378875775,8,-47.1982862716
140828.16563312663,0.140828165633,-75.859171834367,8,-44.6995330025
176035.20704140828,0.176035207041,-75.823964792959,8,-42.7613603379
211242.24844968994,0.211242248450,-75.788757751550,8,-41.1777691448
246449.2898579716,0.246449289858,-75.753550710142,8,-39.8388732125
281656.33126625326,0.281656331266,-75.718343668734,8,-38.6790802657
316863.37267453491,0.316863372675,-75.683136627325,8,-37.656081942
352070.41408281657,0.352070414083,-75.647929585917,8,-36.7409903886
387277.45549109823,0.387277455491,-75.612722544509,8,-35.9132010758
422484.49689937988,0.422484496899,-75.577515503101,8,-35.1575003809
457691.53830766154,0.457691538308,-75.542308461692,8,-34.4623349114
492898.5797159432,0.492898579716,-75.507101420284,8,-33.8187240324
528105.62112422485,0.528105621124,-75.471894378876,8,-33.2195484861
563312.66253250651,0.563312662533,-75.436687337467,8,-32.6590690683
598519.70394078817,0.598519703941,-75.401480296059,8,-32.132591481
633726.74534906982,0.633726745349,-75.366273254651,8,-31.6362271267
668933.78675735148,0.668933786757,-75.331066213243,8,-31.1667186631
704140.82816563314,0.704140828166,-75.295859171834,8,-30.7213103555
739347.8695739148,0.739347869574,-75.260652130426,8,-30.2976500941
774554.91098219645,0.774554910982,-75.225445089018,8,-29.8937142258
809761.95239047811,0.809761952390,-75.190238047610,8,-29.5077491089
844968.99379875977,0.844968993799,-75.155031006201,8,-29.1382251157
880176.03520704142,0.880176035207,-75.119823964793,8,-28.783800031
915383.07661532308,0.915383076615,-75.084616923385,8,-28.4432896335
950590.11802360474,0.950590118024,-75.049409881976,8,-28.1156438323
985797.15943188639,0.985797159432,-75.014202840568,8,-27.7999271454
1021004.2008401681,1.021004200840,-74.978995799160,8,-27.4953026054
1056211.2422484497,1.056211242248,-74.943788757752,8,-27.2010183946
1091418.2836567312,1.091418283657,-74.908581716343,8,-26.9163966726
1126625.325065013,1.126625325065,-74.873374674935,8,-26.640824178
1161832.3664732948,1.161832366473,-74.838167633527,8,-26.3737442769
1197039.4078815763,1.197039407882,-74.802960592118,8,-26.1146501988
1232246.4492898579,1.232246449290,-74.767753550710,8,-25.8630792532
1267453.4906981396,1.267453490698,-74.732546509302,8,-25.6186078609
1302660.5321064214,1.302660532106,-74.697339467894,8,-25.3808472667
1337867.573514703,1.337867573515,-74.662132426485,8,-25.1494398233
1373074.6149229845,1.373074614923,-74.626925385077,8,-24.9240557588
1408281.6563312663,1.408281656331,-74.591718343669,8,-24.7043903527
1443488.697739548,1.443488697740,-74.556511302260,8,-24.4901614613
1478695.7391478296,1.478695739148,-74.521304260852,8,-24.2811073409
1513902.7805561111,1.513902780556,-74.486097219444,8,-24.0769847273
1549109.8219643929,1.549109821964,-74.450890178036,8,-23.8775671363
1584316.8633726747,1.584316863373,-74.415683136627,8,-23.682643355
1619523.9047809562,1.619523904781,-74.380476095219,8,-23.492016099
1654730.9461892378,1.654730946189,-74.345269053811,8,-23.3055008138
1689937.9875975195,1.689937987598,-74.310062012402,8,-23.1229246029
1725145.0290058013,1.725145029006,-74.274854970994,8,-22.9441252661
1760352.0704140828,1.760352070414,-74.239647929586,8,-22.7689504348
1795559.1118223644,1.795559111822,-74.204440888178,8,-22.5972567932
1830766.1532306462,1.830766153231,-74.169233846769,8,-22.4289093752
1865973.1946389279,1.865973194639,-74.134026805361,8,-22.263780928
1901180.2360472095,1.901180236047,-74.098819763953,8,-22.1017513353
1936387.277455491,1.936387277455,-74.063612722545,8,-21.9427070934
1971594.3188637728,1.971594318864,-74.028405681136,8,-21.786540835
2006801.3602720546,2.006801360272,-73.993198639728,8,-21.6331508939
2042008.4016803361,2.042008401680,-73.957991598320,8,-21.4824409091
2077215.4430886176,2.077215443089,-73.922784556911,8,-21.3343194616
2112422.4844968994,2.112422484497,-73.887577515503,8,-21.1886997423
2147629.5259051812,2.147629525905,-73.852370474095,8,-21.0454992469
2182836.5673134625,2.182836567313,-73.817163432687,8,-20.9046394963
2218043.6087217443,2.218043608722,-73.781956391278,8,-20.7660457786
2253250.650130026,2.253250650130,-73.746749349870,8,-20.6296469121
2288457.6915383078,2.288457691538,-73.711542308462,8,-20.495375026
2323664.7329465896,2.323664732947,-73.676335267053,8,-20.3631653584
2358871.7743548709,2.358871774355,-73.641128225645,8,-20.2329560693
2394078.8157631527,2.394078815763,-73.605921184237,8,-20.1046880672
2429285.8571714344,2.429285857171,-73.570714142829,8,-19.978304849
2464492.8985797158,2.464492898580,-73.535507101420,8,-19.8537523505
2499699.9399879975,2.499699939988,-73.500300060012,8,-19.7309788086
2534906.9813962793,2.534906981396,-73.465093018604,8,-19.6099346319
2570114.0228045611,2.570114022805,-73.429885977195,8,-19.4905722816
2605321.0642128428,2.605321064213,-73.394678935787,8,-19.3728461589
2640528.1056211242,2.640528105621,-73.359471894379,8,-19.2567125019
2675735.1470294059,2.675735147029,-73.324264852971,8,-19.1421292872
2710942.1884376877,2.710942188438,-73.289057811562,8,-19.0290561399
2746149.229845969,2.746149229846,-73.253850770154,8,-18.9174542477
2781356.2712542508,2.781356271254,-73.218643728746,8,-18.8072862821
2816563.3126625326,2.816563312663,-73.183436687337,8,-18.698516323
2851770.3540708143,2.851770354071,-73.148229645929,8,-18.5911097892
2886977.3954790961,2.886977395479,-73.113022604521,8,-18.4850333724
2922184.4368873774,2.922184436887,-73.077815563113,8,-18.3802549757
2957391.4782956592,2.957391478296,-73.042608521704,8,-18.2767436554
2992598.519703941,2.992598519704,-73.007401480296,8,-18.1744695664
3027805.5611122223,3.027805561112,-72.972194438888,8,-18.0734039111
3063012.602520504,3.063012602521,-72.936987397479,8,-17.9735188904
3098219.6439287858,3.098219643929,-72.901780356071,8,-17.8747876586
3133426.6853370676,3.133426685337,-72.866573314663,8,-17.77718428
3168633.7267453494,3.168633726745,-72.831366273255,8,-17.6806836884
3203840.7681536307,3.203840768154,-72.796159231846,8,-17.5852616484
3239047.8095619124,3.239047809562,-72.760952190438,8,-17.4908947195
3274254.8509701942,3.274254850970,-72.725745149030,8,-17.3975602213
3309461.8923784755,3.309461892378,-72.690538107622,8,-17.3052362012
3344668.9337867573,3.344668933787,-72.655331066213,8,-17.2139014035
3379875.9751950391,3.379875975195,-72.620124024805,8,-17.1235352405
3415083.0166033208,3.415083016603,-72.584916983397,8,-17.0341177642
3450290.0580116026,3.450290058012,-72.549709941988,8,-16.9456296409
3485497.0994198839,3.485497099420,-72.514502900580,8,-16.8580521253
3520704.1408281657,3.520704140828,-72.479295859172,8,-16.7713670376
3555911.1822364475,3.555911182236,-72.444088817764,8,-16.6855567406
3591118.2236447288,3.591118223645,-72.408881776355,8,-16.6006041187
3626325.2650530105,3.626325265053,-72.373674734947,8,-16.5164925569
3661532.3064612923,3.661532306461,-72.338467693539,8,-16.4332059221
3696739.3478695741,3.696739347870,-72.303260652130,8,-16.3507285442
3731946.3892778559,3.731946389278,-72.268053610722,8,-16.269045199
3767153.4306861372,3.767153430686,-72.232846569314,8,-16.1881410908
3802360.4720944189,3.802360472094,-72.197639527906,8,-16.1080018372
3837567.5135027007,3.837567513503,-72.162432486497,8,-16.0286134533
3872774.554910982,3.872774554911,-72.127225445089,8,-15.9499623375
3907981.5963192638,3.907981596319,-72.092018403681,8,-15.8720352572
3943188.6377275456,3.943188637728,-72.056811362272,8,-15.7948193364
3978395.6791358273,3.978395679136,-72.021604320864,8,-15.718302042
4013602.7205441091,4.013602720544,-71.986397279456,8,-15.6424711724
4048809.7619523904,4.048809761952,-71.951190238048,8,-15.5673148458
4084016.8033606722,4.084016803361,-71.915983196639,8,-15.4928214888
4119223.844768954,4.119223844769,-71.880776155231,8,-15.4189798264
4154430.8861772353,4.154430886177,-71.845569113823,8,-15.3457788712
4189637.9275855171,4.189637927586,-71.810362072414,8,-15.2732079142
4224844.9689937988,4.224844968994,-71.775155031006,8,-15.201256515
4260052.0104020806,4.260052010402,-71.739947989598,8,-15.1299144935
4295259.0518103624,4.295259051810,-71.704740948190,8,-15.0591719207
4330466.0932186441,4.330466093219,-71.669533906781,8,-14.989019111
4365673.134626925,4.365673134627,-71.634326865373,8,-14.9194466139
4400880.1760352068,4.400880176035,-71.599119823965,8,-14.8504452069
4436087.2174434885,4.436087217443,-71.563912782556,8,-14.7820058877
4471294.2588517703,4.471294258852,-71.528705741148,8,-14.7141198677
4506501.3002600521,4.506501300260,-71.493498699740,8,-14.646778565
4541708.3416683339,4.541708341668,-71.458291658332,8,-14.5799735983
4576915.3830766156,4.576915383077,-71.423084616923,8,-14.5136967803
4612122.4244848974,4.612122424485,-71.387877575515,8,-14.4479401119
4647329.4658931792,4.647329465893,-71.352670534107,8,-14.3826957766
4682536.50730146,4.682536507301,-71.317463492699,8,-14.317956135
4717743.5487097418,4.717743548710,-71.282256451290,8,-14.2537137192
4752950.5901180236,4.752950590118,-71.247049409882,8,-14.1899612279
4788157.6315263053,4.788157631526,-71.211842368474,8,-14.1266915218
4823364.6729345871,4.823364672935,-71.176635327065,8,-14.063897618
4858571.7143428689,4.858571714343,-71.141428285657,8,-14.0015726865
4893778.7557511507,4.893778755751,-71.106221244249,8,-13.9397100449
4928985.7971594315,4.928985797159,-71.071014202841,8,-13.8783031548
4964192.8385677133,4.964192838568,-71.035807161432,8,-13.8173456171
4999399.879975995,4.999399879976,-71.000600120024,8,-13.7568311688
5034606.9213842768,5.034606921384,-70.965393078616,8,-13.6967536784
5069813.9627925586,5.069813962793,-70.930186037207,8,-13.6371071428
5105021.0042008404,5.105021004201,-70.894978995799,8,-13.5778856837
5140228.0456091221,5.140228045609,-70.859771954391,8,-13.5190835436
5175435.0870174039,5.175435087017,-70.824564912983,8,-13.4606950834
5210642.1284256857,5.210642128426,-70.789357871574,8,-13.4027147784
5245849.1698339665,5.245849169834,-70.754150830166,8,-13.3451372155
5281056.2112422483,5.281056211242,-70.718943788758,8,-13.2879570906
5316263.2526505301,5.316263252651,-70.683736747349,8,-13.2311692051
5351470.2940588119,5.351470294059,-70.648529705941,8,-13.1747684632
5386677.3354670936,5.386677335467,-70.613322664533,8,-13.1187498697
5421884.3768753754,5.421884376875,-70.578115623125,8,-13.063108527
5457091.4182836572,5.457091418284,-70.542908581716,8,-13.0078396323
5492298.459691938,5.492298459692,-70.507701540308,8,-12.9529384759
5527505.5011002198,5.527505501100,-70.472494498900,8,-12.8984004381
5562712.5425085016,5.562712542509,-70.437287457492,8,-12.8442209874
5597919.5839167833,5.597919583917,-70.402080416083,8,-12.790395678
5633126.6253250651,5.633126625325,-70.366873374675,8,-12.7369201477
5668333.6667333469,5.668333666733,-70.331666333267,8,-12.683790116
5703540.7081416287,5.703540708142,-70.296459291858,8,-12.6310013819
5738747.7495499104,5.738747749550,-70.261252250450,8,-12.5785498219
5773954.7909581922,5.773954790958,-70.226045209042,8,-12.5264313882
5809161.832366473,5.809161832366,-70.190838167634,8,-12.4746421068
5844368.8737747548,5.844368873775,-70.155631126225,8,-12.423178076
5879575.9151830366,5.879575915183,-70.120424084817,8,-12.3720354641
5914782.9565913184,5.914782956591,-70.085217043409,8,-12.3212105082
5949989.9979996001,5.949989998000,-70.050010002000,8,-12.2706995125
5985197.0394078819,5.985197039408,-70.014802960592,8,-12.2204988464
6020404.0808161637,6.020404080816,-69.979595919184,8,-12.1706049435
6055611.1222244445,6.055611122224,-69.944388877776,8,-12.1210142996
6090818.1636327263,6.090818163633,-69.909181836367,8,-12.0717234716
6126025.2050410081,6.126025205041,-69.873974794959,8,-12.0227290757
6161232.2464492898,6.161232246449,-69.838767753551,8,-11.9740277866
6196439.2878575716,6.196439287858,-69.803560712142,8,-11.9256163357
6231646.3292658534,6.231646329266,-69.768353670734,8,-11.8774915101
6266853.3706741352,6.266853370674,-69.733146629326,8,-11.829650151
6302060.4120824169,6.302060412082,-69.697939587918,8,-11.782089153
6337267.4534906987,6.337267453491,-69.662732546509,8,-11.7348054624
6372474.4948989796,6.372474494899,-69.627525505101,8,-11.6877960763
6407681.5363072613,6.407681536307,-69.592318463693,8,-11.6410580416
6442888.5777155431,6.442888577716,-69.557111422284,8,-11.5945884537
6478095.6191238249,6.478095619124,-69.521904380876,8,-11.5483844553
6513302.6605321066,6.513302660532,-69.486697339468,8,-11.502443236
6548509.7019403884,6.548509701940,-69.451490298060,8,-11.4567620305
6583716.7433486702,6.583716743349,-69.416283256651,8,-11.4113381181
6618923.784756951,6.618923784757,-69.381076215243,8,-11.3661688219
6654130.8261652328,6.654130826165,-69.345869173835,8,-11.3212515072
6689337.8675735146,6.689337867574,-69.310662132426,8,-11.2765835813
6724544.9089817964,6.724544908982,-69.275455091018,8,-11.2321624924
6759751.9503900781,6.759751950390,-69.240248049610,8,-11.1879857285
6794958.9917983599,6.794958991798,-69.205041008202,8,-11.144050817
6830166.0332066417,6.830166033207,-69.169833966793,8,-11.1003553234
6865373.0746149234,6.865373074615,-69.134626925385,8,-11.0568968509
6900580.1160232052,6.900580116023,-69.099419883977,8,-11.0136730395
6935787.1574314861,6.935787157431,-69.064212842569,8,-10.9706815654
6970994.1988397678,6.970994198840,-69.029005801160,8,-10.9279201398
7006201.2402480496,7.006201240248,-68.993798759752,8,-10.8853865088
7041408.2816563314,7.041408281656,-68.958591718344,8,-10.8430784522
7076615.3230646132,7.076615323065,-68.923384676935,8,-10.8009937832
7111822.3644728949,7.111822364473,-68.888177635527,8,-10.7591303475
7147029.4058811767,7.147029405881,-68.852970594119,8,-10.7174860229
7182236.4472894575,7.182236447289,-68.817763552711,8,-10.6760587181
7217443.4886977393,7.217443488698,-68.782556511302,8,-10.634846373
7252650.5301060211,7.252650530106,-68.747349469894,8,-10.5938469572
7287857.5715143029,7.287857571514,-68.712142428486,8,-10.5530584701
7323064.6129225846,7.323064612923,-68.676935387077,8,-10.5124789399
7358271.6543308664,7.358271654331,-68.641728345669,8,-10.4721064232
7393478.6957391482,7.393478695739,-68.606521304261,8,-10.4319390045
7428685.73714743,7.428685737147,-68.571314262853,8,-10.3919747956
7463892.7785557117,7.463892778556,-68.536107221444,8,-10.3522119351
7499099.8199639926,7.499099819964,-68.500900180036,8,-10.3126485878
7534306.8613722743,7.534306861372,-68.465693138628,8,-10.2732829445
7569513.9027805561,7.569513902781,-68.430486097219,8,-10.2341132212
7604720.9441888379,7.604720944189,-68.395279055811,8,-10.1951376589
7639927.9855971197,7.639927985597,-68.360072014403,8,-10.1563545227
7675135.0270054014,7.675135027005,-68.324864972995,8,-10.117762102
7710342.0684136832,7.710342068414,-68.289657931586,8,-10.0793587094
7745549.1098219641,7.745549109822,-68.254450890178,8,-10.0411426809
7780756.1512302458,7.780756151230,-68.219243848770,8,-10.0031123749
7815963.1926385276,7.815963192639,-68.184036807361,8,-9.96526617213
7851170.2340468094,7.851170234047,-68.148829765953,8,-9.92760247521
7886377.2754550911,7.886377275455,-68.113622724545,8,-9.89011970822
7921584.3168633729,7.921584316863,-68.078415683137,8,-9.8528163163
7956791.3582716547,7.956791358272,-68.043208641728,8,-9.81569076529
7991998.3996799365,7.991998399680,-68.008001600320,8,-9.77874154141
8027205.4410882182,8.027205441088,-67.972794558912,8,-9.74196715082
8062412.4824964991,8.062412482496,-67.937587517504,8,-9.70536611935
8097619.5239047809,8.097619523905,-67.902380476095,8,-9.66893699209
8132826.5653130626,8.132826565313,-67.867173434687,8,-9.63267833311
8168033.6067213444,8.168033606721,-67.831966393279,8,-9.59658872511
8203240.6481296262,8.203240648130,-67.796759351870,8,-9.56066676909
8238447.689537908,8.238447689538,-67.761552310462,8,-9.52491108405
8273654.7309461897,8.273654730946,-67.726345269054,8,-9.48932030668
8308861.7723544706,8.308861772354,-67.691138227646,8,-9.45389309106
8344068.8137627523,8.344068813763,-67.655931186237,8,-9.41862810836
8379275.8551710341,8.379275855171,-67.620724144829,8,-9.38352404656
8414482.8965793159,8.414482896579,-67.585517103421,8,-9.34857961016
8449689.9379875977,8.449689937988,-67.550310062012,8,-9.31379351994
8484896.9793958794,8.484896979396,-67.515103020604,8,-9.2791645126
8520104.0208041612,8.520104020804,-67.479895979196,8,-9.24469134062
8555311.062212443,8.555311062212,-67.444688937788,8,-9.21037277188
8590518.1036207248,8.590518103621,-67.409481896379,8,-9.1762075895
8625725.1450290065,8.625725145029,-67.374274854971,8,-9.14219459154
8660932.1864372883,8.660932186437,-67.339067813563,8,-9.10833259077
8696139.2278455701,8.696139227846,-67.303860772154,8,-9.07462041443
8731346.26925385,8.731346269254,-67.268653730746,8,-9.04105690399
8766553.3106621318,8.766553310662,-67.233446689338,8,-9.00764091494
8801760.3520704135,8.801760352070,-67.198239647930,8,-8.97437131656
8836967.3934786953,8.836967393479,-67.163032606521,8,-8.94124699167
8872174.4348869771,8.872174434887,-67.127825565113,8,-8.90826683646
8907381.4762952588,8.907381476295,-67.092618523705,8,-8.87542976024
8942588.5177035406,8.942588517704,-67.057411482296,8,-8.84273468527
8977795.5591118224,8.977795559112,-67.022204440888,8,-8.81018054652
9013002.6005201042,9.013002600520,-66.986997399480,8,-8.77776629148
9048209.6419283859,9.048209641928,-66.951790358072,8,-8.74549088
9083416.6833366677,9.083416683337,-66.916583316663,8,-8.71335328406
9118623.7247449495,9.118623724745,-66.881376275255,8,-8.68135248756
9153830.7661532313,9.153830766153,-66.846169233847,8,-8.64948748622
9189037.807561513,9.189037807562,-66.810962192438,8,-8.61775728732
9224244.8489697948,9.224244848970,-66.775755151030,8,-8.58616090955
9259451.8903780766,9.259451890378,-66.740548109622,8,-8.55469738284
9294658.9317863584,9.294658931786,-66.705341068214,8,-8.52336574819
9329865.9731946383,9.329865973195,-66.670134026805,8,-8.49216505751
9365073.01460292,9.365073014603,-66.634926985397,8,-8.46109437342
9400280.0560112018,9.400280056011,-66.599719943989,8,-8.43015276912
9435487.0974194836,9.435487097419,-66.564512902581,8,-8.39933932826
9470694.1388277654,9.470694138828,-66.529305861172,8,-8.3686531447
9505901.1802360471,9.505901180236,-66.494098819764,8,-8.33809332245
9541108.2216443289,9.541108221644,-66.458891778356,8,-8.30765897545
9576315.2630526107,9.576315263053,-66.423684736947,8,-8.27734922748
9611522.3044608925,9.611522304461,-66.388477695539,8,-8.24716321196
9646729.3458691742,9.646729345869,-66.353270654131,8,-8.21710007186
9681936.387277456,9.681936387277,-66.318063612723,8,-8.18715895954
9717143.4286857378,9.717143428686,-66.282856571314,8,-8.15733903659
9752350.4700940195,9.752350470094,-66.247649529906,8,-8.12763947374
9787557.5115023013,9.787557511502,-66.212442488498,8,-8.0980594507
9822764.5529105831,9.822764552911,-66.177235447089,8,-8.06859815604
9857971.594318863,9.857971594319,-66.142028405681,8,-8.03925478706
9893178.6357271448,9.893178635727,-66.106821364273,8,-8.01002854966
9928385.6771354266,9.928385677135,-66.071614322865,8,-7.98091865825
9963592.7185437083,9.963592718544,-66.036407281456,8,-7.95192433558
9998799.7599519901,9.998799759952,-66.001200240048,8,-7.92304481265
10034006.801360272,10.034006801360,-65.965993198640,8,-7.89427932861
10069213.842768554,10.069213842769,-65.930786157231,8,-7.8656271306
10104420.884176835,10.104420884177,-65.895579115823,8,-7.83708747369
10139627.925585117,10.139627925585,-65.860372074415,8,-7.80865962074
10174834.966993399,10.174834966993,-65.825165033007,8,-7.78034284229
10210042.008401681,10.210042008402,-65.789957991598,8,-7.75213641646
10245249.049809963,10.245249049810,-65.754750950190,8,-7.72403962886
10280456.091218244,10.280456091218,-65.719543908782,8,-7.69605177246
10315663.132626526,10.315663132627,-65.684336867373,8,-7.66817214752
10350870.174034808,10.350870174035,-65.649129825965,8,-7.64040006147
10386077.21544309,10.386077215443,-65.613922784557,8,-7.6127348288
10421284.256851371,10.421284256851,-65.578715743149,8,-7.58517577101
10456491.298259651,10.456491298260,-65.543508701740,8,-7.55772221647
10491698.339667933,10.491698339668,-65.508301660332,8,-7.53037350035
10526905.381076215,10.526905381076,-65.473094618924,8,-7.50312896452
10562112.422484497,10.562112422484,-65.437887577516,8,-7.47598795748
10597319.463892778,10.597319463893,-65.402680536107,8,-7.44894983423
10632526.50530106,10.632526505301,-65.367473494699,8,-7.42201395624
10667733.546709342,10.667733546709,-65.332266453291,8,-7.39517969132
10702940.588117624,10.702940588118,-65.297059411882,8,-7.36844641355
10738147.629525905,10.738147629526,-65.261852370474,8,-7.34181350319
10773354.670934187,10.773354670934,-65.226645329066,8,-7.31528034665
10808561.712342469,10.808561712342,-65.191438287658,8,-7.28884633632
10843768.753750751,10.843768753751,-65.156231246249,8,-7.26251087056
10878975.795159033,10.878975795159,-65.121024204841,8,-7.23627335361
10914182.836567314,10.914182836567,-65.085817163433,8,-7.21013319551
10949389.877975596,10.949389877976,-65.050610122024,8,-7.18408981199
10984596.919383876,10.984596919384,-65.015403080616,8,-7.15814262448
11019803.960792158,11.019803960792,-64.980196039208,8,-7.13229105995
11055011.00220044,11.055011002200,-64.944988997800,8,-7.10653455088
11090218.043608721,11.090218043609,-64.909781956391,8,-7.08087253521
11125425.085017003,11.125425085017,-64.874574914983,8,-7.05530445622
11160632.126425285,11.160632126425,-64.839367873575,8,-7.02982976251
11195839.167833567,11.195839167834,-64.804160832166,8,-7.0044479079
11231046.209241848,11.231046209242,-64.768953790758,8,-6.97915835138
11266253.25065013,11.266253250650,-64.733746749350,8,-6.95396055704
11301460.292058412,11.301460292058,-64.698539707942,8,-6.92885399403
11336667.333466694,11.336667333467,-64.663332666533,8,-6.90383813644
11371874.374874976,11.371874374875,-64.628125625125,8,-6.87891246332
11407081.416283257,11.407081416283,-64.592918583717,8,-6.85407645853
11442288.457691539,11.442288457692,-64.557711542308,8,-6.82932961074
11477495.499099821,11.477495499100,-64.522504500900,8,-6.80467141338
11512702.540508103,11.512702540508,-64.487297459492,8,-6.78010136453
11547909.581916384,11.547909581916,-64.452090418084,8,-6.7556189669
11583116.623324664,11.583116623325,-64.416883376675,8,-6.73122372775
11618323.664732946,11.618323664733,-64.381676335267,8,-6.70691515888
11653530.706141228,11.653530706141,-64.346469293859,8,-6.68269277652
11688737.74754951,11.688737747550,-64.311262252450,8,-6.65855610131
11723944.788957791,11.723944788958,-64.276055211042,8,-6.63450465823
11759151.830366073,11.759151830366,-64.240848169634,8,-6.61053797656
11794358.871774355,11.794358871774,-64.205641128226,8,-6.58665558985
11829565.913182637,11.829565913183,-64.170434086817,8,-6.56285703579
11864772.954590918,11.864772954591,-64.135227045409,8,-6.53914185627
11899979.9959992,11.899979995999,-64.100020004001,8,-6.51550959725
11935187.037407482,11.935187037407,-64.064812962593,8,-6.49195980873
11970394.078815764,11.970394078816,-64.029605921184,8,-6.46849204472
12005601.120224046,12.005601120224,-63.994398879776,8,-6.44510586318
12040808.161632327,12.040808161632,-63.959191838368,8,-6.42180082598
12076015.203040609,12.076015203041,-63.923984796959,8,-6.39857649886
12111222.244448889,12.111222244449,-63.888777755551,8,-6.37543245135
12146429.285857171,12.146429285857,-63.853570714143,8,-6.35236825677
12181636.327265453,12.181636327265,-63.818363672735,8,-6.32938349216
12216843.368673734,12.216843368674,-63.783156631326,8,-6.30647773827
12252050.410082016,12.252050410082,-63.747949589918,8,-6.28365057945
12287257.451490298,12.287257451490,-63.712742548510,8,-6.26090160369
12322464.49289858,12.322464492899,-63.677535507101,8,-6.23823040252
12357671.534306861,12.357671534307,-63.642328465693,8,-6.21563657099
12392878.575715143,12.392878575715,-63.607121424285,8,-6.19311970764
12428085.617123425,12.428085617123,-63.571914382877,8,-6.17067941445
12463292.658531707,12.463292658532,-63.536707341468,8,-6.14831529678
12498499.699939989,12.498499699940,-63.501500300060,8,-6.12602696337
12533706.74134827,12.533706741348,-63.466293258652,8,-6.1038140263
12568913.782756552,12.568913782757,-63.431086217243,8,-6.0816761009
12604120.824164834,12.604120824165,-63.395879175835,8,-6.05961280579
12639327.865573116,12.639327865573,-63.360672134427,8,-6.03762376279
12674534.906981397,12.674534906981,-63.325465093019,8,-6.01570859688
12709741.948389677,12.709741948390,-63.290258051610,8,-5.99386693622
12744948.989797959,12.744948989798,-63.255051010202,8,-5.97209841206
12780156.031206241,12.780156031206,-63.219843968794,8,-5.95040265872
12815363.072614523,12.815363072615,-63.184636927385,8,-5.92877931357
12850570.114022804,12.850570114023,-63.149429885977,8,-5.90722801698
12885777.155431086,12.885777155431,-63.114222844569,8,-5.88574841232
12920984.196839368,12.920984196839,-63.079015803161,8,-5.86434014587
12956191.23824765,12.956191238248,-63.043808761752,8,-5.84300286685
12991398.279655932,12.991398279656,-63.008601720344,8,-5.82173622734
13026605.321064213,13.026605321064,-62.973394678936,8,-5.80053988227
13061812.362472495,13.061812362472,-62.938187637528,8,-5.7794134894
13097019.403880777,13.097019403881,-62.902980596119,8,-5.75835670927
13132226.445289059,13.132226445289,-62.867773554711,8,-5.73736920517
13167433.48669734,13.167433486697,-62.832566513303,8,-5.71645064313
13202640.528105622,13.202640528106,-62.797359471894,8,-5.69560069189
13237847.569513902,13.237847569514,-62.762152430486,8,-5.67481902282
13273054.610922184,13.273054610922,-62.726945389078,8,-5.65410530998
13308261.652330466,13.308261652330,-62.691738347670,8,-5.63345923001
13343468.693738747,13.343468693739,-62.656531306261,8,-5.61288046215
13378675.735147029,13.378675735147,-62.621324264853,8,-5.59236868821
13413882.776555311,13.413882776555,-62.586117223445,8,-5.57192359251
13449089.817963593,13.449089817964,-62.550910182036,8,-5.5515448619
13484296.859371874,13.484296859372,-62.515703140628,8,-5.53123218569
13519503.900780156,13.519503900780,-62.480496099220,8,-5.51098525565
13554710.942188438,13.554710942188,-62.445289057812,8,-5.49080376598
13589917.98359672,13.589917983597,-62.410082016403,8,-5.4706874133
13625125.025005002,13.625125025005,-62.374874974995,8,-5.45063589658
13660332.066413283,13.660332066413,-62.339667933587,8,-5.43064891717
13695539.107821565,13.695539107822,-62.304460892178,8,-5.41072617874
13730746.149229847,13.730746149230,-62.269253850770,8,-5.39086738725
13765953.190638129,13.765953190638,-62.234046809362,8,-5.37107225098
13801160.23204641,13.801160232046,-62.198839767954,8,-5.35134048043
13836367.27345469,13.836367273455,-62.163632726545,8,-5.33167178836
13871574.314862972,13.871574314863,-62.128425685137,8,-5.31206588976
13906781.356271254,13.906781356271,-62.093218643729,8,-5.29252250176
13941988.397679536,13.941988397680,-62.058011602320,8,-5.27304134371
13977195.439087817,13.977195439088,-62.022804560912,8,-5.25362213709
14012402.480496099,14.012402480496,-61.987597519504,8,-5.2342646055
14047609.521904381,14.047609521904,-61.952390478096,8,-5.21496847466
14082816.563312663,14.082816563313,-61.917183436687,8,-5.19573347234
14118023.604720945,14.118023604721,-61.881976395279,8,-5.17655932843
14153230.646129226,14.153230646129,-61.846769353871,8,-5.15744577481
14188437.687537508,14.188437687538,-61.811562312462,8,-5.1383925454
14223644.72894579,14.223644728946,-61.776355271054,8,-5.11939937615
14258851.770354072,14.258851770354,-61.741148229646,8,-5.10046600495
14294058.811762353,14.294058811762,-61.705941188238,8,-5.08159217167
14329265.853170635,14.329265853171,-61.670734146829,8,-5.06277761814
14364472.894578915,14.364472894579,-61.635527105421,8,-5.0440220881
14399679.935987197,14.399679935987,-61.600320064013,8,-5.02532532719
14434886.977395479,14.434886977395,-61.565113022605,8,-5.00668708295
14470094.01880376,14.470094018804,-61.529905981196,8,-4.9881071048
14505301.060212042,14.505301060212,-61.494698939788,8,-4.96958514397
14540508.101620324,14.540508101620,-61.459491898380,8,-4.95112095358
14575715.143028606,14.575715143029,-61.424284856971,8,-4.93271428852
14610922.184436888,14.610922184437,-61.389077815563,8,-4.9143649055
14646129.225845169,14.646129225845,-61.353870774155,8,-4.89607256301
14681336.267253451,14.681336267253,-61.318663732747,8,-4.8778370213
14716543.308661733,14.716543308662,-61.283456691338,8,-4.85965804237
14751750.350070015,14.751750350070,-61.248249649930,8,-4.84153538995
14786957.391478296,14.786957391478,-61.213042608522,8,-4.82346882948
14822164.432886578,14.822164432887,-61.177835567113,8,-4.80545812811
14857371.47429486,14.857371474295,-61.142628525705,8,-4.78750305466
14892578.515703142,14.892578515703,-61.107421484297,8,-4.76960337962
14927785.557111423,14.927785557111,-61.072214442889,8,-4.75175887513
14962992.598519703,14.962992598520,-61.037007401480,8,-4.73396931498
14998199.639927985,14.998199639928,-61.001800360072,8,-4.71623447455
15033406.681336267,15.033406681336,-60.966593318664,8,-4.69855413085
15068613.722744549,15.068613722745,-60.931386277255,8,-4.68092806247
15103820.76415283,15.103820764153,-60.896179235847,8,-4.66335604958
15139027.805561112,15.139027805561,-60.860972194439,8,-4.6458378739
15174234.846969394,15.174234846969,-60.825765153031,8,-4.6283733187
15209441.888377676,15.209441888378,-60.790558111622,8,-4.6109621688
15244648.929785958,15.244648929786,-60.755351070214,8,-4.59360421051
15279855.971194239,15.279855971194,-60.720144028806,8,-4.57629923167
15315063.012602521,15.315063012603,-60.684936987397,8,-4.55904702158
15350270.054010803,15.350270054011,-60.649729945989,8,-4.54184737104
15385477.095419085,15.385477095419,-60.614522904581,8,-4.5247000723
15420684.136827366,15.420684136827,-60.579315863173,8,-4.50760491908
15455891.178235648,15.455891178236,-60.544108821764,8,-4.49056170651
15491098.219643928,15.491098219644,-60.508901780356,8,-4.47357023117
15526305.26105221,15.526305261052,-60.473694738948,8,-4.45663029101
15561512.302460492,15.561512302460,-60.438487697540,8,-4.43974168543
15596719.343868773,15.596719343869,-60.403280656131,8,-4.42290421518
15631926.385277055,15.631926385277,-60.368073614723,8,-4.4061176824
15667133.426685337,15.667133426685,-60.332866573315,8,-4.38938189057
15702340.468093619,15.702340468094,-60.297659531906,8,-4.37269664454
15737547.509501901,15.737547509502,-60.262452490498,8,-4.35606175049
15772754.550910182,15.772754550910,-60.227245449090,8,-4.33947701593
15807961.592318464,15.807961592318,-60.192038407682,8,-4.32294224966
15843168.633726746,15.843168633727,-60.156831366273,8,-4.30645726181
15878375.675135028,15.878375675135,-60.121624324865,8,-4.29002186379
15913582.716543309,15.913582716543,-60.086417283457,8,-4.27363586829
15948789.757951591,15.948789757952,-60.051210242048,8,-4.25729908925
15983996.799359873,15.983996799360,-60.016003200640,8,-4.24101134188
16019203.840768155,16.019203840768,-59.980796159232,8,-4.22477244266
16054410.882176436,16.054410882176,-59.945589117824,8,-4.20858220925
16089617.923584716,16.089617923585,-59.910382076415,8,-4.19244046059
16124824.964992998,16.124824964993,-59.875175035007,8,-4.17634701679
16160032.00640128,16.160032006401,-59.839967993599,8,-4.16030169918
16195239.047809562,16.195239047810,-59.804760952190,8,-4.1443043303
16230446.089217843,16.230446089218,-59.769553910782,8,-4.12835473383
16265653.130626125,16.265653130626,-59.734346869374,8,-4.11245273466
16300860.172034407,16.300860172034,-59.699139827966,8,-4.09659815883
16336067.213442689,16.336067213443,-59.663932786557,8,-4.08079083351
16371274.254850971,16.371274254851,-59.628725745149,8,-4.06503058706
16406481.296259252,16.406481296259,-59.593518703741,8,-4.04931724891
16441688.337667534,16.441688337668,-59.558311662332,8,-4.03365064968
16476895.379075816,16.476895379076,-59.523104620924,8,-4.01803062104
16512102.420484098,16.512102420484,-59.487897579516,8,-4.00245699581
16547309.461892379,16.547309461892,-59.452690538108,8,-3.98692960788
16582516.503300661,16.582516503301,-59.417483496699,8,-3.97144829223
16617723.544708941,16.617723544709,-59.382276455291,8,-3.95601288493
16652930.586117223,16.652930586117,-59.347069413883,8,-3.94062322309
16688137.627525505,16.688137627526,-59.311862372474,8,-3.9252791449
16723344.668933786,16.723344668934,-59.276655331066,8,-3.90998048959
16758551.710342068,16.758551710342,-59.241448289658,8,-3.89472709743
16793758.75175035,16.793758751750,-59.206241248250,8,-3.87951880973
16828965.793158632,16.828965793159,-59.171034206841,8,-3.86435546881
16864172.834566914,16.864172834567,-59.135827165433,8,-3.84923691803
16899379.875975195,16.899379875975,-59.100620124025,8,-3.83416300171
16934586.917383477,16.934586917383,-59.065413082617,8,-3.81913356522
16969793.958791759,16.969793958792,-59.030206041208,8,-3.80414845488
17005001.000200041,17.005001000200,-58.994998999800,8,-3.78920751803
17040208.041608322,17.040208041608,-58.959791958392,8,-3.77431060294
17075415.083016604,17.075415083017,-58.924584916983,8,-3.75945755887
17110622.124424886,17.110622124425,-58.889377875575,8,-3.74464823604
17145829.165833168,17.145829165833,-58.854170834167,8,-3.72988248562
17181036.20724145,17.181036207241,-58.818963792759,8,-3.71516015971
17216243.248649731,17.216243248650,-58.783756751350,8,-3.70048111136
17251450.290058013,17.251450290058,-58.748549709942,8,-3.68584519453
17286657.331466295,17.286657331466,-58.713342668534,8,-3.67125226412
17321864.372874577,17.321864372875,-58.678135627125,8,-3.65670217592
17357071.414282858,17.357071414283,-58.642928585717,8,-3.64219478665
17392278.45569114,17.392278455691,-58.607721544309,8,-3.6277299539
17427485.497099422,17.427485497099,-58.572514502901,8,-3.61330753617
17462692.5385077,17.462692538508,-58.537307461492,8,-3.59892739284
17497899.579915982,17.497899579916,-58.502100420084,8,-3.58458938416
17533106.621324264,17.533106621324,-58.466893378676,8,-3.57029337125
17568313.662732545,17.568313662733,-58.431686337267,8,-3.55603921611
17603520.704140827,17.603520704141,-58.396479295859,8,-3.54182678157
17638727.745549109,17.638727745549,-58.361272254451,8,-3.52765593133
17673934.786957391,17.673934786957,-58.326065213043,8,-3.51352652992
17709141.828365672,17.709141828366,-58.290858171634,8,-3.4994384427
17744348.869773954,17.744348869774,-58.255651130226,8,-3.48539153588
17779555.911182236,17.779555911182,-58.220444088818,8,-3.47138567647
17814762.952590518,17.814762952591,-58.185237047409,8,-3.45742073231
17849969.993998799,17.849969993999,-58.150030006001,8,-3.44349657204
17885177.035407081,17.885177035407,-58.114822964593,8,-3.42961306513
17920384.076815363,17.920384076815,-58.079615923185,8,-3.4157700818
17955591.118223645,17.955591118224,-58.044408881776,8,-3.40196749311
17990798.159631927,17.990798159632,-58.009201840368,8,-3.38820517087
18026005.201040208,18.026005201040,-57.973994798960,8,-3.37448298768
18061212.24244849,18.061212242448,-57.938787757552,8,-3.36080081693
18096419.283856772,18.096419283857,-57.903580716143,8,-3.34715853274
18131626.325265054,18.131626325265,-57.868373674735,8,-3.33355601003
18166833.366673335,18.166833366673,-57.833166633327,8,-3.31999312445
18202040.408081617,18.202040408082,-57.797959591918,8,-3.30646975241
18237247.449489899,18.237247449490,-57.762752550510,8,-3.29298577106
18272454.490898181,18.272454490898,-57.727545509102,8,-3.27954105829
18307661.532306463,18.307661532306,-57.692338467694,8,-3.26613549272
18342868.573714744,18.342868573715,-57.657131426285,8,-3.25276895369
18378075.615123026,18.378075615123,-57.621924384877,8,-3.23944132129
18413282.656531308,18.413282656531,-57.586717343469,8,-3.22615247629
18448489.69793959,18.448489697940,-57.551510302060,8,-3.21290230019
18483696.739347871,18.483696739348,-57.516303260652,8,-3.19969067519
18518903.780756153,18.518903780756,-57.481096219244,8,-3.18651748421
18554110.822164435,18.554110822164,-57.445889177836,8,-3.17338261082
18589317.863572717,18.589317863573,-57.410682136427,8,-3.16028593932
18624524.904980995,18.624524904981,-57.375475095019,8,-3.14722735469
18659731.946389277,18.659731946389,-57.340268053611,8,-3.13420674256
18694938.987797558,18.694938987798,-57.305061012202,8,-3.12122398927
18730146.02920584,18.730146029206,-57.269853970794,8,-3.10827898181
18765353.070614122,18.765353070614,-57.234646929386,8,-3.09537160783
18800560.112022404,18.800560112022,-57.199439887978,8,-3.08250175566
18835767.153430685,18.835767153431,-57.164232846569,8,-3.06966931427
18870974.194838967,18.870974194839,-57.129025805161,8,-3.05687417327
18906181.236247249,18.906181236247,-57.093818763753,8,-3.04411622295
18941388.277655531,18.941388277656,-57.058611722344,8,-3.0313953542
18976595.319063812,18.976595319064,-57.023404680936,8,-3.01871145856
19011802.360472094,19.011802360472,-56.988197639528,8,-3.00606442822
19047009.401880376,19.047009401880,-56.952990598120,8,-2.99345415598
19082216.443288658,19.082216443289,-56.917783556711,8,-2.98088053525
19117423.48469694,19.117423484697,-56.882576515303,8,-2.96834346008
19152630.526105221,19.152630526105,-56.847369473895,8,-2.95584282512
19187837.567513503,19.187837567514,-56.812162432486,8,-2.94337852563
19223044.608921785,19.223044608922,-56.776955391078,8,-2.93095045748
19258251.650330067,19.258251650330,-56.741748349670,8,-2.91855851714
19293458.691738348,19.293458691738,-56.706541308262,8,-2.90620260166
19328665.73314663,19.328665733147,-56.671334266853,8,-2.8938826087
19363872.774554912,19.363872774555,-56.636127225445,8,-2.8815984365
19399079.815963194,19.399079815963,-56.600920184037,8,-2.86934998388
19434286.857371476,19.434286857371,-56.565713142629,8,-2.85713715025
19469493.898779757,19.469493898780,-56.530506101220,8,-2.84495983557
19504700.940188039,19.504700940188,-56.495299059812,8,-2.8328179404
19539907.981596321,19.539907981596,-56.460092018404,8,-2.82071136584
19575115.023004603,19.575115023005,-56.424884976995,8,-2.80864001358
19610322.064412884,19.610322064413,-56.389677935587,8,-2.79660378585
19645529.105821166,19.645529105821,-56.354470894179,8,-2.78460258544
19680736.147229448,19.680736147229,-56.319263852771,8,-2.77263631568
19715943.188637726,19.715943188638,-56.284056811362,8,-2.76070488047
19751150.230046008,19.751150230046,-56.248849769954,8,-2.74880818423
19786357.27145429,19.786357271454,-56.213642728546,8,-2.73694613194
19821564.312862571,19.821564312863,-56.178435687137,8,-2.72511862909
19856771.354270853,19.856771354271,-56.143228645729,8,-2.71332558172
19891978.395679135,19.891978395679,-56.108021604321,8,-2.7015668964
19927185.437087417,19.927185437087,-56.072814562913,8,-2.68984248022
19962392.478495698,19.962392478496,-56.037607521504,8,-2.67815224078
19997599.51990398,19.997599519904,-56.002400480096,8,-2.66649608623
20032806.561312262,20.032806561312,-55.967193438688,8,-2.65487392518
20068013.602720544,20.068013602721,-55.931986397279,8,-2.6432856668
20103220.644128826,20.103220644129,-55.896779355871,8,-2.63173122075
20138427.685537107,20.138427685537,-55.861572314463,8,-2.62021049719
20173634.726945389,20.173634726945,-55.826365273055,8,-2.60872340677
20208841.768353671,20.208841768354,-55.791158231646,8,-2.59726986066
20244048.809761953,20.244048809762,-55.755951190238,8,-2.5858497705
20279255.851170234,20.279255851170,-55.720744148830,8,-2.57446304844
20314462.892578516,20.314462892579,-55.685537107421,8,-2.5631096071
20349669.933986798,20.349669933987,-55.650330066013,8,-2.5517893596
20384876.97539508,20.384876975395,-55.615123024605,8,-2.54050221952
20420084.016803361,20.420084016803,-55.579915983197,8,-2.52924810093
20455291.058211643,20.455291058212,-55.544708941788,8,-2.51802691838
20490498.099619925,20.490498099620,-55.509501900380,8,-2.50683858686
20525705.141028207,20.525705141028,-55.474294858972,8,-2.49568302186
20560912.182436489,20.560912182436,-55.439087817564,8,-2.48456013932
20596119.22384477,20.596119223845,-55.403880776155,8,-2.47346985565
20631326.265253052,20.631326265253,-55.368673734747,8,-2.4624120877
20666533.306661334,20.666533306661,-55.333466693339,8,-2.45138675278
20701740.348069616,20.701740348070,-55.298259651930,8,-2.44039376868
20736947.389477897,20.736947389478,-55.263052610522,8,-2.42943305359
20772154.430886179,20.772154430886,-55.227845569114,8,-2.41850452619
20807361.472294461,20.807361472294,-55.192638527706,8,-2.40760810558
20842568.513702743,20.842568513703,-55.157431486297,8,-2.39674371131
20877775.555111021,20.877775555111,-55.122224444889,8,-2.38591126335
20912982.596519303,20.912982596519,-55.087017403481,8,-2.37511068212
20948189.637927584,20.948189637928,-55.051810362072,8,-2.36434188848
20983396.679335866,20.983396679336,-55.016603320664,8,-2.35360480369
21018603.720744148,21.018603720744,-54.981396279256,8,-2.34289934946
21053810.76215243,21.053810762152,-54.946189237848,8,-2.33222544793
21089017.803560711,21.089017803561,-54.910982196439,8,-2.32158302162
21124224.844968993,21.124224844969,-54.875775155031,8,-2.31097199351
21159431.886377275,21.159431886377,-54.840568113623,8,-2.30039228698
21194638.927785557,21.194638927786,-54.805361072214,8,-2.28984382582
21229845.969193839,21.229845969194,-54.770154030806,8,-2.27932653422
21265053.01060212,21.265053010602,-54.734946989398,8,-2.2688403368
21300260.052010402,21.300260052010,-54.699739947990,8,-2.25838515856
21335467.093418684,21.335467093419,-54.664532906581,8,-2.24796092494
21370674.134826966,21.370674134827,-54.629325865173,8,-2.23756756172
21405881.176235247,21.405881176235,-54.594118823765,8,-2.22720499514
21441088.217643529,21.441088217644,-54.558911782356,8,-2.21687315178
21476295.259051811,21.476295259052,-54.523704740948,8,-2.20657195865
21511502.300460093,21.511502300460,-54.488497699540,8,-2.19630134314
21546709.341868374,21.546709341868,-54.453290658132,8,-2.18606123301
21581916.383276656,21.581916383277,-54.418083616723,8,-2.17585155642
21617123.424684938,21.617123424685,-54.382876575315,8,-2.16567224192
21652330.46609322,21.652330466093,-54.347669533907,8,-2.15552321841
21687537.507501502,21.687537507502,-54.312462492499,8,-2.1454044152
21722744.548909783,21.722744548910,-54.277255451090,8,-2.13531576196
21757951.590318065,21.757951590318,-54.242048409682,8,-2.12525718872
21793158.631726347,21.793158631726,-54.206841368274,8,-2.11522862591
21828365.673134629,21.828365673135,-54.171634326865,8,-2.1052300043
21863572.71454291,21.863572714543,-54.136427285457,8,-2.09526125503
21898779.755951192,21.898779755951,-54.101220244049,8,-2.08532230963
21933986.797359474,21.933986797359,-54.066013202641,8,-2.07541309995
21969193.838767752,21.969193838768,-54.030806161232,8,-2.06553355823
22004400.880176034,22.004400880176,-53.995599119824,8,-2.05568361706
22039607.921584316,22.039607921584,-53.960392078416,8,-2.04586320938
22074814.962992597,22.074814962993,-53.925185037007,8,-2.03607226847
22110022.004400879,22.110022004401,-53.889977995599,8,-2.02631072799
22145229.045809161,22.145229045809,-53.854770954191,8,-2.01657852193
22180436.087217443,22.180436087217,-53.819563912783,8,-2.00687558461
22215643.128625724,22.215643128626,-53.784356871374,8,-1.99720185073
22250850.170034006,22.250850170034,-53.749149829966,8,-1.98755725531
22286057.211442288,22.286057211442,-53.713942788558,8,-1.9779417337
22321264.25285057,22.321264252851,-53.678735747149,8,-1.96835522162
22356471.294258852,22.356471294259,-53.643528705741,8,-1.95879765508
22391678.335667133,22.391678335667,-53.608321664333,8,-1.94926897047
22426885.377075415,22.426885377075,-53.573114622925,8,-1.93976910449
22462092.418483697,22.462092418484,-53.537907581516,8,-1.93029799416
22497299.459891979,22.497299459892,-53.502700540108,8,-1.92085557684
22532506.50130026,22.532506501300,-53.467493498700,8,-1.91144179021
22567713.542708542,22.567713542709,-53.432286457291,8,-1.90205657229
22602920.584116824,22.602920584117,-53.397079415883,8,-1.8926998614
22638127.625525106,22.638127625525,-53.361872374475,8,-1.88337159619
22673334.666933388,22.673334666933,-53.326665333067,8,-1.87407171563
22708541.708341669,22.708541708342,-53.291458291658,8,-1.86480015899
22743748.749749951,22.743748749750,-53.256251250250,8,-1.85555686589
22778955.791158233,22.778955791158,-53.221044208842,8,-1.84634177621
22814162.832566515,22.814162832567,-53.185837167433,8,-1.8371548302
22849369.873974796,22.849369873975,-53.150630126025,8,-1.82799596837
22884576.915383078,22.884576915383,-53.115423084617,8,-1.81886513155
22919783.95679136,22.919783956791,-53.080216043209,8,-1.8097622609
22954990.998199642,22.954990998200,-53.045009001800,8,-1.80068729785
22990198.039607923,22.990198039608,-53.009801960392,8,-1.79164018415
23025405.081016205,23.025405081016,-52.974594918984,8,-1.78262086184
23060612.122424487,23.060612122424,-52.939387877576,8,-1.77362927327
23095819.163832769,23.095819163833,-52.904180836167,8,-1.76466536108
23131026.205241047,23.131026205241,-52.868973794759,8,-1.7557290682
23166233.246649329,23.166233246649,-52.833766753351,8,-1.74682033786
23201440.28805761,23.201440288058,-52.798559711942,8,-1.73793911358
23236647.329465892,23.236647329466,-52.763352670534,8,-1.72908533916
23271854.370874174,23.271854370874,-52.728145629126,8,-1.7202589587
23307061.412282456,23.307061412282,-52.692938587718,8,-1.71145991659
23342268.453690737,23.342268453691,-52.657731546309,8,-1.70268815749
23377475.495099019,23.377475495099,-52.622524504901,8,-1.69394362635
23412682.536507301,23.412682536507,-52.587317463493,8,-1.6852262684
23447889.577915583,23.447889577916,-52.552110422084,8,-1.67653602915
23483096.619323865,23.483096619324,-52.516903380676,8,-1.6678728544
23518303.660732146,23.518303660732,-52.481696339268,8,-1.65923669021
23553510.702140428,23.553510702140,-52.446489297860,8,-1.65062748292
23588717.74354871,23.588717743549,-52.411282256451,8,-1.64204517915
23623924.784956992,23.623924784957,-52.376075215043,8,-1.63348972577
23659131.826365273,23.659131826365,-52.340868173635,8,-1.62496106996
23694338.867773555,23.694338867774,-52.305661132226,8,-1.61645915914
23729545.909181837,23.729545909182,-52.270454090818,8,-1.607983941
23764752.950590119,23.764752950590,-52.235247049410,8,-1.5995353635
23799959.991998401,23.799959991998,-52.200040008002,8,-1.59111337487
23835167.033406682,23.835167033407,-52.164832966593,8,-1.58271792359
23870374.074814964,23.870374074815,-52.129625925185,8,-1.57434895842
23905581.116223246,23.905581116223,-52.094418883777,8,-1.56600642836
23940788.157631528,23.940788157632,-52.059211842368,8,-1.55769028268
23975995.199039809,23.975995199040,-52.024004800960,8,-1.54940047091
24011202.240448091,24.011202240448,-51.988797759552,8,-1.54113694283
24046409.281856373,24.046409281856,-51.953590718144,8,-1.53289964847
24081616.323264655,24.081616323265,-51.918383676735,8,-1.52468853813
24116823.364672936,24.116823364673,-51.883176635327,8,-1.51650356235
24152030.406081218,24.152030406081,-51.847969593919,8,-1.50834467191
24187237.4474895,24.187237447490,-51.812762552510,8,-1.50021181786
24222444.488897778,24.222444488898,-51.777555511102,8,-1.49210495149
24257651.53030606,24.257651530306,-51.742348469694,8,-1.48402402433
24292858.571714342,24.292858571714,-51.707141428286,8,-1.47596898816
24328065.613122623,24.328065613123,-51.671934386877,8,-1.467939795
24363272.654530905,24.363272654531,-51.636727345469,8,-1.45993639713
24398479.695939187,24.398479695939,-51.601520304061,8,-1.45195874704
24433686.737347469,24.433686737347,-51.566313262653,8,-1.44400679749
24468893.778755751,24.468893778756,-51.531106221244,8,-1.43608050145
24504100.820164032,24.504100820164,-51.495899179836,8,-1.42817981216
24539307.861572314,24.539307861572,-51.460692138428,8,-1.42030468306
24574514.902980596,24.574514902981,-51.425485097019,8,-1.41245506786
24609721.944388878,24.609721944389,-51.390278055611,8,-1.40463092048
24644928.985797159,24.644928985797,-51.355071014203,8,-1.39683219508
24680136.027205441,24.680136027205,-51.319863972795,8,-1.38905884604
24715343.068613723,24.715343068614,-51.284656931386,8,-1.381310828
24750550.110022005,24.750550110022,-51.249449889978,8,-1.37358809579
24785757.151430286,24.785757151430,-51.214242848570,8,-1.36589060449
24820964.192838568,24.820964192839,-51.179035807161,8,-1.35821830941
24856171.23424685,24.856171234247,-51.143828765753,8,-1.35057116608
24891378.275655132,24.891378275655,-51.108621724345,8,-1.34294913023
24926585.317063414,24.926585317063,-51.073414682937,8,-1.33535215786
24961792.358471695,24.961792358472,-51.038207641528,8,-1.32778020515
24996999.399879977,24.996999399880,-51.003000600120,8,-1.32023322852
25032206.441288259,25.032206441288,-50.967793558712,8,-1.3127111846
25067413.482696541,25.067413482697,-50.932586517303,8,-1.30521403025
25102620.524104822,25.102620524105,-50.897379475895,8,-1.29774172254
25137827.565513104,25.137827565513,-50.862172434487,8,-1.29029421876
25173034.606921386,25.173034606921,-50.826965393079,8,-1.2828714764
25208241.648329668,25.208241648330,-50.791758351670,8,-1.27547345318
25243448.68973795,25.243448689738,-50.756551310262,8,-1.26810010704
25278655.731146231,25.278655731146,-50.721344268854,8,-1.2607513961
25313862.772554513,25.313862772555,-50.686137227445,8,-1.25342727872
25349069.813962795,25.349069813963,-50.650930186037,8,-1.24612771346
25384276.855371073,25.384276855371,-50.615723144629,8,-1.23885265908
25419483.896779355,25.419483896779,-50.580516103221,8,-1.23160207457
25454690.938187636,25.454690938188,-50.545309061812,8,-1.2243759191
25489897.979595918,25.489897979596,-50.510102020404,8,-1.21717415206
25525105.0210042,25.525105021004,-50.474894978996,8,-1.20999673303
25560312.062412482,25.560312062412,-50.439687937588,8,-1.20284362183
25595519.103820764,25.595519103821,-50.404480896179,8,-1.19571477843
25630726.145229045,25.630726145229,-50.369273854771,8,-1.18861016304
25665933.186637327,25.665933186637,-50.334066813363,8,-1.18152973605
25701140.228045609,25.701140228046,-50.298859771954,8,-1.17447345807
25736347.269453891,25.736347269454,-50.263652730546,8,-1.16744128989
25771554.310862172,25.771554310862,-50.228445689138,8,-1.16043319249
25806761.352270454,25.806761352270,-50.193238647730,8,-1.15344912708
25841968.393678736,25.841968393679,-50.158031606321,8,-1.14648905503
25877175.435087018,25.877175435087,-50.122824564913,8,-1.13955293792
25912382.476495299,25.912382476495,-50.087617523505,8,-1.13264073753
25947589.517903581,25.947589517904,-50.052410482096,8,-1.12575241581
25982796.559311863,25.982796559312,-50.017203440688,8,-1.11888793493
26018003.600720145,26.018003600720,-49.981996399280,8,-1.11204725723
26053210.642128427,26.053210642128,-49.946789357872,8,-1.10523034525
26088417.683536708,26.088417683537,-49.911582316463,8,-1.09843716171
26123624.72494499,26.123624724945,-49.876375275055,8,-1.09166766953
26158831.766353272,26.158831766353,-49.841168233647,8,-1.08492183181
26194038.807761554,26.194038807762,-49.805961192238,8,-1.07819961183
26229245.849169835,26.229245849170,-49.770754150830,8,-1.07150097307
26264452.890578117,26.264452890578,-49.735547109422,8,-1.06482587917
26299659.931986399,26.299659931986,-49.700340068014,8,-1.05817429399
26334866.973394681,26.334866973395,-49.665133026605,8,-1.05154618153
26370074.014802963,26.370074014803,-49.629925985197,8,-1.04494150602
26405281.056211244,26.405281056211,-49.594718943789,8,-1.03836023182
26440488.097619526,26.440488097620,-49.559511902380,8,-1.03180232351
26475695.139027804,26.475695139028,-49.524304860972,8,-1.02526774583
26510902.180436086,26.510902180436,-49.489097819564,8,-1.01875646369
26546109.221844368,26.546109221844,-49.453890778156,8,-1.01226844221
26581316.263252649,26.581316263253,-49.418683736747,8,-1.00580364665
26616523.304660931,26.616523304661,-49.383476695339,8,-0.999362042478
26651730.346069213,26.651730346069,-49.348269653931,8,-0.992943595306
26686937.387477495,26.686937387477,-49.313062612523,8,-0.986548270942
26722144.428885777,26.722144428886,-49.277855571114,8,-0.980176035361
26757351.470294058,26.757351470294,-49.242648529706,8,-0.973826854709
26792558.51170234,26.792558511702,-49.207441488298,8,-0.967500695306
26827765.553110622,26.827765553111,-49.172234446889,8,-0.961197523642
26862972.594518904,26.862972594519,-49.137027405481,8,-0.954917306379
26898179.635927185,26.898179635927,-49.101820364073,8,-0.948660010347
26933386.677335467,26.933386677335,-49.066613322665,8,-0.942425602543
26968593.718743749,26.968593718744,-49.031406281256,8,-0.936214050136
27003800.760152031,27.003800760152,-48.996199239848,8,-0.930025320459
27039007.801560313,27.039007801560,-48.960992198440,8,-0.923859381013
27074214.842968594,27.074214842969,-48.925785157031,8,-0.917716199465
27109421.884376876,27.109421884377,-48.890578115623,8,-0.911595743644
27144628.925785158,27.144628925785,-48.855371074215,8,-0.905497981548
27179835.96719344,27.179835967193,-48.820164032807,8,-0.899422881334
27215043.008601721,27.215043008602,-48.784956991398,8,-0.893370411325
27250250.050010003,27.250250050010,-48.749749949990,8,-0.887340540003
27285457.091418285,27.285457091418,-48.714542908582,8,-0.881333236015
27320664.132826567,27.320664132827,-48.679335867173,8,-0.875348468166
27355871.174234848,27.355871174235,-48.644128825765,8,-0.869386205421
27391078.21564313,27.391078215643,-48.608921784357,8,-0.863446416906
27426285.257051412,27.426285257051,-48.573714742949,8,-0.857529071903
27461492.298459694,27.461492298460,-48.538507701540,8,-0.851634139853
27496699.339867976,27.496699339868,-48.503300660132,8,-0.845761590356
27531906.381276257,27.531906381276,-48.468093618724,8,-0.839911393164
27567113.422684539,27.567113422685,-48.432886577315,8,-0.83408351819
27602320.464092821,27.602320464093,-48.397679535907,8,-0.828277935497
27637527.505501099,27.637527505501,-48.362472494499,8,-0.822494615307
27672734.546909381,27.672734546909,-48.327265453091,8,-0.816733527992
27707941.588317662,27.707941588318,-48.292058411682,8,-0.81099464408
27743148.629725944,27.743148629726,-48.256851370274,8,-0.805277934249
27778355.671134226,27.778355671134,-48.221644328866,8,-0.799583369331
27813562.712542508,27.813562712543,-48.186437287457,8,-0.793910920308
27848769.75395079,27.848769753951,-48.151230246049,8,-0.788260558312
27883976.795359071,27.883976795359,-48.116023204641,8,-0.782632254626
27919183.836767353,27.919183836767,-48.080816163233,8,-0.777025980681
27954390.878175635,27.954390878176,-48.045609121824,8,-0.771441708058
27989597.919583917,27.989597919584,-48.010402080416,8,-0.765879408485
28024804.960992198,28.024804960992,-47.975195039008,8,-0.760339053837
28060012.00240048,28.060012002400,-47.939987997600,8,-0.754820616138
28095219.043808762,28.095219043809,-47.904780956191,8,-0.749324067555
28130426.085217044,28.130426085217,-47.869573914783,8,-0.743849380402
28165633.126625326,28.165633126625,-47.834366873375,8,-0.738396527139
28200840.168033607,28.200840168034,-47.799159831966,8,-0.732965480368
28236047.209441889,28.236047209442,-47.763952790558,8,-0.727556212838
28271254.250850171,28.271254250850,-47.728745749150,8,-0.722168697437
28306461.292258453,28.306461292258,-47.693538707742,8,-0.716802907199
28341668.333666734,28.341668333667,-47.658331666333,8,-0.711458815298
28376875.375075016,28.376875375075,-47.623124624925,8,-0.706136395051
28412082.416483298,28.412082416483,-47.587917583517,8,-0.700835619914
28447289.45789158,28.447289457892,-47.552710542108,8,-0.695556463484
28482496.499299861,28.482496499300,-47.517503500700,8,-0.690298899499
28517703.540708143,28.517703540708,-47.482296459292,8,-0.685062901834
28552910.582116425,28.552910582116,-47.447089417884,8,-0.679848444504
28588117.623524707,28.588117623525,-47.411882376475,8,-0.674655501662
28623324.664932989,28.623324664933,-47.376675335067,8,-0.669484047597
28658531.70634127,28.658531706341,-47.341468293659,8,-0.664334056737
28693738.747749552,28.693738747750,-47.306261252250,8,-0.659205503645
28728945.78915783,28.728945789158,-47.271054210842,8,-0.65409836302
28764152.830566112,28.764152830566,-47.235847169434,8,-0.649012609696
28799359.871974394,28.799359871974,-47.200640128026,8,-0.643948218643
28834566.913382675,28.834566913383,-47.165433086617,8,-0.638905164965
28869773.954790957,28.869773954791,-47.130226045209,8,-0.633883423899
28904980.996199239,28.904980996199,-47.095019003801,8,-0.628882970814
28940188.037607521,28.940188037608,-47.059811962392,8,-0.623903781215
28975395.079015803,28.975395079016,-47.024604920984,8,-0.618945830737
29010602.120424084,29.010602120424,-46.989397879576,8,-0.614009095146
29045809.161832366,29.045809161832,-46.954190838168,8,-0.609093550342
29081016.203240648,29.081016203241,-46.918983796759,8,-0.604199172352
29116223.24464893,29.116223244649,-46.883776755351,8,-0.599325937335
29151430.286057211,29.151430286057,-46.848569713943,8,-0.594473821581
29186637.327465493,29.186637327465,-46.813362672535,8,-0.589642801507
29221844.368873775,29.221844368874,-46.778155631126,8,-0.58483285366
29257051.410282057,29.257051410282,-46.742948589718,8,-0.580043954714
29292258.451690339,29.292258451690,-46.707741548310,8,-0.575276081472
29327465.49309862,29.327465493099,-46.672534506901,8,-0.570529210864
29362672.534506902,29.362672534507,-46.637327465493,8,-0.565803319946
29397879.575915184,29.397879575915,-46.602120424085,8,-0.561098385901
29433086.617323466,29.433086617323,-46.566913382677,8,-0.556414386037
29468293.658731747,29.468293658732,-46.531706341268,8,-0.551751297789
29503500.700140029,29.503500700140,-46.496499299860,8,-0.547109098715
29538707.741548311,29.538707741548,-46.461292258452,8,-0.542487766499
29573914.782956593,29.573914782957,-46.426085217043,8,-0.537887278948
29609121.824364875,29.609121824365,-46.390878175635,8,-0.533307613993
29644328.865773156,29.644328865773,-46.355671134227,8,-0.528748749688
29679535.907181438,29.679535907181,-46.320464092819,8,-0.524210664209
29714742.94858972,29.714742948590,-46.285257051410,8,-0.519693335856
29749949.989998002,29.749949989998,-46.250050010002,8,-0.515196743049
29785157.031406283,29.785157031406,-46.214842968594,8,-0.510720864329
29820364.072814565,29.820364072815,-46.179635927185,8,-0.506265678361
29855571.114222847,29.855571114223,-46.144428885777,8,-0.501831163926
29890778.155631125,29.890778155631,-46.109221844369,8,-0.497417299929
29925985.197039407,29.925985197039,-46.074014802961,8,-0.493024065393
29961192.238447689,29.961192238448,-46.038807761552,8,-0.488651439459
29996399.27985597,29.996399279856,-46.003600720144,8,-0.484299401388
30031606.321264252,30.031606321264,-45.968393678736,8,-0.479967930561
30066813.362672534,30.066813362673,-45.933186637327,8,-0.475657006474
30102020.404080816,30.102020404081,-45.897979595919,8,-0.471366608741
30137227.445489097,30.137227445489,-45.862772554511,8,-0.467096717096
30172434.486897379,30.172434486897,-45.827565513103,8,-0.462847311387
30207641.528305661,30.207641528306,-45.792358471694,8,-0.458618371578
30242848.569713943,30.242848569714,-45.757151430286,8,-0.454409877752
30278055.611122224,30.278055611122,-45.721944388878,8,-0.450221810104
30313262.652530506,30.313262652531,-45.686737347469,8,-0.446054148946
30348469.693938788,30.348469693939,-45.651530306061,8,-0.441906874704
30383676.73534707,30.383676735347,-45.616323264653,8,-0.437779967921
30418883.776755352,30.418883776755,-45.581116223245,8,-0.433673409249
30454090.818163633,30.454090818164,-45.545909181836,8,-0.429587179459
30489297.859571915,30.489297859572,-45.510702140428,8,-0.425521259431
30524504.900980197,30.524504900980,-45.475495099020,8,-0.421475630161
30559711.942388479,30.559711942388,-45.440288057612,8,-0.417450272755
30594918.98379676,30.594918983797,-45.405081016203,8,-0.413445168433
30630126.025205042,30.630126025205,-45.369873974795,8,-0.409460298525
30665333.066613324,30.665333066613,-45.334666933387,8,-0.405495644475
30700540.108021606,30.700540108022,-45.299459891978,8,-0.401551187835
30735747.149429888,30.735747149430,-45.264252850570,8,-0.397626910269
30770954.190838169,30.770954190838,-45.229045809162,8,-0.393722793553
30806161.232246451,30.806161232246,-45.193838767754,8,-0.38983881957
30841368.273654733,30.841368273655,-45.158631726345,8,-0.385974970315
30876575.315063015,30.876575315063,-45.123424684937,8,-0.38213122789
30911782.356471296,30.911782356471,-45.088217643529,8,-0.378307574509
30946989.397879578,30.946989397880,-45.053010602120,8,-0.374503992491
30982196.439287856,30.982196439288,-45.017803560712,8,-0.370720464266
31017403.480696138,31.017403480696,-44.982596519304,8,-0.366956972371
31052610.52210442,31.052610522104,-44.947389477896,8,-0.36321349945
31087817.563512702,31.087817563513,-44.912182436487,8,-0.359490028255
31123024.604920983,31.123024604921,-44.876975395079,8,-0.355786541645
31158231.646329265,31.158231646329,-44.841768353671,8,-0.352103022584
31193438.687737547,31.193438687738,-44.806561312262,8,-0.348439454145
31228645.729145829,31.228645729146,-44.771354270854,8,-0.344795819505
31263852.77055411,31.263852770554,-44.736147229446,8,-0.341172101946
31299059.811962392,31.299059811962,-44.700940188038,8,-0.337568284857
31334266.853370674,31.334266853371,-44.665733146629,8,-0.333984351731
31369473.894778956,31.369473894779,-44.630526105221,8,-0.330420286166
31404680.936187238,31.404680936187,-44.595319063813,8,-0.326876071864
31439887.977595519,31.439887977596,-44.560112022404,8,-0.323351692632
31475095.019003801,31.475095019004,-44.524904980996,8,-0.319847132379
31510302.060412083,31.510302060412,-44.489697939588,8,-0.316362375119
31545509.101820365,31.545509101820,-44.454490898180,8,-0.312897404969
31580716.143228646,31.580716143229,-44.419283856771,8,-0.309452206147
31615923.184636928,31.615923184637,-44.384076815363,8,-0.306026762976
31651130.22604521,31.651130226045,-44.348869773955,8,-0.30262105988
31686337.267453492,31.686337267453,-44.313662732547,8,-0.299235081384
31721544.308861773,31.721544308862,-44.278455691138,8,-0.295868812117
31756751.350270055,31.756751350270,-44.243248649730,8,-0.292522236808
31791958.391678337,31.791958391678,-44.208041608322,8,-0.289195340286
31827165.433086619,31.827165433087,-44.172834566913,8,-0.285888107483
31862372.474494901,31.862372474495,-44.137627525505,8,-0.282600523429
31897579.515903182,31.897579515903,-44.102420484097,8,-0.279332573258
31932786.557311464,31.932786557311,-44.067213442689,8,-0.276084242199
31967993.598719746,31.967993598720,-44.032006401280,8,-0.272855515585
32003200.640128028,32.003200640128,-43.996799359872,8,-0.269646378845
32038407.681536309,32.038407681536,-43.961592318464,8,-0.266456817511
32073614.722944591,32.073614722945,-43.926385277055,8,-0.263286817209
32108821.764352873,32.108821764353,-43.891178235647,8,-0.260136363669
32144028.805761151,32.144028805761,-43.855971194239,8,-0.257005442714
32179235.847169433,32.179235847169,-43.820764152831,8,-0.25389404027
32214442.888577715,32.214442888578,-43.785557111422,8,-0.250802142356
32249649.929985996,32.249649929986,-43.750350070014,8,-0.247729735092
32284856.971394278,32.284856971394,-43.715143028606,8,-0.244676804695
32320064.01280256,32.320064012803,-43.679935987197,8,-0.241643337477
32355271.054210842,32.355271054211,-43.644728945789,8,-0.23862931985
32390478.095619123,32.390478095619,-43.609521904381,8,-0.235634738318
32425685.137027405,32.425685137027,-43.574314862973,8,-0.232659579485
32460892.178435687,32.460892178436,-43.539107821564,8,-0.229703830051
32496099.219843969,32.496099219844,-43.503900780156,8,-0.226767476809
32531306.261252251,32.531306261252,-43.468693738748,8,-0.22385050665
32566513.302660532,32.566513302661,-43.433486697339,8,-0.22095290656
32601720.344068814,32.601720344069,-43.398279655931,8,-0.218074663619
32636927.385477096,32.636927385477,-43.363072614523,8,-0.215215765003
32672134.426885378,32.672134426885,-43.327865573115,8,-0.212376197981
32707341.468293659,32.707341468294,-43.292658531706,8,-0.209555949919
32742548.509701941,32.742548509702,-43.257451490298,8,-0.206755008275
32777755.551110223,32.777755551110,-43.222244448890,8,-0.2039733606
32812962.592518505,32.812962592519,-43.187037407481,8,-0.201210994543
32848169.633926786,32.848169633927,-43.151830366073,8,-0.198467897841
32883376.675335068,32.883376675335,-43.116623324665,8,-0.195744058329
32918583.71674335,32.918583716743,-43.081416283257,8,-0.193039463932
32953790.758151632,32.953790758152,-43.046209241848,8,-0.190354102668
32988997.799559914,32.988997799560,-43.011002200440,8,-0.18768796265
33024204.840968195,33.024204840968,-42.975795159032,8,-0.18504103208
33059411.882376477,33.059411882376,-42.940588117624,8,-0.182413299254
33094618.923784759,33.094618923785,-42.905381076215,8,-0.179804752561
33129825.965193041,33.129825965193,-42.870174034807,8,-0.177215380479
33165033.006601322,33.165033006601,-42.834966993399,8,-0.17464517158
33200240.048009604,33.200240048010,-42.799759951990,8,-0.172094114526
33235447.089417882,33.235447089418,-42.764552910582,8,-0.169562198071
33270654.130826164,33.270654130826,-42.729345869174,8,-0.167049411058
33305861.172234446,33.305861172234,-42.694138827766,8,-0.164555742424
33341068.213642728,33.341068213643,-42.658931786357,8,-0.162081181193
33376275.255051009,33.376275255051,-42.623724744949,8,-0.159625716481
33411482.296459291,33.411482296459,-42.588517703541,8,-0.157189337495
33446689.337867573,33.446689337868,-42.553310662132,8,-0.15477203353
33481896.379275855,33.481896379276,-42.518103620724,8,-0.152373793972
33517103.420684136,33.517103420684,-42.482896579316,8,-0.149994608297
33552310.462092418,33.552310462092,-42.447689537908,8,-0.147634466068
33587517.5035007,33.587517503501,-42.412482496499,8,-0.145293356941
33622724.544908985,33.622724544909,-42.377275455091,8,-0.142971270656
33657931.586317264,33.657931586317,-42.342068413683,8,-0.140668197047
33693138.627725549,33.693138627726,-42.306861372274,8,-0.138384126033
33728345.669133827,33.728345669134,-42.271654330866,8,-0.136119047623
33763552.710542113,33.763552710542,-42.236447289458,8,-0.133872951914
33798759.751950391,33.798759751950,-42.201240248050,8,-0.13164582909
33833966.793358669,33.833966793359,-42.166033206641,8,-0.129437669426
33869173.834766954,33.869173834767,-42.130826165233,8,-0.12724846328
33904380.876175232,33.904380876175,-42.095619123825,8,-0.125078201103
33939587.917583518,33.939587917584,-42.060412082416,8,-0.122926873428
33974794.958991796,33.974794958992,-42.025205041008,8,-0.12079447088
34010002.000400081,34.010002000400,-41.989997999600,8,-0.118680984168
34045209.041808359,34.045209041808,-41.954790958192,8,-0.116586404089
34080416.083216645,34.080416083217,-41.919583916783,8,-0.114510721527
34115623.124624923,34.115623124625,-41.884376875375,8,-0.112453927451
34150830.166033208,34.150830166033,-41.849169833967,8,-0.110416012919
34186037.207441486,34.186037207441,-41.813962792559,8,-0.108396969073
34221244.248849772,34.221244248850,-41.778755751150,8,-0.106396787143
34256451.29025805,34.256451290258,-41.743548709742,8,-0.104415458443
34291658.331666335,34.291658331666,-41.708341668334,8,-0.102452974374
34326865.373074614,34.326865373075,-41.673134626925,8,-0.100509326422
34362072.414482899,34.362072414483,-41.637927585517,8,-0.0985845061601
34397279.455891177,34.397279455891,-41.602720544109,8,-0.0966785052449
34432486.497299463,34.432486497299,-41.567513502701,8,-0.0947913154189
34467693.538707741,34.467693538708,-41.532306461292,8,-0.0929229285097
34502900.580116026,34.502900580116,-41.497099419884,8,-0.0910733364299
34538107.621524304,34.538107621524,-41.461892378476,8,-0.0892425311766
34573314.66293259,34.573314662933,-41.426685337067,8,-0.0874305048319
34608521.704340868,34.608521704341,-41.391478295659,8,-0.0856372495621
34643728.745749153,34.643728745749,-41.356271254251,8,-0.0838627576179
34678935.787157431,34.678935787157,-41.321064212843,8,-0.0821070213345
34714142.828565717,34.714142828566,-41.285857171434,8,-0.0803700331309
34749349.869973995,34.749349869974,-41.250650130026,8,-0.0786517855103
34784556.91138228,34.784556911382,-41.215443088618,8,-0.0769522710594
34819763.952790558,34.819763952791,-41.180236047209,8,-0.075271482449
34854970.994198844,34.854970994199,-41.145029005801,8,-0.0736094124332
34890178.035607122,34.890178035607,-41.109821964393,8,-0.0719660538497
34925385.0770154,34.925385077015,-41.074614922985,8,-0.0703413996195
34960592.118423685,34.960592118424,-41.039407881576,8,-0.0687354427468
34995799.159831963,34.995799159832,-41.004200840168,8,-0.0671481763187
35031006.201240249,35.031006201240,-40.968993798760,8,-0.0655795935056
35066213.242648527,35.066213242649,-40.933786757351,8,-0.0640296875604
35101420.284056813,35.101420284057,-40.898579715943,8,-0.0624984518191
35136627.325465091,35.136627325465,-40.863372674535,8,-0.0609858797
35171834.366873376,35.171834366873,-40.828165633127,8,-0.0594919647041
35207041.408281654,35.207041408282,-40.792958591718,8,-0.0580167004145
35242248.44968994,35.242248449690,-40.757751550310,8,-0.056560080497
35277455.491098218,35.277455491098,-40.722544508902,8,-0.0551220986992
35312662.532506503,35.312662532507,-40.687337467493,8,-0.0537027488509
35347869.573914781,35.347869573915,-40.652130426085,8,-0.0523020248639
35383076.615323067,35.383076615323,-40.616923384677,8,-0.0509199207317
35418283.656731345,35.418283656731,-40.581716343269,8,-0.0495564305297
35453490.69813963,35.453490698140,-40.546509301860,8,-0.0482115484149
35488697.739547908,35.488697739548,-40.511302260452,8,-0.0468852686257
35523904.780956194,35.523904780956,-40.476095219044,8,-0.0455775854822
35559111.822364472,35.559111822364,-40.440888177636,8,-0.0442884933855
35594318.863772757,35.594318863773,-40.405681136227,8,-0.0430179868184
35629525.905181035,35.629525905181,-40.370474094819,8,-0.0417660603443
35664732.946589321,35.664732946589,-40.335267053411,8,-0.0405327086081
35699939.987997599,35.699939987998,-40.300060012002,8,-0.0393179263355
35735147.029405884,35.735147029406,-40.264852970594,8,-0.038121708333
35770354.070814162,35.770354070814,-40.229645929186,8,-0.0369440494881
35805561.112222448,35.805561112222,-40.194438887778,8,-0.0357849447688
35840768.153630726,35.840768153631,-40.159231846369,8,-0.0346443892238
35875975.195039012,35.875975195039,-40.124024804961,8,-0.0335223779822
35911182.23644729,35.911182236447,-40.088817763553,8,-0.0324189062537
35946389.277855575,35.946389277856,-40.053610722144,8,-0.0313339693284
35981596.319263853,35.981596319264,-40.018403680736,8,-0.0302675625765
36016803.360672139,36.016803360672,-39.983196639328,8,-0.0292196814485
36052010.402080417,36.052010402080,-39.947989597920,8,-0.0281903214749
36087217.443488695,36.087217443489,-39.912782556511,8,-0.0271794782665
36122424.48489698,36.122424484897,-39.877575515103,8,-0.0261871475139
36157631.526305258,36.157631526305,-39.842368473695,8,-0.0252133249876
36192838.567713544,36.192838567714,-39.807161432286,8,-0.0242580065379
36228045.609121822,36.228045609122,-39.771954390878,8,-0.0233211880949
36263252.650530107,36.263252650530,-39.736747349470,8,-0.0224028656685
36298459.691938385,36.298459691938,-39.701540308062,8,-0.021503035348
36333666.733346671,36.333666733347,-39.666333266653,8,-0.0206216933023
36368873.774754949,36.368873774755,-39.631126225245,8,-0.0197588357799
36404080.816163234,36.404080816163,-39.595919183837,8,-0.0189144591086
36439287.857571512,36.439287857572,-39.560712142428,8,-0.0180885596958
36474494.898979798,36.474494898980,-39.525505101020,8,-0.0172811340277
36509701.940388076,36.509701940388,-39.490298059612,8,-0.0164921786703
36544908.981796362,36.544908981796,-39.455091018204,8,-0.0157216902683
36580116.02320464,36.580116023205,-39.419883976795,8,-0.0149696655459
36615323.064612925,36.615323064613,-39.384676935387,8,-0.0142361013062
36650530.106021203,36.650530106021,-39.349469893979,8,-0.0135209944312
36685737.147429489,36.685737147429,-39.314262852571,8,-0.012824341882
36720944.188837767,36.720944188838,-39.279055811162,8,-0.0121461406986
36756151.230246052,36.756151230246,-39.243848769754,8,-0.0114863879998
36791358.27165433,36.791358271654,-39.208641728346,8,-0.0108450809833
36826565.313062616,36.826565313063,-39.173434686937,8,-0.0102222169255
36861772.354470894,36.861772354471,-39.138227645529,8,-0.00961779318138
36896979.395879179,36.896979395879,-39.103020604121,8,-0.0090318071848
36932186.437287457,36.932186437287,-39.067813562713,8,-0.00846425644812
36967393.478695743,36.967393478696,-39.032606521304,8,-0.00791513856232
37002600.520104021,37.002600520104,-38.997399479896,8,-0.00738445119692
37037807.561512306,37.037807561512,-38.962192438488,8,-0.00687219209993
37073014.602920584,37.073014602921,-38.926985397079,8,-0.00637835909782
37108221.64432887,37.108221644329,-38.891778355671,8,-0.00590295009549
37143428.685737148,37.143428685737,-38.856571314263,8,-0.00544596307623
37178635.727145433,37.178635727145,-38.821364272855,8,-0.00500739610169
37213842.768553711,37.213842768554,-38.786157231446,8,-0.00458724731183
37249049.80996199,37.249049809962,-38.750950190038,8,-0.0041855149249
37284256.851370275,37.284256851370,-38.715743148630,8,-0.00380219723743
37319463.892778553,37.319463892779,-38.680536107221,8,-0.00343729262417
37354670.934186839,37.354670934187,-38.645329065813,8,-0.00309079953806
37389877.975595117,37.389877975595,-38.610122024405,8,-0.00276271651023
37425085.017003402,37.425085017003,-38.574914982997,8,-0.00245304214998
37460292.05841168,37.460292058412,-38.539707941588,8,-0.00216177514471
37495499.099819966,37.495499099820,-38.504500900180,8,-0.00188891425995
37530706.141228244,37.530706141228,-38.469293858772,8,-0.00163445833929
37565913.182636529,37.565913182637,-38.434086817363,8,-0.00139840630441
37601120.224044807,37.601120224045,-38.398879775955,8,-0.00118075715503
37636327.265453093,37.636327265453,-38.363672734547,8,-0.000981509968897
37671534.306861371,37.671534306861,-38.328465693139,8,-0.000800663901785
37706741.348269656,37.706741348270,-38.293258651730,8,-0.000638218187457
37741948.389677934,37.741948389678,-38.258051610322,8,-0.000494172137671
37777155.43108622,37.777155431086,-38.222844568914,8,-0.000368525142156
37812362.472494498,37.812362472494,-38.187637527506,8,-0.000261276668616
37847569.513902783,37.847569513903,-38.152430486097,8,-0.000172426262702
37882776.555311061,37.882776555311,-38.117223444689,8,-0.000101973548023
37917983.596719347,37.917983596719,-38.082016403281,8,-4.99182261255e-05
37953190.638127625,37.953190638128,-38.046809361872,8,-1.62600764973e-05
37988397.67953591,37.988397679536,-38.011602320464,8,-9.98956558038e-07
38023604.720944189,38.023604720944,-37.976395279056,8,-4.13480166136e-06
38058811.762352474,38.058811762352,-37.941188237648,8,-2.56676250914e-05
38094018.803760752,38.094018803761,-37.905981196239,8,-6.5597518062e-05
38129225.845169038,38.129225845169,-37.870774154831,8,-0.000123924649721
38164432.886577316,38.164432886577,-37.835567113423,8,-0.00020064926715
38199639.927985601,38.199639927986,-37.800360072014,8,-0.000295771695373
38234846.969393879,38.234846969394,-37.765153030606,8,-0.000409292337356
38270054.010802165,38.270054010802,-37.729945989198,8,-0.000541211674019
38305261.052210443,38.305261052210,-37.694738947790,8,-0.000691530264242
38340468.093618721,38.340468093619,-37.659531906381,8,-0.000860248744873
38375675.135027006,38.375675135027,-37.624324864973,8,-0.00104736783074
38410882.176435284,38.410882176435,-37.589117823565,8,-0.00125288831467
38446089.21784357,38.446089217844,-37.553910782156,8,-0.00147681106749
38481296.259251848,38.481296259252,-37.518703740748,8,-0.00171913703804
38516503.300660133,38.516503300660,-37.483496699340,8,-0.00197986725322
38551710.342068411,38.551710342068,-37.448289657932,8,-0.00225900281796
38586917.383476697,38.586917383477,-37.413082616523,8,-0.00255654491527
38622124.424884975,38.622124424885,-37.377875575115,8,-0.00287249480627
38657331.46629326,38.657331466293,-37.342668533707,8,-0.00320685383016
38692538.507701539,38.692538507702,-37.307461492298,8,-0.00355962340431
38727745.549109824,38.727745549110,-37.272254450890,8,-0.00393080502423
38762952.590518102,38.762952590518,-37.237047409482,8,-0.00432040026364
38798159.631926388,38.798159631926,-37.201840368074,8,-0.00472841077444
38833366.673334666,38.833366673335,-37.166633326665,8,-0.0051548382868
38868573.714742951,38.868573714743,-37.131426285257,8,-0.00559968460914
38903780.756151229,38.903780756151,-37.096219243849,8,-0.0060629516282
38938987.797559515,38.938987797560,-37.061012202440,8,-0.00654464130904
38974194.838967793,38.974194838968,-37.025805161032,8,-0.0070447556951
39009401.880376078,39.009401880376,-36.990598119624,8,-0.00756329690819
39044608.921784356,39.044608921784,-36.955391078216,8,-0.00810026714861
39079815.963192642,39.079815963193,-36.920184036807,8,-0.00865566869508
39115023.00460092,39.115023004601,-36.884976995399,8,-0.00922950390486
39150230.046009205,39.150230046009,-36.849769953991,8,-0.00982177521378
39185437.087417483,39.185437087417,-36.814562912583,8,-0.0104324851362
39220644.128825769,39.220644128826,-36.779355871174,8,-0.0110616362653
39255851.170234047,39.255851170234,-36.744148829766,8,-0.0117092312726
39291058.211642332,39.291058211642,-36.708941788358,8,-0.0123752729087
39326265.25305061,39.326265253051,-36.673734746949,8,-0.0130597640028
39361472.294458896,39.361472294459,-36.638527705541,8,-0.0137627074629
39396679.335867174,39.396679335867,-36.603320664133,8,-0.0144841062759
39431886.377275452,39.431886377275,-36.568113622725,8,-0.0152239635078
39467093.418683738,39.467093418684,-36.532906581316,8,-0.0159822823033
39502300.460092016,39.502300460092,-36.497699539908,8,-0.0167590658862
39537507.501500301,39.537507501500,-36.462492498500,8,-0.0175543175596
39572714.542908579,39.572714542909,-36.427285457091,8,-0.0183680407054
39607921.584316865,39.607921584317,-36.392078415683,8,-0.0192002387849
39643128.625725143,39.643128625725,-36.356871374275,8,-0.0200509153387
39678335.667133428,39.678335667133,-36.321664332867,8,-0.0209200739866
39713542.708541706,39.713542708542,-36.286457291458,8,-0.0218077184278
39748749.749949992,39.748749749950,-36.251250250050,8,-0.0227138524409
39783956.79135827,39.783956791358,-36.216043208642,8,-0.0236384798842
39819163.832766555,39.819163832767,-36.180836167233,8,-0.0245816046954
39854370.874174833,39.854370874175,-36.145629125825,8,-0.0255432308918
39889577.915583119,39.889577915583,-36.110422084417,8,-0.0265233625705
39924784.956991397,39.924784956991,-36.075215043009,8,-0.0275220039084
39959991.998399682,39.959991998400,-36.040008001600,8,-0.0285391591622
39995199.03980796,39.995199039808,-36.004800960192,8,-0.0295748326686
40030406.081216246,40.030406081216,-35.969593918784,8,-0.0306290288441
40065613.122624524,40.065613122625,-35.934386877375,8,-0.0317017521854
40100820.164032809,40.100820164033,-35.899179835967,8,-0.0327930072695
40136027.205441087,40.136027205441,-35.863972794559,8,-0.0339027987533
40171234.246849373,40.171234246849,-35.828765753151,8,-0.0350311313743
40206441.288257651,40.206441288258,-35.793558711742,8,-0.0361780099502
40241648.329665937,40.241648329666,-35.758351670334,8,-0.0373434393793
40276855.371074215,40.276855371074,-35.723144628926,8,-0.0385274246404
40312062.4124825,40.312062412482,-35.687937587518,8,-0.0397299707929
40347269.453890778,40.347269453891,-35.652730546109,8,-0.0409510829769
40382476.495299064,40.382476495299,-35.617523504701,8,-0.0421907664135
40417683.536707342,40.417683536707,-35.582316463293,8,-0.0434490264045
40452890.578115627,40.452890578116,-35.547109421884,8,-0.0447258683329
40488097.619523905,40.488097619524,-35.511902380476,8,-0.0460212976625
40523304.660932191,40.523304660932,-35.476695339068,8,-0.0473353199385
40558511.702340469,40.558511702340,-35.441488297660,8,-0.0486679407874
40593718.743748747,40.593718743749,-35.406281256251,8,-0.0500191659169
40628925.785157032,40.628925785157,-35.371074214843,8,-0.0513890011164
40664132.82656531,40.664132826565,-35.335867173435,8,-0.0527774522566
40699339.867973596,40.699339867974,-35.300660132026,8,-0.0541845252902
40734546.909381874,40.734546909382,-35.265453090618,8,-0.0556102262513
40769753.950790159,40.769753950790,-35.230246049210,8,-0.0570545612563
40804960.992198437,40.804960992198,-35.195039007802,8,-0.0585175365032
40840168.033606723,40.840168033607,-35.159831966393,8,-0.0599991582724
40875375.075015001,40.875375075015,-35.124624924985,8,-0.0614994329262
40910582.116423286,40.910582116423,-35.089417883577,8,-0.0630183669095
40945789.157831565,40.945789157832,-35.054210842168,8,-0.0645559667494
40980996.19923985,40.980996199240,-35.019003800760,8,-0.0661122390558
41016203.240648128,41.016203240648,-34.983796759352,8,-0.067687190521
41051410.282056414,41.051410282056,-34.948589717944,8,-0.0692808279201
41086617.323464692,41.086617323465,-34.913382676535,8,-0.0708931581112
41121824.364872977,41.121824364873,-34.878175635127,8,-0.0725241880354
41157031.406281255,41.157031406281,-34.842968593719,8,-0.0741739247168
41192238.447689541,41.192238447690,-34.807761552310,8,-0.0758423752628
41227445.489097819,41.227445489098,-34.772554510902,8,-0.0775295468642
41262652.530506104,41.262652530506,-34.737347469494,8,-0.0792354467953
41297859.571914382,41.297859571914,-34.702140428086,8,-0.0809600824141
41333066.613322668,41.333066613323,-34.666933386677,8,-0.082703461162
41368273.654730946,41.368273654731,-34.631726345269,8,-0.0844655905648
41403480.696139231,41.403480696139,-34.596519303861,8,-0.0862464782319
41438687.737547509,41.438687737548,-34.561312262452,8,-0.088046131857
41473894.778955795,41.473894778956,-34.526105221044,8,-0.0898645592181
41509101.820364073,41.509101820364,-34.490898179636,8,-0.0917017681775
41544308.861772358,41.544308861772,-34.455691138228,8,-0.0935577666822
41579515.903180636,41.579515903181,-34.420484096819,8,-0.0954325627638
41614722.944588922,41.614722944589,-34.385277055411,8,-0.0973261645387
41649929.9859972,41.649929985997,-34.350070014003,8,-0.0992385802084
41685137.027405486,41.685137027405,-34.314862972595,8,-0.101169818059
41720344.068813764,41.720344068814,-34.279655931186,8,-0.103119886463
41755551.110222042,41.755551110222,-34.244448889778,8,-0.105088793878
41790758.151630327,41.790758151630,-34.209241848370,8,-0.107076548845
41825965.193038605,41.825965193039,-34.174034806961,8,-0.109083159994
41861172.234446891,41.861172234447,-34.138827765553,8,-0.111108636038
41896379.275855169,41.896379275855,-34.103620724145,8,-0.113152985779
41931586.317263454,41.931586317263,-34.068413682737,8,-0.115216218103
41966793.358671732,41.966793358672,-34.033206641328,8,-0.117298341981
42002000.400080018,42.002000400080,-33.997999599920,8,-0.119399366475
42037207.441488296,42.037207441488,-33.962792558512,8,-0.121519300729
42072414.482896581,42.072414482897,-33.927585517103,8,-0.123658153977
42107621.524304859,42.107621524305,-33.892378475695,8,-0.125815935538
42142828.565713145,42.142828565713,-33.857171434287,8,-0.127992654819
42178035.607121423,42.178035607121,-33.821964392879,8,-0.130188321313
42213242.648529708,42.213242648530,-33.786757351470,8,-0.132402944604
42248449.689937986,42.248449689938,-33.751550310062,8,-0.13463653436
42283656.731346272,42.283656731346,-33.716343268654,8,-0.136889100337
42318863.77275455,42.318863772755,-33.681136227245,8,-0.139160652381
42354070.814162835,42.354070814163,-33.645929185837,8,-0.141451200426
42389277.855571114,42.389277855571,-33.610722144429,8,-0.143760754492
42424484.896979399,42.424484896979,-33.575515103021,8,-0.14608932469
42459691.938387677,42.459691938388,-33.540308061612,8,-0.148436921218
42494898.979795963,42.494898979796,-33.505101020204,8,-0.150803554364
42530106.021204241,42.530106021204,-33.469893978796,8,-0.153189234504
42565313.062612526,42.565313062613,-33.434686937387,8,-0.155593972104
42600520.104020804,42.600520104021,-33.399479895979,8,-0.15801777772
42635727.14542909,42.635727145429,-33.364272854571,8,-0.160460661997
42670934.186837368,42.670934186837,-33.329065813163,8,-0.162922635668
42706141.228245653,42.706141228246,-33.293858771754,8,-0.16540370956
42741348.269653931,42.741348269654,-33.258651730346,8,-0.167903894586
42776555.311062217,42.776555311062,-33.223444688938,8,-0.170423201752
42811762.352470495,42.811762352470,-33.188237647530,8,-0.172961642153
42846969.393878773,42.846969393879,-33.153030606121,8,-0.175519226977
42882176.435287058,42.882176435287,-33.117823564713,8,-0.178095967501
42917383.476695336,42.917383476695,-33.082616523305,8,-0.180691875093
42952590.518103622,42.952590518104,-33.047409481896,8,-0.183306961215
42987797.5595119,42.987797559512,-33.012202440488,8,-0.185941237417
43023004.600920185,43.023004600920,-32.976995399080,8,-0.188594715343
43058211.642328463,43.058211642328,-32.941788357672,8,-0.191267406729
43093418.683736749,43.093418683737,-32.906581316263,8,-0.193959323402
43128625.725145027,43.128625725145,-32.871374274855,8,-0.196670477283
43163832.766553313,43.163832766553,-32.836167233447,8,-0.199400880385
43199039.807961591,43.199039807962,-32.800960192038,8,-0.202150544814
43234246.849369876,43.234246849370,-32.765753150630,8,-0.204919482768
43269453.890778154,43.269453890778,-32.730546109222,8,-0.207707706539
43304660.93218644,43.304660932186,-32.695339067814,8,-0.210515228514
43339867.973594718,43.339867973595,-32.660132026405,8,-0.213342061171
43375075.015003003,43.375075015003,-32.624924984997,8,-0.216188217085
43410282.056411281,43.410282056411,-32.589717943589,8,-0.219053708923
43445489.097819567,43.445489097820,-32.554510902180,8,-0.221938549446
43480696.139227845,43.480696139228,-32.519303860772,8,-0.224842751513
43515903.18063613,43.515903180636,-32.484096819364,8,-0.227766328074
43551110.222044408,43.551110222044,-32.448889777956,8,-0.230709292176
43586317.263452694,43.586317263453,-32.413682736547,8,-0.233671656963
43621524.304860972,43.621524304861,-32.378475695139,8,-0.236653435671
43656731.346269257,43.656731346269,-32.343268653731,8,-0.239654641634
43691938.387677535,43.691938387678,-32.308061612322,8,-0.242675288284
43727145.429085821,43.727145429086,-32.272854570914,8,-0.245715389144
43762352.470494099,43.762352470494,-32.237647529506,8,-0.24877495784
43797559.511902384,43.797559511902,-32.202440488098,8,-0.25185400809
43832766.553310663,43.832766553311,-32.167233446689,8,-0.254952553711
43867973.594718948,43.867973594719,-32.132026405281,8,-0.258070608618
43903180.636127226,43.903180636127,-32.096819363873,8,-0.261208186822
43938387.677535504,43.938387677536,-32.061612322464,8,-0.264365302434
43973594.71894379,43.973594718944,-32.026405281056,8,-0.267541969661
44008801.760352068,44.008801760352,-31.991198239648,8,-0.270738202809
44044008.801760353,44.044008801760,-31.955991198240,8,-0.273954016285
44079215.843168631,44.079215843169,-31.920784156831,8,-0.277189424591
44114422.884576917,44.114422884577,-31.885577115423,8,-0.28044444233
44149629.925985195,44.149629925985,-31.850370074015,8,-0.283719084207
44184836.96739348,44.184836967393,-31.815163032607,8,-0.287013365022
44220044.008801758,44.220044008802,-31.779955991198,8,-0.290327299679
44255251.050210044,44.255251050210,-31.744748949790,8,-0.29366090318
44290458.091618322,44.290458091618,-31.709541908382,8,-0.29701419063
44325665.133026607,44.325665133027,-31.674334866973,8,-0.300387177231
44360872.174434885,44.360872174435,-31.639127825565,8,-0.30377987829
44396079.215843171,44.396079215843,-31.603920784157,8,-0.307192309214
44431286.257251449,44.431286257251,-31.568713742749,8,-0.310624485511
44466493.298659734,44.466493298660,-31.533506701340,8,-0.314076422792
44501700.340068012,44.501700340068,-31.498299659932,8,-0.31754813677
44536907.381476298,44.536907381476,-31.463092618524,8,-0.32103964326
44572114.422884576,44.572114422885,-31.427885577115,8,-0.324550958182
44607321.464292862,44.607321464293,-31.392678535707,8,-0.328082097557
44642528.50570114,44.642528505701,-31.357471494299,8,-0.33163307751
44677735.547109425,44.677735547109,-31.322264452891,8,-0.335203914271
44712942.588517703,44.712942588518,-31.287057411482,8,-0.338794624173
44748149.629925989,44.748149629926,-31.251850370074,8,-0.342405223653
44783356.671334267,44.783356671334,-31.216643328666,8,-0.346035729255
44818563.712742552,44.818563712743,-31.181436287257,8,-0.349686157625
44853770.75415083,44.853770754151,-31.146229245849,8,-0.353356525517
44888977.795559116,44.888977795559,-31.111022204441,8,-0.35704684979
44924184.836967394,44.924184836967,-31.075815163033,8,-0.360757147408
44959391.878375679,44.959391878376,-31.040608121624,8,-0.364487435442
44994598.919783957,44.994598919784,-31.005401080216,8,-0.36823773107
45029805.961192243,45.029805961192,-30.970194038808,8,-0.372008051577
45065013.002600521,45.065013002601,-30.934986997399,8,-0.375798414355
45100220.044008799,45.100220044009,-30.899779955991,8,-0.379608836903
45135427.085417084,45.135427085417,-30.864572914583,8,-0.383439336831
45170634.126825362,45.170634126825,-30.829365873175,8,-0.387289931853
45205841.168233648,45.205841168234,-30.794158831766,8,-0.391160639795
45241048.209641926,45.241048209642,-30.758951790358,8,-0.39505147859
45276255.251050211,45.276255251050,-30.723744748950,8,-0.398962466282
45311462.29245849,45.311462292458,-30.688537707542,8,-0.402893621025
45346669.333866775,45.346669333867,-30.653330666133,8,-0.40684496108
45381876.375275053,45.381876375275,-30.618123624725,8,-0.410816504822
45417083.416683339,45.417083416683,-30.582916583317,8,-0.414808270735
45452290.458091617,45.452290458092,-30.547709541908,8,-0.418820277415
45487497.499499902,45.487497499500,-30.512502500500,8,-0.422852543568
45522704.54090818,45.522704540908,-30.477295459092,8,-0.426905088014
45557911.582316466,45.557911582316,-30.442088417684,8,-0.430977929683
45593118.623724744,45.593118623725,-30.406881376275,8,-0.43507108762
45628325.665133029,45.628325665133,-30.371674334867,8,-0.439184580982
45663532.706541307,45.663532706541,-30.336467293459,8,-0.443318429038
45698739.747949593,45.698739747950,-30.301260252050,8,-0.447472651173
45733946.789357871,45.733946789358,-30.266053210642,8,-0.451647266884
45769153.830766156,45.769153830766,-30.230846169234,8,-0.455842295784
45804360.872174434,45.804360872174,-30.195639127826,8,-0.460057757602
45839567.91358272,45.839567913583,-30.160432086417,8,-0.464293672178
45874774.954990998,45.874774954991,-30.125225045009,8,-0.468550059472
45909981.996399283,45.909981996399,-30.090018003601,8,-0.472826939559
45945189.037807561,45.945189037808,-30.054810962192,8,-0.47712433263
45980396.079215847,45.980396079216,-30.019603920784,8,-0.481442258991
46015603.120624125,46.015603120624,-29.984396879376,8,-0.48578073907
46050810.162032411,46.050810162032,-29.949189837968,8,-0.490139793407
46086017.203440689,46.086017203441,-29.913982796559,8,-0.494519442666
46121224.244848974,46.121224244849,-29.878775755151,8,-0.498919707623
46156431.286257252,46.156431286257,-29.843568713743,8,-0.50334060918
46191638.327665538,46.191638327666,-29.808361672334,8,-0.507782168352
46226845.369073816,46.226845369074,-29.773154630926,8,-0.512244406278
46262052.410482094,46.262052410482,-29.737947589518,8,-0.516727344215
46297259.451890379,46.297259451890,-29.702740548110,8,-0.521231003541
46332466.493298657,46.332466493299,-29.667533506701,8,-0.525755405757
46367673.534706943,46.367673534707,-29.632326465293,8,-0.530300572482
46402880.576115221,46.402880576115,-29.597119423885,8,-0.53486652546
46438087.617523506,46.438087617524,-29.561912382476,8,-0.539453286556
46473294.658931784,46.473294658932,-29.526705341068,8,-0.544060877757
46508501.70034007,46.508501700340,-29.491498299660,8,-0.548689321175
46543708.741748348,46.543708741748,-29.456291258252,8,-0.553338639045
46578915.783156633,46.578915783157,-29.421084216843,8,-0.558008853726
46614122.824564911,46.614122824565,-29.385877175435,8,-0.562699987701
46649329.865973197,46.649329865973,-29.350670134027,8,-0.567412063579
46684536.907381475,46.684536907381,-29.315463092619,8,-0.572145104094
46719743.94878976,46.719743948790,-29.280256051210,8,-0.576899132107
46754950.990198039,46.754950990198,-29.245049009802,8,-0.581674170605
46790158.031606324,46.790158031606,-29.209841968394,8,-0.5864702427
46825365.073014602,46.825365073015,-29.174634926985,8,-0.591287371633
46860572.114422888,46.860572114423,-29.139427885577,8,-0.596125580775
46895779.155831166,46.895779155831,-29.104220844169,8,-0.600984893622
46930986.197239451,46.930986197239,-29.069013802761,8,-0.6058653338
46966193.238647729,46.966193238648,-29.033806761352,8,-0.610766925065
47001400.280056015,47.001400280056,-28.998599719944,8,-0.615689691301
47036607.321464293,47.036607321464,-28.963392678536,8,-0.620633656526
47071814.362872578,47.071814362873,-28.928185637127,8,-0.625598844884
47107021.404280856,47.107021404281,-28.892978595719,8,-0.630585280655
47142228.445689142,47.142228445689,-28.857771554311,8,-0.635592988247
47177435.48709742,47.177435487097,-28.822564512903,8,-0.640621992203
47212642.528505705,47.212642528506,-28.787357471494,8,-0.645672317198
47247849.569913983,47.247849569914,-28.752150430086,8,-0.650743988039
47283056.611322269,47.283056611322,-28.716943388678,8,-0.655837029669
47318263.652730547,47.318263652731,-28.681736347269,8,-0.660951467165
47353470.694138825,47.353470694139,-28.646529305861,8,-0.666087325738
47388677.73554711,47.388677735547,-28.611322264453,8,-0.671244630735
47423884.776955388,47.423884776955,-28.576115223045,8,-0.67642340764
47459091.818363674,47.459091818364,-28.540908181636,8,-0.681623682071
47494298.859771952,47.494298859772,-28.505701140228,8,-0.686845479786
47529505.901180238,47.529505901180,-28.470494098820,8,-0.692088826679
47564712.942588516,47.564712942589,-28.435287057411,8,-0.697353748783
47599919.983996801,47.599919983997,-28.400080016003,8,-0.702640272269
47635127.025405079,47.635127025405,-28.364872974595,8,-0.707948423448
47670334.066813365,47.670334066813,-28.329665933187,8,-0.71327822877
47705541.108221643,47.705541108222,-28.294458891778,8,-0.718629714826
47740748.149629928,47.740748149630,-28.259251850370,8,-0.724002908349
47775955.191038206,47.775955191038,-28.224044808962,8,-0.729397836212
47811162.232446492,47.811162232446,-28.188837767554,8,-0.73481452543
47846369.27385477,47.846369273855,-28.153630726145,8,-0.740253003164
47881576.315263055,47.881576315263,-28.118423684737,8,-0.745713296713
47916783.356671333,47.916783356671,-28.083216643329,8,-0.751195433525
47951990.398079619,47.951990398080,-28.048009601920,8,-0.756699441189
47987197.439487897,47.987197439488,-28.012802560512,8,-0.762225347441
48022404.480896182,48.022404480896,-27.977595519104,8,-0.767773180163
48057611.52230446,48.057611522304,-27.942388477696,8,-0.773342967381
48092818.563712746,48.092818563713,-27.907181436287,8,-0.778934737272
48128025.605121024,48.128025605121,-27.871974394879,8,-0.784548518155
48163232.646529309,48.163232646529,-27.836767353471,8,-0.790184338503
48198439.687937587,48.198439687938,-27.801560312062,8,-0.795842226933
48233646.729345873,48.233646729346,-27.766353270654,8,-0.801522212216
48268853.770754151,48.268853770754,-27.731146229246,8,-0.807224323268
48304060.812162437,48.304060812162,-27.695939187838,8,-0.81294858916
48339267.853570715,48.339267853571,-27.660732146429,8,-0.818695039112
48374474.894979,48.374474894979,-27.625525105021,8,-0.824463702497
48409681.936387278,48.409681936387,-27.590318063613,8,-0.830254608841
48444888.977795556,48.444888977796,-27.555111022204,8,-0.836067787822
48480096.019203842,48.480096019204,-27.519903980796,8,-0.841903269272
48515303.06061212,48.515303060612,-27.484696939388,8,-0.84776108318
48550510.102020405,48.550510102020,-27.449489897980,8,-0.853641259687
48585717.143428683,48.585717143429,-27.414282856571,8,-0.859543829093
48620924.184836969,48.620924184837,-27.379075815163,8,-0.865468821852
48656131.226245247,48.656131226245,-27.343868773755,8,-0.871416268578
48691338.267653532,48.691338267654,-27.308661732346,8,-0.877386200041
48726545.30906181,48.726545309062,-27.273454690938,8,-0.88337864717
48761752.350470096,48.761752350470,-27.238247649530,8,-0.889393641055
48796959.391878374,48.796959391878,-27.203040608122,8,-0.895431212943
48832166.433286659,48.832166433287,-27.167833566713,8,-0.901491394246
48867373.474694937,48.867373474695,-27.132626525305,8,-0.907574216535
48902580.516103223,48.902580516103,-27.097419483897,8,-0.913679711543
48937787.557511501,48.937787557511,-27.062212442488,8,-0.919807911167
48972994.598919787,48.972994598920,-27.027005401080,8,-0.925958847468
49008201.640328065,49.008201640328,-26.991798359672,8,-0.932132552669
49043408.68173635,49.043408681736,-26.956591318264,8,-0.938329059163
49078615.723144628,49.078615723145,-26.921384276855,8,-0.944548399504
49113822.764552914,49.113822764553,-26.886177235447,8,-0.950790606416
49149029.805961192,49.149029805961,-26.850970194039,8,-0.957055712789
49184236.847369477,49.184236847369,-26.815763152631,8,-0.96334375168
49219443.888777755,49.219443888778,-26.780556111222,8,-0.969654756319
49254650.930186041,49.254650930186,-26.745349069814,8,-0.975988760102
49289857.971594319,49.289857971594,-26.710142028406,8,-0.982345796597
49325065.013002604,49.325065013003,-26.674934986997,8,-0.988725899542
49360272.054410882,49.360272054411,-26.639727945589,8,-0.99512910285
49395479.095819168,49.395479095819,-26.604520904181,8,-1.0015554406
49430686.137227446,49.430686137227,-26.569313862773,8,-1.00800494706
49465893.178635731,49.465893178636,-26.534106821364,8,-1.01447765666
49501100.220044009,49.501100220044,-26.498899779956,8,-1.020973604
49536307.261452295,49.536307261452,-26.463692738548,8,-1.02749282387
49571514.302860573,49.571514302861,-26.428485697139,8,-1.03403535122
49606721.344268851,49.606721344269,-26.393278655731,8,-1.04060122121
49641928.385677136,49.641928385677,-26.358071614323,8,-1.04719046914
49677135.427085415,49.677135427085,-26.322864572915,8,-1.05380313051
49712342.4684937,49.712342468494,-26.287657531506,8,-1.060439241
49747549.509901978,49.747549509902,-26.252450490098,8,-1.06709883646
49782756.551310264,49.782756551310,-26.217243448690,8,-1.07378195295
49817963.592718542,49.817963592719,-26.182036407281,8,-1.08048862667
49853170.634126827,49.853170634127,-26.146829365873,8,-1.08721889404
49888377.675535105,49.888377675535,-26.111622324465,8,-1.09397279165
49923584.716943391,49.923584716943,-26.076415283057,8,-1.10075035627
49958791.758351669,49.958791758352,-26.041208241648,8,-1.10755162488
49993998.799759954,49.993998799760,-26.006001200240,8,-1.11437663461
50029205.841168232,50.029205841168,-25.970794158832,8,-1.12122542281
50064412.882576518,50.064412882577,-25.935587117423,8,-1.12809802701
50099619.923984796,50.099619923985,-25.900380076015,8,-1.13499448492
50134826.965393081,50.134826965393,-25.865173034607,8,-1.14191483446
50170034.006801359,50.170034006801,-25.829965993199,8,-1.14885911372
50205241.048209645,50.205241048210,-25.794758951790,8,-1.155827361
50240448.089617923,50.240448089618,-25.759551910382,8,-1.16281961478
50275655.131026208,50.275655131026,-25.724344868974,8,-1.16983591376
50310862.172434486,50.310862172434,-25.689137827566,8,-1.1768762968
50346069.213842772,50.346069213843,-25.653930786157,8,-1.18394080298
50381276.25525105,50.381276255251,-25.618723744749,8,-1.19102947158
50416483.296659335,50.416483296659,-25.583516703341,8,-1.19814234206
50451690.338067614,50.451690338068,-25.548309661932,8,-1.20527945409
50486897.379475899,50.486897379476,-25.513102620524,8,-1.21244084755
50522104.420884177,50.522104420884,-25.477895579116,8,-1.21962656251
50557311.462292463,50.557311462292,-25.442688537708,8,-1.22683663924
50592518.503700741,50.592518503701,-25.407481496299,8,-1.23407111822
50627725.545109026,50.627725545109,-25.372274454891,8,-1.24133004013
50662932.586517304,50.662932586517,-25.337067413483,8,-1.24861344587
50698139.62792559,50.698139627926,-25.301860372074,8,-1.25592137653
50733346.669333868,50.733346669334,-25.266653330666,8,-1.26325387341
50768553.710742146,50.768553710742,-25.231446289258,8,-1.27061097803
50803760.752150431,50.803760752150,-25.196239247850,8,-1.2779927321
50838967.793558709,50.838967793559,-25.161032206441,8,-1.28539917756
50874174.834966995,50.874174834967,-25.125825165033,8,-1.29283035655
50909381.876375273,50.909381876375,-25.090618123625,8,-1.30028631143
50944588.917783558,50.944588917784,-25.055411082216,8,-1.30776708478
50979795.959191836,50.979795959192,-25.020204040808,8,-1.31527271937
51015003.000600122,51.015003000600,-24.984996999400,8,-1.32280325822
51050210.0420084,51.050210042008,-24.949789957992,8,-1.33035874454
51085417.083416685,51.085417083417,-24.914582916583,8,-1.33793922178
51120624.124824964,51.120624124825,-24.879375875175,8,-1.34554473358
51155831.166233249,51.155831166233,-24.844168833767,8,-1.35317532384
51191038.207641527,51.191038207642,-24.808961792358,8,-1.36083103665
51226245.249049813,51.226245249050,-24.773754750950,8,-1.36851191634
51261452.290458091,51.261452290458,-24.738547709542,8,-1.37621800746
51296659.331866376,51.296659331866,-24.703340668134,8,-1.38394935478
51331866.373274654,51.331866373275,-24.668133626725,8,-1.39170600331
51367073.41468294,51.367073414683,-24.632926585317,8,-1.39948799827
51402280.456091218,51.402280456091,-24.597719543909,8,-1.40729538512
51437487.497499503,51.437487497500,-24.562512502500,8,-1.41512820955
51472694.538907781,51.472694538908,-24.527305461092,8,-1.42298651748
51507901.580316067,51.507901580316,-24.492098419684,8,-1.43087035507
51543108.621724345,51.543108621724,-24.456891378276,8,-1.43877976869
51578315.66313263,51.578315663133,-24.421684336867,8,-1.44671480498
51613522.704540908,51.613522704541,-24.386477295459,8,-1.45467551079
51648729.745949194,51.648729745949,-24.351270254051,8,-1.46266193321
51683936.787357472,51.683936787357,-24.316063212643,8,-1.47067411958
51719143.828765757,51.719143828766,-24.280856171234,8,-1.47871211748
51754350.870174035,51.754350870174,-24.245649129826,8,-1.48677597472
51789557.911582321,51.789557911582,-24.210442088418,8,-1.49486573936
51824764.952990599,51.824764952991,-24.175235047009,8,-1.50298145971
51859971.994398877,51.859971994399,-24.140028005601,8,-1.51112318432
51895179.035807163,51.895179035807,-24.104820964193,8,-1.51929096197
51930386.077215441,51.930386077215,-24.069613922785,8,-1.52748484173
51965593.118623726,51.965593118624,-24.034406881376,8,-1.53570487287
52000800.160032004,52.000800160032,-23.999199839968,8,-1.54395110494
52036007.20144029,52.036007201440,-23.963992798560,8,-1.55222358774
52071214.242848568,52.071214242849,-23.928785757151,8,-1.56052237133
52106421.284256853,52.106421284257,-23.893578715743,8,-1.568847506
52141628.325665131,52.141628325665,-23.858371674335,8,-1.57719904232
52176835.367073417,52.176835367073,-23.823164632927,8,-1.5855770311
52212042.408481695,52.212042408482,-23.787957591518,8,-1.59398152344
52247249.44988998,52.247249449890,-23.752750550110,8,-1.60241257066
52282456.491298258,52.282456491298,-23.717543508702,8,-1.61087022436
52317663.532706544,52.317663532707,-23.682336467293,8,-1.61935453642
52352870.574114822,52.352870574115,-23.647129425885,8,-1.62786555896
52388077.615523107,52.388077615523,-23.611922384477,8,-1.63640334438
52423284.656931385,52.423284656931,-23.576715343069,8,-1.64496794535
52458491.698339671,52.458491698340,-23.541508301660,8,-1.6535594148
52493698.739747949,52.493698739748,-23.506301260252,8,-1.66217780593
52528905.781156234,52.528905781156,-23.471094218844,8,-1.67082317222
52564112.822564512,52.564112822565,-23.435887177435,8,-1.67949556743
52599319.863972798,52.599319863973,-23.400680136027,8,-1.68819504559
52634526.905381076,52.634526905381,-23.365473094619,8,-1.69692166099
52669733.946789362,52.669733946789,-23.330266053211,8,-1.70567546822
52704940.98819764,52.704940988198,-23.295059011802,8,-1.71445652215
52740148.029605925,52.740148029606,-23.259851970394,8,-1.72326487792
52775355.071014203,52.775355071014,-23.224644928986,8,-1.73210059097
52810562.112422489,52.810562112422,-23.189437887578,8,-1.740963717
52845769.153830767,52.845769153831,-23.154230846169,8,-1.74985431202
52880976.195239052,52.880976195239,-23.119023804761,8,-1.75877243232
52916183.23664733,52.916183236647,-23.083816763353,8,-1.76771813448
52951390.278055608,52.951390278056,-23.048609721944,8,-1.77669147538
52986597.319463894,52.986597319464,-23.013402680536,8,-1.78569251217
53021804.360872172,53.021804360872,-22.978195639128,8,-1.79472130232
53057011.402280457,53.057011402280,-22.942988597720,8,-1.8037779036
53092218.443688735,53.092218443689,-22.907781556311,8,-1.81286237404
53127425.485097021,53.127425485097,-22.872574514903,8,-1.82197477202
53162632.526505299,53.162632526505,-22.837367473495,8,-1.83111515619
53197839.567913584,53.197839567914,-22.802160432086,8,-1.84028358551
53233046.609321862,53.233046609322,-22.766953390678,8,-1.84948011926
53268253.650730148,53.268253650730,-22.731746349270,8,-1.85870481701
53303460.692138426,53.303460692138,-22.696539307862,8,-1.86795773864
53338667.733546712,53.338667733547,-22.661332266453,8,-1.87723894436
53373874.77495499,53.373874774955,-22.626125225045,8,-1.88654849467
53409081.816363275,53.409081816363,-22.590918183637,8,-1.8958864504
53444288.857771553,53.444288857772,-22.555711142228,8,-1.90525287269
53479495.899179839,53.479495899180,-22.520504100820,8,-1.914647823
53514702.940588117,53.514702940588,-22.485297059412,8,-1.9240713631
53549909.981996402,53.549909981996,-22.450090018004,8,-1.93352355511
53585117.02340468,53.585117023405,-22.414882976595,8,-1.94300446146
53620324.064812966,53.620324064813,-22.379675935187,8,-1.95251414488
53655531.106221244,53.655531106221,-22.344468893779,8,-1.96205266847
53690738.147629529,53.690738147630,-22.309261852370,8,-1.97162009564
53725945.189037807,53.725945189038,-22.274054810962,8,-1.98121649014
53761152.230446093,53.761152230446,-22.238847769554,8,-1.99084191603
53796359.271854371,53.796359271854,-22.203640728146,8,-2.00049643774
53831566.313262656,53.831566313263,-22.168433686737,8,-2.01018012002
53866773.354670934,53.866773354671,-22.133226645329,8,-2.01989302796
53901980.39607922,53.901980396079,-22.098019603921,8,-2.029635227
53937187.437487498,53.937187437487,-22.062812562513,8,-2.03940678292
53972394.478895783,53.972394478896,-22.027605521104,8,-2.04920776185
54007601.520304061,54.007601520304,-21.992398479696,8,-2.05903823025
54042808.561712347,54.042808561712,-21.957191438288,8,-2.06889825497
54078015.603120625,54.078015603121,-21.921984396879,8,-2.07878790317
54113222.644528903,54.113222644529,-21.886777355471,8,-2.08870724239
54148429.685937189,54.148429685937,-21.851570314063,8,-2.09865634053
54183636.727345467,54.183636727345,-21.816363272655,8,-2.10863526584
54218843.768753752,54.218843768754,-21.781156231246,8,-2.11864408693
54254050.81016203,54.254050810162,-21.745949189838,8,-2.12868287277
54289257.851570316,54.289257851570,-21.710742148430,8,-2.13875169272
54324464.892978594,54.324464892979,-21.675535107021,8,-2.14885061649
54359671.934386879,54.359671934387,-21.640328065613,8,-2.15897971415
54394878.975795157,54.394878975795,-21.605121024205,8,-2.16913905617
54430086.017203443,54.430086017203,-21.569913982797,8,-2.17932871338
54465293.058611721,54.465293058612,-21.534706941388,8,-2.18954875699
54500500.100020006,54.500500100020,-21.499499899980,8,-2.19979925859
54535707.141428284,54.535707141428,-21.464292858572,8,-2.21008029016
54570914.18283657,54.570914182837,-21.429085817163,8,-2.22039192405
54606121.224244848,54.606121224245,-21.393878775755,8,-2.23073423301
54641328.265653133,54.641328265653,-21.358671734347,8,-2.24110729018
54676535.307061411,54.676535307061,-21.323464692939,8,-2.25151116909
54711742.348469697,54.711742348470,-21.288257651530,8,-2.26194594366
54746949.389877975,54.746949389878,-21.253050610122,8,-2.27241168822
54782156.43128626,54.782156431286,-21.217843568714,8,-2.28290847748
54817363.472694539,54.817363472695,-21.182636527305,8,-2.29343638658
54852570.514102824,54.852570514103,-21.147429485897,8,-2.30399549104
54887777.555511102,54.887777555511,-21.112222444489,8,-2.3145858668
54922984.596919388,54.922984596919,-21.077015403081,8,-2.32520759021
54958191.638327666,54.958191638328,-21.041808361672,8,-2.33586073803
54993398.679735951,54.993398679736,-21.006601320264,8,-2.34654538744
55028605.721144229,55.028605721144,-20.971394278856,8,-2.35726161604
55063812.762552515,55.063812762553,-20.936187237447,8,-2.36800950185
55099019.803960793,55.099019803961,-20.900980196039,8,-2.37878912331
55134226.845369078,55.134226845369,-20.865773154631,8,-2.38960055928
55169433.886777356,55.169433886777,-20.830566113223,8,-2.40044388906
55204640.928185642,55.204640928186,-20.795359071814,8,-2.4113191924
55239847.96959392,55.239847969594,-20.760152030406,8,-2.42222654944
55275055.011002198,55.275055011002,-20.724944988998,8,-2.43316604081
55310262.052410483,55.310262052410,-20.689737947590,8,-2.44413774753
55345469.093818761,55.345469093819,-20.654530906181,8,-2.45514175111
55380676.135227047,55.380676135227,-20.619323864773,8,-2.46617813348
55415883.176635325,55.415883176635,-20.584116823365,8,-2.47724697703
55451090.21804361,55.451090218044,-20.548909781956,8,-2.48834836459
55486297.259451889,55.486297259452,-20.513702740548,8,-2.49948237946
55521504.300860174,55.521504300860,-20.478495699140,8,-2.51064910539
55556711.342268452,55.556711342268,-20.443288657732,8,-2.52184862661
55591918.383676738,55.591918383677,-20.408081616323,8,-2.53308102779
55627125.425085016,55.627125425085,-20.372874574915,8,-2.54434639408
55662332.466493301,55.662332466493,-20.337667533507,8,-2.5556448111
55697539.507901579,55.697539507902,-20.302460492098,8,-2.56697636495
55732746.549309865,55.732746549310,-20.267253450690,8,-2.5783411422
55767953.590718143,55.767953590718,-20.232046409282,8,-2.58973922991
55803160.632126428,55.803160632126,-20.196839367874,8,-2.60117071561
55838367.673534706,55.838367673535,-20.161632326465,8,-2.61263568733
55873574.714942992,55.873574714943,-20.126425285057,8,-2.62413423359
55908781.75635127,55.908781756351,-20.091218243649,8,-2.6356664434
55943988.797759555,55.943988797760,-20.056011202240,8,-2.64723240626
55979195.839167833,55.979195839168,-20.020804160832,8,-2.65883221219
56014402.880576119,56.014402880576,-19.985597119424,8,-2.6704659517
56049609.921984397,56.049609921984,-19.950390078016,8,-2.68213371581
56084816.963392682,56.084816963393,-19.915183036607,8,-2.69383559606
56120024.00480096,56.120024004801,-19.879975995199,8,-2.7055716845
56155231.046209246,56.155231046209,-19.844768953791,8,-2.71734207369
56190438.087617524,56.190438087618,-19.809561912382,8,-2.72914685672
56225645.129025809,56.225645129026,-19.774354870974,8,-2.74098612721
56260852.170434088,56.260852170434,-19.739147829566,8,-2.7528599793
56296059.211842373,56.296059211842,-19.703940788158,8,-2.76476850766
56331266.253250651,56.331266253251,-19.668733746749,8,-2.77671180753
56366473.294658929,56.366473294659,-19.633526705341,8,-2.78868997463
56401680.336067215,56.401680336067,-19.598319663933,8,-2.80070310529
56436887.377475493,56.436887377475,-19.563112622525,8,-2.81275129635
56472094.418883778,56.472094418884,-19.527905581116,8,-2.82483464519
56507301.460292056,56.507301460292,-19.492698539708,8,-2.83695324979
56542508.501700342,56.542508501700,-19.457491498300,8,-2.84910720866
56577715.54310862,56.577715543109,-19.422284456891,8,-2.86129662087
56612922.584516905,56.612922584517,-19.387077415483,8,-2.87352158608
56648129.625925183,56.648129625925,-19.351870374075,8,-2.88578220449
56683336.667333469,56.683336667333,-19.316663332667,8,-2.89807857692
56718543.708741747,56.718543708742,-19.281456291258,8,-2.91041080473
56753750.750150032,56.753750750150,-19.246249249850,8,-2.92277898989
56788957.79155831,56.788957791558,-19.211042208442,8,-2.93518323493
56824164.832966596,56.824164832967,-19.175835167033,8,-2.94762364301
56859371.874374874,56.859371874375,-19.140628125625,8,-2.96010031786
56894578.915783159,56.894578915783,-19.105421084217,8,-2.97261336382
56929785.957191437,56.929785957191,-19.070214042809,8,-2.98516288584
56964992.998599723,56.964992998600,-19.035007001400,8,-2.99774898947
57000200.040008001,57.000200040008,-18.999799959992,8,-3.01037178088
57035407.081416287,57.035407081416,-18.964592918584,8,-3.02303136686
57070614.122824565,57.070614122825,-18.929385877175,8,-3.03572785482
57105821.16423285,57.105821164233,-18.894178835767,8,-3.0484613528
57141028.205641128,57.141028205641,-18.858971794359,8,-3.06123196947
57176235.247049414,57.176235247049,-18.823764752951,8,-3.07403981415
57211442.288457692,57.211442288458,-18.788557711542,8,-3.08688499679
57246649.329865977,57.246649329866,-18.753350670134,8,-3.09976762798
57281856.371274255,57.281856371274,-18.718143628726,8,-3.11268781897
57317063.412682541,57.317063412683,-18.682936587317,8,-3.12564568167
57352270.454090819,57.352270454091,-18.647729545909,8,-3.13864132866
57387477.495499104,57.387477495499,-18.612522504501,8,-3.15167487315
57422684.536907382,57.422684536907,-18.577315463093,8,-3.16474642907
57457891.57831566,57.457891578316,-18.542108421684,8,-3.17785611098
57493098.619723946,57.493098619724,-18.506901380276,8,-3.19100403415
57528305.661132224,57.528305661132,-18.471694338868,8,-3.20419031453
57563512.702540509,57.563512702541,-18.436487297459,8,-3.21741506875
57598719.743948787,57.598719743949,-18.401280256051,8,-3.23067841416
57633926.785357073,57.633926785357,-18.366073214643,8,-3.24398046879
57669133.826765351,57.669133826765,-18.330866173235,8,-3.25732135139
57704340.868173636,57.704340868174,-18.295659131826,8,-3.27070118141
57739547.909581915,57.739547909582,-18.260452090418,8,-3.28412007902
57774754.9509902,57.774754950990,-18.225245049010,8,-3.29757816514
57809961.992398478,57.809961992398,-18.190038007602,8,-3.31107556138
57845169.033806764,57.845169033807,-18.154830966193,8,-3.32461239011
57880376.075215042,57.880376075215,-18.119623924785,8,-3.33818877442
57915583.116623327,57.915583116623,-18.084416883377,8,-3.35180483817
57950790.158031605,57.950790158032,-18.049209841968,8,-3.36546070596
57985997.199439891,57.985997199440,-18.014002800560,8,-3.37915650314
58021204.240848169,58.021204240848,-17.978795759152,8,-3.39289235583
58056411.282256454,58.056411282256,-17.943588717744,8,-3.40666839092
58091618.323664732,58.091618323665,-17.908381676335,8,-3.42048473607
58126825.365073018,58.126825365073,-17.873174634927,8,-3.43434151973
58162032.406481296,58.162032406481,-17.837967593519,8,-3.44823887112
58197239.447889581,58.197239447890,-17.802760552110,8,-3.46217692028
58232446.489297859,58.232446489298,-17.767553510702,8,-3.47615579802
58267653.530706145,58.267653530706,-17.732346469294,8,-3.49017563598
58302860.572114423,58.302860572114,-17.697139427886,8,-3.50423656659
58338067.613522708,58.338067613523,-17.661932386477,8,-3.51833872312
58373274.654930986,58.373274654931,-17.626725345069,8,-3.53248223965
58408481.696339272,58.408481696339,-17.591518303661,8,-3.5466672511
58443688.73774755,58.443688737748,-17.556311262252,8,-3.56089389321
58478895.779155836,58.478895779156,-17.521104220844,8,-3.57516230259
58514102.820564114,58.514102820564,-17.485897179436,8,-3.58947261669
58549309.861972399,58.549309861972,-17.450690138028,8,-3.60382497381
58584516.903380677,58.584516903381,-17.415483096619,8,-3.61821951312
58619723.944788955,58.619723944789,-17.380276055211,8,-3.63265637468
58654930.986197241,58.654930986197,-17.345069013803,8,-3.64713569939
58690138.027605519,58.690138027606,-17.309861972394,8,-3.66165762907
58725345.069013804,58.725345069014,-17.274654930986,8,-3.67622230643
58760552.110422082,58.760552110422,-17.239447889578,8,-3.69082987506
58795759.151830368,58.795759151830,-17.204240848170,8,-3.70548047946
58830966.193238646,58.830966193239,-17.169033806761,8,-3.72017426508
58866173.234646931,58.866173234647,-17.133826765353,8,-3.73491137824
58901380.276055209,58.901380276055,-17.098619723945,8,-3.74969196623
58936587.317463495,58.936587317463,-17.063412682537,8,-3.76451617725
58971794.358871773,58.971794358872,-17.028205641128,8,-3.77938416047
59007001.400280058,59.007001400280,-16.992998599720,8,-3.794296066
59042208.441688336,59.042208441688,-16.957791558312,8,-3.80925204491
59077415.483096622,59.077415483097,-16.922584516903,8,-3.82425224923
59112622.5245049,59.112622524505,-16.887377475495,8,-3.83929683199
59147829.565913185,59.147829565913,-16.852170434087,8,-3.85438594717
59183036.607321464,59.183036607321,-16.816963392679,8,-3.86951974979
59218243.648729749,59.218243648730,-16.781756351270,8,-3.88469839582
59253450.690138027,59.253450690138,-16.746549309862,8,-3.89992204227
59288657.731546313,59.288657731546,-16.711342268454,8,-3.91519084717
59323864.772954591,59.323864772955,-16.676135227045,8,-3.93050496956
59359071.814362876,59.359071814363,-16.640928185637,8,-3.94586456951
59394278.855771154,59.394278855771,-16.605721144229,8,-3.96126980817
59429485.89717944,59.429485897179,-16.570514102821,8,-3.97672084769
59464692.938587718,59.464692938588,-16.535307061412,8,-3.99221785133
59499899.979996003,59.499899979996,-16.500100020004,8,-4.00776098338
59535107.021404281,59.535107021404,-16.464892978596,8,-4.02335040924
59570314.062812567,59.570314062813,-16.429685937187,8,-4.03898629538
59605521.104220845,59.605521104221,-16.394478895779,8,-4.05466880937
59640728.14562913,59.640728145629,-16.359271854371,8,-4.07039811989
59675935.187037408,59.675935187037,-16.324064812963,8,-4.08617439674
59711142.228445694,59.711142228446,-16.288857771554,8,-4.10199781085
59746349.269853972,59.746349269854,-16.253650730146,8,-4.11786853425
59781556.31126225,59.781556311262,-16.218443688738,8,-4.13378674017
59816763.352670535,59.816763352671,-16.183236647329,8,-4.14975260296
59851970.394078813,59.851970394079,-16.148029605921,8,-4.16576629813
59887177.435487099,59.887177435487,-16.112822564513,8,-4.1818280024
59922384.476895377,59.922384476895,-16.077615523105,8,-4.19793789363
59957591.518303663,59.957591518304,-16.042408481696,8,-4.21409615092
59992798.559711941,59.992798559712,-16.007201440288,8,-4.23030295454
60028005.601120226,60.028005601120,-15.971994398880,8,-4.24655848599
60063212.642528504,60.063212642529,-15.936787357471,8,-4.26286292802
60098419.68393679,60.098419683937,-15.901580316063,8,-4.27921646458
60133626.725345068,60.133626725345,-15.866373274655,8,-4.29561928088
60168833.766753353,60.168833766753,-15.831166233247,8,-4.31207156342
60204040.808161631,60.204040808162,-15.795959191838,8,-4.32857349993
60239247.849569917,60.239247849570,-15.760752150430,8,-4.34512527945
60274454.890978195,60.274454890978,-15.725545109022,8,-4.36172709229
60309661.93238648,60.309661932386,-15.690338067614,8,-4.3783791301
60344868.973794758,60.344868973795,-15.655131026205,8,-4.39508158581
60380076.015203044,60.380076015203,-15.619923984797,8,-4.4118346537
60415283.056611322,60.415283056611,-15.584716943389,8,-4.42863852938
60450490.098019607,60.450490098020,-15.549509901980,8,-4.44549340983
60485697.139427885,60.485697139428,-15.514302860572,8,-4.46239949338
60520904.180836171,60.520904180836,-15.479095819164,8,-4.47935697974
60556111.222244449,60.556111222244,-15.443888777756,8,-4.49636607001
60591318.263652734,60.591318263653,-15.408681736347,8,-4.51342696669
60626525.305061013,60.626525305061,-15.373474694939,8,-4.53053987371
60661732.346469298,60.661732346469,-15.338267653531,8,-4.5477049964
60696939.387877576,60.696939387878,-15.303060612122,8,-4.56492254155
60732146.429285862,60.732146429286,-15.267853570714,8,-4.58219271742
60767353.47069414,60.767353470694,-15.232646529306,8,-4.59951573369
60802560.512102425,60.802560512102,-15.197439487898,8,-4.61689180157
60837767.553510703,60.837767553511,-15.162232446489,8,-4.63432113374
60872974.594918981,60.872974594919,-15.127025405081,8,-4.65180394439
60908181.636327267,60.908181636327,-15.091818363673,8,-4.66934044924
60943388.677735545,60.943388677736,-15.056611322264,8,-4.68693086554
60978595.71914383,60.978595719144,-15.021404280856,8,-4.7045754121
61013802.760552108,61.013802760552,-14.986197239448,8,-4.72227430928
61049009.801960394,61.049009801960,-14.950990198040,8,-4.74002777902
61084216.843368672,61.084216843369,-14.915783156631,8,-4.75783604489
61119423.884776957,61.119423884777,-14.880576115223,8,-4.77569933202
61154630.926185235,61.154630926185,-14.845369073815,8,-4.7936178672
61189837.967593521,61.189837967594,-14.810162032406,8,-4.81159187885
61225045.009001799,61.225045009002,-14.774954990998,8,-4.82962159704
61260252.050410084,61.260252050410,-14.739747949590,8,-4.84770725352
61295459.091818362,61.295459091818,-14.704540908182,8,-4.86584908172
61330666.133226648,61.330666133227,-14.669333866773,8,-4.88404731679
61365873.174634926,61.365873174635,-14.634126825365,8,-4.90230219557
61401080.216043212,61.401080216043,-14.598919783957,8,-4.92061395667
61436287.25745149,61.436287257451,-14.563712742549,8,-4.93898284044
61471494.298859775,61.471494298860,-14.528505701140,8,-4.95740908899
61506701.340268053,61.506701340268,-14.493298659732,8,-4.97589294622
61541908.381676339,61.541908381676,-14.458091618324,8,-4.99443465785
61577115.423084617,61.577115423085,-14.422884576915,8,-5.0130344714
61612322.464492902,61.612322464493,-14.387677535507,8,-5.03169263626
61647529.50590118,61.647529505901,-14.352470494099,8,-5.05040940364
61682736.547309466,61.682736547309,-14.317263452691,8,-5.06918502666
61717943.588717744,61.717943588718,-14.282056411282,8,-5.0880197603
61753150.630126029,61.753150630126,-14.246849369874,8,-5.1069138615
61788357.671534307,61.788357671534,-14.211642328466,8,-5.12586758908
61823564.712942593,61.823564712943,-14.176435287057,8,-5.14488120384
61858771.754350871,61.858771754351,-14.141228245649,8,-5.16395496855
61893978.795759156,61.893978795759,-14.106021204241,8,-5.18308914796
61929185.837167434,61.929185837167,-14.070814162833,8,-5.20228400883
61964392.878575712,61.964392878576,-14.035607121424,8,-5.22153981997
61999599.919983998,61.999599919984,-14.000400080016,8,-5.2408568522
62034806.961392276,62.034806961392,-13.965193038608,8,-5.26023537845
62070014.002800561,62.070014002801,-13.929985997199,8,-5.27967567372
62105221.04420884,62.105221044209,-13.894778955791,8,-5.29917801512
62140428.085617125,62.140428085617,-13.859571914383,8,-5.31874268191
62175635.127025403,62.175635127025,-13.824364872975,8,-5.3383699555
62210842.168433689,62.210842168434,-13.789157831566,8,-5.35806011945
62246049.209841967,62.246049209842,-13.753950790158,8,-5.37781345957
62281256.251250252,62.281256251250,-13.718743748750,8,-5.39763026385
62316463.29265853,62.316463292659,-13.683536707341,8,-5.41751082255
62351670.334066816,62.351670334067,-13.648329665933,8,-5.43745542817
62386877.375475094,62.386877375475,-13.613122624525,8,-5.45746437552
62422084.416883379,62.422084416883,-13.577915583117,8,-5.47753796174
62457291.458291657,62.457291458292,-13.542708541708,8,-5.49767648627
62492498.499699943,62.492498499700,-13.507501500300,8,-5.51788025095
62527705.541108221,62.527705541108,-13.472294458892,8,-5.53814955998
62562912.582516506,62.562912582517,-13.437087417483,8,-5.55848471999
62598119.623924784,62.598119623925,-13.401880376075,8,-5.57888604004
62633326.66533307,62.633326665333,-13.366673334667,8,-5.59935383165
62668533.706741348,62.668533706741,-13.331466293259,8,-5.61988840884
62703740.748149633,62.703740748150,-13.296259251850,8,-5.64049008813
62738947.789557911,62.738947789558,-13.261052210442,8,-5.66115918859
62774154.830966197,62.774154830966,-13.225845169034,8,-5.68189603187
62809361.872374475,62.809361872374,-13.190638127626,8,-5.7027009422
62844568.913782761,62.844568913783,-13.155431086217,8,-5.72357424644
62879775.955191039,62.879775955191,-13.120224044809,8,-5.7445162741
62914982.996599324,62.914982996599,-13.085017003401,8,-5.76552735737
62950190.038007602,62.950190038008,-13.049809961992,8,-5.78660783116
62985397.079415888,62.985397079416,-13.014602920584,8,-5.80775803309
63020604.120824166,63.020604120824,-12.979395879176,8,-5.82897830358
63055811.162232451,63.055811162232,-12.944188837768,8,-5.85026898584
63091018.203640729,63.091018203641,-12.908981796359,8,-5.87163042589
63126225.245049007,63.126225245049,-12.873774754951,8,-5.89306297262
63161432.286457293,63.161432286457,-12.838567713543,8,-5.91456697783
63196639.327865571,63.196639327866,-12.803360672134,8,-5.93614279621
63231846.369273856,63.231846369274,-12.768153630726,8,-5.95779078542
63267053.410682134,63.267053410682,-12.732946589318,8,-5.9795113061
63302260.45209042,63.302260452090,-12.697739547910,8,-6.00130472193
63337467.493498698,63.337467493499,-12.662532506501,8,-6.02317139961
63372674.534906983,63.372674534907,-12.627325465093,8,-6.04511170896
63407881.576315261,63.407881576315,-12.592118423685,8,-6.06712602289
63443088.617723547,63.443088617724,-12.556911382276,8,-6.0892147175
63478295.659131825,63.478295659132,-12.521704340868,8,-6.11137817204
63513502.70054011,63.513502700540,-12.486497299460,8,-6.13361676903
63548709.741948389,63.548709741948,-12.451290258052,8,-6.15593089424
63583916.783356674,63.583916783357,-12.416083216643,8,-6.17832093671
63619123.824764952,63.619123824765,-12.380876175235,8,-6.20078728887
63654330.866173238,63.654330866173,-12.345669133827,8,-6.22333034648
63689537.907581516,63.689537907582,-12.310462092418,8,-6.24595050874
63724744.948989801,63.724744948990,-12.275255051010,8,-6.26864817831
63759951.990398079,63.759951990398,-12.240048009602,8,-6.29142376132
63795159.031806365,63.795159031806,-12.204840968194,8,-6.31427766744
63830366.073214643,63.830366073215,-12.169633926785,8,-6.33721030993
63865573.114622928,63.865573114623,-12.134426885377,8,-6.36022210565
63900780.156031206,63.900780156031,-12.099219843969,8,-6.38331347511
63935987.197439492,63.935987197439,-12.064012802561,8,-6.40648484255
63971194.23884777,63.971194238848,-12.028805761152,8,-6.42973663592
64006401.280256055,64.006401280256,-11.993598719744,8,-6.45306928698
64041608.321664333,64.041608321664,-11.958391678336,8,-6.47648323131
64076815.363072619,64.076815363073,-11.923184636927,8,-6.49997890836
64112022.404480897,64.112022404481,-11.887977595519,8,-6.52355676152
64147229.445889182,64.147229445889,-11.852770554111,8,-6.54721723814
64182436.48729746,64.182436487297,-11.817563512703,8,-6.57096078959
64217643.528705746,64.217643528706,-11.782356471294,8,-6.59478787128
64252850.570114024,64.252850570114,-11.747149429886,8,-6.61869894277
64288057.611522302,64.288057611522,-11.711942388478,8,-6.64269446775
64323264.652930588,64.323264652931,-11.676735347069,8,-6.66677491414
64358471.694338866,64.358471694339,-11.641528305661,8,-6.69094075412
64393678.735747151,64.393678735747,-11.606321264253,8,-6.71519246417
64428885.777155429,64.428885777155,-11.571114222845,8,-6.73953052516
64464092.818563715,64.464092818564,-11.535907181436,8,-6.76395542235
64499299.859971993,64.499299859972,-11.500700140028,8,-6.78846764549
64534506.901380278,64.534506901380,-11.465493098620,8,-6.81306768888
64569713.942788556,64.569713942789,-11.430286057211,8,-6.83775605135
64604920.984196842,64.604920984197,-11.395079015803,8,-6.86253323642
64640128.02560512,64.640128025605,-11.359871974395,8,-6.88739975227
64675335.067013405,64.675335067013,-11.324664932987,8,-6.91235611188
64710542.108421683,64.710542108422,-11.289457891578,8,-6.93740283299
64745749.149829969,64.745749149830,-11.254250850170,8,-6.96254043826
64780956.191238247,64.780956191238,-11.219043808762,8,-6.98776945527
64816163.232646532,64.816163232647,-11.183836767353,8,-7.01309041659
64851370.27405481,64.851370274055,-11.148629725945,8,-7.03850385986
64886577.315463096,64.886577315463,-11.113422684537,8,-7.06401032784
64921784.356871374,64.921784356871,-11.078215643129,8,-7.08961036848
64956991.398279659,64.956991398280,-11.043008601720,8,-7.115304535
64992198.439687937,64.992198439688,-11.007801560312,8,-7.14109338592
65027405.481096223,65.027405481096,-10.972594518904,8,-7.16697748516
65062612.522504501,65.062612522504,-10.937387477495,8,-7.19295740211
65097819.563912787,65.097819563913,-10.902180436087,8,-7.21903371168
65133026.605321065,65.133026605321,-10.866973394679,8,-7.24520699438
65168233.64672935,65.168233646729,-10.831766353271,8,-7.27147783639
65203440.688137628,65.203440688138,-10.796559311862,8,-7.29784682967
65238647.729545914,65.238647729546,-10.761352270454,8,-7.32431457196
65273854.770954192,65.273854770954,-10.726145229046,8,-7.35088166692
65309061.812362477,65.309061812362,-10.690938187638,8,-7.37754872419
65344268.853770755,65.344268853771,-10.655731146229,8,-7.40431635947
65379475.895179033,65.379475895179,-10.620524104821,8,-7.43118519458
65414682.936587319,65.414682936587,-10.585317063413,8,-7.45815585757
65449889.977995597,65.449889977996,-10.550110022004,8,-7.48522898278
65485097.019403882,65.485097019404,-10.514902980596,8,-7.51240521094
65520304.06081216,65.520304060812,-10.479695939188,8,-7.53968518925
65555511.102220446,65.555511102220,-10.444488897780,8,-7.56706957147
65590718.143628724,65.590718143629,-10.409281856371,8,-7.594559018
65625925.185037009,65.625925185037,-10.374074814963,8,-7.62215419597
65661132.226445287,65.661132226445,-10.338867773555,8,-7.64985577935
65696339.267853573,65.696339267854,-10.303660732146,8,-7.67766444902
65731546.309261851,65.731546309262,-10.268453690738,8,-7.70558089289
65766753.350670137,65.766753350670,-10.233246649330,8,-7.73360580594
65801960.392078415,65.801960392078,-10.198039607922,8,-7.76173989042
65837167.4334867,65.837167433487,-10.162832566513,8,-7.78998385583
65872374.474894978,65.872374474895,-10.127625525105,8,-7.81833841911
65907581.516303264,65.907581516303,-10.092418483697,8,-7.84680430471
65942788.557711542,65.942788557712,-10.057211442288,8,-7.8753822447
65977995.599119827,65.977995599120,-10.022004400880,8,-7.90407297886
66013202.640528105,66.013202640528,-9.986797359472,8,-7.93287725482
66048409.681936391,66.048409681936,-9.951590318064,8,-7.96179582814
66083616.723344669,66.083616723345,-9.916383276655,8,-7.99082946244
66118823.764752954,66.118823764753,-9.881176235247,8,-8.01997892952
66154030.806161232,66.154030806161,-9.845969193839,8,-8.04924500945
66189237.847569518,66.189237847570,-9.810762152430,8,-8.07862849073
66224444.888977796,66.224444888978,-9.775555111022,8,-8.10813017036
66259651.930386081,66.259651930386,-9.740348069614,8,-8.137750854
66294858.971794359,66.294858971794,-9.705141028206,8,-8.1674913561
66330066.013202645,66.330066013203,-9.669933986797,8,-8.19735249999
66365273.054610923,66.365273054611,-9.634726945389,8,-8.22733511804
66400480.096019208,66.400480096019,-9.599519903981,8,-8.25744005179
66435687.137427486,66.435687137427,-9.564312862573,8,-8.28766815206
66470894.178835765,66.470894178836,-9.529105821164,8,-8.31802027914
66506101.22024405,66.506101220244,-9.493898779756,8,-8.34849730286
66541308.261652328,66.541308261652,-9.458691738348,8,-8.37910010279
66576515.303060614,66.576515303061,-9.423484696939,8,-8.40982956836
66611722.344468892,66.611722344469,-9.388277655531,8,-8.44068659899
66646929.385877177,66.646929385877,-9.353070614123,8,-8.47167210429
66682136.427285455,66.682136427285,-9.317863572715,8,-8.50278700416
66717343.468693741,66.717343468694,-9.282656531306,8,-8.53403222899
66752550.510102019,66.752550510102,-9.247449489898,8,-8.56540871978
66787757.551510304,66.787757551510,-9.212242448490,8,-8.59691742833
66822964.592918582,66.822964592919,-9.177035407081,8,-8.6285593174
66858171.634326868,66.858171634327,-9.141828365673,8,-8.66033536087
66893378.675735146,66.893378675735,-9.106621324265,8,-8.6922465439
66928585.717143431,66.928585717143,-9.071414282857,8,-8.72429386316
66963792.758551709,66.963792758552,-9.036207241448,8,-8.75647832693
66998999.799959995,66.998999799960,-9.001000200040,8,-8.78880095534
67034206.841368273,67.034206841368,-8.965793158632,8,-8.82126278053
67069413.882776558,67.069413882777,-8.930586117223,8,-8.85386484685
67104620.924184836,67.104620924185,-8.895379075815,8,-8.88660821105
67139827.965593114,67.139827965593,-8.860172034407,8,-8.91949394247
67175035.0070014,67.175035007001,-8.824964992999,8,-8.95252312325
67210242.048409685,67.210242048410,-8.789757951590,8,-8.98569684852
67245449.089817971,67.245449089818,-8.754550910182,8,-9.01901622663
67280656.131226242,67.280656131226,-8.719343868774,8,-9.05248237934
67315863.172634527,67.315863172635,-8.684136827365,8,-9.08609644206
67351070.214042813,67.351070214043,-8.648929785957,8,-9.11985956405
67386277.255451098,67.386277255451,-8.613722744549,8,-9.15377290866
67421484.296859369,67.421484296859,-8.578515703141,8,-9.18783765356
67456691.338267654,67.456691338268,-8.543308661732,8,-9.22205499096
67491898.37967594,67.491898379676,-8.508101620324,8,-9.25642612788
67527105.421084225,67.527105421084,-8.472894578916,8,-9.29095228636
67562312.462492496,67.562312462492,-8.437687537508,8,-9.32563470374
67597519.503900781,67.597519503901,-8.402480496099,8,-9.3604746329
67632726.545309067,67.632726545309,-8.367273454691,8,-9.39547334252
67667933.586717337,67.667933586717,-8.332066413283,8,-9.43063211735
67703140.628125623,67.703140628126,-8.296859371874,8,-9.46595225849
67738347.669533908,67.738347669534,-8.261652330466,8,-9.50143508366
67773554.710942194,67.773554710942,-8.226445289058,8,-9.53708192748
67808761.752350464,67.808761752350,-8.191238247650,8,-9.57289414177
67843968.79375875,67.843968793759,-8.156031206241,8,-9.60887309582
67879175.835167035,67.879175835167,-8.120824164833,8,-9.64502017676
67914382.876575321,67.914382876575,-8.085617123425,8,-9.68133678976
67949589.917983592,67.949589917984,-8.050410082016,8,-9.71782435847
67984796.959391877,67.984796959392,-8.015203040608,8,-9.75448432523
68020004.000800163,68.020004000800,-7.979995999200,8,-9.79131815148
68055211.042208448,68.055211042208,-7.944788957792,8,-9.82832731806
68090418.083616719,68.090418083617,-7.909581916383,8,-9.86551332557
68125625.125025004,68.125625125025,-7.874374874975,8,-9.9028776947
68160832.16643329,68.160832166433,-7.839167833567,8,-9.94042196662
68196039.207841575,68.196039207842,-7.803960792158,8,-9.97814770332
68231246.249249846,68.231246249250,-7.768753750750,8,-10.016056488
68266453.290658131,68.266453290658,-7.733546709342,8,-10.0541499255
68301660.332066417,68.301660332066,-7.698339667934,8,-10.0924296426
68336867.373474702,68.336867373475,-7.663132626525,8,-10.1308972884
68372074.414882973,68.372074414883,-7.627925585117,8,-10.1695545351
68407281.456291258,68.407281456291,-7.592718543709,8,-10.2084030777
68442488.497699544,68.442488497700,-7.557511502300,8,-10.2474446351
68477695.539107829,68.477695539108,-7.522304460892,8,-10.2866809505
68512902.5805161,68.512902580516,-7.487097419484,8,-10.3261137911
68548109.621924385,68.548109621924,-7.451890378076,8,-10.3657449498
68583316.663332671,68.583316663333,-7.416683336667,8,-10.4055762443
68618523.704740956,68.618523704741,-7.381476295259,8,-10.4456095189
68653730.746149227,68.653730746149,-7.346269253851,8,-10.4858466439
68688937.787557513,68.688937787558,-7.311062212442,8,-10.5262895167
68724144.828965798,68.724144828966,-7.275855171034,8,-10.5669400625
68759351.870374069,68.759351870374,-7.240648129626,8,-10.6078002341
68794558.911782354,68.794558911782,-7.205441088218,8,-10.6488720132
68829765.95319064,68.829765953191,-7.170234046809,8,-10.6901574104
68864972.994598925,68.864972994599,-7.135027005401,8,-10.7316584663
68900180.036007196,68.900180036007,-7.099819963993,8,-10.7733772514
68935387.077415481,68.935387077415,-7.064612922585,8,-10.8153158675
68970594.118823767,68.970594118824,-7.029405881176,8,-10.8574764477
69005801.160232052,69.005801160232,-6.994198839768,8,-10.8998611573
69041008.201640323,69.041008201640,-6.958991798360,8,-10.9424721945
69076215.243048608,69.076215243049,-6.923784756951,8,-10.9853117908
69111422.284456894,69.111422284457,-6.888577715543,8,-11.0283822119
69146629.325865179,69.146629325865,-6.853370674135,8,-11.0716857585
69181836.36727345,69.181836367273,-6.818163632727,8,-11.1152247666
69217043.408681735,69.217043408682,-6.782956591318,8,-11.1590016089
69252250.450090021,69.252250450090,-6.747749549910,8,-11.2030186947
69287457.491498306,69.287457491498,-6.712542508502,8,-11.2472784714
69322664.532906577,69.322664532907,-6.677335467093,8,-11.2917834251
69357871.574314862,69.357871574315,-6.642128425685,8,-11.3365360812
69393078.615723148,69.393078615723,-6.606921384277,8,-11.3815390053
69428285.657131433,69.428285657131,-6.571714342869,8,-11.4267948044
69463492.698539704,69.463492698540,-6.536507301460,8,-11.4723061274
69498699.73994799,69.498699739948,-6.501300260052,8,-11.5180756661
69533906.781356275,69.533906781356,-6.466093218644,8,-11.5641061563
69569113.822764561,69.569113822765,-6.430886177235,8,-11.6104003785
69604320.864172831,69.604320864173,-6.395679135827,8,-11.656961159
69639527.905581117,69.639527905581,-6.360472094419,8,-11.7037913711
69674734.946989402,69.674734946989,-6.325265053011,8,-11.7508939359
69709941.988397688,69.709941988398,-6.290058011602,8,-11.7982718232
69745149.029805958,69.745149029806,-6.254850970194,8,-11.8459280532
69780356.071214244,69.780356071214,-6.219643928786,8,-11.8938656971
69815563.112622529,69.815563112623,-6.184436887377,8,-11.9420878783
69850770.1540308,69.850770154031,-6.149229845969,8,-11.990597774
69885977.195439085,69.885977195439,-6.114022804561,8,-12.0393986158
69921184.236847371,69.921184236847,-6.078815763153,8,-12.0884936916
69956391.278255656,69.956391278256,-6.043608721744,8,-12.1378863465
69991598.319663927,69.991598319664,-6.008401680336,8,-12.1875799843
70026805.361072212,70.026805361072,-5.973194638928,8,-12.2375780688
70062012.402480498,70.062012402480,-5.937987597520,8,-12.2878841251
70097219.443888783,70.097219443889,-5.902780556111,8,-12.3385017416
70132426.485297054,70.132426485297,-5.867573514703,8,-12.3894345708
70167633.52670534,70.167633526705,-5.832366473295,8,-12.4406863312
70202840.568113625,70.202840568114,-5.797159431886,8,-12.4922608089
70238047.609521911,70.238047609522,-5.761952390478,8,-12.5441618594
70273254.650930181,70.273254650930,-5.726745349070,8,-12.5963934087
70308461.692338467,70.308461692338,-5.691538307662,8,-12.648959456
70343668.733746752,70.343668733747,-5.656331266253,8,-12.7018640744
70378875.775155038,70.378875775155,-5.621124224845,8,-12.7551114138
70414082.816563308,70.414082816563,-5.585917183437,8,-12.808705702
70449289.857971594,70.449289857972,-5.550710142028,8,-12.8626512472
70484496.899379879,70.484496899380,-5.515503100620,8,-12.9169524397
70519703.940788165,70.519703940788,-5.480296059212,8,-12.9716137545
70554910.982196435,70.554910982196,-5.445089017804,8,-13.0266397528
70590118.023604721,70.590118023605,-5.409881976395,8,-13.0820350846
70625325.065013006,70.625325065013,-5.374674934987,8,-13.1378044913
70660532.106421292,70.660532106421,-5.339467893579,8,-13.1939528076
70695739.147829562,70.695739147830,-5.304260852170,8,-13.2504849641
70730946.189237848,70.730946189238,-5.269053810762,8,-13.30740599
70766153.230646133,70.766153230646,-5.233846769354,8,-13.3647210158
70801360.272054419,70.801360272054,-5.198639727946,8,-13.4224352758
70836567.31346269,70.836567313463,-5.163432686537,8,-13.480554111
70871774.354870975,70.871774354871,-5.128225645129,8,-13.5390829721
70906981.396279261,70.906981396279,-5.093018603721,8,-13.5980274224
70942188.437687546,70.942188437688,-5.057811562312,8,-13.6573931412
70977395.479095817,70.977395479096,-5.022604520904,8,-13.7171859266
71012602.520504102,71.012602520504,-4.987397479496,8,-13.7774116991
71047809.561912388,71.047809561912,-4.952190438088,8,-13.8380765053
71083016.603320658,71.083016603321,-4.916983396679,8,-13.8991865209
71118223.644728944,71.118223644729,-4.881776355271,8,-13.960748055
71153430.686137229,71.153430686137,-4.846569313863,8,-14.0227675538
71188637.727545515,71.188637727546,-4.811362272454,8,-14.0852516041
71223844.768953785,71.223844768954,-4.776155231046,8,-14.1482069383
71259051.810362071,71.259051810362,-4.740948189638,8,-14.2116404381
71294258.851770356,71.294258851770,-4.705741148230,8,-14.2755591389
71329465.893178642,71.329465893179,-4.670534106821,8,-14.339970235
71364672.934586912,71.364672934587,-4.635327065413,8,-14.4048810838
71399879.975995198,71.399879975995,-4.600120024005,8,-14.4702992111
71435087.017403483,71.435087017403,-4.564912982597,8,-14.536232316
71470294.058811769,71.470294058812,-4.529705941188,8,-14.6026882768
71505501.100220039,71.505501100220,-4.494498899780,8,-14.6696751558
71540708.141628325,71.540708141628,-4.459291858372,8,-14.737201206
71575915.18303661,71.575915183037,-4.424084816963,8,-14.8052748764
71611122.224444896,71.611122224445,-4.388877775555,8,-14.8739048185
71646329.265853167,71.646329265853,-4.353670734147,8,-14.9430998931
71681536.307261452,71.681536307261,-4.318463692739,8,-15.0128691766
71716743.348669738,71.716743348670,-4.283256651330,8,-15.0832219685
71751950.390078023,71.751950390078,-4.248049609922,8,-15.1541677987
71787157.431486294,71.787157431486,-4.212842568514,8,-15.2257164346
71822364.472894579,71.822364472895,-4.177635527105,8,-15.2978778901
71857571.514302865,71.857571514303,-4.142428485697,8,-15.3706624331
71892778.55571115,71.892778555711,-4.107221444289,8,-15.4440805943
71927985.597119421,71.927985597119,-4.072014402881,8,-15.5181431767
71963192.638527706,71.963192638528,-4.036807361472,8,-15.5928612645
71998399.679935992,71.998399679936,-4.001600320064,8,-15.6682462335
72033606.721344277,72.033606721344,-3.966393278656,8,-15.7443097609
72068813.762752548,72.068813762753,-3.931186237247,8,-15.8210638362
72104020.804160833,72.104020804161,-3.895979195839,8,-15.8985207728
72139227.845569119,72.139227845569,-3.860772154431,8,-15.9766932191
72174434.886977389,72.174434886977,-3.825565113023,8,-16.0555941715
72209641.928385675,72.209641928386,-3.790358071614,8,-16.1352369867
72244848.96979396,72.244848969794,-3.755151030206,8,-16.2156353954
72280056.011202246,72.280056011202,-3.719943988798,8,-16.2968035163
72315263.052610517,72.315263052611,-3.684736947389,8,-16.3787558711
72350470.094018802,72.350470094019,-3.649529905981,8,-16.4615073996
72385677.135427088,72.385677135427,-3.614322864573,8,-16.5450734762
72420884.176835373,72.420884176835,-3.579115823165,8,-16.6294699268
72456091.218243644,72.456091218244,-3.543908781756,8,-16.7147130466
72491298.259651929,72.491298259652,-3.508701740348,8,-16.800819619
72526505.301060215,72.526505301060,-3.473494698940,8,-16.8878069353
72561712.3424685,72.561712342468,-3.438287657531,8,-16.975692815
72596919.383876771,72.596919383877,-3.403080616123,8,-17.0644956282
72632126.425285056,72.632126425285,-3.367873574715,8,-17.1542343181
72667333.466693342,72.667333466693,-3.332666533307,8,-17.2449284248
72702540.508101627,72.702540508102,-3.297459491898,8,-17.3365981115
72737747.549509898,72.737747549510,-3.262252450490,8,-17.4292641905
72772954.590918183,72.772954590918,-3.227045409082,8,-17.5229481516
72808161.632326469,72.808161632326,-3.191838367674,8,-17.6176721919
72843368.673734754,72.843368673735,-3.156631326265,8,-17.7134592473
72878575.715143025,72.878575715143,-3.121424284857,8,-17.8103330254
72913782.75655131,72.913782756551,-3.086217243449,8,-17.9083180405
72948989.797959596,72.948989797960,-3.051010202040,8,-18.0074396508
72984196.839367881,72.984196839368,-3.015803160632,8,-18.1077240977
73019403.880776152,73.019403880776,-2.980596119224,8,-18.2091985468
73054610.922184438,73.054610922184,-2.945389077816,8,-18.3118911323
73089817.963592723,73.089817963593,-2.910182036407,8,-18.4158310035
73125025.005001009,73.125025005001,-2.874974994999,8,-18.5210483739
73160232.046409279,73.160232046409,-2.839767953591,8,-18.6275745742
73195439.087817565,73.195439087818,-2.804560912182,8,-18.7354421074
73230646.12922585,73.230646129226,-2.769353870774,8,-18.8446847088
73265853.170634121,73.265853170634,-2.734146829366,8,-18.9553374084
73301060.212042406,73.301060212042,-2.698939787958,8,-19.0674365982
73336267.253450692,73.336267253451,-2.663732746549,8,-19.1810201041
73371474.294858977,73.371474294859,-2.628525705141,8,-19.2961272618
73406681.336267248,73.406681336267,-2.593318663733,8,-19.4127989984
73441888.377675533,73.441888377676,-2.558111622324,8,-19.5310779194
73477095.419083819,73.477095419084,-2.522904580916,8,-19.6510084016
73512302.460492104,73.512302460492,-2.487697539508,8,-19.7726366932
73547509.501900375,73.547509501900,-2.452490498100,8,-19.8960110198
73582716.54330866,73.582716543309,-2.417283456691,8,-20.0211816991
73617923.584716946,73.617923584717,-2.382076415283,8,-20.148201264
73653130.626125231,73.653130626125,-2.346869373875,8,-20.2771245939
73688337.667533502,73.688337667534,-2.311662332466,8,-20.408009057
73723544.708941787,73.723544708942,-2.276455291058,8,-20.5409146632
73758751.750350073,73.758751750350,-2.241248249650,8,-20.6759042285
73793958.791758358,73.793958791758,-2.206041208242,8,-20.8130435529
73829165.833166629,73.829165833167,-2.170834166833,8,-20.9524016123
73864372.874574915,73.864372874575,-2.135627125425,8,-21.0940507666
73899579.9159832,73.899579915983,-2.100420084017,8,-21.2380669841
73934786.957391486,73.934786957391,-2.065213042609,8,-21.3845300863
73969993.998799756,73.969993998800,-2.030006001200,8,-21.5335240122
74005201.040208042,74.005201040208,-1.994798959792,8,-21.685137107
74040408.081616327,74.040408081616,-1.959591918384,8,-21.8394624357
74075615.123024613,74.075615123025,-1.924384876975,8,-21.9965981255
74110822.164432883,74.110822164433,-1.889177835567,8,-22.1566477397
74146029.205841169,74.146029205841,-1.853970794159,8,-22.3197206869
74181236.247249454,74.181236247249,-1.818763752751,8,-22.4859326691
74216443.28865774,74.216443288658,-1.783556711342,8,-22.6554061742
74251650.33006601,74.251650330066,-1.748349669934,8,-22.8282710168
74286857.371474296,74.286857371474,-1.713142628526,8,-23.0046649349
74322064.412882581,74.322064412883,-1.677935587117,8,-23.1847342479
74357271.454290867,74.357271454291,-1.642728545709,8,-23.3686345844
74392478.495699137,74.392478495699,-1.607521504301,8,-23.5565316894
74427685.537107423,74.427685537107,-1.572314462893,8,-23.7486023204
74462892.578515708,74.462892578516,-1.537107421484,8,-23.9450352452
74498099.619923979,74.498099619924,-1.501900380076,8,-24.1460323551
74533306.661332265,74.533306661332,-1.466693338668,8,-24.3518099104
74568513.70274055,74.568513702741,-1.431486297259,8,-24.5625999373
74603720.744148836,74.603720744149,-1.396279255851,8,-24.7786517983
74638927.785557106,74.638927785557,-1.361072214443,8,-25.0002339639
74674134.826965392,74.674134826965,-1.325865173035,8,-25.2276360159
74709341.868373677,74.709341868374,-1.290658131626,8,-25.4611709207
74744548.909781963,74.744548909782,-1.255451090218,8,-25.7011776168
74779755.951190233,74.779755951190,-1.220244048810,8,-25.9480239705
74814962.992598519,74.814962992599,-1.185037007401,8,-26.2021101648
74850170.034006804,74.850170034007,-1.149829965993,8,-26.4638725988
74885377.07541509,74.885377075415,-1.114622924585,8,-26.7337883944
74920584.11682336,74.920584116823,-1.079415883177,8,-27.0123806258
74955791.158231646,74.955791158232,-1.044208841768,8,-27.3002244169
74990998.199639931,74.990998199640,-1.009001800360,8,-27.5979540846
75026205.241048217,75.026205241048,-0.973794758952,8,-27.9062715516
75061412.282456487,75.061412282456,-0.938587717544,8,-28.2259563084
75096619.323864773,75.096619323865,-0.903380676135,8,-28.5578772808
75131826.365273058,75.131826365273,-0.868173634727,8,-28.9030070583
75167033.406681344,75.167033406681,-0.832966593319,8,-29.2624390683
75202240.448089615,75.202240448090,-0.797759551910,8,-29.6374084626
75237447.4894979,75.237447489498,-0.762552510502,8,-30.02931772
75272654.530906186,75.272654530906,-0.727345469094,8,-30.4397683059
75307861.572314471,75.307861572314,-0.692138427686,8,-30.870600192
75343068.613722742,75.343068613723,-0.656931386277,8,-31.3239417031
75378275.655131027,75.378275655131,-0.621724344869,8,-31.802273107
75413482.696539313,75.413482696539,-0.586517303461,8,-32.3085087608
75448689.737947598,75.448689737948,-0.551310262052,8,-32.8461047191
75483896.779355869,75.483896779356,-0.516103220644,8,-33.4192019012
75519103.820764154,75.519103820764,-0.480896179236,8,-34.0328199233
75554310.86217244,75.554310862172,-0.445689137828,8,-34.6931247622
75589517.90358071,75.589517903581,-0.410482096419,8,-35.4078067985
75624724.944988996,75.624724944989,-0.375275055011,8,-36.1866288141
75659931.986397281,75.659931986397,-0.340068013603,8,-37.0422447677
75695139.027805567,75.695139027806,-0.304860972194,8,-37.9914676881
75730346.069213837,75.730346069214,-0.269653930786,8,-39.0573191496
75765553.110622123,75.765553110622,-0.234446889378,8,-40.2725208578
75800760.152030408,75.800760152030,-0.199239847970,8,-41.6858485532
75835967.193438694,75.835967193439,-0.164032806561,8,-43.3747266367
75871174.234846964,75.871174234847,-0.128825765153,8,-45.4732608323
75906381.27625525,75.906381276255,-0.093618723745,8,-48.2460417454
75941588.317663535,75.941588317664,-0.058411682336,8,-52.3432885377
75976795.359071821,75.976795359072,-0.023204640928,8,-60.3617786742
76012002.400480092,76.012002400480,0.012002400480,8,-66.0879124755
76047209.441888377,76.047209441888,0.047209441888,8,-54.1927025805
76082416.483296663,76.082416483297,0.082416483297,8,-49.3530096082
76117623.524704948,76.117623524705,0.117623524705,8,-46.2634248288
76152830.566113219,76.152830566113,0.152830566113,8,-43.9891277325
76188037.607521504,76.188037607522,0.188037607522,8,-42.1884675181
76223244.64892979,76.223244648930,0.223244648930,8,-40.6977765166
76258451.690338075,76.258451690338,0.258451690338,8,-39.4258520863
76293658.731746346,76.293658731746,0.293658731746,8,-38.3166293313
76328865.773154631,76.328865773155,0.328865773155,8,-37.3331683946
76364072.814562917,76.364072814563,0.364072814563,8,-36.4498372474
76399279.855971202,76.399279855971,0.399279855971,8,-35.6481207491
76434486.897379473,76.434486897379,0.434486897379,8,-34.9142076835
76469693.938787758,76.469693938788,0.469693938788,8,-34.2375209967
76504900.980196044,76.504900980196,0.504900980196,8,-33.6097807159
76540108.021604329,76.540108021604,0.540108021604,8,-33.0243834562
76575315.0630126,76.575315063013,0.575315063013,8,-32.4759782501
76610522.104420885,76.610522104421,0.610522104421,8,-31.9601685766
76645729.145829171,76.645729145829,0.645729145829,8,-31.4732980523
76680936.187237442,76.680936187237,0.680936187237,8,-31.0122930893
76716143.228645727,76.716143228646,0.716143228646,8,-30.5745452622
76751350.270054013,76.751350270054,0.751350270054,8,-30.1578219341
76786557.311462298,76.786557311462,0.786557311462,8,-29.7601973672
76821764.352870569,76.821764352871,0.821764352871,8,-29.37999893
76856971.394278854,76.856971394279,0.856971394279,8,-29.0157645971
76892178.43568714,76.892178435687,0.892178435687,8,-28.6662090116
76927385.477095425,76.927385477095,0.927385477095,8,-28.3301961197
76962592.518503696,76.962592518504,0.962592518504,8,-28.0067169059
76997799.559911981,76.997799559912,0.997799559912,8,-27.6948711311
77033006.601320267,77.033006601320,1.033006601320,8,-27.3938522378
77068213.642728552,77.068213642729,1.068213642729,8,-27.1029347861
77103420.684136823,77.103420684137,1.103420684137,8,-26.8214639282
77138627.725545108,77.138627725545,1.138627725545,8,-26.5488465366
77173834.766953394,77.173834766953,1.173834766953,8,-26.284543683
77209041.808361679,77.209041808362,1.209041808362,8,-26.0280642299
77244248.84976995,77.244248849770,1.244248849770,8,-25.7789593416
77279455.891178235,77.279455891178,1.279455891178,8,-25.5368177617
77314662.932586521,77.314662932587,1.314662932587,8,-25.3012617314
77349869.973994806,77.349869973995,1.349869973995,8,-25.0719434477
77385077.015403077,77.385077015403,1.385077015403,8,-24.8485419776
77420284.056811363,77.420284056811,1.420284056811,8,-24.6307605592
77455491.098219648,77.455491098220,1.455491098220,8,-24.4183242342
77490698.139627934,77.490698139628,1.490698139628,8,-24.2109777628
77525905.181036204,77.525905181036,1.525905181036,8,-24.008483782
77561112.22244449,77.561112222444,1.561112222444,8,-23.8106211744
77596319.263852775,77.596319263853,1.596319263853,8,-23.6171836187
77631526.305261061,77.631526305261,1.631526305261,8,-23.4279782981
77666733.346669331,77.666733346669,1.666733346669,8,-23.2428247471
77701940.388077617,77.701940388078,1.701940388078,8,-23.0615538185
77737147.429485902,77.737147429486,1.737147429486,8,-22.8840067564
77772354.470894173,77.772354470894,1.772354470894,8,-22.7100343619
77807561.512302458,77.807561512302,1.807561512302,8,-22.5394962411
77842768.553710744,77.842768553711,1.842768553711,8,-22.3722601259
77877975.595119029,77.877975595119,1.877975595119,8,-22.2082012583
77913182.6365273,77.913182636527,1.913182636527,8,-22.0472018328
77948389.677935585,77.948389677936,1.948389677936,8,-21.8891504889
77983596.719343871,77.983596719344,1.983596719344,8,-21.7339418497
78018803.760752156,78.018803760752,2.018803760752,8,-21.5814761004
78054010.802160427,78.054010802160,2.054010802160,8,-21.4316586038
78089217.843568712,78.089217843569,2.089217843569,8,-21.2843995485
78124424.884976998,78.124424884977,2.124424884977,8,-21.1396136258
78159631.926385283,78.159631926385,2.159631926385,8,-20.997219734
78194838.967793554,78.194838967794,2.194838967794,8,-20.8571407061
78230046.00920184,78.230046009202,2.230046009202,8,-20.7193030594
78265253.050610125,78.265253050610,2.265253050610,8,-20.5836367647
78300460.092018411,78.300460092018,2.300460092018,8,-20.4500750328
78335667.133426681,78.335667133427,2.335667133427,8,-20.3185541183
78370874.174834967,78.370874174835,2.370874174835,8,-20.189013137
78406081.216243252,78.406081216243,2.406081216243,8,-20.0613938973
78441288.257651538,78.441288257652,2.441288257652,8,-19.9356407436
78476495.299059808,78.476495299060,2.476495299060,8,-19.8117004113
78511702.340468094,78.511702340468,2.511702340468,8,-19.6895218915
78546909.381876379,78.546909381876,2.546909381876,8,-19.5690563058
78582116.423284665,78.582116423285,2.582116423285,8,-19.4502567888
78617323.464692935,78.617323464693,2.617323464693,8,-19.3330783794
78652530.506101221,78.652530506101,2.652530506101,8,-19.2174779187
78687737.547509506,78.687737547509,2.687737547510,8,-19.1034139555
78722944.588917792,78.722944588918,2.722944588918,8,-18.9908466566
78758151.630326062,78.758151630326,2.758151630326,8,-18.8797377245
78793358.671734348,78.793358671734,2.793358671734,8,-18.7700503188
78828565.713142633,78.828565713143,2.828565713143,8,-18.6617489836
78863772.754550904,78.863772754551,2.863772754551,8,-18.5547995787
78898979.79595919,78.898979795959,2.898979795959,8,-18.4491692156
78934186.837367475,78.934186837367,2.934186837367,8,-18.3448261969
78969393.878775761,78.969393878776,2.969393878776,8,-18.2417399593
79004600.920184031,79.004600920184,3.004600920184,8,-18.1398810205
79039807.961592317,79.039807961592,3.039807961592,8,-18.0392209285
79075015.003000602,79.075015003001,3.075015003001,8,-17.9397322143
79110222.044408888,79.110222044409,3.110222044409,8,-17.8413883472
79145429.085817158,79.145429085817,3.145429085817,8,-17.7441636923
79180636.127225444,79.180636127225,3.180636127225,8,-17.6480334708
79215843.168633729,79.215843168634,3.215843168634,8,-17.5529737224
79251050.210042015,79.251050210042,3.251050210042,8,-17.4589612693
79286257.251450285,79.286257251450,3.286257251450,8,-17.3659736829
79321464.292858571,79.321464292859,3.321464292859,8,-17.2739892515
79356671.334266856,79.356671334267,3.356671334267,8,-17.1829869505
79391878.375675142,79.391878375675,3.391878375675,8,-17.0929464131
79427085.417083412,79.427085417083,3.427085417083,8,-17.0038479037
79462292.458491698,79.462292458492,3.462292458492,8,-16.9156722918
79497499.499899983,79.497499499900,3.497499499900,8,-16.8284010277
79532706.541308269,79.532706541308,3.532706541308,8,-16.742016119
79567913.58271654,79.567913582717,3.567913582717,8,-16.6565001085
79603120.624124825,79.603120624125,3.603120624125,8,-16.5718360537
79638327.66553311,79.638327665533,3.638327665533,8,-16.4880075058
79673534.706941396,79.673534706941,3.673534706941,8,-16.4049984918
79708741.748349667,79.708741748350,3.708741748350,8,-16.3227934954
79743948.789757952,79.743948789758,3.743948789758,8,-16.2413774403
79779155.831166238,79.779155831166,3.779155831166,8,-16.1607356735
79814362.872574523,79.814362872575,3.814362872575,8,-16.0808539498
79849569.913982794,79.849569913983,3.849569913983,8,-16.0017184165
79884776.955391079,79.884776955391,3.884776955391,8,-15.9233155994
79919983.996799365,79.919983996799,3.919983996799,8,-15.845632389
79955191.03820765,79.955191038208,3.955191038208,8,-15.7686560274
79990398.079615921,79.990398079616,3.990398079616,8,-15.6923740959
80025605.121024206,80.025605121024,4.025605121024,8,-15.6167745033
80060812.162432492,80.060812162432,4.060812162432,8,-15.5418454741
80096019.203840762,80.096019203841,4.096019203841,8,-15.4675755378
80131226.245249048,80.131226245249,4.131226245249,8,-15.3939535185
80166433.286657333,80.166433286657,4.166433286657,8,-15.3209685248
80201640.328065619,80.201640328066,4.201640328066,8,-15.2486099404
80236847.369473889,80.236847369474,4.236847369474,8,-15.1768674145
80272054.410882175,80.272054410882,4.272054410882,8,-15.1057308536
80307261.45229046,80.307261452290,4.307261452290,8,-15.0351904126
80342468.493698746,80.342468493699,4.342468493699,8,-14.9652364868
80377675.535107017,80.377675535107,4.377675535107,8,-14.8958597044
80412882.576515302,80.412882576515,4.412882576515,8,-14.8270509187
80448089.617923588,80.448089617924,4.448089617924,8,-14.7588012011
80483296.659331873,80.483296659332,4.483296659332,8,-14.6911018341
80518503.700740144,80.518503700740,4.518503700740,8,-14.623944305
80553710.742148429,80.553710742148,4.553710742148,8,-14.5573202992
80588917.783556715,80.588917783557,4.588917783557,8,-14.4912216943
80624124.824965,80.624124824965,4.624124824965,8,-14.425640554
80659331.866373271,80.659331866373,4.659331866373,8,-14.3605691229
80694538.907781556,80.694538907782,4.694538907782,8,-14.2959998206
80729745.949189842,80.729745949190,4.729745949190,8,-14.2319252366
80764952.990598127,80.764952990598,4.764952990598,8,-14.1683381253
80800160.032006398,80.800160032006,4.800160032006,8,-14.1052314012
80835367.073414683,80.835367073415,4.835367073415,8,-14.0425981342
80870574.114822969,80.870574114823,4.870574114823,8,-13.9804315449
80905781.156231254,80.905781156231,4.905781156231,8,-13.9187250006
80940988.197639525,80.940988197640,4.940988197640,8,-13.8574720108
80976195.23904781,80.976195239048,4.976195239048,8,-13.7966662232
81011402.280456096,81.011402280456,5.011402280456,8,-13.7363014202
81046609.321864381,81.046609321864,5.046609321864,8,-13.6763715143
81081816.363272652,81.081816363273,5.081816363273,8,-13.6168705454
81117023.404680938,81.117023404681,5.117023404681,8,-13.5577926767
81152230.446089223,81.152230446089,5.152230446089,8,-13.4991321916
81187437.487497494,81.187437487497,5.187437487497,8,-13.4408834902
81222644.528905779,81.222644528906,5.222644528906,8,-13.3830410863
81257851.570314065,81.257851570314,5.257851570314,8,-13.3255996042
81293058.61172235,81.293058611722,5.293058611722,8,-13.268553776
81328265.653130621,81.328265653131,5.328265653131,8,-13.2118984387
81363472.694538906,81.363472694539,5.363472694539,8,-13.1556285309
81398679.735947192,81.398679735947,5.398679735947,8,-13.099739091
81433886.777355477,81.433886777355,5.433886777355,8,-13.044225254
81469093.818763748,81.469093818764,5.469093818764,8,-12.9890822492
81504300.860172033,81.504300860172,5.504300860172,8,-12.9343053978
81539507.901580319,81.539507901580,5.539507901580,8,-12.8798901103
81574714.942988604,81.574714942989,5.574714942989,8,-12.8258318848
81609921.984396875,81.609921984397,5.609921984397,8,-12.7721263042
81645129.02580516,81.645129025805,5.645129025805,8,-12.7187690344
81680336.067213446,81.680336067213,5.680336067213,8,-12.6657558223
81715543.108621731,81.715543108622,5.715543108622,8,-12.6130824933
81750750.150030002,81.750750150030,5.750750150030,8,-12.56074495
81785957.191438287,81.785957191438,5.785957191438,8,-12.5087391701
81821164.232846573,81.821164232847,5.821164232847,8,-12.4570612044
81856371.274254858,81.856371274255,5.856371274255,8,-12.4057071752
81891578.315663129,81.891578315663,5.891578315663,8,-12.3546732745
81926785.357071415,81.926785357071,5.926785357071,8,-12.3039557623
81961992.3984797,81.961992398480,5.961992398480,8,-12.2535509655
81997199.439887986,81.997199439888,5.997199439888,8,-12.2034552753
82032406.481296256,82.032406481296,6.032406481296,8,-12.1536651467
82067613.522704542,82.067613522705,6.067613522705,8,-12.1041770966
82102820.564112827,82.102820564113,6.102820564113,8,-12.0549877021
82138027.605521113,82.138027605521,6.138027605521,8,-12.0060935997
82173234.646929383,82.173234646929,6.173234646929,8,-11.9574914835
82208441.688337669,82.208441688338,6.208441688338,8,-11.909178104
82243648.729745954,82.243648729746,6.243648729746,8,-11.8611502668
82278855.771154225,82.278855771154,6.278855771154,8,-11.8134048317
82314062.81256251,82.314062812563,6.314062812563,8,-11.7659387107
82349269.853970796,82.349269853971,6.349269853971,8,-11.7187488679
82384476.895379081,82.384476895379,6.384476895379,8,-11.6718323173
82419683.936787352,82.419683936787,6.419683936787,8,-11.6251861224
82454890.978195637,82.454890978196,6.454890978196,8,-11.578807395
82490098.019603923,82.490098019604,6.490098019604,8,-11.5326932939
82525305.061012208,82.525305061012,6.525305061012,8,-11.486841024
82560512.102420479,82.560512102420,6.560512102420,8,-11.4412478355
82595719.143828765,82.595719143829,6.595719143829,8,-11.3959110227
82630926.18523705,82.630926185237,6.630926185237,8,-11.3508279231
82666133.226645336,82.666133226645,6.666133226645,8,-11.3059959166
82701340.268053606,82.701340268054,6.701340268054,8,-11.2614124243
82736547.309461892,82.736547309462,6.736547309462,8,-11.2170749083
82771754.350870177,82.771754350870,6.771754350870,8,-11.1729808699
82806961.392278463,82.806961392278,6.806961392278,8,-11.1291278497
82842168.433686733,82.842168433687,6.842168433687,8,-11.0855134261
82877375.475095019,82.877375475095,6.877375475095,8,-11.0421352151
82912582.516503304,82.912582516503,6.912582516503,8,-10.9989908689
82947789.55791159,82.947789557912,6.947789557912,8,-10.9560780758
82982996.59931986,82.982996599320,6.982996599320,8,-10.9133945589
83018203.640728146,83.018203640728,7.018203640728,8,-10.870938076
83053410.682136431,83.053410682136,7.053410682136,8,-10.8287064183
83088617.723544717,83.088617723545,7.088617723545,8,-10.7866974102
83123824.764952987,83.123824764953,7.123824764953,8,-10.7449089083
83159031.806361273,83.159031806361,7.159031806361,8,-10.703338801
83194238.847769558,83.194238847770,7.194238847770,8,-10.6619850079
83229445.889177844,83.229445889178,7.229445889178,8,-10.620845479
83264652.930586115,83.264652930586,7.264652930586,8,-10.579918194
83299859.9719944,83.299859971994,7.299859971994,8,-10.5392011623
83335067.013402686,83.335067013403,7.335067013403,8,-10.4986924218
83370274.054810971,83.370274054811,7.370274054811,8,-10.4583900387
83405481.096219242,83.405481096219,7.405481096219,8,-10.4182921068
83440688.137627527,83.440688137628,7.440688137628,8,-10.3783967472
83475895.179035813,83.475895179036,7.475895179036,8,-10.3387021074
83511102.220444083,83.511102220444,7.511102220444,8,-10.2992063612
83546309.261852369,83.546309261852,7.546309261852,8,-10.2599077079
83581516.303260654,83.581516303261,7.581516303261,8,-10.2208043723
83616723.34466894,83.616723344669,7.616723344669,8,-10.1818946034
83651930.38607721,83.651930386077,7.651930386077,8,-10.1431766749
83687137.427485496,83.687137427485,7.687137427485,8,-10.104648884
83722344.468893781,83.722344468894,7.722344468894,8,-10.0663095514
83757551.510302067,83.757551510302,7.757551510302,8,-10.0281570206
83792758.551710337,83.792758551710,7.792758551710,8,-9.99018965789
83827965.593118623,83.827965593119,7.827965593119,8,-9.9524058514
83863172.634526908,83.863172634527,7.863172634527,8,-9.91480401113
83898379.675935194,83.898379675935,7.898379675935,8,-9.87738256836
83933586.717343464,83.933586717343,7.933586717343,8,-9.84013997534
83968793.75875175,83.968793758752,7.968793758752,8,-9.80307470492
84004000.800160035,84.004000800160,8.004000800160,8,-9.76618525012
84039207.841568321,84.039207841568,8.039207841568,8,-9.72947012387
84074414.882976592,84.074414882977,8.074414882977,8,-9.6929278586
84109621.924384877,84.109621924385,8.109621924385,8,-9.65655700591
84144828.965793163,84.144828965793,8.144828965793,8,-9.62035613625
84180036.007201448,84.180036007201,8.180036007201,8,-9.58432383859
84215243.048609719,84.215243048610,8.215243048610,8,-9.54845872011
84250450.090018004,84.250450090018,8.250450090018,8,-9.51275940588
84285657.13142629,84.285657131426,8.285657131426,8,-9.47722453854
84320864.172834575,84.320864172835,8.320864172835,8,-9.44185277803
84356071.214242846,84.356071214243,8.356071214243,8,-9.40664280129
84391278.255651131,84.391278255651,8.391278255651,8,-9.37159330196
84426485.297059417,84.426485297059,8.426485297059,8,-9.33670299013
84461692.338467702,84.461692338468,8.461692338468,8,-9.30197059201
84496899.379875973,84.496899379876,8.496899379876,8,-9.26739484974
84532106.421284258,84.532106421284,8.532106421284,8,-9.23297452106
84567313.462692544,84.567313462693,8.567313462693,8,-9.19870837908
84602520.504100814,84.602520504101,8.602520504101,8,-9.16459521205
84637727.5455091,84.637727545509,8.637727545509,8,-9.13063382305
84672934.586917385,84.672934586917,8.672934586917,8,-9.09682302982
84708141.628325671,84.708141628326,8.708141628326,8,-9.06316166448
84743348.669733942,84.743348669734,8.743348669734,8,-9.02964857331
84778555.711142227,84.778555711142,8.778555711142,8,-8.99628261651
84813762.752550513,84.813762752551,8.813762752551,8,-8.96306266802
84848969.793958798,84.848969793959,8.848969793959,8,-8.92998761523
84884176.835367069,84.884176835367,8.884176835367,8,-8.89705635883
84919383.876775354,84.919383876775,8.919383876775,8,-8.86426781256
84954590.91818364,84.954590918184,8.954590918184,8,-8.83162090305
84989797.959591925,84.989797959592,8.989797959592,8,-8.79911456954
85025005.001000196,85.025005001000,9.025005001000,8,-8.76674776379
85060212.042408481,85.060212042408,9.060212042408,8,-8.73451944976
85095419.083816767,85.095419083817,9.095419083817,8,-8.70242860355
85130626.125225052,85.130626125225,9.130626125225,8,-8.6704742131
85165833.166633323,85.165833166633,9.165833166633,8,-8.63865527809
85201040.208041608,85.201040208042,9.201040208042,8,-8.6069708097
85236247.249449894,85.236247249450,9.236247249450,8,-8.57541983049
85271454.290858179,85.271454290858,9.271454290858,8,-8.54400137417
85306661.33226645,85.306661332266,9.306661332266,8,-8.51271448548
85341868.373674735,85.341868373675,9.341868373675,8,-8.48155822
85377075.415083021,85.377075415083,9.377075415083,8,-8.45053164398
85412282.456491306,85.412282456491,9.412282456491,8,-8.4196338342
85447489.497899577,85.447489497900,9.447489497900,8,-8.38886387779
85482696.539307863,85.482696539308,9.482696539308,8,-8.35822087211
85517903.580716148,85.517903580716,9.517903580716,8,-8.32770392456
85553110.622124434,85.553110622124,9.553110622124,8,-8.29731215246
85588317.663532704,85.588317663533,9.588317663533,8,-8.26704468287
85623524.70494099,85.623524704941,9.623524704941,8,-8.23690065252
85658731.746349275,85.658731746349,9.658731746349,8,-8.20687920756
85693938.787757546,85.693938787758,9.693938787758,8,-8.17697950352
85729145.829165831,85.729145829166,9.729145829166,8,-8.14720070514
85764352.870574117,85.764352870574,9.764352870574,8,-8.1175419862
85799559.911982402,85.799559911982,9.799559911982,8,-8.08800252947
85834766.953390673,85.834766953391,9.834766953391,8,-8.05858152649
85869973.994798958,85.869973994799,9.869973994799,8,-8.02927817751
85905181.036207244,85.905181036207,9.905181036207,8,-8.00009169135
85940388.077615529,85.940388077616,9.940388077616,8,-7.97102128528
85975595.1190238,85.975595119024,9.975595119024,8,-7.94206618486
86010802.160432085,86.010802160432,10.010802160432,8,-7.9132256239
86046009.201840371,86.046009201840,10.046009201840,8,-7.88449884428
86081216.243248656,86.081216243249,10.081216243249,8,-7.85588509585
86116423.284656927,86.116423284657,10.116423284657,8,-7.82738363636
86151630.326065212,86.151630326065,10.151630326065,8,-7.79899373128
86186837.367473498,86.186837367474,10.186837367473,8,-7.77071465376
86222044.408881783,86.222044408882,10.222044408882,8,-7.74254568448
86257251.450290054,86.257251450290,10.257251450290,8,-7.71448611158
86292458.49169834,86.292458491698,10.292458491698,8,-7.68653523053
86327665.533106625,86.327665533107,10.327665533107,8,-7.65869234402
86362872.574514911,86.362872574515,10.362872574515,8,-7.63095676192
86398079.615923181,86.398079615923,10.398079615923,8,-7.60332780111
86433286.657331467,86.433286657331,10.433286657331,8,-7.57580478545
86468493.698739752,86.468493698740,10.468493698740,8,-7.54838704563
86503700.740148038,86.503700740148,10.503700740148,8,-7.52107391912
86538907.781556308,86.538907781556,10.538907781556,8,-7.49386475006
86574114.822964594,86.574114822965,10.574114822965,8,-7.46675888917
86609321.864372879,86.609321864373,10.609321864373,8,-7.43975569368
86644528.905781165,86.644528905781,10.644528905781,8,-7.41285452722
86679735.947189435,86.679735947189,10.679735947189,8,-7.38605475974
86714942.988597721,86.714942988598,10.714942988598,8,-7.35935576745
86750150.030006006,86.750150030006,10.750150030006,8,-7.33275693271
86785357.071414277,86.785357071414,10.785357071414,8,-7.30625764397
86820564.112822562,86.820564112823,10.820564112823,8,-7.27985729567
86855771.154230848,86.855771154231,10.855771154231,8,-7.25355528819
86890978.195639133,86.890978195639,10.890978195639,8,-7.22735102775
86926185.237047404,86.926185237047,10.926185237047,8,-7.20124392633
86961392.27845569,86.961392278456,10.961392278456,8,-7.17523340163
86996599.319863975,86.996599319864,10.996599319864,8,-7.14931887696
87031806.361272261,87.031806361272,11.031806361272,8,-7.12349978119
87067013.402680531,87.067013402681,11.067013402681,8,-7.09777554865
87102220.444088817,87.102220444089,11.102220444089,8,-7.07214561913
87137427.485497102,87.137427485497,11.137427485497,8,-7.04660943771
87172634.526905388,87.172634526905,11.172634526905,8,-7.02116645479
87207841.568313658,87.207841568314,11.207841568314,8,-6.99581612596
87243048.609721944,87.243048609722,11.243048609722,8,-6.97055791195
87278255.651130229,87.278255651130,11.278255651130,8,-6.94539127859
87313462.692538515,87.313462692539,11.313462692539,8,-6.92031569672
87348669.733946785,87.348669733947,11.348669733947,8,-6.89533064212
87383876.775355071,87.383876775355,11.383876775355,8,-6.87043559548
87419083.816763356,87.419083816763,11.419083816763,8,-6.84563004233
87454290.858171642,87.454290858172,11.454290858172,8,-6.82091347296
87489497.899579912,87.489497899580,11.489497899580,8,-6.79628538239
87524704.940988198,87.524704940988,11.524704940988,8,-6.77174527027
87559911.982396483,87.559911982396,11.559911982396,8,-6.74729264088
87595119.023804769,87.595119023805,11.595119023805,8,-6.72292700305
87630326.06521304,87.630326065213,11.630326065213,8,-6.69864787007
87665533.106621325,87.665533106621,11.665533106621,8,-6.67445475969
87700740.148029611,87.700740148030,11.700740148030,8,-6.65034719403
87735947.189437896,87.735947189438,11.735947189438,8,-6.62632469956
87771154.230846167,87.771154230846,11.771154230846,8,-6.602386807
87806361.272254452,87.806361272254,11.806361272254,8,-6.57853305133
87841568.313662738,87.841568313663,11.841568313663,8,-6.55476297167
87876775.355071008,87.876775355071,11.876775355071,8,-6.53107611131
87911982.396479294,87.911982396479,11.911982396479,8,-6.50747201758
87947189.437887579,87.947189437888,11.947189437888,8,-6.48395024186
87982396.479295865,87.982396479296,11.982396479296,8,-6.46051033952
88017603.520704135,88.017603520704,12.017603520704,8,-6.43715186986
88052810.562112421,88.052810562112,12.052810562112,8,-6.41387439605
88088017.603520706,88.088017603521,12.088017603521,8,-6.39067748515
88123224.644928992,88.123224644929,12.123224644929,8,-6.36756070797
88158431.686337262,88.158431686337,12.158431686337,8,-6.34452363913
88193638.727745548,88.193638727746,12.193638727746,8,-6.32156585691
88228845.769153833,88.228845769154,12.228845769154,8,-6.29868694331
88264052.810562119,88.264052810562,12.264052810562,8,-6.27588648391
88299259.851970389,88.299259851970,12.299259851970,8,-6.25316406793
88334466.893378675,88.334466893379,12.334466893379,8,-6.23051928809
88369673.93478696,88.369673934787,12.369673934787,8,-6.20795174064
88404880.976195246,88.404880976195,12.404880976195,8,-6.1854610253
88440088.017603517,88.440088017604,12.440088017604,8,-6.1630467452
88475295.059011802,88.475295059012,12.475295059012,8,-6.14070850686
88510502.100420088,88.510502100420,12.510502100420,8,-6.11844592017
88545709.141828373,88.545709141828,12.545709141828,8,-6.0962585983
88580916.183236644,88.580916183237,12.580916183237,8,-6.07414615774
88616123.224644929,88.616123224645,12.616123224645,8,-6.05210821817
88651330.266053215,88.651330266053,12.651330266053,8,-6.03014440252
88686537.3074615,88.686537307462,12.686537307461,8,-6.00825433684
88721744.348869771,88.721744348870,12.721744348870,8,-5.98643765034
88756951.390278056,88.756951390278,12.756951390278,8,-5.96469397534
88792158.431686342,88.792158431686,12.792158431686,8,-5.9430229472
88827365.473094627,88.827365473095,12.827365473095,8,-5.92142420431
88862572.514502898,88.862572514503,12.862572514503,8,-5.89989738807
88897779.555911183,88.897779555911,12.897779555911,8,-5.87844214285
88932986.597319469,88.932986597319,12.932986597319,8,-5.85705811593
88968193.638727754,88.968193638728,12.968193638728,8,-5.8357449575
89003400.680136025,89.003400680136,13.003400680136,8,-5.81450232062
89038607.72154431,89.038607721544,13.038607721544,8,-5.79332986121
89073814.762952596,89.073814762953,13.073814762953,8,-5.77222723795
89109021.804360867,89.109021804361,13.109021804361,8,-5.75119411233
89144228.845769152,89.144228845769,13.144228845769,8,-5.7302301486
89179435.887177438,89.179435887177,13.179435887177,8,-5.70933501368
89214642.928585723,89.214642928586,13.214642928586,8,-5.68850837724
89249849.969993994,89.249849969994,13.249849969994,8,-5.66774991155
89285057.011402279,89.285057011402,13.285057011402,8,-5.64705929157
89320264.052810565,89.320264052811,13.320264052811,8,-5.62643619482
89355471.09421885,89.355471094219,13.355471094219,8,-5.60588030142
89390678.135627121,89.390678135627,13.390678135627,8,-5.58539129403
89425885.177035406,89.425885177035,13.425885177035,8,-5.56496885785
89461092.218443692,89.461092218444,13.461092218444,8,-5.54461268056
89496299.259851977,89.496299259852,13.496299259852,8,-5.52432245232
89531506.301260248,89.531506301260,13.531506301260,8,-5.50409786573
89566713.342668533,89.566713342669,13.566713342669,8,-5.48393861583
89601920.384076819,89.601920384077,13.601920384077,8,-5.46384440001
89637127.425485104,89.637127425485,13.637127425485,8,-5.44381491809
89672334.466893375,89.672334466893,13.672334466893,8,-5.42384987218
89707541.50830166,89.707541508302,13.707541508302,8,-5.40394896676
89742748.549709946,89.742748549710,13.742748549710,8,-5.38411190858
89777955.591118231,89.777955591118,13.777955591118,8,-5.36433840666
89813162.632526502,89.813162632526,13.813162632527,8,-5.3446281723
89848369.673934788,89.848369673935,13.848369673935,8,-5.32498091901
89883576.715343073,89.883576715343,13.883576715343,8,-5.3053963625
89918783.756751359,89.918783756751,13.918783756751,8,-5.28587422069
89953990.798159629,89.953990798160,13.953990798160,8,-5.26641421363
89989197.839567915,89.989197839568,13.989197839568,8,-5.24701606353
90024404.8809762,90.024404880976,14.024404880976,8,-5.22767949472
90059611.922384486,90.059611922384,14.059611922384,8,-5.20840423362
90094818.963792756,90.094818963793,14.094818963793,8,-5.18919000874
90130026.005201042,90.130026005201,14.130026005201,8,-5.17003655062
90165233.046609327,90.165233046609,14.165233046609,8,-5.15094359187
90200440.088017598,90.200440088018,14.200440088018,8,-5.13191086708
90235647.129425883,90.235647129426,14.235647129426,8,-5.11293811287
90270854.170834169,90.270854170834,14.270854170834,8,-5.09402506782
90306061.212242454,90.306061212242,14.306061212242,8,-5.07517147245
90341268.253650725,90.341268253651,14.341268253651,8,-5.05637706926
90376475.29505901,90.376475295059,14.376475295059,8,-5.03764160263
90411682.336467296,90.411682336467,14.411682336467,8,-5.01896481885
90446889.377875581,90.446889377876,14.446889377876,8,-5.00034646611
90482096.419283852,90.482096419284,14.482096419284,8,-4.98178629445
90517303.460692137,90.517303460692,14.517303460692,8,-4.96328405574
90552510.502100423,90.552510502100,14.552510502100,8,-4.9448395037
90587717.543508708,90.587717543509,14.587717543509,8,-4.92645239385
90622924.584916979,90.622924584917,14.622924584917,8,-4.90812248351
90658131.626325265,90.658131626325,14.658131626325,8,-4.88984953177
90693338.66773355,90.693338667734,14.693338667734,8,-4.87163329947
90728545.709141836,90.728545709142,14.728545709142,8,-4.85347354922
90763752.750550106,90.763752750550,14.763752750550,8,-4.83537004532
90798959.791958392,90.798959791958,14.798959791958,8,-4.8173225538
90834166.833366677,90.834166833367,14.834166833367,8,-4.79933084238
90869373.874774963,90.869373874775,14.869373874775,8,-4.78139468045
90904580.916183233,90.904580916183,14.904580916183,8,-4.76351383907
90939787.957591519,90.939787957592,14.939787957592,8,-4.74568809094
90974994.998999804,90.974994999000,14.974994999000,8,-4.72791721039
91010202.04040809,91.010202040408,15.010202040408,8,-4.71020097337
91045409.08181636,91.045409081816,15.045409081816,8,-4.69253915741
91080616.123224646,91.080616123225,15.080616123225,8,-4.67493154166
91115823.164632931,91.115823164633,15.115823164633,8,-4.6573779068
91151030.206041217,91.151030206041,15.151030206041,8,-4.6398780351
91186237.247449487,91.186237247449,15.186237247449,8,-4.62243171036
91221444.288857773,91.221444288858,15.221444288858,8,-4.60503871789
91256651.330266058,91.256651330266,15.256651330266,8,-4.58769884454
91291858.371674329,91.291858371674,15.291858371674,8,-4.57041187864
91327065.413082615,91.327065413083,15.327065413083,8,-4.55317761
91362272.4544909,91.362272454491,15.362272454491,8,-4.53599582994
91397479.495899186,91.397479495899,15.397479495899,8,-4.51886633119
91432686.537307456,91.432686537307,15.432686537307,8,-4.50178890795
91467893.578715742,91.467893578716,15.467893578716,8,-4.48476335585
91503100.620124027,91.503100620124,15.503100620124,8,-4.46778947195
91538307.661532313,91.538307661532,15.538307661532,8,-4.45086705469
91573514.702940583,91.573514702941,15.573514702941,8,-4.43399590392
91608721.744348869,91.608721744349,15.608721744349,8,-4.41717582088
91643928.785757154,91.643928785757,15.643928785757,8,-4.40040660815
91679135.82716544,91.679135827165,15.679135827165,8,-4.38368806971
91714342.86857371,91.714342868574,15.714342868574,8,-4.36702001083
91749549.909981996,91.749549909982,15.749549909982,8,-4.35040223817
91784756.951390281,91.784756951390,15.784756951390,8,-4.33383455966
91819963.992798567,91.819963992799,15.819963992799,8,-4.31731678458
91855171.034206837,91.855171034207,15.855171034207,8,-4.30084872348
91890378.075615123,91.890378075615,15.890378075615,8,-4.2844301882
91925585.117023408,91.925585117023,15.925585117023,8,-4.26806099187
91960792.158431694,91.960792158432,15.960792158432,8,-4.25174094888
91995999.199839965,91.995999199840,15.995999199840,8,-4.23546987485
92031206.24124825,92.031206241248,16.031206241248,8,-4.21924758666
92066413.282656536,92.066413282657,16.066413282657,8,-4.20307390243
92101620.324064821,92.101620324065,16.101620324065,8,-4.18694864148
92136827.365473092,92.136827365473,16.136827365473,8,-4.17087162435
92172034.406881377,92.172034406881,16.172034406881,8,-4.15484267278
92207241.448289663,92.207241448290,16.207241448290,8,-4.13886160969
92242448.489697948,92.242448489698,16.242448489698,8,-4.12292825919
92277655.531106219,92.277655531106,16.277655531106,8,-4.10704244655
92312862.572514504,92.312862572515,16.312862572515,8,-4.09120399821
92348069.61392279,92.348069613923,16.348069613923,8,-4.07541274173
92383276.655331075,92.383276655331,16.383276655331,8,-4.05966850585
92418483.696739346,92.418483696739,16.418483696739,8,-4.0439711204
92453690.738147631,92.453690738148,16.453690738148,8,-4.02832041636
92488897.779555917,92.488897779556,16.488897779556,8,-4.01271622579
92524104.820964187,92.524104820964,16.524104820964,8,-3.99715838188
92559311.862372473,92.559311862372,16.559311862372,8,-3.9816467189
92594518.903780758,92.594518903781,16.594518903781,8,-3.96618107219
92629725.945189044,92.629725945189,16.629725945189,8,-3.95076127817
92664932.986597314,92.664932986597,16.664932986597,8,-3.93538717434
92700140.0280056,92.700140028006,16.700140028006,8,-3.92005859923
92735347.069413885,92.735347069414,16.735347069414,8,-3.90477539243
92770554.110822171,92.770554110822,16.770554110822,8,-3.88953739457
92805761.152230442,92.805761152230,16.805761152230,8,-3.8743444473
92840968.193638727,92.840968193639,16.840968193639,8,-3.8591963933
92876175.235047013,92.876175235047,16.876175235047,8,-3.84409307624
92911382.276455298,92.911382276455,16.911382276455,8,-3.82903434083
92946589.317863569,92.946589317864,16.946589317864,8,-3.81402003274
92981796.359271854,92.981796359272,16.981796359272,8,-3.79904999865
93017003.40068014,93.017003400680,17.017003400680,8,-3.78412408621
93052210.442088425,93.052210442088,17.052210442088,8,-3.76924214403
93087417.483496696,93.087417483497,17.087417483497,8,-3.75440402172
93122624.524904981,93.122624524905,17.122624524905,8,-3.73960956979
93157831.566313267,93.157831566313,17.157831566313,8,-3.72485863975
93193038.607721552,93.193038607722,17.193038607722,8,-3.71015108402
93228245.649129823,93.228245649130,17.228245649130,8,-3.69548675595
93263452.690538108,93.263452690538,17.263452690538,8,-3.68086550984
93298659.731946394,93.298659731946,17.298659731946,8,-3.66628720089
93333866.773354679,93.333866773355,17.333866773355,8,-3.65175168519
93369073.81476295,93.369073814763,17.369073814763,8,-3.63725881977
93404280.856171235,93.404280856171,17.404280856171,8,-3.62280846254
93439487.897579521,93.439487897580,17.439487897580,8,-3.60840047229
93474694.938987806,93.474694938988,17.474694938988,8,-3.5940347087
93509901.980396077,93.509901980396,17.509901980396,8,-3.57971103232
93545109.021804363,93.545109021804,17.545109021804,8,-3.56542930458
93580316.063212648,93.580316063213,17.580316063213,8,-3.55118938773
93615523.104620919,93.615523104621,17.615523104621,8,-3.53699114493
93650730.146029204,93.650730146029,17.650730146029,8,-3.52283444015
93685937.18743749,93.685937187437,17.685937187437,8,-3.5087191382
93721144.228845775,93.721144228846,17.721144228846,8,-3.49464510475
93756351.270254046,93.756351270254,17.756351270254,8,-3.48061220626
93791558.311662331,93.791558311662,17.791558311662,8,-3.46662031004
93826765.353070617,93.826765353071,17.826765353071,8,-3.45266928419
93861972.394478902,93.861972394479,17.861972394479,8,-3.43875899765
93897179.435887173,93.897179435887,17.897179435887,8,-3.42488932013
93932386.477295458,93.932386477295,17.932386477295,8,-3.41106012216
93967593.518703744,93.967593518704,17.967593518704,8,-3.39727127502
94002800.560112029,94.002800560112,18.002800560112,8,-3.38352265083
94038007.6015203,94.038007601520,18.038007601520,8,-3.36981412243
94073214.642928585,94.073214642929,18.073214642929,8,-3.35614556347
94108421.684336871,94.108421684337,18.108421684337,8,-3.34251684835
94143628.725745156,94.143628725745,18.143628725745,8,-3.32892785223
94178835.767153427,94.178835767153,18.178835767153,8,-3.31537845102
94214042.808561713,94.214042808562,18.214042808562,8,-3.30186852139
94249249.849969998,94.249249849970,18.249249849970,8,-3.28839794073
94284456.891378284,94.284456891378,18.284456891378,8,-3.2749665872
94319663.932786554,94.319663932787,18.319663932787,8,-3.26157433965
94354870.97419484,94.354870974195,18.354870974195,8,-3.24822107768
94390078.015603125,94.390078015603,18.390078015603,8,-3.23490668161
94425285.057011411,94.425285057011,18.425285057011,8,-3.22163103247
94460492.098419681,94.460492098420,18.460492098420,8,-3.20839401199
94495699.139827967,94.495699139828,18.495699139828,8,-3.19519550262
94530906.181236252,94.530906181236,18.530906181236,8,-3.18203538749
94566113.222644538,94.566113222645,18.566113222645,8,-3.16891355044
94601320.264052808,94.601320264053,18.601320264053,8,-3.15582987599
94636527.305461094,94.636527305461,18.636527305461,8,-3.14278424934
94671734.346869379,94.671734346869,18.671734346869,8,-3.12977655637
94706941.38827765,94.706941388278,18.706941388278,8,-3.11680668364
94742148.429685935,94.742148429686,18.742148429686,8,-3.10387451836
94777355.471094221,94.777355471094,18.777355471094,8,-3.09097994843
94812562.512502506,94.812562512503,18.812562512503,8,-3.07812286237
94847769.553910777,94.847769553911,18.847769553911,8,-3.06530314939
94882976.595319062,94.882976595319,18.882976595319,8,-3.05252069933
94918183.636727348,94.918183636727,18.918183636727,8,-3.03977540267
94953390.678135633,94.953390678136,18.953390678136,8,-3.02706715055
94988597.719543904,94.988597719544,18.988597719544,8,-3.01439583471
95023804.76095219,95.023804760952,19.023804760952,8,-3.00176134755
95059011.802360475,95.059011802360,19.059011802360,8,-2.98916358208
95094218.843768761,95.094218843769,19.094218843769,8,-2.97660243194
95129425.885177031,95.129425885177,19.129425885177,8,-2.96407779137
95164632.926585317,95.164632926585,19.164632926585,8,-2.95158955524
95199839.967993602,95.199839967994,19.199839967994,8,-2.93913761902
95235047.009401888,95.235047009402,19.235047009402,8,-2.92672187877
95270254.050810158,95.270254050810,19.270254050810,8,-2.91434223116
95305461.092218444,95.305461092218,19.305461092218,8,-2.90199857347
95340668.133626729,95.340668133627,19.340668133627,8,-2.88969080353
95375875.175035015,95.375875175035,19.375875175035,8,-2.8774188198
95411082.216443285,95.411082216443,19.411082216443,8,-2.86518252129
95446289.257851571,95.446289257852,19.446289257852,8,-2.8529818076
95481496.299259856,95.481496299260,19.481496299260,8,-2.8408165789
95516703.340668142,95.516703340668,19.516703340668,8,-2.82868673593
95551910.382076412,95.551910382076,19.551910382076,8,-2.81659217999
95587117.423484698,95.587117423485,19.587117423485,8,-2.80453281296
95622324.464892983,95.622324464893,19.622324464893,8,-2.79250853725
95657531.506301269,95.657531506301,19.657531506301,8,-2.78051925585
95692738.54770954,95.692738547710,19.692738547710,8,-2.76856487227
95727945.589117825,95.727945589118,19.727945589118,8,-2.7566452906
95763152.630526111,95.763152630526,19.763152630526,8,-2.74476041545
95798359.671934381,95.798359671934,19.798359671934,8,-2.73291015196
95833566.713342667,95.833566713343,19.833566713343,8,-2.72109440583
95868773.754750952,95.868773754751,19.868773754751,8,-2.70931308327
95903980.796159238,95.903980796159,19.903980796159,8,-2.69756609102
95939187.837567508,95.939187837568,19.939187837568,8,-2.68585333636
95974394.878975794,95.974394878976,19.974394878976,8,-2.67417472706
96009601.920384079,96.009601920384,20.009601920384,8,-2.66253017144
96044808.961792365,96.044808961792,20.044808961792,8,-2.6509195783
96080016.003200635,96.080016003201,20.080016003201,8,-2.63934285698
96115223.044608921,96.115223044609,20.115223044609,8,-2.6277999173
96150430.086017206,96.150430086017,20.150430086017,8,-2.61629066959
96185637.127425492,96.185637127425,20.185637127425,8,-2.60481502469
96220844.168833762,96.220844168834,20.220844168834,8,-2.59337289391
96256051.210242048,96.256051210242,20.256051210242,8,-2.58196418909
96291258.251650333,96.291258251650,20.291258251650,8,-2.57058882252
96326465.293058619,96.326465293059,20.326465293059,8,-2.559246707
96361672.33446689,96.361672334467,20.361672334467,8,-2.54793775581
96396879.375875175,96.396879375875,20.396879375875,8,-2.53666188269
96432086.41728346,96.432086417283,20.432086417283,8,-2.52541900187
96467293.458691746,96.467293458692,20.467293458692,8,-2.51420902805
96502500.500100017,96.502500500100,20.502500500100,8,-2.50303187641
96537707.541508302,96.537707541508,20.537707541508,8,-2.49188746258
96572914.582916588,96.572914582917,20.572914582917,8,-2.48077570266
96608121.624324873,96.608121624325,20.608121624325,8,-2.46969651321
96643328.665733144,96.643328665733,20.643328665733,8,-2.45864981124
96678535.707141429,96.678535707141,20.678535707141,8,-2.44763551423
96713742.748549715,96.713742748550,20.713742748550,8,-2.43665354009
96748949.789958,96.748949789958,20.748949789958,8,-2.4257038072
96784156.831366271,96.784156831366,20.784156831366,8,-2.41478623436
96819363.872774556,96.819363872775,20.819363872775,8,-2.40390074083
96854570.914182842,96.854570914183,20.854570914183,8,-2.39304724632
96889777.955591112,96.889777955591,20.889777955591,8,-2.38222567093
96924984.996999398,96.924984996999,20.924984996999,8,-2.37143593525
96960192.038407683,96.960192038408,20.960192038408,8,-2.36067796027
96995399.079815969,96.995399079816,20.995399079816,8,-2.3499516674
97030606.121224239,97.030606121224,21.030606121224,8,-2.3392569785
97065813.162632525,97.065813162633,21.065813162633,8,-2.32859381584
97101020.20404081,97.101020204041,21.101020204041,8,-2.3179621021
97136227.245449096,97.136227245449,21.136227245449,8,-2.30736176039
97171434.286857367,97.171434286857,21.171434286857,8,-2.29679271423
97206641.328265652,97.206641328266,21.206641328266,8,-2.28625488755
97241848.369673938,97.241848369674,21.241848369674,8,-2.27574820469
97277055.411082223,97.277055411082,21.277055411082,8,-2.26527259039
97312262.452490494,97.312262452491,21.312262452490,8,-2.25482796982
97347469.493898779,97.347469493899,21.347469493899,8,-2.24441426851
97382676.535307065,97.382676535307,21.382676535307,8,-2.23403141241
97417883.57671535,97.417883576715,21.417883576715,8,-2.22367932788
97453090.618123621,97.453090618124,21.453090618124,8,-2.21335794165
97488297.659531906,97.488297659532,21.488297659532,8,-2.20306718085
97523504.700940192,97.523504700940,21.523504700940,8,-2.19280697299
97558711.742348477,97.558711742348,21.558711742348,8,-2.18257724599
97593918.783756748,97.593918783757,21.593918783757,8,-2.17237792812
97629125.825165033,97.629125825165,21.629125825165,8,-2.16220894806
97664332.866573319,97.664332866573,21.664332866573,8,-2.15207023485
97699539.907981604,97.699539907982,21.699539907982,8,-2.14196171792
97734746.949389875,97.734746949390,21.734746949390,8,-2.13188332706
97769953.99079816,97.769953990798,21.769953990798,8,-2.12183499245
97805161.032206446,97.805161032206,21.805161032206,8,-2.11181664462
97840368.073614731,97.840368073615,21.840368073615,8,-2.10182821448
97875575.115023002,97.875575115023,21.875575115023,8,-2.0918696333
97910782.156431288,97.910782156431,21.910782156431,8,-2.08194083271
97945989.197839573,97.945989197840,21.945989197840,8,-2.07204174471
97981196.239247859,97.981196239248,21.981196239248,8,-2.06217230164
98016403.280656129,98.016403280656,22.016403280656,8,-2.05233243622
98051610.322064415,98.051610322064,22.051610322064,8,-2.04252208151
98086817.3634727,98.086817363473,22.086817363473,8,-2.03274117091
98122024.404880971,98.122024404881,22.122024404881,8,-2.0229896382
98157231.446289256,98.157231446289,22.157231446289,8,-2.01326741748
98192438.487697542,98.192438487698,22.192438487698,8,-2.0035744432
98227645.529105827,98.227645529106,22.227645529106,8,-1.99391065017
98262852.570514098,98.262852570514,22.262852570514,8,-1.98427597352
98298059.611922383,98.298059611922,22.298059611922,8,-1.97467034873
98333266.653330669,98.333266653331,22.333266653331,8,-1.96509371161
98368473.694738954,98.368473694739,22.368473694739,8,-1.95554599832
98403680.736147225,98.403680736147,22.403680736147,8,-1.94602714534
98438887.77755551,98.438887777556,22.438887777556,8,-1.93653708947
98474094.818963796,98.474094818964,22.474094818964,8,-1.92707576787
98509301.860372081,98.509301860372,22.509301860372,8,-1.917643118
98544508.901780352,98.544508901780,22.544508901780,8,-1.90823907766
98579715.943188637,98.579715943189,22.579715943189,8,-1.89886358495
98614922.984596923,98.614922984597,22.614922984597,8,-1.88951657833
98650130.026005208,98.650130026005,22.650130026005,8,-1.88019799654
98685337.067413479,98.685337067413,22.685337067413,8,-1.87090777867
98720544.108821765,98.720544108822,22.720544108822,8,-1.8616458641
98755751.15023005,98.755751150230,22.755751150230,8,-1.85241219254
98790958.191638336,98.790958191638,22.790958191638,8,-1.84320670399
98826165.233046606,98.826165233047,22.826165233047,8,-1.8340293388
98861372.274454892,98.861372274455,22.861372274455,8,-1.82488003758
98896579.315863177,98.896579315863,22.896579315863,8,-1.81575874128
98931786.357271463,98.931786357271,22.931786357271,8,-1.80666539115
98966993.398679733,98.966993398680,22.966993398680,8,-1.79759992872
99002200.440088019,99.002200440088,23.002200440088,8,-1.78856229586
99037407.481496304,99.037407481496,23.037407481496,8,-1.77955243469
99072614.52290459,99.072614522905,23.072614522905,8,-1.77057028768
99107821.56431286,99.107821564313,23.107821564313,8,-1.76161579756
99143028.605721146,99.143028605721,23.143028605721,8,-1.75268890737
99178235.647129431,99.178235647129,23.178235647129,8,-1.74378956042
99213442.688537702,99.213442688538,23.213442688538,8,-1.73491770034
99248649.729945987,99.248649729946,23.248649729946,8,-1.72607327104
99283856.771354273,99.283856771354,23.283856771354,8,-1.71725621671
99319063.812762558,99.319063812763,23.319063812763,8,-1.70846648183
99354270.854170829,99.354270854171,23.354270854171,8,-1.69970401115
99389477.895579115,99.389477895579,23.389477895579,8,-1.69096874974
99424684.9369874,99.424684936987,23.424684936987,8,-1.68226064291
99459891.978395686,99.459891978396,23.459891978396,8,-1.67357963628
99495099.019803956,99.495099019804,23.495099019804,8,-1.66492567572
99530306.061212242,99.530306061212,23.530306061212,8,-1.65629870739
99565513.102620527,99.565513102621,23.565513102621,8,-1.64769867774
99600720.144028813,99.600720144029,23.600720144029,8,-1.63912553346
99635927.185437083,99.635927185437,23.635927185437,8,-1.63057922155
99671134.226845369,99.671134226845,23.671134226845,8,-1.62205968924
99706341.268253654,99.706341268254,23.706341268254,8,-1.61356688406
99741548.30966194,99.741548309662,23.741548309662,8,-1.60510075379
99776755.35107021,99.776755351070,23.776755351070,8,-1.59666124648
99811962.392478496,99.811962392478,23.811962392478,8,-1.58824831045
99847169.433886781,99.847169433887,23.847169433887,8,-1.57986189427
99882376.475295067,99.882376475295,23.882376475295,8,-1.57150194678
99917583.516703337,99.917583516703,23.917583516703,8,-1.56316841708
99952790.558111623,99.952790558112,23.952790558112,8,-1.55486125453
99987997.599519908,99.987997599520,23.987997599520,8,-1.54658040873
100023204.64092819,100.023204640928,24.023204640928,8,-1.53832582957
100058411.68233646,100.058411682336,24.058411682336,8,-1.53009746715
100093618.72374475,100.093618723745,24.093618723745,8,-1.52189527186
100128825.76515304,100.128825765153,24.128825765153,8,-1.51371919433
100164032.80656132,100.164032806561,24.164032806561,8,-1.50556918542
100199239.84796959,100.199239847970,24.199239847970,8,-1.49744519627
100234446.88937788,100.234446889378,24.234446889378,8,-1.48934717824
100269653.93078616,100.269653930786,24.269653930786,8,-1.48127508296
100304860.97219443,100.304860972194,24.304860972194,8,-1.47322886229
100340068.01360272,100.340068013603,24.340068013603,8,-1.46520846833
100375275.055011,100.375275055011,24.375275055011,8,-1.45721385343
100410482.09641929,100.410482096419,24.410482096419,8,-1.44924497019
100445689.13782756,100.445689137828,24.445689137828,8,-1.44130177142
100480896.17923585,100.480896179236,24.480896179236,8,-1.4333842102
100516103.22064413,100.516103220644,24.516103220644,8,-1.42549223983
100551310.26205242,100.551310262052,24.551310262052,8,-1.41762581384
100586517.30346069,100.586517303461,24.586517303461,8,-1.40978488601
100621724.34486897,100.621724344869,24.621724344869,8,-1.40196941035
100656931.38627726,100.656931386277,24.656931386277,8,-1.3941793411
100692138.42768554,100.692138427686,24.692138427686,8,-1.38641463272
100727345.46909381,100.727345469094,24.727345469094,8,-1.3786752399
100762552.5105021,100.762552510502,24.762552510502,8,-1.37096111759
100797759.55191039,100.797759551910,24.797759551910,8,-1.36327222092
100832966.59331867,100.832966593319,24.832966593319,8,-1.35560850528
100868173.63472694,100.868173634727,24.868173634727,8,-1.34796992628
100903380.67613523,100.903380676135,24.903380676135,8,-1.34035643974
100938587.71754351,100.938587717544,24.938587717544,8,-1.3327680017
100973794.7589518,100.973794758952,24.973794758952,8,-1.32520456845
101009001.80036007,101.009001800360,25.009001800360,8,-1.31766609647
101044208.84176835,101.044208841768,25.044208841768,8,-1.31015254247
101079415.88317664,101.079415883177,25.079415883177,8,-1.30266386338
101114622.92458493,101.114622924585,25.114622924585,8,-1.29520001634
101149829.9659932,101.149829965993,25.149829965993,8,-1.28776095871
101185037.00740148,101.185037007401,25.185037007401,8,-1.28034664807
101220244.04880977,101.220244048810,25.220244048810,8,-1.27295704221
101255451.09021805,101.255451090218,25.255451090218,8,-1.26559209912
101290658.13162632,101.290658131626,25.290658131626,8,-1.25825177702
101325865.17303461,101.325865173035,25.325865173035,8,-1.25093603433
101361072.21444289,101.361072214443,25.361072214443,8,-1.24364482967
101396279.25585118,101.396279255851,25.396279255851,8,-1.2363781219
101431486.29725945,101.431486297259,25.431486297259,8,-1.22913587004
101466693.33866774,101.466693338668,25.466693338668,8,-1.22191803336
101501900.38007602,101.501900380076,25.501900380076,8,-1.21472457131
101537107.42148429,101.537107421484,25.537107421484,8,-1.20755544355
101572314.46289258,101.572314462893,25.572314462893,8,-1.20041060994
101607521.50430086,101.607521504301,25.607521504301,8,-1.19329003055
101642728.54570915,101.642728545709,25.642728545709,8,-1.18619366565
101677935.58711742,101.677935587117,25.677935587117,8,-1.17912147569
101713142.6285257,101.713142628526,25.713142628526,8,-1.17207342135
101748349.66993399,101.748349669934,25.748349669934,8,-1.16504946349
101783556.71134228,101.783556711342,25.783556711342,8,-1.15804956317
101818763.75275055,101.818763752751,25.818763752751,8,-1.15107368164
101853970.79415883,101.853970794159,25.853970794159,8,-1.14412178035
101889177.83556712,101.889177835567,25.889177835567,8,-1.13719382096
101924384.8769754,101.924384876975,25.924384876975,8,-1.13028976528
101959591.91838367,101.959591918384,25.959591918384,8,-1.12340957537
101994798.95979196,101.994798959792,25.994798959792,8,-1.11655321343
102030006.00120024,102.030006001200,26.030006001200,8,-1.10972064188
102065213.04260853,102.065213042609,26.065213042609,8,-1.10291182332
102100420.0840168,102.100420084017,26.100420084017,8,-1.09612672054
102135627.12542509,102.135627125425,26.135627125425,8,-1.08936529652
102170834.16683337,102.170834166833,26.170834166833,8,-1.08262751441
102206041.20824166,102.206041208242,26.206041208242,8,-1.07591333758
102241248.24964993,102.241248249650,26.241248249650,8,-1.06922272955
102276455.29105821,102.276455291058,26.276455291058,8,-1.06255565404
102311662.3324665,102.311662332466,26.311662332466,8,-1.05591207495
102346869.37387478,102.346869373875,26.346869373875,8,-1.04929195638
102382076.41528305,102.382076415283,26.382076415283,8,-1.04269526258
102417283.45669134,102.417283456691,26.417283456691,8,-1.03612195799
102452490.49809963,102.452490498100,26.452490498100,8,-1.02957200726
102487697.53950791,102.487697539508,26.487697539508,8,-1.02304537517
102522904.58091618,102.522904580916,26.522904580916,8,-1.01654202672
102558111.62232447,102.558111622324,26.558111622324,8,-1.01006192706
102593318.66373275,102.593318663733,26.593318663733,8,-1.00360504152
102628525.70514102,102.628525705141,26.628525705141,8,-0.997171335634
102663732.74654931,102.663732746549,26.663732746549,8,-0.990760775071
102698939.78795759,102.698939787958,26.698939787958,8,-0.984373325697
102734146.82936588,102.734146829366,26.734146829366,8,-0.978008953544
102769353.87077415,102.769353870774,26.769353870774,8,-0.971667624821
102804560.91218244,102.804560912182,26.804560912182,8,-0.965349305903
102839767.95359072,102.839767953591,26.839767953591,8,-0.959053963341
102874974.99499901,102.874974994999,26.874974994999,8,-0.952781563851
102910182.03640728,102.910182036407,26.910182036407,8,-0.946532074323
102945389.07781556,102.945389077816,26.945389077816,8,-0.940305461812
102980596.11922385,102.980596119224,26.980596119224,8,-0.934101693543
103015803.16063213,103.015803160632,27.015803160632,8,-0.927920736906
103051010.2020404,103.051010202040,27.051010202040,8,-0.921762559458
103086217.24344869,103.086217243449,27.086217243449,8,-0.915627128923
103121424.28485698,103.121424284857,27.121424284857,8,-0.909514413186
103156631.32626526,103.156631326265,27.156631326265,8,-0.903424380301
103191838.36767353,103.191838367674,27.191838367674,8,-0.89735699848
103227045.40908182,103.227045409082,27.227045409082,8,-0.891312236101
103262252.4504901,103.262252450490,27.262252450490,8,-0.885290061704
103297459.49189839,103.297459491898,27.297459491898,8,-0.879290443987
103332666.53330666,103.332666533307,27.332666533307,8,-0.873313351811
103367873.57471494,103.367873574715,27.367873574715,8,-0.867358754196
103403080.61612323,103.403080616123,27.403080616123,8,-0.861426620321
103438287.65753151,103.438287657532,27.438287657532,8,-0.855516919523
103473494.69893979,103.473494698940,27.473494698940,8,-0.849629621296
103508701.74034807,103.508701740348,27.508701740348,8,-0.843764695293
103543908.78175636,103.543908781756,27.543908781756,8,-0.837922111321
103579115.82316464,103.579115823165,27.579115823165,8,-0.832101839343
103614322.86457291,103.614322864573,27.614322864573,8,-0.826303849478
103649529.9059812,103.649529905981,27.649529905981,8,-0.820528111997
103684736.94738948,103.684736947389,27.684736947389,8,-0.814774597328
103719943.98879775,103.719943988798,27.719943988798,8,-0.809043276048
103755151.03020604,103.755151030206,27.755151030206,8,-0.803334118889
103790358.07161433,103.790358071614,27.790358071614,8,-0.797647096733
103825565.11302261,103.825565113023,27.825565113023,8,-0.791982180614
103860772.15443088,103.860772154431,27.860772154431,8,-0.786339341715
103895979.19583917,103.895979195839,27.895979195839,8,-0.78071855137
103931186.23724745,103.931186237247,27.931186237247,8,-0.775119781061
103966393.27865574,103.966393278656,27.966393278656,8,-0.769543002419
104001600.32006401,104.001600320064,28.001600320064,8,-0.763988187223
104036807.36147229,104.036807361472,28.036807361472,8,-0.758455307398
104072014.40288058,104.072014402881,28.072014402881,8,-0.752944335017
104107221.44428886,104.107221444289,28.107221444289,8,-0.747455242297
104142428.48569714,104.142428485697,28.142428485697,8,-0.741988001603
104177635.52710542,104.177635527105,28.177635527105,8,-0.736542585442
104212842.56851371,104.212842568514,28.212842568514,8,-0.731118966467
104248049.60992199,104.248049609922,28.248049609922,8,-0.725717117473
104283256.65133026,104.283256651330,28.283256651330,8,-0.720337011401
104318463.69273855,104.318463692739,28.318463692739,8,-0.714978621329
104353670.73414683,104.353670734147,28.353670734147,8,-0.709641920483
104388877.77555512,104.388877775555,28.388877775555,8,-0.704326882226
104424084.81696339,104.424084816963,28.424084816963,8,-0.699033480062
104459291.85837168,104.459291858372,28.459291858372,8,-0.693761687636
104494498.89977996,104.494498899780,28.494498899780,8,-0.688511478734
104529705.94118825,104.529705941188,28.529705941188,8,-0.683282827277
104564912.98259652,104.564912982597,28.564912982597,8,-0.678075707329
104600120.0240048,104.600120024005,28.600120024005,8,-0.672890093087
104635327.06541309,104.635327065413,28.635327065413,8,-0.66772595889
104670534.10682137,104.670534106821,28.670534106821,8,-0.662583279211
104705741.14822964,104.705741148230,28.705741148230,8,-0.657462028659
104740948.18963793,104.740948189638,28.740948189638,8,-0.65236218198
104776155.23104621,104.776155231046,28.776155231046,8,-0.647283714054
104811362.27245449,104.811362272454,28.811362272454,8,-0.642226599897
104846569.31386277,104.846569313863,28.846569313863,8,-0.637190814657
104881776.35527106,104.881776355271,28.881776355271,8,-0.632176333617
104916983.39667934,104.916983396679,28.916983396679,8,-0.627183132194
104952190.43808761,104.952190438088,28.952190438088,8,-0.622211185935
104987397.4794959,104.987397479496,28.987397479496,8,-0.61726047052
105022604.52090418,105.022604520904,29.022604520904,8,-0.612330961762
105057811.56231247,105.057811562312,29.057811562312,8,-0.607422635604
105093018.60372074,105.093018603721,29.093018603721,8,-0.602535468117
105128225.64512902,105.128225645129,29.128225645129,8,-0.597669435507
105163432.68653731,105.163432686537,29.163432686537,8,-0.592824514105
105198639.7279456,105.198639727946,29.198639727946,8,-0.588000680373
105233846.76935387,105.233846769354,29.233846769354,8,-0.583197910902
105269053.81076215,105.269053810762,29.269053810762,8,-0.578416182409
105304260.85217044,105.304260852170,29.304260852170,8,-0.573655471742
105339467.89357872,105.339467893579,29.339467893579,8,-0.568915755872
105374674.93498699,105.374674934987,29.374674934987,8,-0.564197011899
105409881.97639528,105.409881976395,29.409881976395,8,-0.55949921705
105445089.01780356,105.445089017804,29.445089017804,8,-0.554822348675
105480296.05921185,105.480296059212,29.480296059212,8,-0.550166384251
105515503.10062012,105.515503100620,29.515503100620,8,-0.54553130138
105550710.14202841,105.550710142028,29.550710142028,8,-0.540917077786
105585917.18343669,105.585917183437,29.585917183437,8,-0.536323691321
105621124.22484498,105.621124224845,29.621124224845,8,-0.531751119956
105656331.26625325,105.656331266253,29.656331266253,8,-0.527199341787
105691538.30766153,105.691538307662,29.691538307662,8,-0.522668335033
105726745.34906982,105.726745349070,29.726745349070,8,-0.518158078034
105761952.3904781,105.761952390478,29.761952390478,8,-0.513668549252
105797159.43188637,105.797159431886,29.797159431886,8,-0.509199727271
105832366.47329466,105.832366473295,29.832366473295,8,-0.504751590794
105867573.51470295,105.867573514703,29.867573514703,8,-0.500324118645
105902780.55611122,105.902780556111,29.902780556111,8,-0.49591728977
105937987.5975195,105.937987597520,29.937987597520,8,-0.49153108323
105973194.63892779,105.973194638928,29.973194638928,8,-0.48716547821
106008401.68033607,106.008401680336,30.008401680336,8,-0.48282045401
106043608.72174434,106.043608721744,30.043608721744,8,-0.478495990051
106078815.76315263,106.078815763153,30.078815763153,8,-0.474192065869
106114022.80456091,106.114022804561,30.114022804561,8,-0.469908661119
106149229.8459692,106.149229845969,30.149229845969,8,-0.465645755574
106184436.88737747,106.184436887377,30.184436887377,8,-0.461403329121
106219643.92878576,106.219643928786,30.219643928786,8,-0.457181361766
106254850.97019404,106.254850970194,30.254850970194,8,-0.452979833628
106290058.01160233,106.290058011602,30.290058011602,8,-0.448798724944
106325265.0530106,106.325265053011,30.325265053011,8,-0.444638016065
106360472.09441888,106.360472094419,30.360472094419,8,-0.440497687455
106395679.13582717,106.395679135827,30.395679135827,8,-0.436377719696
106430886.17723545,106.430886177235,30.430886177235,8,-0.43227809348
106466093.21864372,106.466093218644,30.466093218644,8,-0.428198789614
106501300.26005201,106.501300260052,30.501300260052,8,-0.42413978902
106536507.3014603,106.536507301460,30.536507301460,8,-0.420101072729
106571714.34286858,106.571714342869,30.571714342869,8,-0.416082621888
106606921.38427685,106.606921384277,30.606921384277,8,-0.412084417753
106642128.42568514,106.642128425685,30.642128425685,8,-0.408106441694
106677335.46709342,106.677335467093,30.677335467093,8,-0.404148675192
106712542.50850171,106.712542508502,30.712542508502,8,-0.400211099836
106747749.54990998,106.747749549910,30.747749549910,8,-0.396293697329
106782956.59131826,106.782956591318,30.782956591318,8,-0.392396449484
106818163.63272655,106.818163632727,30.818163632727,8,-0.388519338221
106853370.67413484,106.853370674135,30.853370674135,8,-0.384662345572
106888577.71554311,106.888577715543,30.888577715543,8,-0.380825453678
106923784.75695139,106.923784756951,30.923784756951,8,-0.377008644787
106958991.79835968,106.958991798360,30.958991798360,8,-0.373211901259
106994198.83976796,106.994198839768,30.994198839768,8,-0.369435205557
107029405.88117623,107.029405881176,31.029405881176,8,-0.365678540257
107064612.92258452,107.064612922585,31.064612922585,8,-0.361941888038
107099819.9639928,107.099819963993,31.099819963993,8,-0.35822523169
107135027.00540107,107.135027005401,31.135027005401,8,-0.354528554108
107170234.04680936,107.170234046809,31.170234046809,8,-0.350851838292
107205441.08821765,107.205441088218,31.205441088218,8,-0.34719506735
107240648.12962593,107.240648129626,31.240648129626,8,-0.343558224497
107275855.1710342,107.275855171034,31.275855171034,8,-0.33994129305
107311062.21244249,107.311062212442,31.311062212442,8,-0.336344256434
107346269.25385077,107.346269253851,31.346269253851,8,-0.332767098178
107381476.29525906,107.381476295259,31.381476295259,8,-0.329209801914
107416683.33666733,107.416683336667,31.416683336667,8,-0.325672351382
107451890.37807561,107.451890378076,31.451890378076,8,-0.322154730423
107487097.4194839,107.487097419484,31.487097419484,8,-0.318656922981
107522304.46089219,107.522304460892,31.522304460892,8,-0.315178913106
107557511.50230046,107.557511502300,31.557511502300,8,-0.311720684949
107592718.54370874,107.592718543709,31.592718543709,8,-0.308282222764
107627925.58511703,107.627925585117,31.627925585117,8,-0.304863510909
107663132.62652531,107.663132626525,31.663132626525,8,-0.301464533842
107698339.66793358,107.698339667934,31.698339667934,8,-0.298085276124
107733546.70934187,107.733546709342,31.733546709342,8,-0.294725722416
107768753.75075015,107.768753750750,31.768753750750,8,-0.291385857484
107803960.79215844,107.803960792158,31.803960792158,8,-0.28806566619
107839167.83356671,107.839167833567,31.839167833567,8,-0.284765133501
107874374.874975,107.874374874975,31.874374874975,8,-0.281484244482
107909581.91638328,107.909581916383,31.909581916383,8,-0.278222984298
107944788.95779157,107.944788957792,31.944788957792,8,-0.274981338216
107979995.99919984,107.979995999200,31.979995999200,8,-0.2717592916
108015203.04060812,108.015203040608,32.015203040608,8,-0.268556829914
108050410.08201641,108.050410082016,32.050410082016,8,-0.265373938723
108085617.12342469,108.085617123425,32.085617123425,8,-0.262210603689
108120824.16483296,108.120824164833,32.120824164833,8,-0.259066810572
108156031.20624125,108.156031206241,32.156031206241,8,-0.255942545232
108191238.24764954,108.191238247650,32.191238247650,8,-0.252837793624
108226445.28905781,108.226445289058,32.226445289058,8,-0.249752541805
108261652.33046609,108.261652330466,32.261652330466,8,-0.246686775926
108296859.37187438,108.296859371874,32.296859371874,8,-0.243640482236
108332066.41328266,108.332066413283,32.332066413283,8,-0.240613647083
108367273.45469093,108.367273454691,32.367273454691,8,-0.237606256908
108402480.49609922,108.402480496099,32.402480496099,8,-0.234618298251
108437687.5375075,108.437687537508,32.437687537508,8,-0.231649757748
108472894.57891579,108.472894578916,32.472894578916,8,-0.228700622131
108508101.62032406,108.508101620324,32.508101620324,8,-0.225770878226
108543308.66173235,108.543308661732,32.543308661732,8,-0.222860512957
108578515.70314063,108.578515703141,32.578515703141,8,-0.219969513342
108613722.74454892,108.613722744549,32.613722744549,8,-0.217097866493
108648929.78595719,108.648929785957,32.648929785957,8,-0.214245559619
108684136.82736547,108.684136827365,32.684136827365,8,-0.211412580021
108719343.86877376,108.719343868774,32.719343868774,8,-0.208598915096
108754550.91018204,108.754550910182,32.754550910182,8,-0.205804552335
108789757.95159031,108.789757951590,32.789757951590,8,-0.203029479323
108824964.9929986,108.824964992999,32.824964992999,8,-0.200273683736
108860172.03440689,108.860172034407,32.860172034407,8,-0.197537153348
108895379.07581517,108.895379075815,32.895379075815,8,-0.194819876022
108930586.11722344,108.930586117223,32.930586117223,8,-0.192121839716
108965793.15863173,108.965793158632,32.965793158632,8,-0.189443032481
109001000.20004001,109.001000200040,33.001000200040,8,-0.186783442459
109036207.2414483,109.036207241448,33.036207241448,8,-0.184143057884
109071414.28285657,109.071414282857,33.071414282857,8,-0.181521867086
109106621.32426485,109.106621324265,33.106621324265,8,-0.178919858482
109141828.36567314,109.141828365673,33.141828365673,8,-0.176337020583
109177035.40708143,109.177035407081,33.177035407081,8,-0.173773341991
109212242.4484897,109.212242448490,33.212242448490,8,-0.1712288114
109247449.48989798,109.247449489898,33.247449489898,8,-0.168703417594
109282656.53130627,109.282656531306,33.282656531306,8,-0.166197149449
109317863.57271454,109.317863572715,33.317863572715,8,-0.16370999593
109353070.61412282,109.353070614123,33.353070614123,8,-0.161241946095
109388277.65553111,109.388277655531,33.388277655531,8,-0.158792989088
109423484.69693939,109.423484696939,33.423484696939,8,-0.156363114148
109458691.73834766,109.458691738348,33.458691738348,8,-0.153952310601
109493898.77975595,109.493898779756,33.493898779756,8,-0.151560567863
109529105.82116424,109.529105821164,33.529105821164,8,-0.14918787544
109564312.86257252,109.564312862573,33.564312862573,8,-0.146834222926
109599519.90398079,109.599519903981,33.599519903981,8,-0.144499600007
109634726.94538908,109.634726945389,33.634726945389,8,-0.142183996454
109669933.98679736,109.669933986797,33.669933986797,8,-0.13988740213
109705141.02820565,109.705141028206,33.705141028206,8,-0.137609806986
109740348.06961392,109.740348069614,33.740348069614,8,-0.135351201059
109775555.1110222,109.775555111022,33.775555111022,8,-0.133111574477
109810762.15243049,109.810762152430,33.810762152430,8,-0.130890917456
109845969.19383878,109.845969193839,33.845969193839,8,-0.128689220296
109881176.23524705,109.881176235247,33.881176235247,8,-0.126506473391
109916383.27665533,109.916383276655,33.916383276655,8,-0.124342667216
109951590.31806362,109.951590318064,33.951590318064,8,-0.122197792338
109986797.3594719,109.986797359472,33.986797359472,8,-0.12007183941
110022004.40088017,110.022004400880,34.022004400880,8,-0.117964799171
110057211.44228846,110.057211442288,34.057211442288,8,-0.115876662447
110092418.48369674,110.092418483697,34.092418483697,8,-0.113807420151
110127625.52510503,110.127625525105,34.127625525105,8,-0.111757063284
110162832.5665133,110.162832566513,34.162832566513,8,-0.109725582931
110198039.60792159,110.198039607922,34.198039607922,8,-0.107712970265
110233246.64932987,110.233246649330,34.233246649330,8,-0.105719216543
110268453.69073816,110.268453690738,34.268453690738,8,-0.103744313111
110303660.73214643,110.303660732146,34.303660732146,8,-0.101788251398
110338867.77355471,110.338867773555,34.338867773555,8,-0.0998510229196
110374074.814963,110.374074814963,34.374074814963,8,-0.097932619277
110409281.85637128,110.409281856371,34.409281856371,8,-0.0960330321565
110444488.89777955,110.444488897780,34.444488897780,8,-0.0941522533296
110479695.93918784,110.479695939188,34.479695939188,8,-0.092290274653
110514902.98059613,110.514902980596,34.514902980596,8,-0.0904470880679
110550110.0220044,110.550110022004,34.550110022004,8,-0.0886226856006
110585317.06341268,110.585317063413,34.585317063413,8,-0.0868170593618
110620524.10482097,110.620524104821,34.620524104821,8,-0.0850302015466
110655731.14622925,110.655731146229,34.655731146229,8,-0.0832621044346
110690938.18763752,110.690938187638,34.690938187638,8,-0.0815127603895
110726145.22904581,110.726145229046,34.726145229046,8,-0.079782161859
110761352.27045409,110.761352270454,34.761352270454,8,-0.0780703013749
110796559.31186238,110.796559311862,34.796559311862,8,-0.0763771715525
110831766.35327065,110.831766353271,34.831766353271,8,-0.074702765091
110866973.39467894,110.866973394679,34.866973394679,8,-0.0730470747731
110902180.43608722,110.902180436087,34.902180436087,8,-0.0714100934648
110937387.47749551,110.937387477496,34.937387477496,8,-0.0697918141154
110972594.51890378,110.972594518904,34.972594518904,8,-0.0681922297576
111007801.56031206,111.007801560312,35.007801560312,8,-0.0666113335069
111043008.60172035,111.043008601720,35.043008601720,8,-0.0650491185617
111078215.64312863,111.078215643129,35.078215643129,8,-0.0635055782033
111113422.6845369,111.113422684537,35.113422684537,8,-0.0619807057957
111148629.72594519,111.148629725945,35.148629725945,8,-0.0604744947855
111183836.76735348,111.183836767353,35.183836767353,8,-0.0589869387017
111219043.80876176,111.219043808762,35.219043808762,8,-0.0575180311556
111254250.85017003,111.254250850170,35.254250850170,8,-0.0560677658408
111289457.89157832,111.289457891578,35.289457891578,8,-0.054636136533
111324664.9329866,111.324664932987,35.324664932987,8,-0.05322313709
111359871.97439489,111.359871974395,35.359871974395,8,-0.0518287614515
111395079.01580316,111.395079015803,35.395079015803,8,-0.0504530036388
111430286.05721144,111.430286057211,35.430286057211,8,-0.0490958577552
111465493.09861973,111.465493098620,35.465493098620,8,-0.0477573179855
111500700.14002801,111.500700140028,35.500700140028,8,-0.046437378596
111535907.18143629,111.535907181436,35.535907181436,8,-0.0451360339342
111571114.22284457,111.571114222845,35.571114222845,8,-0.0438532784293
111606321.26425286,111.606321264253,35.606321264253,8,-0.0425891065915
111641528.30566113,111.641528305661,35.641528305661,8,-0.041343513012
111676735.34706941,111.676735347069,35.676735347069,8,-0.0401164923632
111711942.3884777,111.711942388478,35.711942388478,8,-0.0389080393985
111747149.42988598,111.747149429886,35.747149429886,8,-0.0377181489519
111782356.47129425,111.782356471294,35.782356471294,8,-0.0365468159383
111817563.51270254,111.817563512703,35.817563512703,8,-0.0353940353533
111852770.55411083,111.852770554111,35.852770554111,8,-0.0342598022731
111887977.59551911,111.887977595519,35.887977595519,8,-0.0331441118542
111923184.63692738,111.923184636927,35.923184636927,8,-0.0320469593338
111958391.67833567,111.958391678336,35.958391678336,8,-0.0309683400291
111993598.71974395,111.993598719744,35.993598719744,8,-0.0299082493379
112028805.76115224,112.028805761152,36.028805761152,8,-0.0288666827379
112064012.80256051,112.064012802561,36.064012802561,8,-0.027843635787
112099219.84396879,112.099219843969,36.099219843969,8,-0.0268391041232
112134426.88537708,112.134426885377,36.134426885377,8,-0.0258530834643
112169633.92678536,112.169633926785,36.169633926785,8,-0.0248855696081
112204840.96819364,112.204840968194,36.204840968194,8,-0.0239365584322
112240048.00960192,112.240048009602,36.240048009602,8,-0.0230060458937
112275255.05101021,112.275255051010,36.275255051010,8,-0.0220940280296
112310462.09241849,112.310462092418,36.310462092418,8,-0.0212005009564
112345669.13382676,112.345669133827,36.345669133827,8,-0.0203254608703
112380876.17523505,112.380876175235,36.380876175235,8,-0.0194689040466
112416083.21664333,112.416083216643,36.416083216643,8,-0.0186308268403
112451290.25805162,112.451290258052,36.451290258052,8,-0.0178112256858
112486497.29945989,112.486497299460,36.486497299460,8,-0.0170100970964
112521704.34086818,112.521704340868,36.521704340868,8,-0.0162274376649
112556911.38227646,112.556911382276,36.556911382276,8,-0.0154632440632
112592118.42368475,112.592118423685,36.592118423685,8,-0.0147175130423
112627325.46509302,112.627325465093,36.627325465093,8,-0.0139902414323
112662532.5065013,112.662532506501,36.662532506501,8,-0.0132814261422
112697739.54790959,112.697739547910,36.697739547910,8,-0.01259106416
112732946.58931786,112.732946589318,36.732946589318,8,-0.0119191525524
112768153.63072614,112.768153630726,36.768153630726,8,-0.0112656884653
112803360.67213443,112.803360672134,36.803360672134,8,-0.0106306691231
112838567.71354271,112.838567713543,36.838567713543,8,-0.0100140918291
112873774.75495099,112.873774754951,36.873774754951,8,-0.00941595396505
112908981.79635927,112.908981796359,36.908981796359,8,-0.00883625299168
112944188.83776756,112.944188837768,36.944188837768,8,-0.00827498644814
112979395.87917584,112.979395879176,36.979395879176,8,-0.00773215195217
113014602.92058411,113.014602920584,37.014602920584,8,-0.00720774720006
113049809.9619924,113.049809961992,37.049809961992,8,-0.00670176996657
113085017.00340068,113.085017003401,37.085017003401,8,-0.00621421810491
113120224.04480897,113.120224044809,37.120224044809,8,-0.00574508954672
113155431.08621724,113.155431086217,37.155431086217,8,-0.00529438230199
113190638.12762552,113.190638127626,37.190638127626,8,-0.00486209445907
113225845.16903381,113.225845169034,37.225845169034,8,-0.00444822418463
113261052.2104421,113.261052210442,37.261052210442,8,-0.00405276972361
113296259.25185037,113.296259251850,37.296259251850,8,-0.00367572939919
113331466.29325865,113.331466293259,37.331466293259,8,-0.00331710161278
113366673.33466694,113.366673334667,37.366673334667,8,-0.002976884844
113401880.37607522,113.401880376075,37.401880376075,8,-0.00265507765062
113437087.41748349,113.437087417483,37.437087417483,8,-0.00235167866856
113472294.45889178,113.472294458892,37.472294458892,8,-0.00206668661187
113507501.50030006,113.507501500300,37.507501500300,8,-0.00180010027268
113542708.54170835,113.542708541708,37.542708541708,8,-0.00155191852121
113577915.58311662,113.577915583117,37.577915583117,8,-0.00132214030576
113613122.62452491,113.613122624525,37.613122624525,8,-0.00111076465263
113648329.66593319,113.648329665933,37.648329665933,8,-0.000917790666188
113683536.70734148,113.683536707341,37.683536707341,8,-0.000743217528781
113718743.74874975,113.718743748750,37.718743748750,8,-0.00058704450077
113753950.79015803,113.753950790158,37.753950790158,8,-0.000449270920495
113789157.83156632,113.789157831566,37.789157831566,8,-0.000329896204267
113824364.87297459,113.824364872975,37.824364872975,8,-0.000228919846365
113859571.91438287,113.859571914383,37.859571914383,8,-0.000146341419017
113894778.95579116,113.894778955791,37.894778955791,8,-8.21605724022e-05
113929985.99719945,113.929985997199,37.929985997199,8,-3.6377034638e-05
113965193.03860772,113.965193038608,37.965193038608,8,-8.99061178129e-06
114000400.080016,114.000400080016,38.000400080016,8,-1.18782000028e-09
114035607.12142429,114.035607121424,38.035607121424,8,-9.40872467423e-06
114070814.16283257,114.070814162833,38.070814162833,8,-3.72132621964e-05
114106021.20424084,114.106021204241,38.106021204241,8,-8.34149181669e-05
114141228.24564913,114.141228245649,38.141228245649,8,-0.000148013888302
114176435.28705741,114.176435287057,38.176435287057,8,-0.000231010446256
114211642.3284657,114.211642328466,38.211642328466,8,-0.00033240494362
114246849.36987397,114.246849369874,38.246849369874,8,-0.000452197809937
114282056.41128226,114.282056411282,38.282056411282,8,-0.000590389552702
114317263.45269054,114.317263452691,38.317263452691,8,-0.000746980757374
114352470.49409883,114.352470494099,38.352470494099,8,-0.000921972087386
114387677.5355071,114.387677535507,38.387677535507,8,-0.00111536428415
114422884.57691538,114.422884576915,38.422884576915,8,-0.00132715816709
114458091.61832367,114.458091618324,38.458091618324,8,-0.00155735463362
114493298.65973195,114.493298659732,38.493298659732,8,-0.00180595465919
114528505.70114022,114.528505701140,38.528505701140,8,-0.0020729592973
114563712.74254851,114.563712742549,38.563712742549,8,-0.0023583696795
114598919.7839568,114.598919783957,38.598919783957,8,-0.00266218701542
114634126.82536508,114.634126825365,38.634126825365,8,-0.0029844125928
114669333.86677335,114.669333866773,38.669333866773,8,-0.00332504777748
114704540.90818164,114.704540908182,38.704540908182,8,-0.00368409401348
114739747.94958992,114.739747949590,38.739747949590,8,-0.00406155282296
114774954.99099821,114.774954990998,38.774954990998,8,-0.00445742580628
114810162.03240648,114.810162032406,38.810162032406,8,-0.00487171464203
114845369.07381476,114.845369073815,38.845369073815,8,-0.00530442108706
114880576.11522305,114.880576115223,38.880576115223,8,-0.00575554697648
114915783.15663132,114.915783156631,38.915783156631,8,-0.00622509422372
114950990.19803961,114.950990198040,38.950990198040,8,-0.00671306482056
114986197.23944789,114.986197239448,38.986197239448,8,-0.00721946083715
115021404.28085618,115.021404280856,39.021404280856,8,-0.00774428442207
115056611.32226445,115.056611322264,39.056611322264,8,-0.00828753780233
115091818.36367273,115.091818363673,39.091818363673,8,-0.00884922328343
115127025.40508102,115.127025405081,39.127025405081,8,-0.00942934324942
115162232.4464893,115.162232446489,39.162232446489,8,-0.0100279001629
115197439.48789757,115.197439487898,39.197439487898,8,-0.010644896565
115232646.52930586,115.232646529306,39.232646529306,8,-0.0112803350757
115267853.57071415,115.267853570714,39.267853570714,8,-0.0119342183936
115303060.61212243,115.303060612122,39.303060612122,8,-0.0126065492958
115338267.6535307,115.338267653531,39.338267653531,8,-0.0132973306385
115373474.69493899,115.373474694939,39.373474694939,8,-0.0140065653567
115408681.73634727,115.408681736347,39.408681736347,8,-0.0147342564642
115443888.77775556,115.443888777756,39.443888777756,8,-0.0154804070536
115479095.81916383,115.479095819164,39.479095819164,8,-0.0162450202969
115514302.86057211,115.514302860572,39.514302860572,8,-0.0170280994447
115549509.9019804,115.549509901980,39.549509901980,8,-0.017829647827
115584716.94338869,115.584716943389,39.584716943389,8,-0.0186496688528
115619923.98479696,115.619923984797,39.619923984797,8,-0.0194881660105
115655131.02620524,115.655131026205,39.655131026205,8,-0.0203451428675
115690338.06761353,115.690338067614,39.690338067614,8,-0.0212206030708
115725545.10902181,115.725545109022,39.725545109022,8,-0.0221145503466
115760752.15043008,115.760752150430,39.760752150430,8,-0.0230269885008
115795959.19183837,115.795959191838,39.795959191838,8,-0.0239579214186
115831166.23324665,115.831166233247,39.831166233247,8,-0.0249073530648
115866373.27465494,115.866373274655,39.866373274655,8,-0.0258752874841
115901580.31606321,115.901580316063,39.901580316063,8,-0.0268617288006
115936787.3574715,115.936787357472,39.936787357471,8,-0.0278666812186
115971994.39887978,115.971994398880,39.971994398880,8,-0.0288901490218
116007201.44028807,116.007201440288,40.007201440288,8,-0.0299321365742
116042408.48169634,116.042408481696,40.042408481696,8,-0.0309926483198
116077615.52310462,116.077615523105,40.077615523105,8,-0.0320716887825
116112822.56451291,116.112822564513,40.112822564513,8,-0.0331692625665
116148029.60592118,116.148029605921,40.148029605921,8,-0.0342853743563
116183236.64732946,116.183236647329,40.183236647329,8,-0.0354200289166
116218443.68873775,116.218443688738,40.218443688738,8,-0.0365732310927
116253650.73014604,116.253650730146,40.253650730146,8,-0.0377449858103
116288857.77155431,116.288857771554,40.288857771554,8,-0.0389352980755
116324064.81296259,116.324064812963,40.324064812963,8,-0.0401441729754
116359271.85437088,116.359271854371,40.359271854371,8,-0.0413716156776
116394478.89577916,116.394478895779,40.394478895779,8,-0.0426176314308
116429685.93718743,116.429685937187,40.429685937187,8,-0.0438822255644
116464892.97859572,116.464892978596,40.464892978596,8,-0.0451654034888
116500100.020004,116.500100020004,40.500100020004,8,-0.0464671706958
116535307.06141229,116.535307061412,40.535307061412,8,-0.0477875327582
116570514.10282056,116.570514102821,40.570514102821,8,-0.0491264953302
116605721.14422885,116.605721144229,40.605721144229,8,-0.0504840641473
116640928.18563713,116.640928185637,40.640928185637,8,-0.0518602450265
116676135.22704542,116.676135227045,40.676135227045,8,-0.0532550438666
116711342.26845369,116.711342268454,40.711342268454,8,-0.054668466648
116746549.30986197,116.746549309862,40.746549309862,8,-0.0561005194329
116781756.35127026,116.781756351270,40.781756351270,8,-0.0575512083653
116816963.39267854,116.816963392679,40.816963392679,8,-0.0590205396715
116852170.43408681,116.852170434087,40.852170434087,8,-0.0605085196597
116887377.4754951,116.887377475495,40.887377475495,8,-0.0620151547204
116922584.51690339,116.922584516903,40.922584516903,8,-0.0635404513265
116957791.55831167,116.957791558312,40.957791558312,8,-0.0650844160333
116992998.59971994,116.992998599720,40.992998599720,8,-0.0666470554787
117028205.64112823,117.028205641128,41.028205641128,8,-0.0682283763833
117063412.68253651,117.063412682537,41.063412682537,8,-0.0698283855505
117098619.7239448,117.098619723945,41.098619723945,8,-0.0714470898667
117133826.76535307,117.133826765353,41.133826765353,8,-0.0730844963011
117169033.80676135,117.169033806761,41.169033806761,8,-0.0747406119064
117204240.84816964,117.204240848170,41.204240848170,8,-0.0764154438184
117239447.88957791,117.239447889578,41.239447889578,8,-0.0781089992562
117274654.9309862,117.274654930986,41.274654930986,8,-0.0798212855227
117309861.97239448,117.309861972394,41.309861972394,8,-0.0815523100044
117345069.01380277,117.345069013803,41.345069013803,8,-0.0833020801713
117380276.05521104,117.380276055211,41.380276055211,8,-0.0850706035778
117415483.09661932,117.415483096619,41.415483096619,8,-0.086857887862
117450690.13802761,117.450690138028,41.450690138028,8,-0.0886639407463
117485897.17943589,117.485897179436,41.485897179436,8,-0.0904887700375
117521104.22084416,117.521104220844,41.521104220844,8,-0.0923323836267
117556311.26225245,117.556311262252,41.556311262252,8,-0.0941947894897
117591518.30366074,117.591518303661,41.591518303661,8,-0.096075995687
117626725.34506902,117.626725345069,41.626725345069,8,-0.097976010364
117661932.38647729,117.661932386477,41.661932386477,8,-0.0998948417511
117697139.42788558,117.697139427886,41.697139427886,8,-0.101832498164
117732346.46929386,117.732346469294,41.732346469294,8,-0.103788988003
117767553.51070215,117.767553510702,41.767553510702,8,-0.105764319756
117802760.55211042,117.802760552110,41.802760552110,8,-0.107758501993
117837967.5935187,117.837967593519,41.837967593519,8,-0.109771543373
117873174.63492699,117.873174634927,41.873174634927,8,-0.111803452639
117908381.67633528,117.908381676335,41.908381676335,8,-0.113854238622
117943588.71774355,117.943588717744,41.943588717744,8,-0.115923910236
117978795.75915183,117.978795759152,41.978795759152,8,-0.118012476484
118014002.80056012,118.014002800560,42.014002800560,8,-0.120119946455
118049209.8419684,118.049209841968,42.049209841968,8,-0.122246329324
118084416.88337667,118.084416883377,42.084416883377,8,-0.124391634355
118119623.92478496,118.119623924785,42.119623924785,8,-0.126555870895
118154830.96619324,118.154830966193,42.154830966193,8,-0.128739048382
118190038.00760153,118.190038007602,42.190038007602,8,-0.13094117634
118225245.0490098,118.225245049010,42.225245049010,8,-0.133162264381
118260452.09041809,118.260452090418,42.260452090418,8,-0.135402322202
118295659.13182637,118.295659131826,42.295659131826,8,-0.137661359592
118330866.17323464,118.330866173235,42.330866173235,8,-0.139939386425
118366073.21464293,118.366073214643,42.366073214643,8,-0.142236412665
118401280.25605121,118.401280256051,42.401280256051,8,-0.144552448363
118436487.2974595,118.436487297459,42.436487297460,8,-0.146887503659
118471694.33886777,118.471694338868,42.471694338868,8,-0.149241588783
118506901.38027605,118.506901380276,42.506901380276,8,-0.151614714052
118542108.42168434,118.542108421684,42.542108421684,8,-0.154006889874
118577315.46309263,118.577315463093,42.577315463093,8,-0.156418126744
118612522.5045009,118.612522504501,42.612522504501,8,-0.158848435248
118647729.54590918,118.647729545909,42.647729545909,8,-0.161297826062
118682936.58731747,118.682936587317,42.682936587317,8,-0.163766309952
118718143.62872575,118.718143628726,42.718143628726,8,-0.166253897772
118753350.67013402,118.753350670134,42.753350670134,8,-0.168760600468
118788557.71154231,118.788557711542,42.788557711542,8,-0.171286429077
118823764.75295059,118.823764752951,42.823764752951,8,-0.173831394725
118858971.79435888,118.858971794359,42.858971794359,8,-0.17639550863
118894178.83576715,118.894178835767,42.894178835767,8,-0.1789787821
118929385.87717544,118.929385877175,42.929385877175,8,-0.181581226535
118964592.91858372,118.964592918584,42.964592918584,8,-0.184202853427
118999799.95999201,118.999799959992,42.999799959992,8,-0.186843674358
119035007.00140028,119.035007001400,43.035007001400,8,-0.189503701005
119070214.04280856,119.070214042809,43.070214042809,8,-0.192182945132
119105421.08421685,119.105421084217,43.105421084217,8,-0.194881418601
119140628.12562513,119.140628125625,43.140628125625,8,-0.197599133362
119175835.1670334,119.175835167033,43.175835167033,8,-0.200336101461
119211042.20844169,119.211042208442,43.211042208442,8,-0.203092335034
119246249.24984998,119.246249249850,43.246249249850,8,-0.205867846313
119281456.29125826,119.281456291258,43.281456291258,8,-0.208662647621
119316663.33266653,119.316663332667,43.316663332667,8,-0.211476751376
119351870.37407482,119.351870374075,43.351870374075,8,-0.21431017009
119387077.4154831,119.387077415483,43.387077415483,8,-0.217162916368
119422284.45689139,119.422284456891,43.422284456891,8,-0.22003500291
119457491.49829966,119.457491498300,43.457491498300,8,-0.222926442511
119492698.53970794,119.492698539708,43.492698539708,8,-0.225837248059
119527905.58111623,119.527905581116,43.527905581116,8,-0.228767432538
119563112.6225245,119.563112622524,43.563112622524,8,-0.231717009029
119598319.66393279,119.598319663933,43.598319663933,8,-0.234685990706
119633526.70534107,119.633526705341,43.633526705341,8,-0.237674390839
119668733.74674936,119.668733746749,43.668733746749,8,-0.240682222796
119703940.78815763,119.703940788158,43.703940788158,8,-0.243709500038
119739147.82956591,119.739147829566,43.739147829566,8,-0.246756236125
119774354.8709742,119.774354870974,43.774354870974,8,-0.249822444714
119809561.91238248,119.809561912382,43.809561912382,8,-0.252908139556
119844768.95379075,119.844768953791,43.844768953791,8,-0.256013334502
119879975.99519904,119.879975995199,43.879975995199,8,-0.259138043499
119915183.03660733,119.915183036607,43.915183036607,8,-0.262282280593
119950390.07801561,119.950390078016,43.950390078016,8,-0.265446059927
119985597.11942388,119.985597119424,43.985597119424,8,-0.268629395742
120020804.16083217,120.020804160832,44.020804160832,8,-0.271832302379
120056011.20224045,120.056011202240,44.056011202240,8,-0.275054794276
120091218.24364874,120.091218243649,44.091218243649,8,-0.27829688597
120126425.28505701,120.126425285057,44.126425285057,8,-0.2815585921
120161632.32646529,120.161632326465,44.161632326465,8,-0.284839927401
120196839.36787358,120.196839367874,44.196839367874,8,-0.28814090671
120232046.40928186,120.232046409282,44.232046409282,8,-0.291461544965
120267253.45069014,120.267253450690,44.267253450690,8,-0.294801857201
120302460.49209842,120.302460492098,44.302460492098,8,-0.298161858557
120337667.53350671,120.337667533507,44.337667533507,8,-0.301541564272
120372874.57491499,120.372874574915,44.372874574915,8,-0.304940989685
120408081.61632326,120.408081616323,44.408081616323,8,-0.308360150239
120443288.65773155,120.443288657732,44.443288657732,8,-0.311799061476
120478495.69913983,120.478495699140,44.478495699140,8,-0.315257739042
120513702.74054812,120.513702740548,44.513702740548,8,-0.318736198685
120548909.78195639,120.548909781956,44.548909781956,8,-0.322234456257
120584116.82336468,120.584116823365,44.584116823365,8,-0.32575252771
120619323.86477296,120.619323864773,44.619323864773,8,-0.329290429101
120654530.90618123,120.654530906181,44.654530906181,8,-0.332848176592
120689737.94758952,120.689737947590,44.689737947590,8,-0.336425786447
120724944.9889978,120.724944988998,44.724944988998,8,-0.340023275035
120760152.03040609,120.760152030406,44.760152030406,8,-0.34364065883
120795359.07181436,120.795359071814,44.795359071814,8,-0.347277954409
120830566.11322264,120.830566113223,44.830566113223,8,-0.350935178456
120865773.15463093,120.865773154631,44.865773154631,8,-0.35461234776
120900980.19603921,120.900980196039,44.900980196039,8,-0.358309479217
120936187.23744749,120.936187237447,44.936187237447,8,-0.362026589826
120971394.27885577,120.971394278856,44.971394278856,8,-0.365763696695
121006601.32026406,121.006601320264,45.006601320264,8,-0.369520817039
121041808.36167234,121.041808361672,45.041808361672,8,-0.373297968179
121077015.40308061,121.077015403081,45.077015403081,8,-0.377095167544
121112222.4444889,121.112222444489,45.112222444489,8,-0.38091243267
121147429.48589718,121.147429485897,45.147429485897,8,-0.384749781202
121182636.52730547,121.182636527305,45.182636527305,8,-0.388607230893
121217843.56871374,121.217843568714,45.217843568714,8,-0.392484799606
121253050.61012203,121.253050610122,45.253050610122,8,-0.396382505311
121288257.65153031,121.288257651530,45.288257651530,8,-0.400300366089
121323464.6929386,121.323464692939,45.323464692939,8,-0.404238400131
121358671.73434687,121.358671734347,45.358671734347,8,-0.408196625737
121393878.77575515,121.393878775755,45.393878775755,8,-0.412175061318
121429085.81716344,121.429085817163,45.429085817163,8,-0.416173725398
121464292.85857172,121.464292858572,45.464292858572,8,-0.420192636609
121499499.89997999,121.499499899980,45.499499899980,8,-0.424231813697
121534706.94138828,121.534706941388,45.534706941388,8,-0.428291275518
121569913.98279656,121.569913982797,45.569913982797,8,-0.432371041043
121605121.02420485,121.605121024205,45.605121024205,8,-0.436471129353
121640328.06561312,121.640328065613,45.640328065613,8,-0.440591559645
121675535.10702141,121.675535107021,45.675535107021,8,-0.444732351226
121710742.14842969,121.710742148430,45.710742148430,8,-0.44889352352
121745949.18983796,121.745949189838,45.745949189838,8,-0.453075096064
121781156.23124625,121.781156231246,45.781156231246,8,-0.457277088509
121816363.27265453,121.816363272655,45.816363272655,8,-0.461499520623
121851570.31406282,121.851570314063,45.851570314063,8,-0.465742412287
121886777.35547109,121.886777355471,45.886777355471,8,-0.4700057835
121921984.39687937,121.921984396879,45.921984396879,8,-0.474289654375
121957191.43828766,121.957191438288,45.957191438288,8,-0.478594045144
121992398.47969595,121.992398479696,45.992398479696,8,-0.482918976154
122027605.52110422,122.027605521104,46.027605521104,8,-0.48726446787
122062812.5625125,122.062812562513,46.062812562513,8,-0.491630540876
122098019.60392079,122.098019603921,46.098019603921,8,-0.496017215874
122133226.64532907,122.133226645329,46.133226645329,8,-0.500424513682
122168433.68673734,122.168433686737,46.168433686737,8,-0.50485245524
122203640.72814563,122.203640728146,46.203640728146,8,-0.509301061606
122238847.76955391,122.238847769554,46.238847769554,8,-0.51377035396
122274054.8109622,122.274054810962,46.274054810962,8,-0.518260353599
122309261.85237047,122.309261852370,46.309261852370,8,-0.522771081944
122344468.89377876,122.344468893779,46.344468893779,8,-0.527302560534
122379675.93518704,122.379675935187,46.379675935187,8,-0.531854811033
122414882.97659533,122.414882976595,46.414882976595,8,-0.536427855225
122450090.0180036,122.450090018004,46.450090018004,8,-0.541021715017
122485297.05941188,122.485297059412,46.485297059412,8,-0.545636412438
122520504.10082017,122.520504100820,46.520504100820,8,-0.550271969642
122555711.14222845,122.555711142228,46.555711142228,8,-0.554928408907
122590918.18363672,122.590918183637,46.590918183637,8,-0.559605752633
122626125.22504501,122.626125225045,46.626125225045,8,-0.564304023347
122661332.2664533,122.661332266453,46.661332266453,8,-0.5690232437
122696539.30786158,122.696539307862,46.696539307862,8,-0.57376343647
122731746.34926985,122.731746349270,46.731746349270,8,-0.578524624559
122766953.39067814,122.766953390678,46.766953390678,8,-0.583306830998
122802160.43208642,122.802160432086,46.802160432086,8,-0.588110078943
122837367.47349469,122.837367473495,46.837367473495,8,-0.59293439168
122872574.51490298,122.872574514903,46.872574514903,8,-0.59777979262
122907781.55631126,122.907781556311,46.907781556311,8,-0.602646305305
122942988.59771955,122.942988597720,46.942988597720,8,-0.607533953406
122978195.63912782,122.978195639128,46.978195639128,8,-0.612442760721
123013402.68053611,123.013402680536,47.013402680536,8,-0.617372751181
123048609.72194439,123.048609721944,47.048609721944,8,-0.622323948845
123083816.76335268,123.083816763353,47.083816763353,8,-0.627296377905
123119023.80476095,123.119023804761,47.119023804761,8,-0.632290062684
123154230.84616923,123.154230846169,47.154230846169,8,-0.637305027637
123189437.88757752,123.189437887578,47.189437887578,8,-0.64234129735
123224644.9289858,123.224644928986,47.224644928986,8,-0.647398896544
123259851.97039407,123.259851970394,47.259851970394,8,-0.652477850072
123295059.01180236,123.295059011802,47.295059011802,8,-0.657578182924
123330266.05321065,123.330266053211,47.330266053211,8,-0.66269992022
123365473.09461893,123.365473094619,47.365473094619,8,-0.66784308722
123400680.1360272,123.400680136027,47.400680136027,8,-0.673007709316
123435887.17743549,123.435887177435,47.435887177435,8,-0.678193812038
123471094.21884377,123.471094218844,47.471094218844,8,-0.683401421052
123506301.26025206,123.506301260252,47.506301260252,8,-0.688630562161
123541508.30166033,123.541508301660,47.541508301660,8,-0.693881261308
123576715.34306861,123.576715343069,47.576715343069,8,-0.699153544573
123611922.3844769,123.611922384477,47.611922384477,8,-0.704447438173
123647129.42588519,123.647129425885,47.647129425885,8,-0.709762968467
123682336.46729346,123.682336467293,47.682336467293,8,-0.715100161954
123717543.50870174,123.717543508702,47.717543508702,8,-0.720459045273
123752750.55011003,123.752750550110,47.752750550110,8,-0.725839645203
123787957.59151831,123.787957591518,47.787957591518,8,-0.731241988668
123823164.63292658,123.823164632927,47.823164632927,8,-0.736666102731
123858371.67433487,123.858371674335,47.858371674335,8,-0.7421120146
123893578.71574315,123.893578715743,47.893578715743,8,-0.747579751625
123928785.75715142,123.928785757151,47.928785757151,8,-0.753069341302
123963992.79855971,123.963992798560,47.963992798560,8,-0.758580811271
123999199.839968,123.999199839968,47.999199839968,8,-0.764114189316
124034406.88137628,124.034406881376,48.034406881376,8,-0.76966950337
124069613.92278455,124.069613922785,48.069613922785,8,-0.775246781508
124104820.96419284,124.104820964193,48.104820964193,8,-0.780846051957
124140028.00560112,124.140028005601,48.140028005601,8,-0.786467343088
124175235.04700941,124.175235047009,48.175235047009,8,-0.792110683423
124210442.08841768,124.210442088418,48.210442088418,8,-0.797776101632
124245649.12982596,124.245649129826,48.245649129826,8,-0.803463626534
124280856.17123425,124.280856171234,48.280856171234,8,-0.809173287099
124316063.21264254,124.316063212643,48.316063212643,8,-0.814905112448
124351270.25405081,124.351270254051,48.351270254051,8,-0.820659131854
124386477.29545909,124.386477295459,48.386477295459,8,-0.826435374741
124421684.33686738,124.421684336867,48.421684336867,8,-0.832233870687
124456891.37827566,124.456891378276,48.456891378276,8,-0.838054649424
124492098.41968393,124.492098419684,48.492098419684,8,-0.843897740835
124527305.46109222,124.527305461092,48.527305461092,8,-0.849763174962
124562512.5025005,124.562512502501,48.562512502501,8,-0.855650982
124597719.54390879,124.597719543909,48.597719543909,8,-0.861561192302
124632926.58531706,124.632926585317,48.632926585317,8,-0.867493836375
124668133.62672535,124.668133626725,48.668133626725,8,-0.873448944887
124703340.66813363,124.703340668134,48.703340668134,8,-0.879426548663
124738547.70954192,124.738547709542,48.738547709542,8,-0.885426678685
124773754.75095019,124.773754750950,48.773754750950,8,-0.891449366098
124808961.79235847,124.808961792358,48.808961792358,8,-0.897494642205
124844168.83376676,124.844168833767,48.844168833767,8,-0.90356253847
124879375.87517504,124.879375875175,48.879375875175,8,-0.909653086522
124914582.91658331,124.914582916583,48.914582916583,8,-0.915766318148
124949789.9579916,124.949789957992,48.949789957992,8,-0.921902265302
124984996.99939989,124.984996999400,48.984996999400,8,-0.928060960099
125020204.04080817,125.020204040808,49.020204040808,8,-0.934242434822
125055411.08221644,125.055411082216,49.055411082216,8,-0.940446721916
125090618.12362473,125.090618123625,49.090618123625,8,-0.946673853994
125125825.16503301,125.125825165033,49.125825165033,8,-0.952923863837
125161032.20644128,125.161032206441,49.161032206441,8,-0.959196784391
125196239.24784957,125.196239247850,49.196239247850,8,-0.965492648773
125231446.28925785,125.231446289258,49.231446289258,8,-0.971811490269
125266653.33066614,125.266653330666,49.266653330666,8,-0.978153342333
125301860.37207441,125.301860372074,49.301860372074,8,-0.984518238591
125337067.4134827,125.337067413483,49.337067413483,8,-0.990906212842
125372274.45489098,125.372274454891,49.372274454891,8,-0.997317299055
125407481.49629927,125.407481496299,49.407481496299,8,-1.00375153137
125442688.53770754,125.442688537708,49.442688537708,8,-1.01020894412
125477895.57911582,125.477895579116,49.477895579116,8,-1.01668957177
125513102.62052411,125.513102620524,49.513102620524,8,-1.02319344901
125548309.66193239,125.548309661932,49.548309661932,8,-1.02972061068
125583516.70334066,125.583516703341,49.583516703341,8,-1.03627109179
125618723.74474895,125.618723744749,49.618723744749,8,-1.04284492755
125653930.78615724,125.653930786157,49.653930786157,8,-1.04944215334
125689137.82756552,125.689137827566,49.689137827566,8,-1.05606280471
125724344.86897379,125.724344868974,49.724344868974,8,-1.06270691741
125759551.91038208,125.759551910382,49.759551910382,8,-1.06937452734
125794758.95179036,125.794758951790,49.794758951790,8,-1.07606567063
125829965.99319865,125.829965993199,49.829965993199,8,-1.08278038354
125865173.03460692,125.865173034607,49.865173034607,8,-1.08951870255
125900380.0760152,125.900380076015,49.900380076015,8,-1.09628066432
125935587.11742349,125.935587117423,49.935587117423,8,-1.10306630568
125970794.15883178,125.970794158832,49.970794158832,8,-1.10987566367
126006001.20024005,126.006001200240,50.006001200240,8,-1.1167087755
126041208.24164833,126.041208241648,50.041208241648,8,-1.12356567856
126076415.28305662,126.076415283057,50.076415283057,8,-1.13044641046
126111622.3244649,126.111622324465,50.111622324465,8,-1.13735100898
126146829.36587317,126.146829365873,50.146829365873,8,-1.14427951208
126182036.40728146,126.182036407281,50.182036407281,8,-1.15123195795
126217243.44868974,126.217243448690,50.217243448690,8,-1.15820838493
126252450.49009801,126.252450490098,50.252450490098,8,-1.16520883158
126287657.5315063,126.287657531506,50.287657531506,8,-1.17223333666
126322864.57291459,126.322864572915,50.322864572915,8,-1.1792819391
126358071.61432287,126.358071614323,50.358071614323,8,-1.18635467804
126393278.65573114,126.393278655731,50.393278655731,8,-1.19345159284
126428485.69713943,126.428485697139,50.428485697139,8,-1.20057272302
126463692.73854771,126.463692738548,50.463692738548,8,-1.20771810832
126498899.779956,126.498899779956,50.498899779956,8,-1.21488778869
126534106.82136427,126.534106821364,50.534106821364,8,-1.22208180426
126569313.86277255,126.569313862773,50.569313862773,8,-1.22930019538
126604520.90418084,126.604520904181,50.604520904181,8,-1.2365430026
126639727.94558913,126.639727945589,50.639727945589,8,-1.24381026667
126674934.9869974,126.674934986997,50.674934986997,8,-1.25110202855
126710142.02840568,126.710142028406,50.710142028406,8,-1.2584183294
126745349.06981397,126.745349069814,50.745349069814,8,-1.26575921061
126780556.11122225,126.780556111222,50.780556111222,8,-1.27312471375
126815763.15263052,126.815763152631,50.815763152631,8,-1.28051488062
126850970.19403881,126.850970194039,50.850970194039,8,-1.28792975322
126886177.23544709,126.886177235447,50.886177235447,8,-1.29536937377
126921384.27685538,126.921384276855,50.921384276855,8,-1.3028337847
126956591.31826365,126.956591318264,50.956591318264,8,-1.31032302865
126991798.35967194,126.991798359672,50.991798359672,8,-1.31783714849
127027005.40108022,127.027005401080,51.027005401080,8,-1.32537618729
127062212.44248851,127.062212442489,51.062212442489,8,-1.33294018835
127097419.48389678,127.097419483897,51.097419483897,8,-1.34052919518
127132626.52530506,127.132626525305,51.132626525305,8,-1.34814325152
127167833.56671335,127.167833566713,51.167833566713,8,-1.35578240132
127203040.60812163,127.203040608122,51.203040608122,8,-1.36344668876
127238247.6495299,127.238247649530,51.238247649530,8,-1.37113615824
127273454.69093819,127.273454690938,51.273454690938,8,-1.37885085439
127308661.73234648,127.308661732346,51.308661732346,8,-1.38659082205
127343868.77375475,127.343868773755,51.343868773755,8,-1.39435610631
127379075.81516303,127.379075815163,51.379075815163,8,-1.40214675248
127414282.85657132,127.414282856571,51.414282856571,8,-1.40996280609
127449489.8979796,127.449489897980,51.449489897980,8,-1.41780431291
127484696.93938787,127.484696939388,51.484696939388,8,-1.42567131893
127519903.98079616,127.519903980796,51.519903980796,8,-1.4335638704
127555111.02220444,127.555111022204,51.555111022204,8,-1.44148201377
127590318.06361273,127.590318063613,51.590318063613,8,-1.44942579576
127625525.105021,127.625525105021,51.625525105021,8,-1.45739526329
127660732.14642929,127.660732146429,51.660732146429,8,-1.46539046354
127695939.18783757,127.695939187838,51.695939187838,8,-1.47341144394
127731146.22924586,127.731146229246,51.731146229246,8,-1.48145825214
127766353.27065413,127.766353270654,51.766353270654,8,-1.48953093604
127801560.31206241,127.801560312062,51.801560312062,8,-1.49762954378
127836767.3534707,127.836767353471,51.836767353471,8,-1.50575412375
127871974.39487898,127.871974394879,51.871974394879,8,-1.51390472458
127907181.43628725,127.907181436287,51.907181436287,8,-1.52208139516
127942388.47769554,127.942388477696,51.942388477696,8,-1.53028418461
127977595.51910383,127.977595519104,51.977595519104,8,-1.53851314231
128012802.56051211,128.012802560512,52.012802560512,8,-1.54676831788
128048009.60192038,128.048009601920,52.048009601920,8,-1.55504976123
128083216.64332867,128.083216643329,52.083216643329,8,-1.56335752247
128118423.68473695,128.118423684737,52.118423684737,8,-1.57169165201
128153630.72614524,128.153630726145,52.153630726145,8,-1.5800522005
128188837.76755351,128.188837767554,52.188837767554,8,-1.58843921883
128224044.80896179,128.224044808962,52.224044808962,8,-1.59685275818
128259251.85037008,128.259251850370,52.259251850370,8,-1.60529286999
128294458.89177836,128.294458891778,52.294458891778,8,-1.61375960593
128329665.93318664,128.329665933187,52.329665933187,8,-1.62225301796
128364872.97459492,128.364872974595,52.364872974595,8,-1.63077315831
128400080.01600321,128.400080016003,52.400080016003,8,-1.63932007947
128435287.05741149,128.435287057412,52.435287057411,8,-1.64789383418
128470494.09881976,128.470494098820,52.470494098820,8,-1.65649447549
128505701.14022805,128.505701140228,52.505701140228,8,-1.66512205668
128540908.18163633,128.540908181636,52.540908181636,8,-1.67377663132
128576115.2230446,128.576115223045,52.576115223045,8,-1.68245825327
128611322.26445289,128.611322264453,52.611322264453,8,-1.69116697664
128646529.30586118,128.646529305861,52.646529305861,8,-1.69990285584
128681736.34726946,128.681736347269,52.681736347269,8,-1.70866594554
128716943.38867773,128.716943388678,52.716943388678,8,-1.71745630071
128752150.43008602,128.752150430086,52.752150430086,8,-1.72627397658
128787357.4714943,128.787357471494,52.787357471494,8,-1.73511902869
128822564.51290259,128.822564512903,52.822564512903,8,-1.74399151284
128857771.55431086,128.857771554311,52.857771554311,8,-1.75289148514
128892978.59571914,128.892978595719,52.892978595719,8,-1.76181900198
128928185.63712743,128.928185637127,52.928185637127,8,-1.77077412003
128963392.67853571,128.963392678536,52.963392678536,8,-1.77975689627
128998599.71994399,128.998599719944,52.998599719944,8,-1.78876738797
129033806.76135227,129.033806761352,53.033806761352,8,-1.79780565268
129069013.80276056,129.069013802761,53.069013802761,8,-1.80687174827
129104220.84416884,129.104220844169,53.104220844169,8,-1.81596573289
129139427.88557711,129.139427885577,53.139427885577,8,-1.82508766501
129174634.9269854,129.174634926985,53.174634926985,8,-1.83423760339
129209841.96839368,129.209841968394,53.209841968394,8,-1.8434156071
129245049.00980197,129.245049009802,53.245049009802,8,-1.8526217355
129280256.05121024,129.280256051210,53.280256051210,8,-1.86185604828
129315463.09261853,129.315463092619,53.315463092619,8,-1.87111860544
129350670.13402681,129.350670134027,53.350670134027,8,-1.88040946727
129385877.1754351,129.385877175435,53.385877175435,8,-1.8897286944
129421084.21684337,129.421084216843,53.421084216843,8,-1.89907634775
129456291.25825165,129.456291258252,53.456291258252,8,-1.90845248858
129491498.29965994,129.491498299660,53.491498299660,8,-1.91785717845
129526705.34106822,129.526705341068,53.526705341068,8,-1.92729047926
129561912.38247649,129.561912382476,53.561912382476,8,-1.93675245322
129597119.42388478,129.597119423885,53.597119423885,8,-1.94624316286
129632326.46529306,129.632326465293,53.632326465293,8,-1.95576267106
129667533.50670134,129.667533506701,53.667533506701,8,-1.965311041
129702740.54810962,129.702740548110,53.702740548110,8,-1.97488833622
129737947.58951791,129.737947589518,53.737947589518,8,-1.98449462057
129773154.63092619,129.773154630926,53.773154630926,8,-1.99412995823
129808361.67233446,129.808361672334,53.808361672334,8,-2.00379441376
129843568.71374275,129.843568713743,53.843568713743,8,-2.013488052
129878775.75515103,129.878775755151,53.878775755151,8,-2.02321093817
129913982.79655932,129.913982796559,53.913982796559,8,-2.03296313783
129949189.83796759,129.949189837968,53.949189837968,8,-2.04274471688
129984396.87937587,129.984396879376,53.984396879376,8,-2.05255574155
130019603.92078416,130.019603920784,54.019603920784,8,-2.06239627844
130054810.96219245,130.054810962192,54.054810962192,8,-2.07226639451
130090018.00360072,130.090018003601,54.090018003601,8,-2.08216615705
130125225.045009,130.125225045009,54.125225045009,8,-2.09209563371
130160432.08641729,130.160432086417,54.160432086417,8,-2.10205489252
130195639.12782557,130.195639127826,54.195639127826,8,-2.11204400184
130230846.16923384,130.230846169234,54.230846169234,8,-2.12206303042
130266053.21064213,130.266053210642,54.266053210642,8,-2.13211204735
130301260.25205041,130.301260252050,54.301260252050,8,-2.14219112212
130336467.2934587,130.336467293459,54.336467293459,8,-2.15230032454
130371674.33486697,130.371674334867,54.371674334867,8,-2.16243972485
130406881.37627526,130.406881376275,54.406881376275,8,-2.17260939362
130442088.41768354,130.442088417684,54.442088417684,8,-2.18280940181
130477295.45909183,130.477295459092,54.477295459092,8,-2.19303982076
130512502.5005001,130.512502500500,54.512502500500,8,-2.2033007222
130547709.54190838,130.547709541908,54.547709541908,8,-2.21359217823
130582916.58331667,130.582916583317,54.582916583317,8,-2.22391426134
130618123.62472495,130.618123624725,54.618123624725,8,-2.23426704441
130653330.66613322,130.653330666133,54.653330666133,8,-2.24465060071
130688537.70754151,130.688537707542,54.688537707542,8,-2.2550650039
130723744.7489498,130.723744748950,54.723744748950,8,-2.26551032806
130758951.79035807,130.758951790358,54.758951790358,8,-2.27598664762
130794158.83176635,130.794158831766,54.794158831766,8,-2.28649403746
130829365.87317464,130.829365873175,54.829365873175,8,-2.29703257283
130864572.91458292,130.864572914583,54.864572914583,8,-2.30760232941
130899779.95599119,130.899779955991,54.899779955991,8,-2.31820338327
130934986.99739948,130.934986997399,54.934986997399,8,-2.3288358109
130970194.03880776,130.970194038808,54.970194038808,8,-2.33949968921
131005401.08021605,131.005401080216,55.005401080216,8,-2.35019509552
131040608.12162432,131.040608121624,55.040608121624,8,-2.36092210756
131075815.16303261,131.075815163033,55.075815163033,8,-2.37168080351
131111022.20444089,131.111022204441,55.111022204441,8,-2.38247126194
131146229.24584918,131.146229245849,55.146229245849,8,-2.39329356187
131181436.28725745,131.181436287257,55.181436287257,8,-2.40414778275
131216643.32866573,131.216643328666,55.216643328666,8,-2.41503400446
131251850.37007402,131.251850370074,55.251850370074,8,-2.42595230731
131287057.4114823,131.287057411482,55.287057411482,8,-2.43690277205
131322264.45289057,131.322264452891,55.322264452891,8,-2.44788547989
131357471.49429886,131.357471494299,55.357471494299,8,-2.45890051247
131392678.53570715,131.392678535707,55.392678535707,8,-2.46994795187
131427885.57711543,131.427885577115,55.427885577115,8,-2.48102788064
131463092.6185237,131.463092618524,55.463092618524,8,-2.49214038176
131498299.65993199,131.498299659932,55.498299659932,8,-2.5032855387
131533506.70134027,131.533506701340,55.533506701340,8,-2.51446343536
131568713.74274856,131.568713742749,55.568713742749,8,-2.52567415612
131603920.78415683,131.603920784157,55.603920784157,8,-2.53691778581
131639127.82556511,131.639127825565,55.639127825565,8,-2.54819440976
131674334.8669734,131.674334866973,55.674334866973,8,-2.55950411373
131709541.90838169,131.709541908382,55.709541908382,8,-2.57084698399
131744748.94978996,131.744748949790,55.744748949790,8,-2.58222310727
131779955.99119824,131.779955991198,55.779955991198,8,-2.5936325708
131815163.03260653,131.815163032607,55.815163032607,8,-2.60507546228
131850370.0740148,131.850370074015,55.850370074015,8,-2.61655186989
131885577.11542308,131.885577115423,55.885577115423,8,-2.62806188234
131920784.15683137,131.920784156831,55.920784156831,8,-2.63960558878
131955991.19823965,131.955991198240,55.955991198240,8,-2.65118307892
131991198.23964792,131.991198239648,55.991198239648,8,-2.66279444292
132026405.28105621,132.026405281056,56.026405281056,8,-2.67443977148
132061612.3224645,132.061612322464,56.061612322464,8,-2.68611915578
132096819.36387278,132.096819363873,56.096819363873,8,-2.69783268755
132132026.40528105,132.132026405281,56.132026405281,8,-2.709580459
132167233.44668934,132.167233446689,56.167233446689,8,-2.72136256287
132202440.48809762,132.202440488098,56.202440488098,8,-2.73317909245
132237647.52950591,132.237647529506,56.237647529506,8,-2.74503014151
132272854.57091418,132.272854570914,56.272854570914,8,-2.7569158044
132308061.61232246,132.308061612322,56.308061612322,8,-2.76883617596
132343268.65373075,132.343268653731,56.343268653731,8,-2.7807913516
132378475.69513904,132.378475695139,56.378475695139,8,-2.79278142725
132413682.73654731,132.413682736547,56.413682736547,8,-2.80480649941
132448889.77795559,132.448889777956,56.448889777956,8,-2.81686666511
132484096.81936388,132.484096819364,56.484096819364,8,-2.82896202193
132519303.86077216,132.519303860772,56.519303860772,8,-2.84109266802
132554510.90218043,132.554510902180,56.554510902180,8,-2.85325870209
132589717.94358872,132.589717943589,56.589717943589,8,-2.86546022342
132624924.984997,132.624924984997,56.624924984997,8,-2.87769733184
132660132.02640529,132.660132026405,56.660132026405,8,-2.88997012777
132695339.06781356,132.695339067814,56.695339067814,8,-2.90227871221
132730546.10922185,132.730546109222,56.730546109222,8,-2.91462318672
132765753.15063013,132.765753150630,56.765753150630,8,-2.92700365347
132800960.19203842,132.800960192038,56.800960192038,8,-2.93942021521
132836167.23344669,132.836167233447,56.836167233447,8,-2.95187297527
132871374.27485497,132.871374274855,56.871374274855,8,-2.96436203761
132906581.31626326,132.906581316263,56.906581316263,8,-2.97688750678
132941788.35767153,132.941788357672,56.941788357672,8,-2.98944948791
132976995.39907981,132.976995399080,56.976995399080,8,-3.00204808678
133012202.4404881,133.012202440488,57.012202440488,8,-3.01468340976
133047409.48189639,133.047409481896,57.047409481896,8,-3.02735556386
133082616.52330466,133.082616523305,57.082616523305,8,-3.0400646567
133117823.56471294,133.117823564713,57.117823564713,8,-3.05281079654
133153030.60612123,133.153030606121,57.153030606121,8,-3.06559409227
133188237.64752951,133.188237647530,57.188237647530,8,-3.07841465341
133223444.68893778,133.223444688938,57.223444688938,8,-3.09127259014
133258651.73034607,133.258651730346,57.258651730346,8,-3.10416801328
133293858.77175435,133.293858771754,57.293858771754,8,-3.11710103429
133329065.81316264,133.329065813163,57.329065813163,8,-3.13007176532
133364272.85457091,133.364272854571,57.364272854571,8,-3.14308031916
133399479.8959792,133.399479895979,57.399479895979,8,-3.15612680926
133434686.93738748,133.434686937387,57.434686937387,8,-3.16921134977
133469893.97879577,133.469893978796,57.469893978796,8,-3.18233405549
133505101.02020404,133.505101020204,57.505101020204,8,-3.19549504192
133540308.06161232,133.540308061612,57.540308061612,8,-3.20869442524
133575515.10302061,133.575515103021,57.575515103021,8,-3.22193232234
133610722.14442889,133.610722144429,57.610722144429,8,-3.23520885077
133645929.18583716,133.645929185837,57.645929185837,8,-3.24852412883
133681136.22724545,133.681136227245,57.681136227245,8,-3.2618782755
133716343.26865374,133.716343268654,57.716343268654,8,-3.27527141049
133751550.31006202,133.751550310062,57.751550310062,8,-3.2887036542
133786757.35147029,133.786757351470,57.786757351470,8,-3.30217512779
133821964.39287858,133.821964392879,57.821964392879,8,-3.31568595314
133857171.43428686,133.857171434287,57.857171434287,8,-3.32923625286
133892378.47569515,133.892378475695,57.892378475695,8,-3.34282615031
133927585.51710342,133.927585517103,57.927585517103,8,-3.35645576958
133962792.5585117,133.962792558512,57.962792558512,8,-3.37012523554
133997999.59991999,133.997999599920,57.997999599920,8,-3.3838346738
134033206.64132828,134.033206641328,58.033206641328,8,-3.39758421074
134068413.68273655,134.068413682737,58.068413682737,8,-3.41137397351
134103620.72414483,134.103620724145,58.103620724145,8,-3.42520409005
134138827.76555312,134.138827765553,58.138827765553,8,-3.43907468906
134174034.80696139,134.174034806961,58.174034806961,8,-3.45298590004
134209241.84836967,134.209241848370,58.209241848370,8,-3.4669378533
134244448.88977796,134.244448889778,58.244448889778,8,-3.48093067992
134279655.93118623,134.279655931186,58.279655931186,8,-3.49496451182
134314862.97259453,134.314862972595,58.314862972595,8,-3.50903948171
134350070.0140028,134.350070014003,58.350070014003,8,-3.52315572314
134385277.05541107,134.385277055411,58.385277055411,8,-3.53731337046
134420484.09681937,134.420484096819,58.420484096819,8,-3.55151255888
134455691.13822764,134.455691138228,58.455691138228,8,-3.56575342445
134490898.17963594,134.490898179636,58.490898179636,8,-3.58003610405
134526105.22104421,134.526105221044,58.526105221044,8,-3.59436073541
134561312.26245248,134.561312262452,58.561312262452,8,-3.60872745714
134596519.30386078,134.596519303861,58.596519303861,8,-3.62313640872
134631726.34526905,134.631726345269,58.631726345269,8,-3.63758773047
134666933.38667732,134.666933386677,58.666933386677,8,-3.65208156363
134702140.42808563,134.702140428086,58.702140428086,8,-3.66661805031
134737347.4694939,134.737347469494,58.737347469494,8,-3.68119733351
134772554.5109022,134.772554510902,58.772554510902,8,-3.69581955715
134807761.55231047,134.807761552310,58.807761552310,8,-3.71048486604
134842968.59371874,134.842968593719,58.842968593719,8,-3.72519340592
134878175.63512704,134.878175635127,58.878175635127,8,-3.73994532345
134913382.67653531,134.913382676535,58.913382676535,8,-3.75474076623
134948589.71794358,134.948589717944,58.948589717944,8,-3.76957988279
134983796.75935188,134.983796759352,58.983796759352,8,-3.78446282261
135019003.80076015,135.019003800760,59.019003800760,8,-3.79938973614
135054210.84216845,135.054210842168,59.054210842168,8,-3.81436077476
135089417.88357672,135.089417883577,59.089417883577,8,-3.82937609085
135124624.92498499,135.124624924985,59.124624924985,8,-3.84443583777
135159831.96639329,135.159831966393,59.159831966393,8,-3.85954016984
135195039.00780156,135.195039007802,59.195039007802,8,-3.87468924241
135230246.04920983,135.230246049210,59.230246049210,8,-3.8898832118
135265453.09061813,135.265453090618,59.265453090618,8,-3.90512223538
135300660.1320264,135.300660132026,59.300660132026,8,-3.9204064715
135335867.17343467,135.335867173435,59.335867173435,8,-3.93573607957
135371074.21484298,135.371074214843,59.371074214843,8,-3.95111122002
135406281.25625125,135.406281256251,59.406281256251,8,-3.96653205433
135441488.29765955,135.441488297660,59.441488297660,8,-3.98199874504
135476695.33906782,135.476695339068,59.476695339068,8,-3.99751145576
135511902.38047609,135.511902380476,59.511902380476,8,-4.01307035116
135547109.42188439,135.547109421884,59.547109421884,8,-4.02867559699
135582316.46329266,135.582316463293,59.582316463293,8,-4.04432736011
135617523.50470093,135.617523504701,59.617523504701,8,-4.06002580846
135652730.54610923,135.652730546109,59.652730546109,8,-4.0757711111
135687937.5875175,135.687937587517,59.687937587518,8,-4.09156343821
135723144.6289258,135.723144628926,59.723144628926,8,-4.1074029611
135758351.67033407,135.758351670334,59.758351670334,8,-4.12328985221
135793558.71174234,135.793558711742,59.793558711742,8,-4.13922428514
135828765.75315064,135.828765753151,59.828765753151,8,-4.15520643464
135863972.79455891,135.863972794559,59.863972794559,8,-4.17123647664
135899179.83596718,135.899179835967,59.899179835967,8,-4.18731458824
135934386.87737548,135.934386877375,59.934386877375,8,-4.20344094772
135969593.91878375,135.969593918784,59.969593918784,8,-4.21961573458
136004800.96019205,136.004800960192,60.004800960192,8,-4.23583912951
136040008.00160033,136.040008001600,60.040008001600,8,-4.25211131443
136075215.0430086,136.075215043009,60.075215043009,8,-4.2684324725
136110422.0844169,136.110422084417,60.110422084417,8,-4.2848027881
136145629.12582517,136.145629125825,60.145629125825,8,-4.30122244688
136180836.16723344,136.180836167233,60.180836167233,8,-4.31769163575
136216043.20864174,136.216043208642,60.216043208642,8,-4.33421054289
136251250.25005001,136.251250250050,60.251250250050,8,-4.35077935778
136286457.29145831,136.286457291458,60.286457291458,8,-4.36739827118
136321664.33286658,136.321664332867,60.321664332867,8,-4.38406747516
136356871.37427485,136.356871374275,60.356871374275,8,-4.40078716313
136392078.41568315,136.392078415683,60.392078415683,8,-4.41755752981
136427285.45709142,136.427285457091,60.427285457091,8,-4.43437877129
136462492.49849969,136.462492498500,60.462492498500,8,-4.45125108499
136497699.53990799,136.497699539908,60.497699539908,8,-4.46817466972
136532906.58131626,136.532906581316,60.532906581316,8,-4.48514972566
136568113.62272453,136.568113622725,60.568113622725,8,-4.50217645439
136603320.66413283,136.603320664133,60.603320664133,8,-4.51925505888
136638527.7055411,136.638527705541,60.638527705541,8,-4.53638574355
136673734.7469494,136.673734746949,60.673734746949,8,-4.55356871424
136708941.78835768,136.708941788358,60.708941788358,8,-4.57080417821
136744148.82976595,136.744148829766,60.744148829766,8,-4.58809234421
136779355.87117425,136.779355871174,60.779355871174,8,-4.60543342246
136814562.91258252,136.814562912583,60.814562912583,8,-4.62282762466
136849769.95399079,136.849769953991,60.849769953991,8,-4.64027516399
136884976.99539909,136.884976995399,60.884976995399,8,-4.65777625517
136920184.03680736,136.920184036807,60.920184036807,8,-4.67533111444
136955391.07821566,136.955391078216,60.955391078216,8,-4.69293995957
136990598.11962393,136.990598119624,60.990598119624,8,-4.71060300991
137025805.1610322,137.025805161032,61.025805161032,8,-4.72832048636
137061012.2024405,137.061012202441,61.061012202441,8,-4.74609261141
137096219.24384877,137.096219243849,61.096219243849,8,-4.76391960914
137131426.28525704,137.131426285257,61.131426285257,8,-4.78180170528
137166633.32666534,137.166633326665,61.166633326665,8,-4.79973912715
137201840.36807361,137.201840368074,61.201840368074,8,-4.81773210373
137237047.40948191,137.237047409482,61.237047409482,8,-4.83578086567
137272254.45089018,137.272254450890,61.272254450890,8,-4.85388564529
137307461.49229845,137.307461492298,61.307461492298,8,-4.8720466766
137342668.53370675,137.342668533707,61.342668533707,8,-4.89026419533
137377875.57511503,137.377875575115,61.377875575115,8,-4.90853843892
137413082.6165233,137.413082616523,61.413082616523,8,-4.92686964657
137448289.6579316,137.448289657932,61.448289657932,8,-4.94525805922
137483496.69933987,137.483496699340,61.483496699340,8,-4.9637039196
137518703.74074814,137.518703740748,61.518703740748,8,-4.98220747223
137553910.78215644,137.553910782156,61.553910782156,8,-5.00076896343
137589117.82356471,137.589117823565,61.589117823565,8,-5.01938864137
137624324.86497301,137.624324864973,61.624324864973,8,-5.03806675604
137659531.90638128,137.659531906381,61.659531906381,8,-5.05680355931
137694738.94778955,137.694738947790,61.694738947790,8,-5.07559930493
137729945.98919785,137.729945989198,61.729945989198,8,-5.09445424856
137765153.03060612,137.765153030606,61.765153030606,8,-5.11336864775
137800360.07201439,137.800360072014,61.800360072014,8,-5.13234276202
137835567.11342269,137.835567113423,61.835567113423,8,-5.15137685283
137870774.15483096,137.870774154831,61.870774154831,8,-5.17047118361
137905981.19623926,137.905981196239,61.905981196239,8,-5.18962601981
137941188.23764753,137.941188237648,61.941188237648,8,-5.20884162889
137976395.2790558,137.976395279056,61.976395279056,8,-5.22811828032
138011602.3204641,138.011602320464,62.011602320464,8,-5.24745624565
138046809.36187238,138.046809361872,62.046809361872,8,-5.26685579852
138082016.40328065,138.082016403281,62.082016403281,8,-5.28631721464
138117223.44468895,138.117223444689,62.117223444689,8,-5.30584077186
138152430.48609722,138.152430486097,62.152430486097,8,-5.32542675015
138187637.52750552,138.187637527506,62.187637527506,8,-5.34507543166
138222844.56891379,138.222844568914,62.222844568914,8,-5.36478710073
138258051.61032206,138.258051610322,62.258051610322,8,-5.38456204389
138293258.65173036,138.293258651730,62.293258651730,8,-5.40440054991
138328465.69313863,138.328465693139,62.328465693139,8,-5.42430290981
138363672.7345469,138.363672734547,62.363672734547,8,-5.44426941687
138398879.7759552,138.398879775955,62.398879775955,8,-5.46430036671
138434086.81736347,138.434086817363,62.434086817363,8,-5.48439605723
138469293.85877177,138.469293858772,62.469293858772,8,-5.50455678869
138504500.90018004,138.504500900180,62.504500900180,8,-5.52478286374
138539707.94158831,138.539707941588,62.539707941588,8,-5.5450745874
138574914.98299661,138.574914982997,62.574914982997,8,-5.56543226712
138610122.02440488,138.610122024405,62.610122024405,8,-5.5858562128
138645329.06581315,138.645329065813,62.645329065813,8,-5.60634673682
138680536.10722145,138.680536107221,62.680536107221,8,-5.62690415404
138715743.14862972,138.715743148630,62.715743148630,8,-5.64752878184
138750950.190038,138.750950190038,62.750950190038,8,-5.66822094019
138786157.2314463,138.786157231446,62.786157231446,8,-5.68898095159
138821364.27285457,138.821364272855,62.821364272855,8,-5.70980914117
138856571.31426287,138.856571314263,62.856571314263,8,-5.73070583669
138891778.35567114,138.891778355671,62.891778355671,8,-5.75167136858
138926985.39707941,138.926985397079,62.926985397079,8,-5.77270606995
138962192.43848771,138.962192438488,62.962192438488,8,-5.79381027662
138997399.47989598,138.997399479896,62.997399479896,8,-5.81498432718
139032606.52130425,139.032606521304,63.032606521304,8,-5.83622856299
139067813.56271255,139.067813562713,63.067813562713,8,-5.8575433282
139103020.60412082,139.103020604121,63.103020604121,8,-5.87892896982
139138227.64552912,139.138227645529,63.138227645529,8,-5.90038583773
139173434.68693739,139.173434686937,63.173434686937,8,-5.92191428471
139208641.72834566,139.208641728346,63.208641728346,8,-5.94351466645
139243848.76975396,139.243848769754,63.243848769754,8,-5.96518734163
139279055.81116223,139.279055811162,63.279055811162,8,-5.98693267192
139314262.8525705,139.314262852570,63.314262852571,8,-6.00875102203
139349469.8939788,139.349469893979,63.349469893979,8,-6.03064275971
139384676.93538707,139.384676935387,63.384676935387,8,-6.05260825584
139419883.97679538,139.419883976795,63.419883976795,8,-6.07464788441
139455091.01820365,139.455091018204,63.455091018204,8,-6.09676202259
139490298.05961192,139.490298059612,63.490298059612,8,-6.11895105074
139525505.10102022,139.525505101020,63.525505101020,8,-6.14121535248
139560712.14242849,139.560712142428,63.560712142428,8,-6.1635553147
139595919.18383676,139.595919183837,63.595919183837,8,-6.18597132758
139631126.22524506,139.631126225245,63.631126225245,8,-6.20846378469
139666333.26665333,139.666333266653,63.666333266653,8,-6.23103308296
139701540.3080616,139.701540308062,63.701540308062,8,-6.25367962276
139736747.3494699,139.736747349470,63.736747349470,8,-6.27640380792
139771954.39087817,139.771954390878,63.771954390878,8,-6.29920604579
139807161.43228647,139.807161432286,63.807161432286,8,-6.32208674725
139842368.47369474,139.842368473695,63.842368473695,8,-6.34504632678
139877575.51510301,139.877575515103,63.877575515103,8,-6.36808520248
139912782.55651131,139.912782556511,63.912782556511,8,-6.39120379614
139947989.59791958,139.947989597920,63.947989597920,8,-6.41440253324
139983196.63932785,139.983196639328,63.983196639328,8,-6.43768184303
140018403.68073615,140.018403680736,64.018403680736,8,-6.46104215858
140053610.72214442,140.053610722144,64.053610722144,8,-6.48448391677
140088817.76355273,140.088817763553,64.088817763553,8,-6.50800755839
140124024.804961,140.124024804961,64.124024804961,8,-6.53161352818
140159231.84636927,140.159231846369,64.159231846369,8,-6.55530227485
140194438.88777757,140.194438887778,64.194438887778,8,-6.57907425115
140229645.92918584,140.229645929186,64.229645929186,8,-6.60292991389
140264852.97059411,140.264852970594,64.264852970594,8,-6.62686972404
140300060.01200241,140.300060012002,64.300060012002,8,-6.65089414672
140335267.05341068,140.335267053411,64.335267053411,8,-6.6750036513
140370474.09481898,140.370474094819,64.370474094819,8,-6.69919871141
140405681.13622725,140.405681136227,64.405681136227,8,-6.72347980504
140440888.17763552,140.440888177636,64.440888177636,8,-6.74784741454
140476095.21904382,140.476095219044,64.476095219044,8,-6.77230202669
140511302.26045209,140.511302260452,64.511302260452,8,-6.7968441328
140546509.30186036,140.546509301860,64.546509301860,8,-6.82147422868
140581716.34326866,140.581716343269,64.581716343269,8,-6.84619281479
140616923.38467693,140.616923384677,64.616923384677,8,-6.8710003962
140652130.42608523,140.652130426085,64.652130426085,8,-6.89589748274
140687337.4674935,140.687337467494,64.687337467494,8,-6.92088458899
140722544.50890177,140.722544508902,64.722544508902,8,-6.94596223438
140757751.55031008,140.757751550310,64.757751550310,8,-6.97113094322
140792958.59171835,140.792958591718,64.792958591718,8,-6.99639124479
140828165.63312662,140.828165633127,64.828165633127,8,-7.02174367339
140863372.67453492,140.863372674535,64.863372674535,8,-7.0471887684
140898579.71594319,140.898579715943,64.898579715943,8,-7.07272707433
140933786.75735146,140.933786757351,64.933786757351,8,-7.09835914092
140968993.79875976,140.968993798760,64.968993798760,8,-7.12408552319
141004200.84016803,141.004200840168,65.004200840168,8,-7.14990678151
141039407.88157633,141.039407881576,65.039407881576,8,-7.17582348163
141074614.9229846,141.074614922985,65.074614922985,8,-7.20183619483
141109821.96439287,141.109821964393,65.109821964393,8,-7.22794549792
141145029.00580117,141.145029005801,65.145029005801,8,-7.25415197334
141180236.04720944,141.180236047209,65.180236047209,8,-7.28045620922
141215443.08861771,141.215443088618,65.215443088618,8,-7.30685879948
141250650.13002601,141.250650130026,65.250650130026,8,-7.33336034388
141285857.17143428,141.285857171434,65.285857171434,8,-7.35996144811
141321064.21284258,141.321064212843,65.321064212843,8,-7.38666272387
141356271.25425085,141.356271254251,65.356271254251,8,-7.41346478892
141391478.29565912,141.391478295659,65.391478295659,8,-7.4403682672
141426685.33706743,141.426685337067,65.426685337067,8,-7.46737378891
141461892.3784757,141.461892378476,65.461892378476,8,-7.49448199055
141497099.41988397,141.497099419884,65.497099419884,8,-7.52169351504
141532306.46129227,141.532306461292,65.532306461292,8,-7.54900901181
141567513.50270054,141.567513502701,65.567513502701,8,-7.57642913688
141602720.54410884,141.602720544109,65.602720544109,8,-7.60395455293
141637927.58551711,141.637927585517,65.637927585517,8,-7.63158592941
141673134.62692538,141.673134626925,65.673134626925,8,-7.65932394264
141708341.66833368,141.708341668334,65.708341668334,8,-7.68716927588
141743548.70974195,141.743548709742,65.743548709742,8,-7.71512261943
141778755.75115022,141.778755751150,65.778755751150,8,-7.74318467076
141813962.79255852,141.813962792559,65.813962792559,8,-7.77135613456
141849169.83396679,141.849169833967,65.849169833967,8,-7.79963772287
141884376.87537509,141.884376875375,65.884376875375,8,-7.82803015518
141919583.91678336,141.919583916783,65.919583916783,8,-7.85653415851
141954790.95819163,141.954790958192,65.954790958192,8,-7.88515046756
141989997.99959993,141.989997999600,65.989997999600,8,-7.91387982476
142025205.0410082,142.025205041008,66.025205041008,8,-7.94272298044
142060412.08241647,142.060412082416,66.060412082416,8,-7.9716806929
142095619.12382478,142.095619123825,66.095619123825,8,-8.00075372853
142130826.16523305,142.130826165233,66.130826165233,8,-8.02994286193
142166033.20664132,142.166033206641,66.166033206641,8,-8.05924887604
142201240.24804962,142.201240248050,66.201240248050,8,-8.08867256224
142236447.28945789,142.236447289458,66.236447289458,8,-8.11821472047
142271654.33086619,142.271654330866,66.271654330866,8,-8.14787615937
142306861.37227446,142.306861372274,66.306861372274,8,-8.1776576964
142342068.41368273,142.342068413683,66.342068413683,8,-8.20756015797
142377275.45509103,142.377275455091,66.377275455091,8,-8.23758437954
142412482.4964993,142.412482496499,66.412482496499,8,-8.26773120582
142447689.53790757,142.447689537908,66.447689537908,8,-8.29800149084
142482896.57931587,142.482896579316,66.482896579316,8,-8.32839609811
142518103.62072414,142.518103620724,66.518103620724,8,-8.35891590078
142553310.66213244,142.553310662132,66.553310662132,8,-8.38956178175
142588517.70354071,142.588517703541,66.588517703541,8,-8.42033463385
142623724.74494898,142.623724744949,66.623724744949,8,-8.45123535996
142658931.78635728,142.658931786357,66.658931786357,8,-8.48226487318
142694138.82776555,142.694138827766,66.694138827766,8,-8.51342409696
142729345.86917382,142.729345869174,66.729345869174,8,-8.54471396529
142764552.91058213,142.764552910582,66.764552910582,8,-8.57613542284
142799759.9519904,142.799759951990,66.799759951990,8,-8.60768942513
142834966.9933987,142.834966993399,66.834966993399,8,-8.63937693868
142870174.03480697,142.870174034807,66.870174034807,8,-8.6711989412
142905381.07621524,142.905381076215,66.905381076215,8,-8.70315642176
142940588.11762354,142.940588117624,66.940588117624,8,-8.73525038096
142975795.15903181,142.975795159032,66.975795159032,8,-8.76748183111
143011002.20044008,143.011002200440,67.011002200440,8,-8.7998517964
143046209.24184838,143.046209241848,67.046209241848,8,-8.83236131312
143081416.28325665,143.081416283257,67.081416283257,8,-8.86501142983
143116623.32466492,143.116623324665,67.116623324665,8,-8.89780320753
143151830.36607322,143.151830366073,67.151830366073,8,-8.93073771992
143187037.40748149,143.187037407481,67.187037407481,8,-8.96381605354
143222244.44888979,143.222244448890,67.222244448890,8,-8.997039308
143257451.49029806,143.257451490298,67.257451490298,8,-9.0304085962
143292658.53170633,143.292658531706,67.292658531706,8,-9.06392504453
143327865.57311463,143.327865573115,67.327865573115,8,-9.09758979309
143363072.6145229,143.363072614523,67.363072614523,8,-9.13140399593
143398279.65593117,143.398279655931,67.398279655931,8,-9.16536882124
143433486.69733948,143.433486697339,67.433486697339,8,-9.19948545163
143468693.73874775,143.468693738748,67.468693738748,8,-9.23375508434
143503900.78015605,143.503900780156,67.503900780156,8,-9.26817893146
143539107.82156432,143.539107821564,67.539107821564,8,-9.30275822024
143574314.86297259,143.574314862973,67.574314862973,8,-9.33749419328
143609521.90438089,143.609521904381,67.609521904381,8,-9.3723881088
143644728.94578916,143.644728945789,67.644728945789,8,-9.40744124096
143679935.98719743,143.679935987197,67.679935987197,8,-9.44265488003
143715143.02860573,143.715143028606,67.715143028606,8,-9.47803033276
143750350.070014,143.750350070014,67.750350070014,8,-9.51356892258
143785557.1114223,143.785557111422,67.785557111422,8,-9.54927198995
143820764.15283057,143.820764152831,67.820764152831,8,-9.58514089262
143855971.19423884,143.855971194239,67.855971194239,8,-9.62117700592
143891178.23564714,143.891178235647,67.891178235647,8,-9.65738172309
143926385.27705541,143.926385277055,67.926385277055,8,-9.69375645558
143961592.31846368,143.961592318464,67.961592318464,8,-9.73030263336
143996799.35987198,143.996799359872,67.996799359872,8,-9.76702170525
144032006.40128025,144.032006401280,68.032006401280,8,-9.80391513926
144067213.44268855,144.067213442689,68.067213442689,8,-9.84098442294
144102420.48409683,144.102420484097,68.102420484097,8,-9.87823106368
144137627.5255051,144.137627525505,68.137627525505,8,-9.91565658912
144172834.5669134,144.172834566913,68.172834566913,8,-9.95326254749
144208041.60832167,144.208041608322,68.208041608322,8,-9.99105050798
144243248.64972994,144.243248649730,68.243248649730,8,-10.0290220611
144278455.69113824,144.278455691138,68.278455691138,8,-10.0671788191
144313662.73254651,144.313662732547,68.313662732547,8,-10.1055224164
144348869.77395478,144.348869773955,68.348869773955,8,-10.1440545099
144384076.81536308,144.384076815363,68.384076815363,8,-10.1827767794
144419283.85677135,144.419283856771,68.419283856771,8,-10.2216909283
144454490.89817965,144.454490898180,68.454490898180,8,-10.2607986834
144489697.93958792,144.489697939588,68.489697939588,8,-10.3001017962
144524904.98099619,144.524904980996,68.524904980996,8,-10.3396020426
144560112.02240449,144.560112022404,68.560112022404,8,-10.3793012238
144595319.06381276,144.595319063813,68.595319063813,8,-10.4192011667
144630526.10522103,144.630526105221,68.630526105221,8,-10.4593037243
144665733.14662933,144.665733146629,68.665733146629,8,-10.499610776
144700940.1880376,144.700940188038,68.700940188038,8,-10.5401242288
144736147.2294459,144.736147229446,68.736147229446,8,-10.5808460171
144771354.27085418,144.771354270854,68.771354270854,8,-10.6217781036
144806561.31226245,144.806561312262,68.806561312262,8,-10.6629224797
144841768.35367075,144.841768353671,68.841768353671,8,-10.7042811661
144876975.39507902,144.876975395079,68.876975395079,8,-10.7458562137
144912182.43648729,144.912182436487,68.912182436487,8,-10.7876497035
144947389.47789559,144.947389477896,68.947389477896,8,-10.8296637479
144982596.51930386,144.982596519304,68.982596519304,8,-10.871900491
145017803.56071216,145.017803560712,69.017803560712,8,-10.9143621091
145053010.60212043,145.053010602120,69.053010602120,8,-10.9570508118
145088217.6435287,145.088217643529,69.088217643529,8,-10.999968842
145123424.684937,145.123424684937,69.123424684937,8,-11.0431184775
145158631.72634527,145.158631726345,69.158631726345,8,-11.0865020309
145193838.76775354,145.193838767754,69.193838767754,8,-11.1301218504
145229045.80916184,145.229045809162,69.229045809162,8,-11.1739803213
145264252.85057011,145.264252850570,69.264252850570,8,-11.2180798658
145299459.89197841,145.299459891978,69.299459891978,8,-11.2624229443
145334666.93338668,145.334666933387,69.334666933387,8,-11.3070120563
145369873.97479495,145.369873974795,69.369873974795,8,-11.3518497407
145405081.01620325,145.405081016203,69.405081016203,8,-11.3969385773
145440288.05761153,145.440288057612,69.440288057612,8,-11.4422811871
145475495.0990198,145.475495099020,69.475495099020,8,-11.4878802335
145510702.1404281,145.510702140428,69.510702140428,8,-11.5337384234
145545909.18183637,145.545909181836,69.545909181836,8,-11.5798585076
145581116.22324464,145.581116223245,69.581116223245,8,-11.626243282
145616323.26465294,145.616323264653,69.616323264653,8,-11.6728955891
145651530.30606121,145.651530306061,69.651530306061,8,-11.7198183181
145686737.34746951,145.686737347470,69.686737347470,8,-11.7670144066
145721944.38887778,145.721944388878,69.721944388878,8,-11.8144868417
145757151.43028605,145.757151430286,69.757151430286,8,-11.8622386606
145792358.47169435,145.792358471694,69.792358471694,8,-11.9102729523
145827565.51310262,145.827565513103,69.827565513103,8,-11.9585928583
145862772.55451089,145.862772554511,69.862772554511,8,-12.0072015743
145897979.59591919,145.897979595919,69.897979595919,8,-12.0561023509
145933186.63732746,145.933186637327,69.933186637327,8,-12.1052984955
145968393.67873576,145.968393678736,69.968393678736,8,-12.1547933728
146003600.72014403,146.003600720144,70.003600720144,8,-12.204590407
146038807.7615523,146.038807761552,70.038807761552,8,-12.2546930827
146074014.8029606,146.074014802961,70.074014802961,8,-12.3051049465
146109221.84436888,146.109221844369,70.109221844369,8,-12.3558296082
146144428.88577715,146.144428885777,70.144428885777,8,-12.4068707428
146179635.92718545,146.179635927185,70.179635927185,8,-12.4582320917
146214842.96859372,146.214842968594,70.214842968594,8,-12.5099174644
146250050.01000202,146.250050010002,70.250050010002,8,-12.5619307402
146285257.05141029,146.285257051410,70.285257051410,8,-12.61427587
146320464.09281856,146.320464092819,70.320464092819,8,-12.6669568778
146355671.13422686,146.355671134227,70.355671134227,8,-12.7199778628
146390878.17563513,146.390878175635,70.390878175635,8,-12.7733430012
146426085.2170434,146.426085217043,70.426085217043,8,-12.827056548
146461292.2584517,146.461292258452,70.461292258452,8,-12.8811228392
146496499.29985997,146.496499299860,70.496499299860,8,-12.9355462937
146531706.34126824,146.531706341268,70.531706341268,8,-12.9903314155
146566913.38267654,146.566913382677,70.566913382677,8,-13.045482796
146602120.42408481,146.602120424085,70.602120424085,8,-13.1010051161
146637327.46549311,146.637327465493,70.637327465493,8,-13.1569031486
146672534.50690138,146.672534506901,70.672534506901,8,-13.2131817607
146707741.54830965,146.707741548310,70.707741548310,8,-13.2698459162
146742948.58971795,146.742948589718,70.742948589718,8,-13.3269006788
146778155.63112622,146.778155631126,70.778155631126,8,-13.3843512138
146813362.6725345,146.813362672535,70.813362672534,8,-13.4422027917
146848569.7139428,146.848569713943,70.848569713943,8,-13.5004607905
146883776.75535107,146.883776755351,70.883776755351,8,-13.559130699
146918983.79675937,146.918983796759,70.918983796759,8,-13.6182181196
146954190.83816764,146.954190838168,70.954190838168,8,-13.6777287718
146989397.87957591,146.989397879576,70.989397879576,8,-13.737668495
147024604.92098421,147.024604920984,71.024604920984,8,-13.7980432524
147059811.96239248,147.059811962392,71.059811962392,8,-13.8588591341
147095019.00380075,147.095019003801,71.095019003801,8,-13.9201223609
147130226.04520905,147.130226045209,71.130226045209,8,-13.9818392881
147165433.08661732,147.165433086617,71.165433086617,8,-14.0440164095
147200640.12802562,147.200640128026,71.200640128026,8,-14.106660361
147235847.16943389,147.235847169434,71.235847169434,8,-14.1697779255
147271054.21084216,147.271054210842,71.271054210842,8,-14.2333760364
147306261.25225046,147.306261252250,71.306261252250,8,-14.297461783
147341468.29365873,147.341468293659,71.341468293659,8,-14.3620424144
147376675.335067,147.376675335067,71.376675335067,8,-14.427125345
147411882.3764753,147.411882376475,71.411882376475,8,-14.4927181589
147447089.41788357,147.447089417884,71.447089417884,8,-14.558828616
147482296.45929188,147.482296459292,71.482296459292,8,-14.6254646564
147517503.50070015,147.517503500700,71.517503500700,8,-14.6926344069
147552710.54210842,147.552710542108,71.552710542108,8,-14.7603461865
147587917.58351672,147.587917583517,71.587917583517,8,-14.8286085127
147623124.62492499,147.623124624925,71.623124624925,8,-14.8974301074
147658331.66633326,147.658331666333,71.658331666333,8,-14.9668199043
147693538.70774156,147.693538707742,71.693538707742,8,-15.036787055
147728745.74914983,147.728745749150,71.728745749150,8,-15.1073409366
147763952.7905581,147.763952790558,71.763952790558,8,-15.1784911592
147799159.8319664,147.799159831966,71.799159831966,8,-15.2502475734
147834366.87337467,147.834366873375,71.834366873375,8,-15.3226202785
147869573.91478297,147.869573914783,71.869573914783,8,-15.3956196311
147904780.95619124,147.904780956191,71.904780956191,8,-15.4692562538
147939987.99759951,147.939987997600,71.939987997600,8,-15.5435410442
147975195.03900781,147.975195039008,71.975195039008,8,-15.618485185
148010402.08041608,148.010402080416,72.010402080416,8,-15.6941001534
148045609.12182435,148.045609121824,72.045609121824,8,-15.7703977318
148080816.16323265,148.080816163233,72.080816163233,8,-15.847390019
148116023.20464092,148.116023204641,72.116023204641,8,-15.9250894412
148151230.24604923,148.151230246049,72.151230246049,8,-16.003508764
148186437.2874575,148.186437287457,72.186437287457,8,-16.0826611051
148221644.32886577,148.221644328866,72.221644328866,8,-16.1625599472
148256851.37027407,148.256851370274,72.256851370274,8,-16.2432191517
148292058.41168234,148.292058411682,72.292058411682,8,-16.324652973
148327265.45309061,148.327265453091,72.327265453091,8,-16.4068760735
148362472.49449891,148.362472494499,72.362472494499,8,-16.4899035393
148397679.53590718,148.397679535907,72.397679535907,8,-16.5737508967
148432886.57731548,148.432886577315,72.432886577315,8,-16.6584341297
148468093.61872375,148.468093618724,72.468093618724,8,-16.7439696978
148503300.66013202,148.503300660132,72.503300660132,8,-16.8303745551
148538507.70154032,148.538507701540,72.538507701540,8,-16.9176661707
148573714.74294859,148.573714742949,72.573714742949,8,-17.0058625494
148608921.78435686,148.608921784357,72.608921784357,8,-17.0949822538
148644128.82576516,148.644128825765,72.644128825765,8,-17.1850444279
148679335.86717343,148.679335867173,72.679335867173,8,-17.2760688215
148714542.90858173,148.714542908582,72.714542908582,8,-17.3680758158
148749749.94999,148.749749949990,72.749749949990,8,-17.4610864509
148784956.99139827,148.784956991398,72.784956991398,8,-17.5551224543
148820164.03280658,148.820164032807,72.820164032807,8,-17.6502062714
148855371.07421485,148.855371074215,72.855371074215,8,-17.7463610972
148890578.11562312,148.890578115623,72.890578115623,8,-17.8436109104
148925785.15703142,148.925785157031,72.925785157031,8,-17.9419805088
148960992.19843969,148.960992198440,72.960992198440,8,-18.0414955471
148996199.23984796,148.996199239848,72.996199239848,8,-18.1421825769
149031406.28125626,149.031406281256,73.031406281256,8,-18.2440690891
149066613.32266453,149.066613322665,73.066613322665,8,-18.3471835584
149101820.36407283,149.101820364073,73.101820364073,8,-18.4515554914
149137027.4054811,149.137027405481,73.137027405481,8,-18.5572154763
149172234.44688937,149.172234446889,73.172234446889,8,-18.664195237
149207441.48829767,149.207441488298,73.207441488298,8,-18.7725276899
149242648.52970594,149.242648529706,73.242648529706,8,-18.8822470041
149277855.57111421,149.277855571114,73.277855571114,8,-18.9933886664
149313062.61252251,149.313062612523,73.313062612523,8,-19.1059895494
149348269.65393078,149.348269653931,73.348269653931,8,-19.2200879847
149383476.69533908,149.383476695339,73.383476695339,8,-19.3357238412
149418683.73674735,149.418683736747,73.418683736747,8,-19.4529386081
149453890.77815562,149.453890778156,73.453890778156,8,-19.571775484
149489097.81956393,149.489097819564,73.489097819564,8,-19.6922794721
149524304.8609722,149.524304860972,73.524304860972,8,-19.8144974824
149559511.90238047,149.559511902380,73.559511902380,8,-19.9384784404
149594718.94378877,149.594718943789,73.594718943789,8,-20.0642734049
149629925.98519704,149.629925985197,73.629925985197,8,-20.1919356932
149665133.02660534,149.665133026605,73.665133026605,8,-20.3215210168
149700340.06801361,149.700340068014,73.700340068014,8,-20.4530876268
149735547.10942188,149.735547109422,73.735547109422,8,-20.5866964706
149770754.15083018,149.770754150830,73.770754150830,8,-20.7224113607
149805961.19223845,149.805961192238,73.805961192238,8,-20.8602991574
149841168.23364672,149.841168233647,73.841168233647,8,-21.0004299663
149876375.27505502,149.876375275055,73.876375275055,8,-21.1428773511
149911582.31646329,149.911582316463,73.911582316463,8,-21.2877185653
149946789.35787156,149.946789357872,73.946789357872,8,-21.4350348031
149981996.39927986,149.981996399280,73.981996399280,8,-21.5849114722
150017203.44068813,150.017203440688,74.017203440688,8,-21.73743849
150052410.48209643,150.052410482096,74.052410482096,8,-21.8927106074
150087617.5235047,150.087617523505,74.087617523505,8,-22.0508277611
150122824.56491297,150.122824564913,74.122824564913,8,-22.2118954592
150158031.60632128,150.158031606321,74.158031606321,8,-22.3760252033
150193238.64772955,150.193238647730,74.193238647730,8,-22.5433349513
150228445.68913782,150.228445689138,74.228445689138,8,-22.7139496252
150263652.73054612,150.263652730546,74.263652730546,8,-22.888001671
150298859.77195439,150.298859771954,74.298859771954,8,-23.0656316749
150334066.81336269,150.334066813363,74.334066813363,8,-23.2469890441
150369273.85477096,150.369273854771,74.369273854771,8,-23.4322327613
150404480.89617923,150.404480896179,74.404480896179,8,-23.6215322202
150439687.93758753,150.439687937588,74.439687937588,8,-23.8150681551
150474894.9789958,150.474894978996,74.474894978996,8,-24.0130336764
150510102.02040407,150.510102020404,74.510102020404,8,-24.2156354268
150545309.06181237,150.545309061812,74.545309061812,8,-24.4230948762
150580516.10322064,150.580516103221,74.580516103221,8,-24.635649775
150615723.14462894,150.615723144629,74.615723144629,8,-24.8535557899
150650930.18603721,150.650930186037,74.650930186037,8,-25.0770883506
150686137.22744548,150.686137227445,74.686137227445,8,-25.3065447407
150721344.26885378,150.721344268854,74.721344268854,8,-25.5422464728
150756551.31026205,150.756551310262,74.756551310262,8,-25.7845419948
150791758.35167032,150.791758351670,74.791758351670,8,-26.0338097855
150826965.39307863,150.826965393079,74.826965393079,8,-26.2904619079
150862172.4344869,150.862172434487,74.862172434487,8,-26.554948104
150897379.4758952,150.897379475895,74.897379475895,8,-26.8277605333
150932586.51730347,150.932586517303,74.932586517303,8,-27.1094392809
150967793.55871174,150.967793558712,74.967793558712,8,-27.4005787889
151003000.60012004,151.003000600120,75.003000600120,8,-27.7018354055
151038207.64152831,151.038207641528,75.038207641528,8,-28.01393629
151073414.68293658,151.073414682937,75.073414682937,8,-28.3376899812
151108621.72434488,151.108621724345,75.108621724345,8,-28.6739990121
151143828.76575315,151.143828765753,75.143828765753,8,-29.0238750689
151179035.80716142,151.179035807161,75.179035807161,8,-29.3884573347
151214242.84856972,151.214242848570,75.214242848570,8,-29.7690348558
151249449.88997799,151.249449889978,75.249449889978,8,-30.167074039
151284656.93138629,151.284656931386,75.284656931386,8,-30.5842527591
151319863.97279456,151.319863972795,75.319863972795,8,-31.0225030826
151355071.01420283,151.355071014203,75.355071014203,8,-31.4840653559
151390278.05561113,151.390278055611,75.390278055611,8,-31.9715574936
151425485.0970194,151.425485097019,75.425485097019,8,-32.4880648969
151460692.13842767,151.460692138428,75.460692138428,8,-33.0372588455
151495899.17983598,151.495899179836,75.495899179836,8,-33.6235549145
151531106.22124425,151.531106221244,75.531106221244,8,-34.2523288435
151566313.26265255,151.566313262653,75.566313262653,8,-34.9302168261
151601520.30406082,151.601520304061,75.601520304061,8,-35.6655432274
151636727.34546909,151.636727345469,75.636727345469,8,-36.4689466838
151671934.38687739,151.671934386877,75.671934386877,8,-37.3543263975
151707141.42828566,151.707141428286,75.707141428286,8,-38.3403277475
151742348.46969393,151.742348469694,75.742348469694,8,-39.4527840775
151777555.51110223,151.777555511102,75.777555511102,8,-40.7289637815
151812762.5525105,151.812762552510,75.812762552511,8,-42.2255068725
151847969.5939188,151.847969593919,75.847969593919,8,-44.034722455
151883176.63532707,151.883176635327,75.883176635327,8,-46.322713944
151918383.67673534,151.918383676735,75.918383676735,8,-49.4377503424
151953590.71814364,151.953590718144,75.953590718144,8,-54.3411827567
151988797.75955191,151.988797759552,75.988797759552,8,-66.6871768971
152024004.80096018,152.024004800960,76.024004800960,8,-60.0673136312
152059211.84236848,152.059211842368,76.059211842368,8,-52.2251115783
152094418.88377675,152.094418883777,76.094418883777,8,-48.1721192064
152129625.92518502,152.129625925185,76.129625925185,8,-45.4194785736
152164832.96659333,152.164832966593,76.164832966593,8,-43.3324601014
152200040.0080016,152.200040008002,76.200040008002,8,-41.651036112
152235247.0494099,152.235247049410,76.235247049410,8,-40.2429275863
152270454.09081817,152.270454090818,76.270454090818,8,-39.0315842305
152305661.13222644,152.305661132226,76.305661132226,8,-37.9687011518
152340868.17363474,152.340868173635,76.340868173635,8,-37.0218327345
152376075.21504301,152.376075215043,76.376075215043,8,-36.1681299969
152411282.25645128,152.411282256451,76.411282256451,8,-35.3908933474
152446489.29785958,152.446489297860,76.446489297860,8,-34.6775464529
152481696.33926785,152.481696339268,76.481696339268,8,-34.0183814436
152516903.38067615,152.516903380676,76.516903380676,8,-33.4057478787
152552110.42208442,152.552110422084,76.552110422084,8,-32.8335095266
152587317.46349269,152.587317463493,76.587317463493,8,-32.2966693788
152622524.50490099,152.622524504901,76.622524504901,8,-31.7911040061
152657731.54630926,152.657731546309,76.657731546309,8,-31.313371097
152692938.58771753,152.692938587718,76.692938587718,8,-30.8605672426
152728145.62912583,152.728145629126,76.728145629126,8,-30.4302210049
152763352.6705341,152.763352670534,76.763352670534,8,-30.0202112592
152798559.7119424,152.798559711942,76.798559711942,8,-29.6287039629
152833766.75335068,152.833766753351,76.833766753351,8,-29.2541025785
152868973.79475895,152.868973794759,76.868973794759,8,-28.8950087555
152904180.83616725,152.904180836167,76.904180836167,8,-28.5501908277
152939387.87757552,152.939387877576,76.939387877576,8,-28.2185583299
152974594.91898379,152.974594918984,76.974594918984,8,-27.8991412071
153009801.96039209,153.009801960392,77.009801960392,8,-27.5910727142
153045009.00180036,153.045009001800,77.045009001800,8,-27.2935752473
153080216.04320866,153.080216043209,77.080216043209,8,-27.0059485245
153115423.08461693,153.115423084617,77.115423084617,8,-26.7275596622
153150630.1260252,153.150630126025,77.150630126025,8,-26.4578347946
153185837.1674335,153.185837167434,77.185837167434,8,-26.1962519558
153221044.20884177,153.221044208842,77.221044208842,8,-25.9423350046
153256251.25025004,153.256251250250,77.256251250250,8,-25.6956484126
153291458.29165834,153.291458291658,77.291458291658,8,-25.4557927726
153326665.33306661,153.326665333067,77.326665333067,8,-25.2224009113
153361872.37447488,153.361872374475,77.361872374475,8,-24.9951345119
153397079.41588318,153.397079415883,77.397079415883,8,-24.7736811669
153432286.45729145,153.432286457291,77.432286457291,8,-24.5577517986
153467493.49869975,153.467493498700,77.467493498700,8,-24.347078392
153502700.54010803,153.502700540108,77.502700540108,8,-24.1414119975
153537907.5815163,153.537907581516,77.537907581516,8,-23.9405209638
153573114.6229246,153.573114622925,77.573114622925,8,-23.7441893722
153608321.66433287,153.608321664333,77.608321664333,8,-23.5522156429
153643528.70574114,153.643528705741,77.643528705741,8,-23.364411293
153678735.74714944,153.678735747149,77.678735747149,8,-23.180599826
153713942.78855771,153.713942788558,77.713942788558,8,-23.0006157364
153749149.82996601,153.749149829966,77.749149829966,8,-22.8243036157
153784356.87137428,153.784356871374,77.784356871374,8,-22.6515173474
153819563.91278255,153.819563912783,77.819563912783,8,-22.4821193806
153854770.95419085,153.854770954191,77.854770954191,8,-22.3159800737
153889977.99559912,153.889977995599,77.889977995599,8,-22.1529770989
153925185.03700739,153.925185037007,77.925185037007,8,-21.9929949023
153960392.07841569,153.960392078416,77.960392078416,8,-21.8359242132
153995599.11982396,153.995599119824,77.995599119824,8,-21.6816615961
154030806.16123226,154.030806161232,78.030806161232,8,-21.5301090429
154066013.20264053,154.066013202641,78.066013202641,8,-21.3811735995
154101220.2440488,154.101220244049,78.101220244049,8,-21.2347670244
154136427.2854571,154.136427285457,78.136427285457,8,-21.0908054751
154171634.32686538,154.171634326865,78.171634326865,8,-20.9492092208
154206841.36827365,154.206841368274,78.206841368274,8,-20.8099023775
154242048.40968195,154.242048409682,78.242048409682,8,-20.6728126649
154277255.45109022,154.277255451090,78.277255451090,8,-20.5378711814
154312462.49249852,154.312462492499,78.312462492499,8,-20.4050121969
154347669.53390679,154.347669533907,78.347669533907,8,-20.2741729611
154382876.57531506,154.382876575315,78.382876575315,8,-20.145293526
154418083.61672336,154.418083616723,78.418083616723,8,-20.0183165816
154453290.65813163,154.453290658132,78.453290658132,8,-19.8931873032
154488497.6995399,154.488497699540,78.488497699540,8,-19.7698532099
154523704.7409482,154.523704740948,78.523704740948,8,-19.6482640328
154558911.78235647,154.558911782356,78.558911782356,8,-19.5283715923
154594118.82376474,154.594118823765,78.594118823765,8,-19.4101296842
154629325.86517304,154.629325865173,78.629325865173,8,-19.2934939728
154664532.90658131,154.664532906581,78.664532906581,8,-19.1784218919
154699739.94798961,154.699739947990,78.699739947990,8,-19.0648725514
154734946.98939788,154.734946989398,78.734946989398,8,-18.9528066509
154770154.03080615,154.770154030806,78.770154030806,8,-18.8421863979
154805361.07221445,154.805361072214,78.805361072214,8,-18.7329754321
154840568.11362273,154.840568113623,78.840568113623,8,-18.6251387535
154875775.155031,154.875775155031,78.875775155031,8,-18.5186426558
154910982.1964393,154.910982196439,78.910982196439,8,-18.413454663
154946189.23784757,154.946189237848,78.946189237848,8,-18.3095434707
154981396.27925587,154.981396279256,78.981396279256,8,-18.2068788898
155016603.32066414,155.016603320664,79.016603320664,8,-18.1054317949
155051810.36207241,155.051810362072,79.051810362072,8,-18.0051740743
155087017.40348071,155.087017403481,79.087017403481,8,-17.9060785836
155122224.44488898,155.122224444889,79.122224444889,8,-17.8081191023
155157431.48629725,155.157431486297,79.157431486297,8,-17.7112702916
155192638.52770555,155.192638527706,79.192638527706,8,-17.6155076559
155227845.56911382,155.227845569114,79.227845569114,8,-17.5208075056
155263052.61052212,155.263052610522,79.263052610522,8,-17.4271469219
155298259.65193039,155.298259651930,79.298259651930,8,-17.3345037243
155333466.69333866,155.333466693339,79.333466693339,8,-17.2428564385
155368673.73474696,155.368673734747,79.368673734747,8,-17.1521842673
155403880.77615523,155.403880776155,79.403880776155,8,-17.062467062
155439087.8175635,155.439087817564,79.439087817564,8,-16.9736852964
155474294.8589718,155.474294858972,79.474294858972,8,-16.8858200404
155509501.90038007,155.509501900380,79.509501900380,8,-16.7988529369
155544708.94178835,155.544708941788,79.544708941788,8,-16.7127661785
155579915.98319665,155.579915983197,79.579915983197,8,-16.6275424856
155615123.02460492,155.615123024605,79.615123024605,8,-16.5431650864
155650330.06601322,155.650330066013,79.650330066013,8,-16.4596176963
155685537.10742149,155.685537107421,79.685537107421,8,-16.3768844999
155720744.14882976,155.720744148830,79.720744148830,8,-16.2949501329
155755951.19023806,155.755951190238,79.755951190238,8,-16.2137996651
155791158.23164633,155.791158231646,79.791158231646,8,-16.1334185843
155826365.2730546,155.826365273055,79.826365273055,8,-16.0537927807
155861572.3144629,155.861572314463,79.861572314463,8,-15.9749085322
155896779.35587117,155.896779355871,79.896779355871,8,-15.8967524904
155931986.39727947,155.931986397279,79.931986397279,8,-15.8193116671
155967193.43868774,155.967193438688,79.967193438688,8,-15.7425734216
156002400.48009601,156.002400480096,80.002400480096,8,-15.6665254479
156037607.52150431,156.037607521504,80.037607521504,8,-15.5911557638
156072814.56291258,156.072814562913,80.072814562913,8,-15.516452699
156108021.60432085,156.108021604321,80.108021604321,8,-15.4424048846
156143228.64572915,156.143228645729,80.143228645729,8,-15.3690012427
156178435.68713742,156.178435687137,80.178435687137,8,-15.2962309768
156213642.72854573,156.213642728546,80.213642728546,8,-15.2240835621
156248849.769954,156.248849769954,80.248849769954,8,-15.1525487365
156284056.81136227,156.284056811362,80.284056811362,8,-15.0816164921
156319263.85277057,156.319263852771,80.319263852771,8,-15.0112770666
156354470.89417884,156.354470894179,80.354470894179,8,-14.9415209357
156389677.93558711,156.389677935587,80.389677935587,8,-14.872338805
156424884.97699541,156.424884976995,80.424884976995,8,-14.8037216031
156460092.01840368,156.460092018404,80.460092018404,8,-14.7356604739
156495299.05981198,156.495299059812,80.495299059812,8,-14.6681467707
156530506.10122025,156.530506101220,80.530506101220,8,-14.6011720489
156565713.14262852,156.565713142629,80.565713142629,8,-14.53472806
156600920.18403682,156.600920184037,80.600920184037,8,-14.4688067459
156636127.22544509,156.636127225445,80.636127225445,8,-14.4034002326
156671334.26685336,156.671334266853,80.671334266853,8,-14.3385008247
156706541.30826166,156.706541308262,80.706541308262,8,-14.2741010005
156741748.34966993,156.741748349670,80.741748349670,8,-14.2101934062
156776955.3910782,156.776955391078,80.776955391078,8,-14.1467708514
156812162.4324865,156.812162432487,80.812162432487,8,-14.083826304
156847369.47389477,156.847369473895,80.847369473895,8,-14.0213528859
156882576.51530308,156.882576515303,80.882576515303,8,-13.9593438681
156917783.55671135,156.917783556711,80.917783556711,8,-13.8977926668
156952990.59811962,156.952990598120,80.952990598120,8,-13.8366928391
156988197.63952792,156.988197639528,80.988197639528,8,-13.776038079
157023404.68093619,157.023404680936,81.023404680936,8,-13.7158222138
157058611.72234446,157.058611722344,81.058611722344,8,-13.6560391998
157093818.76375276,157.093818763753,81.093818763753,8,-13.5966831192
157129025.80516103,157.129025805161,81.129025805161,8,-13.5377481767
157164232.84656933,157.164232846569,81.164232846569,8,-13.4792286958
157199439.8879776,157.199439887978,81.199439887978,8,-13.4211191156
157234646.92938587,157.234646929386,81.234646929386,8,-13.363413988
157269853.97079417,157.269853970794,81.269853970794,8,-13.3061079744
157305061.01220244,157.305061012202,81.305061012202,8,-13.249195843
157340268.05361071,157.340268053611,81.340268053611,8,-13.1926724657
157375475.09501901,157.375475095019,81.375475095019,8,-13.1365328154
157410682.13642728,157.410682136427,81.410682136427,8,-13.0807719637
157445889.17783558,157.445889177836,81.445889177836,8,-13.0253850781
157481096.21924385,157.481096219244,81.481096219244,8,-12.9703674194
157516303.26065212,157.516303260652,81.516303260652,8,-12.9157143395
157551510.30206043,157.551510302060,81.551510302060,8,-12.8614212792
157586717.3434687,157.586717343469,81.586717343469,8,-12.8074837656
157621924.38487697,157.621924384877,81.621924384877,8,-12.7538974101
157657131.42628527,157.657131426285,81.657131426285,8,-12.7006579065
157692338.46769354,157.692338467694,81.692338467694,8,-12.6477610287
157727545.50910181,157.727545509102,81.727545509102,8,-12.5952026286
157762752.55051011,157.762752550510,81.762752550510,8,-12.5429786347
157797959.59191838,157.797959591918,81.797959591918,8,-12.4910850497
157833166.63332668,157.833166633327,81.833166633327,8,-12.439517949
157868373.67473495,157.868373674735,81.868373674735,8,-12.3882734788
157903580.71614322,157.903580716143,81.903580716143,8,-12.3373478546
157938787.75755152,157.938787757552,81.938787757552,8,-12.2867373594
157973994.79895979,157.973994798960,81.973994798960,8,-12.236438342
158009201.84036806,158.009201840368,82.009201840368,8,-12.1864472157
158044408.88177636,158.044408881776,82.044408881776,8,-12.1367604566
158079615.92318463,158.079615923185,82.079615923185,8,-12.0873746025
158114822.96459293,158.114822964593,82.114822964593,8,-12.0382862507
158150030.0060012,158.150030006001,82.150030006001,8,-11.9894920576
158185237.04740947,158.185237047409,82.185237047409,8,-11.9409887366
158220444.08881778,158.220444088818,82.220444088818,8,-11.8927730572
158255651.13022605,158.255651130226,82.255651130226,8,-11.8448418436
158290858.17163432,158.290858171634,82.290858171634,8,-11.7971919735
158326065.21304262,158.326065213043,82.326065213043,8,-11.7498203768
158361272.25445089,158.361272254451,82.361272254451,8,-11.7027240347
158396479.29585919,158.396479295859,82.396479295859,8,-11.6558999783
158431686.33726746,158.431686337267,82.431686337267,8,-11.6093452876
158466893.37867573,158.466893378676,82.466893378676,8,-11.5630570906
158502100.42008403,158.502100420084,82.502100420084,8,-11.5170325618
158537307.4614923,158.537307461492,82.537307461492,8,-11.4712689219
158572514.50290057,158.572514502901,82.572514502901,8,-11.425763436
158607721.54430887,158.607721544309,82.607721544309,8,-11.3805134133
158642928.58571714,158.642928585717,82.642928585717,8,-11.3355162058
158678135.62712544,158.678135627125,82.678135627125,8,-11.2907692077
158713342.66853371,158.713342668534,82.713342668534,8,-11.2462698541
158748549.70994198,158.748549709942,82.748549709942,8,-11.2020156205
158783756.75135028,158.783756751350,82.783756751350,8,-11.1580040218
158818963.79275855,158.818963792759,82.818963792759,8,-11.1142326115
158854170.83416682,158.854170834167,82.854170834167,8,-11.070698981
158889377.87557513,158.889377875575,82.889377875575,8,-11.0274007585
158924584.9169834,158.924584916983,82.924584916983,8,-10.9843356088
158959791.95839167,158.959791958392,82.959791958392,8,-10.9415012321
158994998.99979997,158.994998999800,82.994998999800,8,-10.8988953634
159030206.04120824,159.030206041208,83.030206041208,8,-10.8565157719
159065413.08261654,159.065413082617,83.065413082617,8,-10.8143602603
159100620.12402481,159.100620124025,83.100620124025,8,-10.7724266639
159135827.16543308,159.135827165433,83.135827165433,8,-10.7307128504
159171034.20684138,159.171034206841,83.171034206841,8,-10.6892167188
159206241.24824965,159.206241248250,83.206241248250,8,-10.647936199
159241448.28965792,159.241448289658,83.241448289658,8,-10.6068692515
159276655.33106622,159.276655331066,83.276655331066,8,-10.5660138659
159311862.37247449,159.311862372474,83.311862372474,8,-10.5253680616
159347069.41388279,159.347069413883,83.347069413883,8,-10.4849298861
159382276.45529106,159.382276455291,83.382276455291,8,-10.444697415
159417483.49669933,159.417483496699,83.417483496699,8,-10.4046687516
159452690.53810763,159.452690538108,83.452690538108,8,-10.364842026
159487897.5795159,159.487897579516,83.487897579516,8,-10.3252153947
159523104.62092417,159.523104620924,83.523104620924,8,-10.2857870403
159558311.66233248,159.558311662332,83.558311662332,8,-10.2465551708
159593518.70374075,159.593518703741,83.593518703741,8,-10.2075180193
159628725.74514905,159.628725745149,83.628725745149,8,-10.1686738433
159663932.78655732,159.663932786557,83.663932786557,8,-10.1300209245
159699139.82796559,159.699139827966,83.699139827966,8,-10.0915575683
159734346.86937389,159.734346869374,83.734346869374,8,-10.0532821031
159769553.91078216,159.769553910782,83.769553910782,8,-10.0151928802
159804760.95219043,159.804760952190,83.804760952190,8,-9.97728827343
159839967.99359873,159.839967993599,83.839967993599,8,-9.93956667843
159875175.035007,159.875175035007,83.875175035007,8,-9.90202651248
159910382.0764153,159.910382076415,83.910382076415,8,-9.86466621406
159945589.11782357,159.945589117824,83.945589117824,8,-9.82748424247
159980796.15923184,159.980796159232,83.980796159232,8,-9.79047907749
160016003.20064014,160.016003200640,84.016003200640,8,-9.75364921896
160051210.24204841,160.051210242048,84.051210242048,8,-9.71699318649
160086417.28345668,160.086417283457,84.086417283457,8,-9.68050951909
160121624.32486498,160.121624324865,84.121624324865,8,-9.64419677483
160156831.36627325,160.156831366273,84.156831366273,8,-9.6080535305
160192038.40768152,160.192038407682,84.192038407682,8,-9.57207838131
160227245.44908983,160.227245449090,84.227245449090,8,-9.53626994059
160262452.4904981,160.262452490498,84.262452490498,8,-9.50062683941
160297659.5319064,160.297659531906,84.297659531906,8,-9.46514772636
160332866.57331467,160.332866573315,84.332866573315,8,-9.42983126721
160368073.61472294,160.368073614723,84.368073614723,8,-9.39467614461
160403280.65613124,160.403280656131,84.403280656131,8,-9.35968105784
160438487.69753951,160.438487697540,84.438487697540,8,-9.32484472253
160473694.73894778,160.473694738948,84.473694738948,8,-9.29016587034
160508901.78035608,160.508901780356,84.508901780356,8,-9.25564324876
160544108.82176435,160.544108821764,84.544108821764,8,-9.2212756208
160579315.86317265,160.579315863173,84.579315863173,8,-9.18706176475
160614522.90458092,160.614522904581,84.614522904581,8,-9.15300047396
160649729.94598919,160.649729945989,84.649729945989,8,-9.11909055652
160684936.98739749,160.684936987397,84.684936987397,8,-9.08533083511
160720144.02880576,160.720144028806,84.720144028806,8,-9.05172014669
160755351.07021403,160.755351070214,84.755351070214,8,-9.01825734232
160790558.11162233,160.790558111622,84.790558111622,8,-8.98494128691
160825765.1530306,160.825765153031,84.825765153031,8,-8.951770859
160860972.1944389,160.860972194439,84.860972194439,8,-8.91874495055
160896179.23584718,160.896179235847,84.896179235847,8,-8.88586246672
160931386.27725545,160.931386277255,84.931386277255,8,-8.85312232566
160966593.31866375,160.966593318664,84.966593318664,8,-8.82052345832
161001800.36007202,161.001800360072,85.001800360072,8,-8.78806480824
161037007.40148029,161.037007401480,85.037007401480,8,-8.75574533136
161072214.44288859,161.072214442889,85.072214442889,8,-8.72356399579
161107421.48429686,161.107421484297,85.107421484297,8,-8.6915197817
161142628.52570513,161.142628525705,85.142628525705,8,-8.65961168104
161177835.56711343,161.177835567113,85.177835567113,8,-8.62783869743
161213042.6085217,161.213042608522,85.213042608522,8,-8.59619984597
161248249.64993,161.248249649930,85.248249649930,8,-8.56469415301
161283456.69133827,161.283456691338,85.283456691338,8,-8.53332065607
161318663.73274654,161.318663732747,85.318663732747,8,-8.50207840358
161353870.77415484,161.353870774155,85.353870774155,8,-8.47096645479
161389077.81556311,161.389077815563,85.389077815563,8,-8.43998387954
161424284.85697138,161.424284856971,85.424284856971,8,-8.40912975818
161459491.89837968,161.459491898380,85.459491898380,8,-8.37840318133
161494698.93978795,161.494698939788,85.494698939788,8,-8.34780324979
161529905.98119625,161.529905981196,85.529905981196,8,-8.31732907436
161565113.02260453,161.565113022605,85.565113022605,8,-8.28697977569
161600320.0640128,161.600320064013,85.600320064013,8,-8.25675448417
161635527.1054211,161.635527105421,85.635527105421,8,-8.22665233974
161670734.14682937,161.670734146829,85.670734146829,8,-8.19667249178
161705941.18823764,161.705941188238,85.705941188238,8,-8.16681409896
161741148.22964594,161.741148229646,85.741148229646,8,-8.13707632912
161776355.27105421,161.776355271054,85.776355271054,8,-8.10745835912
161811562.31246251,161.811562312463,85.811562312463,8,-8.07795937473
161846769.35387078,161.846769353871,85.846769353871,8,-8.04857857049
161881976.39527905,161.881976395279,85.881976395279,8,-8.01931514957
161917183.43668735,161.917183436687,85.917183436687,8,-7.99016832369
161952390.47809562,161.952390478096,85.952390478096,8,-7.96113731294
161987597.51950389,161.987597519504,85.987597519504,8,-7.93222134574
162022804.56091219,162.022804560912,86.022804560912,8,-7.90341965864
162058011.60232046,162.058011602320,86.058011602320,8,-7.87473149626
162093218.64372876,162.093218643729,86.093218643729,8,-7.84615611115
162128425.68513703,162.128425685137,86.128425685137,8,-7.8176927637
162163632.7265453,162.163632726545,86.163632726545,8,-7.78934072202
162198839.7679536,162.198839767954,86.198839767954,8,-7.76109926184
162234046.80936188,162.234046809362,86.234046809362,8,-7.73296766638
162269253.85077015,162.269253850770,86.269253850770,8,-7.70494522631
162304460.89217845,162.304460892178,86.304460892178,8,-7.67703123955
162339667.93358672,162.339667933587,86.339667933587,8,-7.64922501127
162374874.97499499,162.374874974995,86.374874974995,8,-7.62152585373
162410082.01640329,162.410082016403,86.410082016403,8,-7.5939330862
162445289.05781156,162.445289057812,86.445289057812,8,-7.56644603488
162480496.09921986,162.480496099220,86.480496099220,8,-7.53906403279
162515703.14062813,162.515703140628,86.515703140628,8,-7.51178641967
162550910.1820364,162.550910182036,86.550910182036,8,-7.48461254192
162586117.2234447,162.586117223445,86.586117223445,8,-7.45754175249
162621324.26485297,162.621324264853,86.621324264853,8,-7.43057341079
162656531.30626124,162.656531306261,86.656531306261,8,-7.40370688263
162691738.34766954,162.691738347670,86.691738347670,8,-7.3769415401
162726945.38907781,162.726945389078,86.726945389078,8,-7.35027676151
162762152.43048611,162.762152430486,86.762152430486,8,-7.32371193131
162797359.47189438,162.797359471894,86.797359471894,8,-7.29724643999
162832566.51330265,162.832566513303,86.832566513303,8,-7.27087968405
162867773.55471095,162.867773554711,86.867773554711,8,-7.24461106584
162902980.59611923,162.902980596119,86.902980596119,8,-7.21843999356
162938187.6375275,162.938187637528,86.938187637527,8,-7.19236588116
162973394.6789358,162.973394678936,86.973394678936,8,-7.16638814825
163008601.72034407,163.008601720344,87.008601720344,8,-7.14050622005
163043808.76175237,163.043808761752,87.043808761752,8,-7.11471952729
163079015.80316064,163.079015803161,87.079015803161,8,-7.08902750618
163114222.84456891,163.114222844569,87.114222844569,8,-7.06342959831
163149429.88597721,163.149429885977,87.149429885977,8,-7.03792525059
163184636.92738548,163.184636927385,87.184636927385,8,-7.01251391519
163219843.96879375,163.219843968794,87.219843968794,8,-6.98719504947
163255051.01020205,163.255051010202,87.255051010202,8,-6.9619681159
163290258.05161032,163.290258051610,87.290258051610,8,-6.93683258202
163325465.09301862,163.325465093019,87.325465093019,8,-6.91178792036
163360672.13442689,163.360672134427,87.360672134427,8,-6.88683360839
163395879.17583516,163.395879175835,87.395879175835,8,-6.86196912845
163431086.21724346,163.431086217243,87.431086217243,8,-6.83719396771
163466293.25865173,163.466293258652,87.466293258652,8,-6.81250761806
163501500.30006,163.501500300060,87.501500300060,8,-6.78790957612
163536707.3414683,163.536707341468,87.536707341468,8,-6.76339934312
163571914.38287657,163.571914382877,87.571914382877,8,-6.7389764249
163607121.42428485,163.607121424285,87.607121424285,8,-6.71464033181
163642328.46569315,163.642328465693,87.642328465693,8,-6.69039057867
163677535.50710142,163.677535507101,87.677535507101,8,-6.66622668474
163712742.54850972,163.712742548510,87.712742548510,8,-6.6421481736
163747949.58991799,163.747949589918,87.747949589918,8,-6.6181545732
163783156.63132626,163.783156631326,87.783156631326,8,-6.59424541571
163818363.67273456,163.818363672735,87.818363672735,8,-6.57042023751
163853570.71414283,163.853570714143,87.853570714143,8,-6.54667857918
163888777.7555511,163.888777755551,87.888777755551,8,-6.52301998536
163923984.7969594,163.923984796959,87.923984796959,8,-6.49944400479
163959191.83836767,163.959191838368,87.959191838368,8,-6.47595019021
163994398.87977597,163.994398879776,87.994398879776,8,-6.45253809832
164029605.92118424,164.029605921184,88.029605921184,8,-6.42920728976
164064812.96259251,164.064812962593,88.064812962593,8,-6.40595732903
164100020.00400081,164.100020004001,88.100020004001,8,-6.38278778447
164135227.04540908,164.135227045409,88.135227045409,8,-6.35969822819
164170434.08681735,164.170434086817,88.170434086817,8,-6.33668823607
164205641.12822565,164.205641128226,88.205641128226,8,-6.31375738766
164240848.16963392,164.240848169634,88.240848169634,8,-6.29090526618
164276055.21104223,164.276055211042,88.276055211042,8,-6.26813145847
164311262.2524505,164.311262252450,88.311262252450,8,-6.24543555493
164346469.29385877,164.346469293859,88.346469293859,8,-6.2228171495
164381676.33526707,164.381676335267,88.381676335267,8,-6.20027583962
164416883.37667534,164.416883376675,88.416883376675,8,-6.17781122615
164452090.41808361,164.452090418084,88.452090418084,8,-6.15542291342
164487297.45949191,164.487297459492,88.487297459492,8,-6.13311050907
164522504.50090018,164.522504500900,88.522504500900,8,-6.11087362414
164557711.54230845,164.557711542308,88.557711542308,8,-6.08871187291
164592918.58371675,164.592918583717,88.592918583717,8,-6.06662487298
164628125.62512502,164.628125625125,88.628125625125,8,-6.04461224513
164663332.66653332,164.663332666533,88.663332666533,8,-6.02267361336
164698539.70794159,164.698539707942,88.698539707942,8,-6.00080860482
164733746.74934986,164.733746749350,88.733746749350,8,-5.97901684976
164768953.79075816,164.768953790758,88.768953790758,8,-5.95729798154
164804160.83216643,164.804160832166,88.804160832166,8,-5.93565163657
164839367.8735747,164.839367873575,88.839367873575,8,-5.91407745427
164874574.914983,164.874574914983,88.874574914983,8,-5.89257507705
164909781.95639127,164.909781956391,88.909781956391,8,-5.87114415027
164944988.99779958,164.944988997800,88.944988997800,8,-5.84978432222
164980196.03920785,164.980196039208,88.980196039208,8,-5.82849524406
165015403.08061612,165.015403080616,89.015403080616,8,-5.80727656984
165050610.12202442,165.050610122024,89.050610122024,8,-5.7861279564
165085817.16343269,165.085817163433,89.085817163433,8,-5.76504906342
165121024.20484096,165.121024204841,89.121024204841,8,-5.7440395533
165156231.24624926,165.156231246249,89.156231246249,8,-5.72309909122
165191438.28765753,165.191438287658,89.191438287658,8,-5.70222734503
165226645.32906583,165.226645329066,89.226645329066,8,-5.6814239853
165261852.3704741,165.261852370474,89.261852370474,8,-5.66068868522
165297059.41188237,165.297059411882,89.297059411882,8,-5.64002112062
165332266.45329067,165.332266453291,89.332266453291,8,-5.61942096991
165367473.49469894,165.367473494699,89.367473494699,8,-5.59888791408
165402680.53610721,165.402680536107,89.402680536107,8,-5.57842163667
165437887.57751551,165.437887577516,89.437887577516,8,-5.55802182371
165473094.61892378,165.473094618924,89.473094618924,8,-5.53768816373
165508301.66033208,165.508301660332,89.508301660332,8,-5.51742034774
165543508.70174035,165.543508701740,89.543508701740,8,-5.49721806917
165578715.74314862,165.578715743149,89.578715743149,8,-5.47708102385
165613922.78455693,165.613922784557,89.613922784557,8,-5.45700891001
165649129.8259652,165.649129825965,89.649129825965,8,-5.43700142826
165684336.86737347,165.684336867373,89.684336867373,8,-5.41705828151
165719543.90878177,165.719543908782,89.719543908782,8,-5.39717917502
165754750.95019004,165.754750950190,89.754750950190,8,-5.37736381633
165789957.99159831,165.789957991598,89.789957991598,8,-5.35761191522
165825165.03300661,165.825165033007,89.825165033007,8,-5.33792318375
165860372.07441488,165.860372074415,89.860372074415,8,-5.31829733619
165895579.11582318,165.895579115823,89.895579115823,8,-5.298734089
165930786.15723145,165.930786157231,89.930786157231,8,-5.27923316083
165965993.19863972,165.965993198640,89.965993198640,8,-5.25979427248
166001200.24004802,166.001200240048,90.001200240048,8,-5.24041714686
166036407.28145629,166.036407281456,90.036407281456,8,-5.22110150904
166071614.32286456,166.071614322865,90.071614322865,8,-5.20184708614
166106821.36427286,166.106821364273,90.106821364273,8,-5.18265360737
166142028.40568113,166.142028405681,90.142028405681,8,-5.16352080398
166177235.44708943,166.177235447089,90.177235447089,8,-5.14444840924
166212442.4884977,166.212442488498,90.212442488498,8,-5.12543615846
166247649.52990597,166.247649529906,90.247649529906,8,-5.10648378892
166282856.57131428,166.282856571314,90.282856571314,8,-5.08759103985
166318063.61272255,166.318063612723,90.318063612723,8,-5.06875765248
166353270.65413082,166.353270654131,90.353270654131,8,-5.04998336991
166388477.69553912,166.388477695539,90.388477695539,8,-5.03126793721
166423684.73694739,166.423684736947,90.423684736947,8,-5.0126111013
166458891.77835569,166.458891778356,90.458891778356,8,-4.99401261101
166494098.81976396,166.494098819764,90.494098819764,8,-4.97547221699
166529305.86117223,166.529305861172,90.529305861172,8,-4.95698967177
166564512.90258053,166.564512902581,90.564512902581,8,-4.93856472967
166599719.9439888,166.599719943989,90.599719943989,8,-4.92019714683
166634926.98539707,166.634926985397,90.634926985397,8,-4.90188668117
166670134.02680537,166.670134026805,90.670134026805,8,-4.88363309239
166705341.06821364,166.705341068214,90.705341068214,8,-4.86543614192
166740548.10962194,166.740548109622,90.740548109622,8,-4.84729559295
166775755.15103021,166.775755151030,90.775755151030,8,-4.82921121038
166810962.19243848,166.810962192438,90.810962192438,8,-4.81118276082
166846169.23384678,166.846169233847,90.846169233847,8,-4.79321001255
166881376.27525505,166.881376275255,90.881376275255,8,-4.77529273553
166916583.31666332,166.916583316663,90.916583316663,8,-4.7574307014
166951790.35807163,166.951790358072,90.951790358072,8,-4.73962368339
166986997.3994799,166.986997399480,90.986997399480,8,-4.72187145641
167022204.44088817,167.022204440888,91.022204440888,8,-4.70417379693
167057411.48229647,167.057411482296,91.057411482296,8,-4.68653048305
167092618.52370474,167.092618523705,91.092618523705,8,-4.66894129443
167127825.56511304,167.127825565113,91.127825565113,8,-4.65140601231
167163032.60652131,167.163032606521,91.163032606521,8,-4.63392441947
167198239.64792958,167.198239647930,91.198239647930,8,-4.61649630023
167233446.68933788,167.233446689338,91.233446689338,8,-4.59912144042
167268653.73074615,167.268653730746,91.268653730746,8,-4.5817996274
167303860.77215442,167.303860772154,91.303860772154,8,-4.56453065002
167339067.81356272,167.339067813563,91.339067813563,8,-4.54731429859
167374274.85497099,167.374274854971,91.374274854971,8,-4.53015036491
167409481.89637929,167.409481896379,91.409481896379,8,-4.51303864222
167444688.93778756,167.444688937788,91.444688937788,8,-4.49597892522
167479895.97919583,167.479895979196,91.479895979196,8,-4.47897101001
167515103.02060413,167.515103020604,91.515103020604,8,-4.46201469412
167550310.0620124,167.550310062012,91.550310062012,8,-4.44510977649
167585517.10342067,167.585517103421,91.585517103421,8,-4.42825605744
167620724.14482898,167.620724144829,91.620724144829,8,-4.41145333866
167655931.18623725,167.655931186237,91.655931186237,8,-4.39470142321
167691138.22764555,167.691138227646,91.691138227646,8,-4.37800011552
167726345.26905382,167.726345269054,91.726345269054,8,-4.36134922133
167761552.31046209,167.761552310462,91.761552310462,8,-4.34474854772
167796759.35187039,167.796759351870,91.796759351870,8,-4.32819790311
167831966.39327866,167.831966393279,91.831966393279,8,-4.3116970972
167867173.43468693,167.867173434687,91.867173434687,8,-4.29524594097
167902380.47609523,167.902380476095,91.902380476095,8,-4.27884424672
167937587.5175035,167.937587517503,91.937587517504,8,-4.262491828
167972794.55891177,167.972794558912,91.972794558912,8,-4.24618849962
168008001.60032007,168.008001600320,92.008001600320,8,-4.22993407764
168043208.64172834,168.043208641728,92.043208641728,8,-4.21372837936
168078415.68313664,168.078415683137,92.078415683137,8,-4.1975712233
168113622.72454491,168.113622724545,92.113622724545,8,-4.18146242921
168148829.76595318,168.148829765953,92.148829765953,8,-4.16540181803
168184036.80736148,168.184036807361,92.184036807361,8,-4.14938921191
168219243.84876975,168.219243848770,92.219243848770,8,-4.13342443418
168254450.89017802,168.254450890178,92.254450890178,8,-4.11750730934
168289657.93158633,168.289657931586,92.289657931586,8,-4.10163766306
168324864.9729946,168.324864972995,92.324864972995,8,-4.08581532217
168360072.0144029,168.360072014403,92.360072014403,8,-4.07004011463
168395279.05581117,168.395279055811,92.395279055811,8,-4.05431186954
168430486.09721944,168.430486097219,92.430486097219,8,-4.03863041714
168465693.13862774,168.465693138628,92.465693138628,8,-4.02299558878
168500900.18003601,168.500900180036,92.500900180036,8,-4.0074072169
168536107.22144428,168.536107221444,92.536107221444,8,-3.99186513505
168571314.26285258,168.571314262853,92.571314262853,8,-3.97636917787
168606521.30426085,168.606521304261,92.606521304261,8,-3.96091918109
168641728.34566915,168.641728345669,92.641728345669,8,-3.94551498147
168676935.38707742,168.676935387077,92.676935387077,8,-3.93015641688
168712142.42848569,168.712142428486,92.712142428486,8,-3.91484332621
168747349.46989399,168.747349469894,92.747349469894,8,-3.89957554941
168782556.51130226,168.782556511302,92.782556511302,8,-3.88435292744
168817763.55271053,168.817763552711,92.817763552711,8,-3.86917530232
168852970.59411883,168.852970594119,92.852970594119,8,-3.85404251706
168888177.6355271,168.888177635527,92.888177635527,8,-3.83895441569
168923384.6769354,168.923384676935,92.923384676935,8,-3.82391084324
168958591.71834368,168.958591718344,92.958591718344,8,-3.80891164573
168993798.75975195,168.993798759752,92.993798759752,8,-3.79395667018
169029005.80116025,169.029005801160,93.029005801160,8,-3.77904576456
169064212.84256852,169.064212842569,93.064212842569,8,-3.76417877783
169099419.88397679,169.099419883977,93.099419883977,8,-3.74935555989
169134626.92538509,169.134626925385,93.134626925385,8,-3.7345759616
169169833.96679336,169.169833966793,93.169833966793,8,-3.71983983479
169205041.00820163,169.205041008202,93.205041008202,8,-3.70514703219
169240248.04960993,169.240248049610,93.240248049610,8,-3.69049740748
169275455.0910182,169.275455091018,93.275455091018,8,-3.67589081526
169310662.1324265,169.310662132427,93.310662132427,8,-3.66132711103
169345869.17383477,169.345869173835,93.345869173835,8,-3.64680615122
169381076.21524304,169.381076215243,93.381076215243,8,-3.63232779315
169416283.25665134,169.416283256651,93.416283256651,8,-3.61789189503
169451490.29805961,169.451490298060,93.451490298060,8,-3.60349831595
169486697.33946788,169.486697339468,93.486697339468,8,-3.5891469159
169521904.38087618,169.521904380876,93.521904380876,8,-3.57483755571
169557111.42228445,169.557111422284,93.557111422284,8,-3.56057009711
169592318.46369275,169.592318463693,93.592318463693,8,-3.54634440266
169627525.50510103,169.627525505101,93.627525505101,8,-3.53216033579
169662732.5465093,169.662732546509,93.662732546509,8,-3.51801776075
169697939.5879176,169.697939587918,93.697939587918,8,-3.50391654266
169733146.62932587,169.733146629326,93.733146629326,8,-3.48985654745
169768353.67073414,169.768353670734,93.768353670734,8,-3.47583764187
169803560.71214244,169.803560712142,93.803560712142,8,-3.46185969351
169838767.75355071,169.838767753551,93.838767753551,8,-3.44792257075
169873974.79495901,169.873974794959,93.873974794959,8,-3.43402614279
169909181.83636728,169.909181836367,93.909181836367,8,-3.42017027963
169944388.87777555,169.944388877776,93.944388877776,8,-3.40635485204
169979595.91918385,169.979595919184,93.979595919184,8,-3.3925797316
170014802.96059212,170.014802960592,94.014802960592,8,-3.37884479067
170050010.00200039,170.050010002000,94.050010002000,8,-3.36514990237
170085217.04340869,170.085217043409,94.085217043409,8,-3.35149494061
170120424.08481696,170.120424084817,94.120424084817,8,-3.33787978005
170155631.12622523,170.155631126225,94.155631126225,8,-3.3243042961
170190838.16763353,170.190838167634,94.190838167634,8,-3.31076836493
170226045.2090418,170.226045209042,94.226045209042,8,-3.29727186345
170261252.2504501,170.261252250450,94.261252250450,8,-3.28381466933
170296459.29185838,170.296459291858,94.296459291858,8,-3.27039666096
170331666.33326665,170.331666333267,94.331666333267,8,-3.25701771744
170366873.37467495,170.366873374675,94.366873374675,8,-3.24367771862
170402080.41608322,170.402080416083,94.402080416083,8,-3.23037654506
170437287.45749149,170.437287457491,94.437287457491,8,-3.21711407803
170472494.49889979,170.472494498900,94.472494498900,8,-3.20389019951
170507701.54030806,170.507701540308,94.507701540308,8,-3.19070479218
170542908.58171636,170.542908581716,94.542908581716,8,-3.17755773941
170578115.62312463,170.578115623125,94.578115623125,8,-3.16444892528
170613322.6645329,170.613322664533,94.613322664533,8,-3.15137823453
170648529.7059412,170.648529705941,94.648529705941,8,-3.13834555261
170683736.74734947,170.683736747349,94.683736747349,8,-3.12535076561
170718943.78875774,170.718943788758,94.718943788758,8,-3.11239376033
170754150.83016604,170.754150830166,94.754150830166,8,-3.09947442421
170789357.87157431,170.789357871574,94.789357871574,8,-3.08659264536
170824564.91298261,170.824564912983,94.824564912983,8,-3.07374831254
170859771.95439088,170.859771954391,94.859771954391,8,-3.06094131517
170894978.99579915,170.894978995799,94.894978995799,8,-3.04817154331
170930186.03720745,170.930186037207,94.930186037207,8,-3.03543888767
170965393.07861573,170.965393078616,94.965393078616,8,-3.02274323959
171000600.120024,171.000600120024,95.000600120024,8,-3.01008449105
171035807.1614323,171.035807161432,95.035807161432,8,-2.99746253463
171071014.20284057,171.071014202841,95.071014202841,8,-2.98487726358
171106221.24424887,171.106221244249,95.106221244249,8,-2.97232857173
171141428.28565714,171.141428285657,95.141428285657,8,-2.95981635355
171176635.32706541,171.176635327065,95.176635327065,8,-2.9473405041
171211842.36847371,171.211842368474,95.211842368474,8,-2.93490091906
171247049.40988198,171.247049409882,95.247049409882,8,-2.9224974947
171282256.45129025,171.282256451290,95.282256451290,8,-2.91013012789
171317463.49269855,171.317463492699,95.317463492699,8,-2.89779871611
171352670.53410682,171.352670534107,95.352670534107,8,-2.8855031574
171387877.57551509,171.387877575515,95.387877575515,8,-2.8732433504
171423084.61692339,171.423084616923,95.423084616923,8,-2.86101919432
171458291.65833166,171.458291658332,95.458291658332,8,-2.84883058897
171493498.69973996,171.493498699740,95.493498699740,8,-2.83667743471
171528705.74114823,171.528705741148,95.528705741148,8,-2.82455963247
171563912.7825565,171.563912782557,95.563912782556,8,-2.81247708375
171599119.8239648,171.599119823965,95.599119823965,8,-2.8004296906
171634326.86537308,171.634326865373,95.634326865373,8,-2.78841735565
171669533.90678135,171.669533906781,95.669533906781,8,-2.77643998204
171704740.94818965,171.704740948190,95.704740948190,8,-2.7644974735
171739947.98959792,171.739947989598,95.739947989598,8,-2.75258973429
171775155.03100622,171.775155031006,95.775155031006,8,-2.74071666919
171810362.07241449,171.810362072414,95.810362072414,8,-2.72887818356
171845569.11382276,171.845569113823,95.845569113823,8,-2.71707418324
171880776.15523106,171.880776155231,95.880776155231,8,-2.70530457465
171915983.19663933,171.915983196639,95.915983196639,8,-2.6935692647
171951190.2380476,171.951190238048,95.951190238048,8,-2.68186816083
171986397.2794559,171.986397279456,95.986397279456,8,-2.67020117102
172021604.32086417,172.021604320864,96.021604320864,8,-2.65856820373
172056811.36227247,172.056811362272,96.056811362272,8,-2.64696916797
172092018.40368074,172.092018403681,96.092018403681,8,-2.63540397322
172127225.44508901,172.127225445089,96.127225445089,8,-2.62387252949
172162432.48649731,172.162432486497,96.162432486497,8,-2.61237474727
172197639.52790558,172.197639527906,96.197639527906,8,-2.60091053758
172232846.56931385,172.232846569314,96.232846569314,8,-2.5894798119
172268053.61072215,172.268053610722,96.268053610722,8,-2.57808248222
172303260.65213042,172.303260652130,96.303260652130,8,-2.56671846101
172338467.69353873,172.338467693539,96.338467693539,8,-2.55538766123
172373674.734947,172.373674734947,96.373674734947,8,-2.54408999631
172408881.77635527,172.408881776355,96.408881776355,8,-2.53282538018
172444088.81776357,172.444088817764,96.444088817764,8,-2.52159372721
172479295.85917184,172.479295859172,96.479295859172,8,-2.51039495228
172514502.90058011,172.514502900580,96.514502900580,8,-2.49922897072
172549709.94198841,172.549709941988,96.549709941988,8,-2.4880956983
172584916.98339668,172.584916983397,96.584916983397,8,-2.4769950513
172620124.02480495,172.620124024805,96.620124024805,8,-2.46592694643
172655331.06621325,172.655331066213,96.655331066213,8,-2.45489130085
172690538.10762152,172.690538107622,96.690538107622,8,-2.4438880322
172725745.14902982,172.725745149030,96.725745149030,8,-2.43291705855
172760952.19043809,172.760952190438,96.760952190438,8,-2.42197829841
172796159.23184636,172.796159231846,96.796159231846,8,-2.41107167075
172831366.27325466,172.831366273255,96.831366273255,8,-2.40019709497
172866573.31466293,172.866573314663,96.866573314663,8,-2.38935449093
172901780.3560712,172.901780356071,96.901780356071,8,-2.3785437789
172936987.3974795,172.936987397479,96.936987397479,8,-2.36776487958
172972194.43888777,172.972194438888,96.972194438888,8,-2.35701771413
173007401.48029608,173.007401480296,97.007401480296,8,-2.3463022041
173042608.52170435,173.042608521704,97.042608521704,8,-2.33561827149
173077815.56311262,173.077815563113,97.077815563113,8,-2.32496583871
173113022.60452092,173.113022604521,97.113022604521,8,-2.3143448286
173148229.64592919,173.148229645929,97.148229645929,8,-2.3037551644
173183436.68733746,173.183436687337,97.183436687337,8,-2.29319676977
173218643.72874576,173.218643728746,97.218643728746,8,-2.28266956878
173253850.77015403,173.253850770154,97.253850770154,8,-2.27217348591
173289057.81156233,173.289057811562,97.289057811562,8,-2.26170844604
173324264.8529706,173.324264852971,97.324264852971,8,-2.25127437447
173359471.89437887,173.359471894379,97.359471894379,8,-2.24087119687
173394678.93578717,173.394678935787,97.394678935787,8,-2.23049883934
173429885.97719544,173.429885977195,97.429885977195,8,-2.22015722835
173465093.01860371,173.465093018604,97.465093018604,8,-2.20984629077
173500300.06001201,173.500300060012,97.500300060012,8,-2.19956595387
173535507.10142028,173.535507101420,97.535507101420,8,-2.18931614529
173570714.14282855,173.570714142829,97.570714142829,8,-2.17909679308
173605921.18423685,173.605921184237,97.605921184237,8,-2.16890782564
173641128.22564512,173.641128225645,97.641128225645,8,-2.15874917178
173676335.26705343,173.676335267053,97.676335267053,8,-2.14862076066
173711542.3084617,173.711542308462,97.711542308462,8,-2.13852252185
173746749.34986997,173.746749349870,97.746749349870,8,-2.12845438527
173781956.39127827,173.781956391278,97.781956391278,8,-2.11841628121
173817163.43268654,173.817163432687,97.817163432687,8,-2.10840814034
173852370.47409481,173.852370474095,97.852370474095,8,-2.09842989368
173887577.51550311,173.887577515503,97.887577515503,8,-2.08848147264
173922784.55691138,173.922784556911,97.922784556911,8,-2.07856280896
173957991.59831968,173.957991598320,97.957991598320,8,-2.06867383477
173993198.63972795,173.993198639728,97.993198639728,8,-2.05881448254
174028405.68113622,174.028405681136,98.028405681136,8,-2.04898468509
174063612.72254452,174.063612722545,98.063612722545,8,-2.0391843756
174098819.76395279,174.098819763953,98.098819763953,8,-2.02941348762
174134026.80536106,174.134026805361,98.134026805361,8,-2.01967195501
174169233.84676936,174.169233846769,98.169233846769,8,-2.00995971202
174204440.88817763,174.204440888178,98.204440888178,8,-2.0002766932
174239647.92958593,174.239647929586,98.239647929586,8,-1.99062283348
174274854.9709942,174.274854970994,98.274854970994,8,-1.9809980681
174310062.01240247,174.310062012402,98.310062012402,8,-1.97140233267
174345269.05381078,174.345269053811,98.345269053811,8,-1.9618355631
174380476.09521905,174.380476095219,98.380476095219,8,-1.95229769567
174415683.13662732,174.415683136627,98.415683136627,8,-1.94278866697
174450890.17803562,174.450890178036,98.450890178036,8,-1.93330841392
174486097.21944389,174.486097219444,98.486097219444,8,-1.92385687378
174521304.26085219,174.521304260852,98.521304260852,8,-1.91443398413
174556511.30226046,174.556511302260,98.556511302260,8,-1.90503968287
174591718.34366873,174.591718343669,98.591718343669,8,-1.89567390823
174626925.38507703,174.626925385077,98.626925385077,8,-1.88633659876
174662132.4264853,174.662132426485,98.662132426485,8,-1.87702769332
174697339.46789357,174.697339467894,98.697339467894,8,-1.86774713109
174732546.50930187,174.732546509302,98.732546509302,8,-1.85849485158
174767753.55071014,174.767753550710,98.767753550710,8,-1.84927079459
174802960.59211841,174.802960592118,98.802960592118,8,-1.84007490024
174838167.63352671,174.838167633527,98.838167633527,8,-1.83090710896
174873374.67493498,174.873374674935,98.873374674935,8,-1.82176736149
174908581.71634328,174.908581716343,98.908581716343,8,-1.81265559888
174943788.75775155,174.943788757752,98.943788757752,8,-1.80357176247
174978995.79915982,174.978995799160,98.978995799160,8,-1.79451579392
175014202.84056813,175.014202840568,99.014202840568,8,-1.78548763516
175049409.8819764,175.049409881976,99.049409881976,8,-1.77648722846
175084616.92338467,175.084616923385,99.084616923385,8,-1.76751451635
175119823.96479297,175.119823964793,99.119823964793,8,-1.75856944168
175155031.00620124,175.155031006201,99.155031006201,8,-1.74965194758
175190238.04760954,175.190238047610,99.190238047610,8,-1.74076197748
175225445.08901781,175.225445089018,99.225445089018,8,-1.73189947509
175260652.13042608,175.260652130426,99.260652130426,8,-1.72306438442
175295859.17183438,175.295859171834,99.295859171834,8,-1.71425664976
175331066.21324265,175.331066213243,99.331066213243,8,-1.70547621568
175366273.25465092,175.366273254651,99.366273254651,8,-1.69672302705
175401480.29605922,175.401480296059,99.401480296059,8,-1.68799702901
175436687.33746749,175.436687337468,99.436687337467,8,-1.67929816698
175471894.37887579,175.471894378876,99.471894378876,8,-1.67062638667
175507101.42028406,175.507101420284,99.507101420284,8,-1.66198163404
175542308.46169233,175.542308461692,99.542308461692,8,-1.65336385536
175577515.50310063,175.577515503101,99.577515503101,8,-1.64477299715
175612722.5445089,175.612722544509,99.612722544509,8,-1.63620900621
175647929.58591717,175.647929585917,99.647929585917,8,-1.62767182962
175683136.62732548,175.683136627325,99.683136627325,8,-1.61916141471
175718343.66873375,175.718343668734,99.718343668734,8,-1.61067770911
175753550.71014202,175.753550710142,99.753550710142,8,-1.60222066067
175788757.75155032,175.788757751550,99.788757751550,8,-1.59379021754
175823964.79295859,175.823964792959,99.823964792959,8,-1.58538632813
175859171.83436689,175.859171834367,99.859171834367,8,-1.5770089411
175894378.87577516,175.894378875775,99.894378875775,8,-1.56865800539
175929585.91718343,175.929585917183,99.929585917183,8,-1.56033347016
175964792.95859173,175.964792958592,99.964792958592,8,-1.55203528488
176000000,176.000000000000,100.000000000000,8,-1.54376339924
