frame_index,frame_number_1based,integrated_time_s,raw_std
0,1,0.013783,0.257996
1,2,0.027566,0.329690
2,3,0.041350,0.160032
3,4,0.055133,0.228702
