Frequency_Hz,Frequency_MHz,20260515_092941,20260526_141535,20260526_142458
75900123.596191406,75.900123596191,1.1179547841653359e-05,4.9499080741859835e-05,5.1903821909905242e-07
75900268.5546875,75.900268554688,1.2040320989549485e-05,4.7712072635410876e-05,4.9611196691846694e-07
75900413.513183594,75.900413513184,1.3244747655806361e-05,5.5779872577180388e-05,5.2854525906025195e-07
75900558.471679688,75.900558471680,1.2020342929280535e-05,5.3980342123684005e-05,5.7046647222915811e-07
75900703.430175781,75.900703430176,1.2526255801971466e-05,4.479961880156142e-05,5.3717569578471223e-07
75900848.388671875,75.900848388672,8.5641454578222428e-06,4.9086317444165685e-05,4.7214522044955636e-07
75900993.347167969,75.900993347168,9.1162569568790402e-06,5.7661236043718807e-05,6.325930513392119e-07
75901138.305664062,75.901138305664,1.2661544027162625e-05,5.3948892367381458e-05,6.6061177119755329e-07
75901283.264160156,75.901283264160,1.1074151006445801e-05,3.8401168869610129e-05,4.8503326571522444e-07
75901428.22265625,75.901428222656,8.5599430621082285e-06,5.1790684496728148e-05,5.5611428119643222e-07
75901573.181152344,75.901573181152,1.3513015850022574e-05,6.1530697935977853e-05,6.1126643691709653e-07
75901718.139648438,75.901718139648,1.2513718832570715e-05,5.7643379434147266e-05,6.1676187165424119e-07
75901863.098144531,75.901863098145,1.1962490575076267e-05,4.9425800227495022e-05,4.3990202139731239e-07
75902008.056640625,75.902008056641,1.2627427635827675e-05,4.5355527564373984e-05,4.7230604399293418e-07
75902153.015136719,75.902153015137,1.102077251428057e-05,5.1046758185037199e-05,5.2469157390354737e-07
75902297.973632812,75.902297973633,1.2138357955892667e-05,6.1240569294474548e-05,6.1786714957512891e-07
75902442.932128906,75.902442932129,1.4183777926124203e-05,4.7967454167465588e-05,6.4913895973729965e-07
75902587.890625,75.902587890625,1.1497533734668097e-05,5.3413288597233823e-05,5.5169337963579877e-07
75902732.849121094,75.902732849121,1.0249231675718321e-05,5.1678598356510467e-05,5.3348268037381122e-07
75902877.807617188,75.902877807617,1.1074250495355244e-05,4.7306183693202153e-05,4.6171966302611718e-07
75903022.766113281,75.903022766113,1.2050268731769589e-05,4.4836405096086601e-05,5.0678841806290001e-07
75903167.724609375,75.903167724609,1.3165377800384781e-05,5.0638567543516265e-05,4.8403481216362571e-07
75903312.683105469,75.903312683105,1.1102053943419266e-05,5.2884371410350124e-05,5.4659534138394767e-07
75903457.641601562,75.903457641602,1.2735410827881935e-05,6.3350729468331844e-05,4.1195490890967982e-07
75903602.600097656,75.903602600098,1.5527687010380346e-05,6.6843243865120775e-05,4.1151919114090314e-07
75903747.55859375,75.903747558594,1.3660265123032557e-05,6.2606663016813208e-05,5.4790224503156497e-07
75903892.517089844,75.903892517090,1.0411522164054355e-05,4.9042429927820262e-05,5.3216387178427901e-07
75904037.475585938,75.904037475586,8.6248548682285324e-06,5.4396248857535719e-05,6.0528140518879628e-07
75904182.434082031,75.904182434082,9.0530801997733051e-06,5.5058207199489778e-05,5.8319988793955234e-07
75904327.392578125,75.904327392578,9.6730180838639372e-06,4.5002594503022603e-05,4.8255759755234729e-07
75904472.351074219,75.904472351074,1.1972272048156915e-05,4.4663039730366033e-05,4.4322026873650212e-07
75904617.309570312,75.904617309570,1.077478599162927e-05,5.2772467514719025e-05,5.3091253355481453e-07
75904762.268066406,75.904762268066,1.1104613302596162e-05,6.1869882282486951e-05,5.8017053276753373e-07
75904907.2265625,75.904907226562,1.1843860403143992e-05,6.7172910321032693e-05,4.4381911014420256e-07
75905052.185058594,75.905052185059,1.0235605472454317e-05,6.2744661121192277e-05,5.6678885281318363e-07
75905197.143554688,75.905197143555,1.0932662070495841e-05,4.6450552685360562e-05,5.7026431956773233e-07
75905342.102050781,75.905342102051,1.313503645646582e-05,3.5891960819524534e-05,6.1412747449611726e-07
75905487.060546875,75.905487060547,1.0741935365573295e-05,2.6949644540068706e-05,7.6512513867176988e-07
75905632.019042969,75.905632019043,9.3237618198631546e-06,4.032210520681777e-05,5.039157826621819e-07
75905776.977539062,75.905776977539,7.1162825442996321e-06,3.6765874776985113e-05,4.6521029946750453e-07
75905921.936035156,75.905921936035,1.0777766483332774e-05,3.3372325944937495e-05,4.6018899069052321e-07
75906066.89453125,75.906066894531,1.5405690509468546e-05,4.685946424024246e-05,4.8050326609087169e-07
75906211.853027344,75.906211853027,1.112155224092529e-05,5.1813869745359785e-05,4.5670453894626313e-07
75906356.811523438,75.906356811523,1.0892529143166788e-05,4.4273333202587918e-05,5.0392415670266922e-07
75906501.770019531,75.906501770020,9.3902641537410086e-06,4.6960964681717108e-05,6.5125499989175421e-07
75906646.728515625,75.906646728516,9.1675250971308232e-06,5.3833878958251232e-05,7.7410544263368395e-07
75906791.687011719,75.906791687012,1.0432883546296166e-05,6.3608544766270361e-05,7.4361134357011112e-07
75906936.645507812,75.906936645508,1.1200503380675569e-05,6.1263155943246285e-05,5.7402889636890903e-07
75907081.604003906,75.907081604004,1.0844583844898573e-05,4.7179335277802093e-05,4.259642035467975e-07
75907226.5625,75.907226562500,9.846976669942363e-06,5.8453952294593473e-05,5.7451858574946072e-07
75907371.520996094,75.907371520996,1.0076600450733698e-05,5.9858072959685658e-05,6.3876964822996568e-07
75907516.479492188,75.907516479492,1.0301671157600081e-05,5.1407275185002414e-05,6.3090509760662819e-07
75907661.437988281,75.907661437988,8.5991457973223744e-06,4.7529761181489399e-05,6.0878955301251111e-07
75907806.396484375,75.907806396484,9.1740008575260852e-06,3.6932461765892211e-05,6.1957193887640754e-07
75907951.354980469,75.907951354980,1.1065242250263413e-05,5.3180762072601579e-05,5.6303564620902335e-07
75908096.313476562,75.908096313477,9.1470053232664679e-06,5.4335715544980629e-05,4.8935661652309302e-07
75908241.271972656,75.908241271973,7.8398812624527917e-06,5.6342828332667333e-05,4.8451004394108048e-07
75908386.23046875,75.908386230469,8.6164016581992697e-06,6.2606827546331676e-05,6.002984289266404e-07
75908531.188964844,75.908531188965,9.6328621391800171e-06,4.8547719840925211e-05,7.1415665471589104e-07
75908676.147460938,75.908676147461,1.1568794249001375e-05,4.8526300355101917e-05,4.9388021597958657e-07
75908821.105957031,75.908821105957,1.1487206298229402e-05,5.4747872177864798e-05,5.1665610373754004e-07
75908966.064453125,75.908966064453,1.1688527573349587e-05,6.154950464674673e-05,6.185917321067276e-07
75909111.022949219,75.909111022949,1.1142516370822645e-05,4.6731810020550523e-05,5.2605770120226555e-07
75909255.981445312,75.909255981445,1.0824069711620382e-05,4.5603395542328258e-05,6.3090886970236295e-07
75909400.939941406,75.909400939941,1.034187091700795e-05,5.9511786921917948e-05,8.8637380231847416e-07
75909545.8984375,75.909545898438,1.1402316200546126e-05,5.632436872295777e-05,6.2070970864239127e-07
75909690.856933594,75.909690856934,1.2293900600597132e-05,5.1448332896729279e-05,4.2876941795469724e-07
75909835.815429688,75.909835815430,1.1447333812795521e-05,5.5907256897436929e-05,2.9881976490587613e-07
75909980.773925781,75.909980773926,1.0902089072294371e-05,5.6850914916436482e-05,3.478489774162496e-07
75910125.732421875,75.910125732422,1.1561838280330378e-05,5.3716449138449968e-05,6.3077620417711081e-07
75910270.690917969,75.910270690918,1.0950417081251399e-05,6.5611478543571122e-05,8.7694445791906488e-07
75910415.649414062,75.910415649414,1.4795744035152006e-05,6.1387263277031442e-05,7.1624026891242599e-07
75910560.607910156,75.910560607910,1.387178462227155e-05,3.5701810256522734e-05,4.6779117092162218e-07
75910705.56640625,75.910705566406,8.2712624530893899e-06,3.404027141362849e-05,4.7349900004474946e-07
75910850.524902344,75.910850524902,1.1754028287097353e-05,5.112018179486019e-05,4.8866452836041204e-07
75910995.483398438,75.910995483398,1.3147371725701357e-05,4.6639638442896679e-05,5.6574862936670549e-07
75911140.441894531,75.911140441895,1.2036129150043097e-05,4.0537912786661002e-05,7.1080269356221342e-07
75911285.400390625,75.911285400391,1.1670585460737639e-05,5.4119139751744893e-05,5.8608891071633089e-07
75911430.358886719,75.911430358887,1.4100955058971343e-05,6.0326416343353685e-05,6.5391264306353215e-07
75911575.317382812,75.911575317383,1.4361804835817404e-05,6.5979698815334348e-05,5.179894581161831e-07
75911720.275878906,75.911720275879,1.1748441033467125e-05,5.2751720954445968e-05,5.8252414522686089e-07
75911865.234375,75.911865234375,1.0329995062151775e-05,4.6445645859964285e-05,5.6175353313065172e-07
75912010.192871094,75.912010192871,1.0948336778823119e-05,4.9557963719263076e-05,4.8571867043841243e-07
75912155.151367188,75.912155151367,1.0938234660625708e-05,4.8283325085010281e-05,4.9975464749803831e-07
75912300.109863281,75.912300109863,1.2850071262838758e-05,4.2264253501461915e-05,4.186075475279584e-07
75912445.068359375,75.912445068359,9.2621411329379648e-06,5.1688928549629063e-05,4.3679199757180651e-07
75912590.026855469,75.912590026855,9.8564335365822207e-06,4.0477842047842768e-05,5.256906708261351e-07
75912734.985351562,75.912734985352,1.006204076757772e-05,3.848705013777002e-05,6.8832669488382265e-07
75912879.943847656,75.912879943848,1.146110070224519e-05,6.5085784437062755e-05,4.3067798207470187e-07
75913024.90234375,75.913024902344,8.170237678196431e-06,6.0778545313208949e-05,4.6156916199372799e-07
75913169.860839844,75.913169860840,1.104400529197709e-05,5.6642148700224278e-05,5.2135477948985267e-07
75913314.819335938,75.913314819336,1.3916331130648804e-05,6.2213373178319798e-05,5.2651305650759168e-07
75913459.777832031,75.913459777832,1.2161859645574603e-05,5.772501185381431e-05,4.9941150501745815e-07
75913604.736328125,75.913604736328,1.0754890203993171e-05,5.3821998409705529e-05,5.7111464761163149e-07
75913749.694824219,75.913749694824,1.0921092998024743e-05,6.5492112408765905e-05,7.1583297516272135e-07
75913894.653320312,75.913894653320,1.1789378905351776e-05,5.7699115883008231e-05,6.2821159581876905e-07
75914039.611816406,75.914039611816,1.1845650600738e-05,6.1804766566812759e-05,5.4903205240951615e-07
75914184.5703125,75.914184570312,1.1683554765530123e-05,5.4485936377686331e-05,6.729826921907253e-07
75914329.528808594,75.914329528809,1.0005432893061641e-05,5.7591344483223818e-05,7.2163931062855359e-07
75914474.487304688,75.914474487305,8.0946015095486256e-06,5.6506037053467937e-05,5.3187949230377712e-07
75914619.445800781,75.914619445801,8.9926972146514841e-06,6.3348309262265798e-05,5.8112539555100344e-07
75914764.404296875,75.914764404297,9.2148291252936383e-06,7.5251625880280073e-05,5.9714672860812906e-07
75914909.362792969,75.914909362793,1.0594985357288668e-05,6.3099051229022286e-05,5.8193283073546247e-07
75915054.321289062,75.915054321289,9.5197322201356778e-06,5.1558612837174301e-05,4.2259002925400811e-07
75915199.279785156,75.915199279785,1.3611496693692598e-05,4.8939146035123698e-05,3.6518674442433545e-07
75915344.23828125,75.915344238281,1.1864392070696569e-05,4.3636061530113714e-05,4.5323216713168246e-07
75915489.196777344,75.915489196777,1.0076518603810892e-05,3.8741608605109994e-05,5.7599564518460104e-07
75915634.155273438,75.915634155273,1.1065902766884846e-05,4.6146665002545782e-05,5.6849451431265939e-07
75915779.113769531,75.915779113770,1.4070137058857837e-05,3.8238205259620826e-05,4.6686210040336808e-07
75915924.072265625,75.915924072266,1.0047204677597259e-05,4.5452884033105723e-05,5.526572904093744e-07
75916069.030761719,75.916069030762,1.1599851459237172e-05,5.5530495093365182e-05,5.9629614045528708e-07
75916213.989257812,75.916213989258,1.5416199693413484e-05,4.8020380981753291e-05,4.7414077651662879e-07
75916358.947753906,75.916358947754,1.1410681270058477e-05,4.3533780865482509e-05,4.9890084144904253e-07
75916503.90625,75.916503906250,8.3766042985737993e-06,4.539970296917189e-05,4.5457866776098268e-07
75916648.864746094,75.916648864746,9.584472615961034e-06,5.755879992590114e-05,4.2806571429395433e-07
75916793.823242188,75.916793823242,1.2726095220301224e-05,5.0138531451762596e-05,5.2482958494932837e-07
75916938.781738281,75.916938781738,1.2757455650422593e-05,5.9236317983745848e-05,5.2950320435509215e-07
75917083.740234375,75.917083740234,1.3229947971167759e-05,5.3867201580836107e-05,4.5708445070790144e-07
75917228.698730469,75.917228698730,1.2756871902397247e-05,4.864571336747427e-05,4.5592694494207741e-07
75917373.657226562,75.917373657227,1.096128385931144e-05,7.6517591941181699e-05,4.9094157535322594e-07
75917518.615722656,75.917518615723,1.0678332894180531e-05,5.5689074344446955e-05,5.4920019985217915e-07
75917663.57421875,75.917663574219,1.0136675033427717e-05,5.1146399386752627e-05,5.3368957270106296e-07
75917808.532714844,75.917808532715,9.657113250956394e-06,5.4271469979357965e-05,4.2568813720339952e-07
75917953.491210938,75.917953491211,1.3388373711757708e-05,4.9159706611899358e-05,5.2325667204434618e-07
75918098.449707031,75.918098449707,1.226821429250271e-05,4.7871381267763803e-05,6.5282855444717532e-07
75918243.408203125,75.918243408203,1.1866054495294587e-05,5.5406126906296708e-05,6.6662749643710257e-07
75918388.366699219,75.918388366699,1.483787667524018e-05,5.4154565943593777e-05,5.1875859053745822e-07
75918533.325195312,75.918533325195,1.3683193779220654e-05,5.9931968639222942e-05,4.7000064091943419e-07
75918678.283691406,75.918678283691,1.2149142980092016e-05,4.6134553724361721e-05,4.7332016905698121e-07
75918823.2421875,75.918823242188,1.2878401487273199e-05,5.1960974096641521e-05,4.7890043234470065e-07
75918968.200683594,75.918968200684,1.4016362620360359e-05,5.2627502898226266e-05,6.1999503580888288e-07
75919113.159179688,75.919113159180,1.2295114909386173e-05,4.7415298448804332e-05,4.7378176917519517e-07
75919258.117675781,75.919258117676,8.7884677352812193e-06,4.6992332940415241e-05,6.1335321902389581e-07
75919403.076171875,75.919403076172,1.132887467192051e-05,6.0126078459430352e-05,7.4537720078185713e-07
75919548.034667969,75.919548034668,1.0916685792758621e-05,5.9378169074440747e-05,6.4582621662244072e-07
75919692.993164062,75.919692993164,1.0746026569630953e-05,5.3292262736143176e-05,7.5174923926710362e-07
75919837.951660156,75.919837951660,1.0258962439752129e-05,4.7764931174786528e-05,1.0615336309064899e-06
75919982.91015625,75.919982910156,1.0435426014523296e-05,4.8692676427108296e-05,9.5072844862623636e-07
75920127.868652344,75.920127868652,1.1010087845108999e-05,5.4147057091970368e-05,6.7392472130278327e-07
75920272.827148438,75.920272827148,1.0364725085999046e-05,5.0576023115007472e-05,5.1603755331082189e-07
75920417.785644531,75.920417785645,1.1834030968662087e-05,4.5182879949140858e-05,5.4585788610890054e-07
75920562.744140625,75.920562744141,1.2996113572803593e-05,5.0081080759955002e-05,4.8475015599598054e-07
75920707.702636719,75.920707702637,1.2959605620349086e-05,6.2744681055420021e-05,4.8074987216420525e-07
75920852.661132812,75.920852661133,9.0696603761624186e-06,6.6298106523017466e-05,5.2016295326061477e-07
75920997.619628906,75.920997619629,1.0859754932786427e-05,6.2011389137410391e-05,4.9022211952803353e-07
75921142.578125,75.921142578125,9.7245192533810616e-06,5.9245503607543891e-05,5.6559900303797949e-07
75921287.536621094,75.921287536621,1.0867702397303845e-05,5.8475603858038827e-05,5.9539266700335481e-07
75921432.495117188,75.921432495117,9.7433223700789172e-06,3.8761766628193616e-05,4.4729469739081329e-07
75921577.453613281,75.921577453613,9.2265816902155955e-06,4.539475556438875e-05,5.3345501028698177e-07
75921722.412109375,75.921722412109,7.4965447062468681e-06,6.8545219833267694e-05,5.98549477910375e-07
75921867.370605469,75.921867370605,1.2449894329330761e-05,7.3275749700057872e-05,5.1530615080416316e-07
75922012.329101562,75.922012329102,1.2781284373986446e-05,5.7944515363113092e-05,4.9817809665346761e-07
75922157.287597656,75.922157287598,1.3635773950593217e-05,7.74333304648653e-05,5.5329525730157688e-07
75922302.24609375,75.922302246094,1.2403785846419027e-05,6.1050314352301845e-05,4.0547283318720937e-07
75922447.204589844,75.922447204590,1.1772112082649577e-05,5.329349591474941e-05,4.8510761262028043e-07
75922592.163085938,75.922592163086,1.3394995582297561e-05,6.1326935528344261e-05,5.4280174948512108e-07
75922737.121582031,75.922737121582,1.2396132096542651e-05,4.7865993331835863e-05,6.1706459247833653e-07
75922882.080078125,75.922882080078,1.4496551539032413e-05,4.5034468930445035e-05,5.6128857319928195e-07
75923027.038574219,75.923027038574,1.5883377727207484e-05,4.3388655335688553e-05,6.1406885482471381e-07
75923171.997070312,75.923171997070,1.2789572379175821e-05,3.9907755141955906e-05,5.7916104374118065e-07
75923316.955566406,75.923316955566,1.1965549145642646e-05,4.405536658389655e-05,7.1719444946897395e-07
75923461.9140625,75.923461914062,9.4951272080734441e-06,4.9194796047514341e-05,6.202721415700651e-07
75923606.872558594,75.923606872559,8.9545308968653177e-06,5.0962493309508305e-05,5.7130608387961066e-07
75923751.831054688,75.923751831055,1.0477824355770311e-05,3.7856843728066422e-05,5.1289447259274609e-07
75923896.789550781,75.923896789551,1.4515125529280617e-05,4.4286991582907312e-05,4.5377789013122409e-07
75924041.748046875,75.924041748047,1.5226861442651913e-05,4.4966615131418102e-05,5.5397993397209605e-07
75924186.706542969,75.924186706543,1.1493645261653806e-05,4.2055951492151917e-05,5.5040330226535517e-07
75924331.665039062,75.924331665039,1.0293682052449686e-05,5.5525175000498685e-05,4.9288517817092542e-07
75924476.623535156,75.924476623535,1.1435543482589566e-05,4.78939488835666e-05,5.7158917454330342e-07
75924621.58203125,75.924621582031,1.0745218800786442e-05,5.4949247693081959e-05,5.5003544501734317e-07
75924766.540527344,75.924766540527,1.0385389833520214e-05,4.4154419354068179e-05,7.4249502270483203e-07
75924911.499023438,75.924911499023,9.9525867640764041e-06,6.0110717228601792e-05,8.3065611859520052e-07
75925056.457519531,75.925056457520,8.5566163404961766e-06,6.4792413976201666e-05,6.7652399521884019e-07
75925201.416015625,75.925201416016,8.839558064599133e-06,5.6533695944896522e-05,6.157260379023498e-07
75925346.374511719,75.925346374512,1.1052052687899106e-05,5.7157727380232504e-05,5.9564151042128822e-07
75925491.333007812,75.925491333008,1.0971526347440936e-05,5.1453121131899809e-05,6.0692770447414647e-07
75925636.291503906,75.925636291504,1.1374932054200924e-05,4.7601487793458987e-05,6.8138001786374807e-07
75925781.25,75.925781250000,1.0673264041063623e-05,4.7061494895055623e-05,6.4514059436846563e-07
75925926.208496094,75.925926208496,1.0458132103115155e-05,4.6610614081884832e-05,5.8225330379494924e-07
75926071.166992188,75.926071166992,1.0820562123040794e-05,3.9732475916238254e-05,6.3088549385890651e-07
75926216.125488281,75.926216125488,1.0358891967644088e-05,4.4337821700994227e-05,5.109726753109128e-07
75926361.083984375,75.926361083984,1.360115145736235e-05,5.5889225910325006e-05,5.2692526205719806e-07
75926506.042480469,75.926506042480,1.4276080682455315e-05,5.2147246213605426e-05,4.785005909875379e-07
75926651.000976562,75.926651000977,1.4024573140837331e-05,4.8249842905013635e-05,5.5454605277652309e-07
75926795.959472656,75.926795959473,1.1395362553851151e-05,5.5167900495108522e-05,5.6414912778526713e-07
75926940.91796875,75.926940917969,1.2614652395745343e-05,5.87747982287227e-05,6.0781925380875075e-07
75927085.876464844,75.927085876465,1.3049235301430626e-05,5.0594748111326181e-05,6.04214568968075e-07
75927230.834960938,75.927230834961,1.1932247848169209e-05,5.9228705380341962e-05,5.7671384022238992e-07
75927375.793457031,75.927375793457,8.5903814442063863e-06,6.0294495808077302e-05,6.2736145741746492e-07
75927520.751953125,75.927520751953,1.0795385190848721e-05,4.8187514046192654e-05,6.044434068608597e-07
75927665.710449219,75.927665710449,1.0825913839988713e-05,5.4611990101162979e-05,5.9275892538113808e-07
75927810.668945312,75.927810668945,1.0559671281063261e-05,4.3168105550051491e-05,6.1352535617262151e-07
75927955.627441406,75.927955627441,1.1756991286074681e-05,4.231518820459874e-05,5.1817410152600485e-07
75928100.5859375,75.928100585938,9.653085585886794e-06,4.3828669475907905e-05,4.7688960451274136e-07
75928245.544433594,75.928245544434,1.3192512218059251e-05,4.7262349570935e-05,6.9819083152490455e-07
75928390.502929688,75.928390502930,1.1424908457148669e-05,4.6653653211844914e-05,5.0419700697018362e-07
75928535.461425781,75.928535461426,1.0452596765491091e-05,5.5725268583168685e-05,3.5116094241885737e-07
75928680.419921875,75.928680419922,1.296153335835503e-05,3.7284269585823152e-05,4.9751715567867496e-07
75928825.378417969,75.928825378418,1.0325985549188566e-05,3.4636288911074397e-05,5.5314690457970135e-07
75928970.336914062,75.928970336914,1.101532297406734e-05,6.1659388294216144e-05,5.4726604164033636e-07
75929115.295410156,75.929115295410,1.2475261704923954e-05,5.350976372995793e-05,5.5751937723645406e-07
75929260.25390625,75.929260253906,1.3392864344383871e-05,4.6591997961600437e-05,5.9090402605079479e-07
75929405.212402344,75.929405212402,1.3146167084042493e-05,5.0183156257303467e-05,5.9109591061180314e-07
75929550.170898438,75.929550170898,1.3154969663924594e-05,4.5553151309260473e-05,6.6386065672270748e-07
75929695.129394531,75.929695129395,1.1308249655852831e-05,4.4336667816384864e-05,6.1186847841063662e-07
75929840.087890625,75.929840087891,1.1035509964572935e-05,5.2657554357983794e-05,5.1740696146582975e-07
75929985.046386719,75.929985046387,9.4494941004649738e-06,4.0121023935776664e-05,4.7142441067423625e-07
75930130.004882812,75.930130004883,1.2898787083219481e-05,5.1437007975830786e-05,5.316658808337947e-07
75930274.963378906,75.930274963379,1.2580458520139657e-05,5.4378117511603475e-05,4.5208954166534676e-07
75930419.921875,75.930419921875,1.2033983113164863e-05,5.4929391624950089e-05,6.0922114841253192e-07
75930564.880371094,75.930564880371,1.176581815481361e-05,4.6696099570473829e-05,5.7517878965651411e-07
75930709.838867188,75.930709838867,1.1396703534388638e-05,5.1727963069417273e-05,5.5804874510798632e-07
75930854.797363281,75.930854797363,1.341854410312491e-05,4.5056398814426792e-05,6.198902390086581e-07
75930999.755859375,75.930999755859,1.2198553290532308e-05,4.5733668464506381e-05,6.6212030950293477e-07
75931144.714355469,75.931144714355,1.1754232444448111e-05,4.9889498541918261e-05,7.3467068449419575e-07
75931289.672851562,75.931289672852,1.4151956948711586e-05,5.6359360797724867e-05,5.5481842411643568e-07
75931434.631347656,75.931434631348,1.5208108921477407e-05,6.4195978296877757e-05,5.6869595372367773e-07
75931579.58984375,75.931579589844,1.2873147544358359e-05,5.1292842847518913e-05,7.1305575814494451e-07
75931724.548339844,75.931724548340,9.5449755659025656e-06,4.7840167016518572e-05,5.9701436669287081e-07
75931869.506835938,75.931869506836,1.4044090709680433e-05,4.6283820042513465e-05,4.6691441327399823e-07
75932014.465332031,75.932014465332,1.5048727513570348e-05,6.3290192429581017e-05,4.5616230138492646e-07
75932159.423828125,75.932159423828,1.3612284576533118e-05,6.1143477345032744e-05,4.8953168167959717e-07
75932304.382324219,75.932304382324,1.2771313848102883e-05,4.8883389465320691e-05,4.9777407429677186e-07
75932449.340820312,75.932449340820,1.3421262652512741e-05,5.5580842391882188e-05,5.3642232300021201e-07
75932594.299316406,75.932594299316,1.0186250336495411e-05,5.5088297276122703e-05,5.4847812123221849e-07
75932739.2578125,75.932739257812,1.0804463568500051e-05,4.1199759708059018e-05,6.5221356907121235e-07
75932884.216308594,75.932884216309,1.2080513467769432e-05,4.6301523656702056e-05,5.2937947349162527e-07
75933029.174804688,75.933029174805,1.3849673111510161e-05,5.2887221258579096e-05,5.6424820610009313e-07
75933174.133300781,75.933174133301,1.2882765493704055e-05,5.6206993361147242e-05,5.5244012099822881e-07
75933319.091796875,75.933319091797,9.3870661509404773e-06,4.2271946559171643e-05,5.8732066694215133e-07
75933464.050292969,75.933464050293,1.2282447734278338e-05,4.5174885970156266e-05,4.853509768812358e-07
75933609.008789062,75.933609008789,1.3171526012689243e-05,6.4302262607364519e-05,4.9842716435416452e-07
75933753.967285156,75.933753967285,9.4396656649708806e-06,5.8821283632032762e-05,5.5280155016905479e-07
75933898.92578125,75.933898925781,1.1086657491177331e-05,5.3119094926003802e-05,5.4659560488772634e-07
75934043.884277344,75.934043884277,7.8416079008262128e-06,5.9587381764067926e-05,3.5969755700943611e-07
75934188.842773438,75.934188842773,1.0780863588734027e-05,5.2668012191395562e-05,5.4775746545264111e-07
75934333.801269531,75.934333801270,1.5649060452609046e-05,5.2548610796196687e-05,5.5444865084490882e-07
75934478.759765625,75.934478759766,1.2118445552439952e-05,5.764976246873749e-05,4.5670993148678754e-07
75934623.718261719,75.934623718262,1.1596364122899523e-05,5.711335175525848e-05,4.3211576011725801e-07
75934768.676757812,75.934768676758,1.0896279824434715e-05,6.4873633008306024e-05,4.3584610672521101e-07
75934913.635253906,75.934913635254,1.239034265189718e-05,7.6274209562663591e-05,4.7542416022930739e-07
75935058.59375,75.935058593750,1.2303802537436264e-05,6.5819631897423521e-05,5.7554169370287692e-07
75935203.552246094,75.935203552246,1.3407553129013445e-05,5.8210456164137659e-05,5.183799956013152e-07
75935348.510742188,75.935348510742,1.2367659484399992e-05,5.7545736077596091e-05,4.9339176597527596e-07
75935493.469238281,75.935493469238,1.1547584449244138e-05,5.0192985586688329e-05,5.3917993715028876e-07
75935638.427734375,75.935638427734,1.1881159903742708e-05,7.0367365190709703e-05,7.3744163993402681e-07
75935783.386230469,75.935783386230,1.1291805604431161e-05,4.9983832337476529e-05,7.1490329758620305e-07
75935928.344726562,75.935928344727,1.1384610043813462e-05,5.7179787776553066e-05,4.3584234388622965e-07
75936073.303222656,75.936073303223,1.1693141680212331e-05,7.5791807386790745e-05,4.2374541954508108e-07
75936218.26171875,75.936218261719,1.2546145670683201e-05,8.0323453019999724e-05,5.4878086484308649e-07
75936363.220214844,75.936363220215,8.9476932469851156e-06,6.1978657934870087e-05,6.5801530527884349e-07
75936508.178710938,75.936508178711,8.0313927649548165e-06,5.494257025088856e-05,5.6141962848503858e-07
75936653.137207031,75.936653137207,9.9991750301133671e-06,5.1394395424508353e-05,6.0614213511231092e-07
75936798.095703125,75.936798095703,9.0839348564612007e-06,5.4710892473145004e-05,5.9167473135280332e-07
75936943.054199219,75.936943054199,1.2078035843982652e-05,4.8548271926460329e-05,5.406665054109912e-07
75937088.012695312,75.937088012695,1.1018667804253934e-05,5.3404888716607378e-05,4.6597519283412435e-07
75937232.971191406,75.937232971191,1.1326945504951866e-05,5.2012517480382238e-05,6.6533429234575217e-07
75937377.9296875,75.937377929688,1.3264560741662961e-05,4.6980034509857097e-05,6.3177043437948774e-07
75937522.888183594,75.937522888184,1.2749857579078969e-05,4.7034205448976188e-05,4.6496222532391194e-07
75937667.846679688,75.937667846680,1.4796592033288793e-05,4.9677591126777395e-05,5.6519960070391269e-07
75937812.805175781,75.937812805176,1.1891389076359545e-05,3.3690521232299527e-05,5.3474189722188153e-07
75937957.763671875,75.937957763672,1.1290160464685107e-05,2.6474520907927294e-05,6.1976210471709708e-07
75938102.722167969,75.938102722168,1.0612264360321731e-05,3.5689489248224368e-05,6.1728718236618122e-07
75938247.680664062,75.938247680664,1.0914151494873591e-05,4.4163222048817874e-05,7.6517371715109792e-07
75938392.639160156,75.938392639160,1.188273392844791e-05,5.7065300805062516e-05,6.52070688007066e-07
75938537.59765625,75.938537597656,9.8196657441281726e-06,6.515809407768442e-05,5.3152192802104934e-07
75938682.556152344,75.938682556152,1.1892161145507625e-05,5.7132920687418382e-05,3.8800663667621972e-07
75938827.514648438,75.938827514648,1.3993360708269375e-05,4.7350958189282224e-05,4.720923849971282e-07
75938972.473144531,75.938972473145,1.3659919409465564e-05,3.8434771931572948e-05,5.2786574021381322e-07
75939117.431640625,75.939117431641,1.1717495526623416e-05,4.6688563257574267e-05,4.8063809988055865e-07
75939262.390136719,75.939262390137,1.2151966767678469e-05,5.5259769782342904e-05,4.9343835125422456e-07
75939407.348632812,75.939407348633,9.3441431432719793e-06,5.3066768001825468e-05,6.2519295389675666e-07
75939552.307128906,75.939552307129,1.0974337213961573e-05,6.5434335054769422e-05,6.1076040883345437e-07
75939697.265625,75.939697265625,1.3558471517885469e-05,5.4948483183104221e-05,5.8003098369998486e-07
75939842.224121094,75.939842224121,1.1049056822474825e-05,4.8471515391213747e-05,6.7205036017625403e-07
75939987.182617188,75.939987182617,9.5484933749597705e-06,5.4608665590982987e-05,6.4341925893429093e-07
75940132.141113281,75.940132141113,8.4626357761818481e-06,5.8160120711857596e-05,6.1137469930576397e-07
75940277.099609375,75.940277099609,8.4983927270727663e-06,5.0626972994290071e-05,5.21859506035817e-07
75940422.058105469,75.940422058105,8.5933227441794082e-06,5.1312480160460152e-05,4.5987851413291749e-07
75940567.016601562,75.940567016602,1.1922992085165364e-05,6.3990061652229046e-05,5.3048772437853573e-07
75940711.975097656,75.940711975098,9.0268204781676961e-06,5.5564034194255546e-05,5.1016573960933202e-07
75940856.93359375,75.940856933594,1.1026222349237268e-05,5.1000788957122939e-05,7.5480693835025715e-07
75941001.892089844,75.941001892090,1.4144241603893213e-05,5.8011324530585284e-05,6.1136848741102096e-07
75941146.850585938,75.941146850586,1.2798846515600384e-05,7.2411915076330609e-05,4.2104727859277483e-07
75941291.809082031,75.941291809082,1.0813210104313487e-05,5.4213465440685509e-05,4.5871515076537686e-07
75941436.767578125,75.941436767578,1.1223031705740591e-05,4.9908621202396655e-05,3.4115303680316448e-07
75941581.726074219,75.941581726074,1.1314239545688643e-05,3.8313927841086444e-05,3.5723413998773561e-07
75941726.684570312,75.941726684570,1.0288098827305813e-05,4.3297304867586297e-05,5.3184106662340675e-07
75941871.643066406,75.941871643066,9.7988874484762829e-06,3.8537890171355296e-05,6.5463407293380838e-07
75942016.6015625,75.942016601562,1.1033008989554536e-05,3.1727487006998181e-05,6.1206766023239221e-07
75942161.560058594,75.942161560059,8.550803920941767e-06,4.9563054321863576e-05,5.1519831224382592e-07
75942306.518554688,75.942306518555,1.0364948476306234e-05,5.0784963283525639e-05,4.9093782877520798e-07
75942451.477050781,75.942451477051,1.2189058874203232e-05,6.2199667077916606e-05,5.914165195257171e-07
75942596.435546875,75.942596435547,1.3358395225560587e-05,6.5072786986915173e-05,6.8044412354959611e-07
75942741.394042969,75.942741394043,1.3188098327829118e-05,5.0933600279580907e-05,5.4875543997675379e-07
75942886.352539062,75.942886352539,9.2121192560221929e-06,6.1328625935523634e-05,6.2628206884462092e-07
75943031.311035156,75.943031311035,1.2431456956182683e-05,6.9851414982485366e-05,6.8619612869321179e-07
75943176.26953125,75.943176269531,7.8346065321255361e-06,6.3247766170861251e-05,7.3764226188989856e-07
75943321.228027344,75.943321228027,8.8559586416918673e-06,5.9696194529145097e-05,7.0343610893918613e-07
75943466.186523438,75.943466186523,1.0986432771410169e-05,5.7851151317423834e-05,6.3352716615924497e-07
75943611.145019531,75.943611145020,1.1620303036116214e-05,4.8885774724525665e-05,6.4201048727600535e-07
75943756.103515625,75.943756103516,1.4732379726829825e-05,4.5406292617039864e-05,5.3872854874485466e-07
75943901.062011719,75.943901062012,1.1872848862417097e-05,5.1888682803798509e-05,5.732904634693524e-07
75944046.020507812,75.944046020508,1.374684164822873e-05,4.3095703513556635e-05,5.6863682284819307e-07
75944190.979003906,75.944190979004,9.7965168301512254e-06,3.4616929316455043e-05,4.5076409009511138e-07
75944335.9375,75.944335937500,9.2349883767724126e-06,3.2731306487370336e-05,4.1818244405562193e-07
75944480.895996094,75.944480895996,1.0224845260558665e-05,4.2733674927867432e-05,4.8060038691773047e-07
75944625.854492188,75.944625854492,1.1780798622653483e-05,6.8421472753464577e-05,4.7666563710809548e-07
75944770.812988281,75.944770812988,1.0640673740945092e-05,5.4261560648012378e-05,5.7988992767606479e-07
75944915.771484375,75.944915771484,1.1791883217338576e-05,5.8442893901305489e-05,6.5080810712964925e-07
75945060.729980469,75.945060729980,1.1633721021147684e-05,6.7192867467399592e-05,4.8997574104163522e-07
75945205.688476562,75.945205688477,1.0314171845066702e-05,4.8081928331962317e-05,5.0608990594618676e-07
75945350.646972656,75.945350646973,9.7984044060276101e-06,4.679434394460824e-05,4.6892046095645565e-07
75945495.60546875,75.945495605469,1.5136312391062744e-05,5.1909903424775264e-05,5.7910060150530021e-07
75945640.563964844,75.945640563965,1.6473854707871725e-05,4.9374154835801575e-05,6.2614071030419124e-07
75945785.522460938,75.945785522461,1.4713510750630364e-05,4.5124503523984942e-05,5.6344954317264608e-07
75945930.480957031,75.945930480957,1.4156782176002588e-05,5.5221409246646044e-05,5.8149394223690729e-07
75946075.439453125,75.946075439453,1.0717015357883548e-05,3.6210378266466965e-05,6.3574639301801931e-07
75946220.397949219,75.946220397949,1.0059772887866461e-05,3.717924291637204e-05,5.2121249418639679e-07
75946365.356445312,75.946365356445,1.3213657660009705e-05,5.2313032577002164e-05,5.508784434174562e-07
75946510.314941406,75.946510314941,1.0952228103505193e-05,5.6812388785921308e-05,5.2292761180290137e-07
75946655.2734375,75.946655273438,8.3952619281204573e-06,6.9824980475624858e-05,4.1267905675676425e-07
75946800.231933594,75.946800231934,1.0579685539904584e-05,4.7198064994900227e-05,6.2161790327660607e-07
75946945.190429688,75.946945190430,1.0565340067567999e-05,5.0851795484101006e-05,6.7019744037343955e-07
75947090.148925781,75.947090148926,1.1520362249184992e-05,6.231826040669093e-05,7.6754388503990469e-07
75947235.107421875,75.947235107422,1.4117216852782359e-05,7.0627801022486053e-05,6.0486712639864567e-07
75947380.065917969,75.947380065918,1.5503240332131262e-05,4.2847593381300128e-05,5.140225430617828e-07
75947525.024414062,75.947525024414,1.1502380107603902e-05,4.4660281212634277e-05,4.7725589657797004e-07
75947669.982910156,75.947669982910,7.0118807989020416e-06,4.2895176543523861e-05,4.2616687875750952e-07
75947814.94140625,75.947814941406,1.071339754919607e-05,3.9503518961467384e-05,6.0368972596781596e-07
75947959.899902344,75.947959899902,1.008588102744428e-05,4.0928279271647405e-05,5.9627100051699752e-07
75948104.858398438,75.948104858398,9.3675422052836012e-06,4.5375701118072377e-05,5.1191972757331172e-07
75948249.816894531,75.948249816895,1.5006936863707681e-05,4.2452893500878739e-05,4.0770690749459963e-07
75948394.775390625,75.948394775391,1.0595992351768254e-05,5.159319695480768e-05,4.8024081405295905e-07
75948539.733886719,75.948539733887,9.3608810884006208e-06,5.7301028174978083e-05,6.855901287265112e-07
75948684.692382812,75.948684692383,8.4457151611978192e-06,5.4136944991797722e-05,5.8943729216275123e-07
75948829.650878906,75.948829650879,9.1371041505181988e-06,4.7375927141838441e-05,5.2594114661064033e-07
75948974.609375,75.948974609375,1.0339369877435394e-05,4.5355082235641686e-05,6.199133635584381e-07
75949119.567871094,75.949119567871,1.1037533514764606e-05,5.1254139172679777e-05,4.8534746857223774e-07
75949264.526367188,75.949264526367,1.1805391223021941e-05,5.9284218125824135e-05,5.7347855452879252e-07
75949409.484863281,75.949409484863,1.0686915236761074e-05,5.0389001251788354e-05,5.6266015582815705e-07
75949554.443359375,75.949554443359,1.5235708328944556e-05,4.879132352705107e-05,4.5051592419348098e-07
75949699.401855469,75.949699401855,1.5852081686883217e-05,4.4628013850553984e-05,4.0555247062506054e-07
75949844.360351562,75.949844360352,1.2098268164574183e-05,5.6361015988238739e-05,5.8268320050142433e-07
75949989.318847656,75.949989318848,1.3572254643493306e-05,4.4627640673155124e-05,5.5889375557777892e-07
75950134.27734375,75.950134277344,1.1834430738942075e-05,4.6570659257806687e-05,4.7776338000190798e-07
75950279.235839844,75.950279235840,1.4434752561415685e-05,5.3847945471657116e-05,5.1551165842511866e-07
75950424.194335938,75.950424194336,1.180387072002907e-05,5.0630603386639584e-05,4.5565755836964187e-07
75950569.152832031,75.950569152832,1.3250434930493224e-05,4.8547936985849418e-05,4.2808429889477684e-07
75950714.111328125,75.950714111328,1.2577196188170603e-05,6.0624615004025673e-05,4.5054468888443477e-07
75950859.069824219,75.950859069824,1.078057672393099e-05,6.8662260787486198e-05,5.4949444826818595e-07
75951004.028320312,75.951004028320,1.0794997479742374e-05,6.4737747722810602e-05,5.999021402977505e-07
75951148.986816406,75.951148986816,1.2311403990137199e-05,6.7355334581146691e-05,7.455017572166107e-07
75951293.9453125,75.951293945312,1.0182569070950666e-05,6.7036826497589647e-05,5.1505657191825345e-07
75951438.903808594,75.951438903809,1.1017212340950956e-05,5.2078400455221668e-05,4.640296660767412e-07
75951583.862304688,75.951583862305,9.6231119358571567e-06,5.3841482510254491e-05,4.8681619983251347e-07
75951728.820800781,75.951728820801,8.2142719179174425e-06,6.2019996421498199e-05,5.7851395278169701e-07
75951873.779296875,75.951873779297,1.0887936429963187e-05,5.8771900824254997e-05,4.7343320542505495e-07
75952018.737792969,75.952018737793,1.0466729090992388e-05,4.4689790304033769e-05,5.2219326571053568e-07
75952163.696289062,75.952163696289,9.7900655756115212e-06,4.3679888080874633e-05,5.5275055439949051e-07
75952308.654785156,75.952308654785,1.4985429452903348e-05,4.5179253902836516e-05,4.3050171066893559e-07
75952453.61328125,75.952453613281,1.2093712607897103e-05,4.3160233262854101e-05,3.8166696620824057e-07
75952598.571777344,75.952598571777,1.0742980725217486e-05,4.3203881139211697e-05,4.7167357627200043e-07
75952743.530273438,75.952743530273,1.4346209421360224e-05,4.3882602395711192e-05,5.6239609731593221e-07
75952888.488769531,75.952888488770,9.7050633619330466e-06,5.0240324913833462e-05,6.4354245300544092e-07
75953033.447265625,75.953033447266,9.9198776735742861e-06,5.4284938385038779e-05,5.0616814710569975e-07
75953178.405761719,75.953178405762,8.7156021791185596e-06,5.5136007703808689e-05,6.4562862791079313e-07
75953323.364257812,75.953323364258,8.4175993305814242e-06,5.9622800207891966e-05,8.4429037754135278e-07
75953468.322753906,75.953468322754,8.5879759372470601e-06,5.4109896492253669e-05,7.9696702931502616e-07
75953613.28125,75.953613281250,8.5880329251308205e-06,6.2490292030978182e-05,6.2451528835738415e-07
75953758.239746094,75.953758239746,1.1058064926139387e-05,5.2919545024550813e-05,5.1808493186560238e-07
75953903.198242188,75.953903198242,1.078751715565401e-05,4.6194352063519903e-05,5.8894930744153585e-07
75954048.156738281,75.954048156738,1.1942921974222296e-05,5.7049409301415896e-05,5.6419789235274275e-07
75954193.115234375,75.954193115234,1.4549522050444453e-05,6.5750042389759101e-05,4.7813382965442245e-07
75954338.073730469,75.954338073730,1.0958884449781816e-05,4.6204229023681503e-05,4.8057893098887498e-07
75954483.032226562,75.954483032227,9.1542313368312346e-06,3.564423985397056e-05,5.6054762799678831e-07
75954627.990722656,75.954627990723,1.2608337707580789e-05,4.9372144744706192e-05,5.3798448234771381e-07
75954772.94921875,75.954772949219,1.4583405976595846e-05,5.4267915465863388e-05,6.7603075511982651e-07
75954917.907714844,75.954917907715,1.2658129672089818e-05,5.8919411388025028e-05,6.2125317344551376e-07
75955062.866210938,75.955062866211,1.2493033865001158e-05,4.0104814059926044e-05,5.3376445615376676e-07
75955207.824707031,75.955207824707,1.2572445014344508e-05,5.5934356200076322e-05,6.0686161335145869e-07
75955352.783203125,75.955352783203,1.1497751538288934e-05,3.8782602038548296e-05,6.92486522612787e-07
75955497.741699219,75.955497741699,1.1280815971036294e-05,3.7863620634169884e-05,6.3832233997087205e-07
75955642.700195312,75.955642700195,1.2616426128604349e-05,4.8545254332534183e-05,6.7150332157127176e-07
75955787.658691406,75.955787658691,1.2708551006885753e-05,5.1830283252960844e-05,6.0621578120593889e-07
75955932.6171875,75.955932617188,1.1376157431858002e-05,5.7775875842107995e-05,6.1166791676932443e-07
75956077.575683594,75.956077575684,1.0448179457024211e-05,5.644484380608611e-05,6.5790386141482413e-07
75956222.534179688,75.956222534180,1.135091606729741e-05,5.9988180205091879e-05,6.0146872949856756e-07
75956367.492675781,75.956367492676,1.0628595580390975e-05,6.0052430864437926e-05,6.2819544247368746e-07
75956512.451171875,75.956512451172,1.1996521444621958e-05,5.320458098842088e-05,5.8707145271977435e-07
75956657.409667969,75.956657409668,1.1850085894239075e-05,4.3117592730742208e-05,7.5202722235942999e-07
75956802.368164062,75.956802368164,1.0307781752261266e-05,5.1607612864685964e-05,7.1312880686754109e-07
75956947.326660156,75.956947326660,1.1370650093861346e-05,6.4664778999750207e-05,7.0493552644021026e-07
75957092.28515625,75.957092285156,1.0025392859680451e-05,6.2410643279712816e-05,4.8629610835417589e-07
75957237.243652344,75.957237243652,1.1344562277180377e-05,4.3948440933891226e-05,4.6010771268837814e-07
75957382.202148438,75.957382202148,1.2959915290753633e-05,4.5557667138096595e-05,7.4589031225254333e-07
75957527.160644531,75.957527160645,1.3252267024491175e-05,5.6792242220343583e-05,8.1067804595264272e-07
75957672.119140625,75.957672119141,1.2509916369840537e-05,5.0585812743973689e-05,8.4680728384739901e-07
75957817.077636719,75.957817077637,1.1255893368423648e-05,4.8932890630958508e-05,8.0377615871186761e-07
75957962.036132812,75.957962036133,9.7419542142402433e-06,5.3291616364399232e-05,6.9442733242993329e-07
75958106.994628906,75.958106994629,1.2045104012948781e-05,4.4798831201767673e-05,6.6839298017404725e-07
75958251.953125,75.958251953125,1.1792997622454864e-05,6.6329873918068779e-05,5.3681367781520637e-07
75958396.911621094,75.958396911621,1.174080919986072e-05,7.3697028080774491e-05,5.0762116607280845e-07
75958541.870117188,75.958541870117,1.3479366786327873e-05,4.5556342091935456e-05,5.1817724238089727e-07
75958686.828613281,75.958686828613,9.9385963581033674e-06,4.3680663790365815e-05,4.8601181849978668e-07
75958831.787109375,75.958831787109,1.0316267646729362e-05,4.0932846035896302e-05,7.04440094363518e-07
75958976.745605469,75.958976745605,1.4987486536882571e-05,4.0167984939795173e-05,6.2955081377345443e-07
75959121.704101562,75.959121704102,1.5561428920794663e-05,4.9575063414532332e-05,5.219790415557428e-07
75959266.662597656,75.959266662598,1.5924763672153332e-05,6.4057850236887419e-05,5.8566856239430776e-07
75959411.62109375,75.959411621094,1.2799241013151891e-05,6.1022151968491962e-05,6.8202862741916079e-07
75959556.579589844,75.959556579590,1.158487764064604e-05,5.167647140322113e-05,5.6171896141922934e-07
75959701.538085938,75.959701538086,1.2123479358981849e-05,4.2547312493507312e-05,4.3931625102370395e-07
75959846.496582031,75.959846496582,1.0317308785187571e-05,4.3431498720500313e-05,4.7413601831602401e-07
75959991.455078125,75.959991455078,1.1143644542330034e-05,4.5568354181389649e-05,4.5304010188170342e-07
75960136.413574219,75.960136413574,1.3067948288229774e-05,5.8188806424725519e-05,6.16210687058861e-07
75960281.372070312,75.960281372070,1.2149694220993603e-05,6.8200426026417477e-05,5.5689595013136363e-07
75960426.330566406,75.960426330566,1.1700144393296929e-05,5.3854541390012834e-05,4.586782815571015e-07
75960571.2890625,75.960571289062,1.1994139152022638e-05,5.1904634700988452e-05,4.609049642452584e-07
75960716.247558594,75.960716247559,1.3384553020669724e-05,3.993225688258619e-05,6.6551297849670423e-07
75960861.206054688,75.960861206055,1.0656718608350086e-05,4.1057147617756482e-05,5.0643475871717911e-07
75961006.164550781,75.961006164551,1.0538384572045534e-05,4.9851506979962e-05,5.3559941361372333e-07
75961151.123046875,75.961151123047,1.04116028419296e-05,5.029865470719781e-05,5.5852917288690435e-07
75961296.081542969,75.961296081543,9.6099696752129878e-06,5.8707227447070772e-05,5.7459033170376754e-07
75961441.040039062,75.961441040039,1.0048176377194523e-05,4.7998469709425079e-05,7.0210238575991867e-07
75961585.998535156,75.961585998535,1.2353540572148527e-05,4.6056326538849502e-05,6.0721036353878229e-07
75961730.95703125,75.961730957031,1.0163928611780347e-05,3.8975286249736593e-05,4.7389635453121506e-07
75961875.915527344,75.961875915527,1.0686101363305818e-05,4.1166542633320024e-05,5.8424502837416338e-07
75962020.874023438,75.962020874023,9.5097795150327686e-06,4.1322990426330219e-05,7.0769127882142855e-07
75962165.832519531,75.962165832520,9.1332775922101136e-06,4.3382058342867828e-05,6.3861673696963297e-07
75962310.791015625,75.962310791016,9.731385479851485e-06,4.5550834525632256e-05,5.3187085307282777e-07
75962455.749511719,75.962455749512,9.424165021899103e-06,5.3953969205457851e-05,5.3481031660439612e-07
75962600.708007812,75.962600708008,9.0961831758493164e-06,6.4488673950105477e-05,4.5657054408385778e-07
75962745.666503906,75.962745666504,1.0150870215758298e-05,5.1716713720833334e-05,4.866265163919776e-07
75962890.625,75.962890625000,1.2657360985363023e-05,4.0363803063974511e-05,4.5111112963279395e-07
75963035.583496094,75.963035583496,1.0597277639777959e-05,5.9573479170246179e-05,5.5255758582069159e-07
75963180.541992188,75.963180541992,8.3888870638454994e-06,7.0886895981461101e-05,4.7615104591917725e-07
75963325.500488281,75.963325500488,9.2227845018411872e-06,3.8777592961413265e-05,5.3620866737569537e-07
75963470.458984375,75.963470458984,8.9408337933812767e-06,5.4813166419944427e-05,5.7452461848267464e-07
75963615.417480469,75.963615417480,1.1353451182285253e-05,4.3441105472350803e-05,5.3180324032549849e-07
75963760.375976562,75.963760375977,1.311243485299971e-05,5.5239154180112685e-05,5.8222471709140618e-07
75963905.334472656,75.963905334473,1.4187056430152468e-05,5.073807106934087e-05,5.0108068710925707e-07
75964050.29296875,75.964050292969,1.1700399402320883e-05,5.1499300680786072e-05,7.2363681961134115e-07
75964195.251464844,75.964195251465,1.0966120240933211e-05,7.5612808336533323e-05,7.2062414493035182e-07
75964340.209960938,75.964340209961,1.1205232936069374e-05,6.43078162212456e-05,5.4035793775128089e-07
75964485.168457031,75.964485168457,9.9639929912599437e-06,5.8042744349241015e-05,5.0828766550234708e-07
75964630.126953125,75.964630126953,1.0878782763888492e-05,5.9779519137973188e-05,4.9554248623231606e-07
75964775.085449219,75.964775085449,1.1518301816614245e-05,5.2461331613229421e-05,4.3849263724738925e-07
75964920.043945312,75.964920043945,9.3757285730979408e-06,5.2548520582103432e-05,4.4616732718536376e-07
75965065.002441406,75.965065002441,1.3888835362264171e-05,5.1536746134355346e-05,5.7098802438871844e-07
75965209.9609375,75.965209960938,1.7756188972696639e-05,5.8223133182904105e-05,5.4144610863623089e-07
75965354.919433594,75.965354919434,1.2807133654692817e-05,4.4977711942592119e-05,6.2323716842627088e-07
75965499.877929688,75.965499877930,1.157655468888046e-05,4.1349417993887102e-05,6.5470105628471157e-07
75965644.836425781,75.965644836426,1.2279636928539382e-05,5.2152938917231857e-05,5.7460487610003044e-07
75965789.794921875,75.965789794922,1.2588815046764914e-05,6.3540884243064733e-05,5.4228612987598639e-07
75965934.753417969,75.965934753418,1.3528567871893626e-05,5.5408785772594034e-05,4.813737818280028e-07
75966079.711914062,75.966079711914,1.4017416257657873e-05,4.7490399516379581e-05,4.6210415136285537e-07
75966224.670410156,75.966224670410,1.2567500340075583e-05,4.3270732425870242e-05,6.5516184268439707e-07
75966369.62890625,75.966369628906,1.210031503454574e-05,5.0717679857471679e-05,6.0917364781169001e-07
75966514.587402344,75.966514587402,9.4708121569859545e-06,5.3834271412380092e-05,6.6778586392044333e-07
75966659.545898438,75.966659545898,1.3312722445745661e-05,5.0368844165681777e-05,5.3061308051378664e-07
75966804.504394531,75.966804504395,1.2932245258719488e-05,5.3952253584180267e-05,5.63151815956722e-07
75966949.462890625,75.966949462891,8.6177193404358475e-06,6.4717090156261617e-05,6.1959654406475432e-07
75967094.421386719,75.967094421387,9.7975889316732698e-06,5.8982081475694557e-05,4.3041188476733621e-07
75967239.379882812,75.967239379883,9.476144382333194e-06,5.4073654493871929e-05,3.1277842474800148e-07
75967384.338378906,75.967384338379,8.2687495268134748e-06,3.6978302856068211e-05,4.8096699784799969e-07
75967529.296875,75.967529296875,8.0347175956000728e-06,4.451238701020929e-05,5.5225236219679654e-07
75967674.255371094,75.967674255371,1.2073432840409584e-05,7.6700610382962985e-05,5.4525028310779993e-07
75967819.213867188,75.967819213867,1.4475653450368474e-05,7.5201534116261162e-05,5.4695732085613621e-07
75967964.172363281,75.967964172363,1.3019605572706476e-05,6.3005004458997323e-05,5.483921763391682e-07
75968109.130859375,75.968109130859,1.1155050740469649e-05,6.2091156153166256e-05,4.7111401464554667e-07
75968254.089355469,75.968254089355,1.0903367604589125e-05,5.442329464781496e-05,5.3024730972600105e-07
75968399.047851562,75.968399047852,1.1554088269126364e-05,4.6226027918747393e-05,5.0622017653962017e-07
75968544.006347656,75.968544006348,1.1058632079754205e-05,4.3890879600206157e-05,4.8081644449074247e-07
75968688.96484375,75.968688964844,1.0665809322688111e-05,4.2908198004459545e-05,6.6486355350316924e-07
75968833.923339844,75.968833923340,1.1813525733458058e-05,4.3137545757156221e-05,5.3794748113924665e-07
75968978.881835938,75.968978881836,9.1372239045224159e-06,5.226509255126042e-05,5.1549596699133259e-07
75969123.840332031,75.969123840332,9.4634152714910334e-06,5.5172752984544115e-05,5.8638770041954026e-07
75969268.798828125,75.969268798828,1.0162539502256773e-05,4.925081799129291e-05,6.8327153829560325e-07
75969413.757324219,75.969413757324,1.2573209125116975e-05,4.5607567235691231e-05,6.5803392924227327e-07
75969558.715820312,75.969558715820,1.3244723908534649e-05,3.3878299789813901e-05,6.8306757539393806e-07
75969703.674316406,75.969703674316,1.179636689149662e-05,5.175177296523415e-05,5.0938672242924851e-07
75969848.6328125,75.969848632812,1.4489033382662411e-05,5.5782228154660965e-05,4.9251439310084622e-07
75969993.591308594,75.969993591309,1.1767601176679914e-05,4.1124544571550053e-05,5.0762107148762216e-07
75970138.549804688,75.970138549805,1.2446423934154976e-05,4.070294211642098e-05,4.5267665206207802e-07
75970283.508300781,75.970283508301,1.4610206562424448e-05,4.3672642187937462e-05,4.9707295328055013e-07
75970428.466796875,75.970428466797,1.1239221200450547e-05,4.1121130073769221e-05,5.2984069352456752e-07
75970573.425292969,75.970573425293,7.6137885068401706e-06,4.962204527364513e-05,4.9271409614778433e-07
75970718.383789062,75.970718383789,9.557299732172374e-06,4.3906073457613943e-05,4.3735604335198712e-07
75970863.342285156,75.970863342285,1.2604057503937176e-05,5.4637203852880742e-05,5.2571120226500493e-07
75971008.30078125,75.971008300781,1.4697429183332557e-05,5.3758061144100365e-05,6.1456486631383147e-07
75971153.259277344,75.971153259277,1.2204072779542364e-05,4.6130326740625489e-05,5.3439458126975909e-07
75971298.217773438,75.971298217773,1.4571328081229811e-05,7.2795248636801764e-05,6.0307379401748319e-07
75971443.176269531,75.971443176270,1.2719839026791167e-05,7.1292461435837112e-05,6.0856676616024383e-07
75971588.134765625,75.971588134766,9.1256895352236374e-06,5.0732936457116538e-05,5.2146399273252726e-07
75971733.093261719,75.971733093262,1.052678045764808e-05,5.0333721568320699e-05,4.3328227540347993e-07
75971878.051757812,75.971878051758,1.2694791474312214e-05,5.41822920619714e-05,3.926602238114719e-07
75972023.010253906,75.972023010254,1.4465173018986624e-05,4.0480296090240148e-05,5.4941122629882057e-07
75972167.96875,75.972167968750,1.608915465065054e-05,4.1137299492801906e-05,6.9223015894300447e-07
75972312.927246094,75.972312927246,1.4135107670815876e-05,4.717956440224421e-05,6.4312406362557573e-07
75972457.885742188,75.972457885742,1.2099050698375045e-05,4.4122113177082047e-05,7.3050854069647146e-07
75972602.844238281,75.972602844238,8.8513201663392011e-06,5.0256155949453066e-05,7.8543810732309287e-07
75972747.802734375,75.972747802734,1.1661950701775178e-05,4.5582346752740357e-05,5.643980878333054e-07
75972892.761230469,75.972892761230,1.3969419602623831e-05,5.9321549832944132e-05,5.9178466195000784e-07
75973037.719726562,75.973037719727,1.5812849105028046e-05,5.9081736730560265e-05,5.5830496337700348e-07
75973182.678222656,75.973182678223,1.4671887272665319e-05,5.6770849349330193e-05,5.8183051776085734e-07
75973327.63671875,75.973327636719,1.1831396808403019e-05,5.1632346685850847e-05,6.5545016101028717e-07
75973472.595214844,75.973472595215,1.200108260539667e-05,5.1842478442995091e-05,5.8925671648459498e-07
75973617.553710938,75.973617553711,1.3087211646471228e-05,4.3871029939462843e-05,5.5863568450260266e-07
75973762.512207031,75.973762512207,1.2835407202967502e-05,4.5431496957210625e-05,5.4112353360251213e-07
75973907.470703125,75.973907470703,1.2024246731054831e-05,5.7189239042496664e-05,5.5326881951714954e-07
75974052.429199219,75.974052429199,1.0479306726177273e-05,6.2744364158191416e-05,6.1114087592111562e-07
75974197.387695312,75.974197387695,1.1234041511148837e-05,5.5960275333966611e-05,5.9089879025572929e-07
75974342.346191406,75.974342346191,1.170929025763249e-05,5.1531479342651277e-05,6.0368685723005882e-07
75974487.3046875,75.974487304688,8.3178692694386333e-06,5.0976281184634863e-05,5.9485473609810805e-07
75974632.263183594,75.974632263184,9.3839452737290475e-06,5.3462676951825492e-05,5.7723321425937224e-07
75974777.221679688,75.974777221680,1.1422324856018067e-05,5.0886354511720124e-05,5.875228513865118e-07
75974922.180175781,75.974922180176,1.1384833060635382e-05,5.5087393671124565e-05,5.5108451111093044e-07
75975067.138671875,75.975067138672,1.266099602510346e-05,5.026591106042628e-05,8.3106981251311768e-07
75975212.097167969,75.975212097168,1.2178425892951793e-05,4.7696618308809818e-05,6.639613092571635e-07
75975357.055664062,75.975357055664,1.1676880445676846e-05,3.6680765808358365e-05,5.8005633795422589e-07
75975502.014160156,75.975502014160,8.9919092311963562e-06,3.7217018232963655e-05,4.8241680221424374e-07
75975646.97265625,75.975646972656,8.5603725543631234e-06,4.3194793762856645e-05,5.2863332972227378e-07
75975791.931152344,75.975791931152,1.4914902350644241e-05,3.8610471165106894e-05,4.9424169192522606e-07
75975936.889648438,75.975936889648,1.200311250283718e-05,5.0985078802814047e-05,5.8552958770202738e-07
75976081.848144531,75.976081848145,1.4647573354590018e-05,5.99558440686516e-05,5.3909450307198353e-07
75976226.806640625,75.976226806641,1.4783231999131646e-05,5.9546394007982601e-05,6.51291845734258e-07
75976371.765136719,75.976371765137,1.3848705650652623e-05,4.975967448742746e-05,7.1602114255386049e-07
75976516.723632812,75.976516723633,1.2332120175560961e-05,4.569203292392217e-05,7.0089754916558609e-07
75976661.682128906,75.976661682129,1.2282380173445434e-05,4.0110103271807108e-05,8.1356415798468854e-07
75976806.640625,75.976806640625,1.1268132720826818e-05,4.3158777479993101e-05,7.3280471701990025e-07
75976951.599121094,75.976951599121,1.0440991430015745e-05,5.6983061688071182e-05,5.8147142359311868e-07
75977096.557617188,75.977096557617,1.0006390124041164e-05,5.9182314735917575e-05,4.5241436707151041e-07
75977241.516113281,75.977241516113,9.3051779619408667e-06,4.8818245022862953e-05,5.0681597819288677e-07
75977386.474609375,75.977386474609,1.0513335081889296e-05,4.5010027717462139e-05,6.2686643178893154e-07
75977531.433105469,75.977531433105,1.2969255874916227e-05,4.2972445856104411e-05,7.949681326588159e-07
75977676.391601562,75.977676391602,1.5223478662705594e-05,5.1872441906234378e-05,7.0036544993513361e-07
75977821.350097656,75.977821350098,1.2633875372741374e-05,4.1517887751112594e-05,6.5209550363054558e-07
75977966.30859375,75.977966308594,1.3267061437471682e-05,4.9292490256601159e-05,6.4644512629096489e-07
75978111.267089844,75.978111267090,1.5229750681428924e-05,5.5595636441759787e-05,7.9728682863521176e-07
75978256.225585938,75.978256225586,1.1902882511815948e-05,4.9478754489464655e-05,5.8449580998286708e-07
75978401.184082031,75.978401184082,1.0459083792703466e-05,4.7054604302058013e-05,5.4860054115434844e-07
75978546.142578125,75.978546142578,1.2366073376517527e-05,5.8849336614233014e-05,4.6102468906621166e-07
75978691.101074219,75.978691101074,1.0396558910339605e-05,6.2426511086196437e-05,5.0203178741497587e-07
75978836.059570312,75.978836059570,1.0791576533134761e-05,5.4116468726506998e-05,4.0200920155032673e-07
75978981.018066406,75.978981018066,1.0769021299928643e-05,5.0286798133895603e-05,4.0922545996930995e-07
75979125.9765625,75.979125976562,1.2811000751624367e-05,5.3173684198122773e-05,4.5943118726976093e-07
75979270.935058594,75.979270935059,1.0774467912384766e-05,3.9923726950112828e-05,4.0544793406368496e-07
75979415.893554688,75.979415893555,1.2141562320049183e-05,4.2672541575085153e-05,5.0598730306087616e-07
75979560.852050781,75.979560852051,1.0294209991538398e-05,6.4661412315496168e-05,6.1564754967627056e-07
75979705.810546875,75.979705810547,7.7552388595334735e-06,7.4366065938772237e-05,6.9603534663305504e-07
75979850.769042969,75.979850769043,1.2088808530714741e-05,6.8629524769929086e-05,5.6825472261886694e-07
75979995.727539062,75.979995727539,1.1468051854448653e-05,4.8327972497046481e-05,5.4036012340645704e-07
75980140.686035156,75.980140686035,1.3479167223733344e-05,4.6261910117880219e-05,4.7526728030932486e-07
75980285.64453125,75.980285644531,1.0807751793329891e-05,4.9764538154221049e-05,4.8306930697409765e-07
75980430.603027344,75.980430603027,9.1224164537597017e-06,4.6357379514250426e-05,4.5649342601958406e-07
75980575.561523438,75.980575561523,9.9700371401948852e-06,4.5724388109216949e-05,7.3243922987354918e-07
75980720.520019531,75.980720520020,1.151707037633549e-05,4.5528273467712513e-05,7.0484308249528813e-07
75980865.478515625,75.980865478516,9.7349671654234921e-06,4.6246738690617732e-05,6.2029950541050384e-07
75981010.437011719,75.981010437012,1.0706446123364242e-05,4.6787097207462265e-05,5.699415867094169e-07
75981155.395507812,75.981155395508,1.111285230871116e-05,5.9932014717998882e-05,4.5385660943173941e-07
75981300.354003906,75.981300354004,9.0885926591045843e-06,7.0660607584124998e-05,6.2578643364069882e-07
75981445.3125,75.981445312500,9.75723083497426e-06,5.3899017566536842e-05,6.5278288564512484e-07
75981590.270996094,75.981590270996,1.0905629836543112e-05,5.1220073682458309e-05,6.7473914342456318e-07
75981735.229492188,75.981735229492,9.4679144066337615e-06,6.0916898723237687e-05,7.3034870574480315e-07
75981880.187988281,75.981880187988,1.2230141865840159e-05,5.0639918720661139e-05,7.2470558566122977e-07
75982025.146484375,75.982025146484,1.2603453900391398e-05,4.6646807066134545e-05,5.8365269078489496e-07
75982170.104980469,75.982170104980,1.2992498349316947e-05,4.4961681345088095e-05,6.9335496512065382e-07
75982315.063476562,75.982315063477,1.2948984999104733e-05,6.2054908981923489e-05,8.0444803788327373e-07
75982460.021972656,75.982460021973,1.7802976774062939e-05,5.024457207816662e-05,6.4105300340193479e-07
75982604.98046875,75.982604980469,1.7186400219398683e-05,4.0277512129971996e-05,7.0260703572600418e-07
75982749.938964844,75.982749938965,1.2805944677266793e-05,5.3964122362569737e-05,7.0391892340148237e-07
75982894.897460938,75.982894897461,1.193716603837674e-05,6.1998768571647079e-05,7.5827767460129664e-07
75983039.855957031,75.983039855957,1.2935428683176402e-05,4.3922413154285324e-05,5.362519441548766e-07
75983184.814453125,75.983184814453,1.4393752957918781e-05,3.9925844051459471e-05,4.78355093636168e-07
75983329.772949219,75.983329772949,1.3251907844561946e-05,4.1261551024681392e-05,6.7444013973818357e-07
75983474.731445312,75.983474731445,1.0628323281171239e-05,4.3489258115233183e-05,6.6381950605591236e-07
75983619.689941406,75.983619689941,9.0220125072225926e-06,5.9346095795533124e-05,4.7696431716148079e-07
75983764.6484375,75.983764648438,9.6550030918082848e-06,5.6657260237852443e-05,4.4458338274936175e-07
75983909.606933594,75.983909606934,1.3129579330645519e-05,4.119429594839763e-05,6.3357428893711031e-07
75984054.565429688,75.984054565430,1.2367782488083206e-05,4.5633946665893857e-05,7.9678920472471573e-07
75984199.523925781,75.984199523926,1.323485131240513e-05,6.443017783498619e-05,5.0339691326439333e-07
75984344.482421875,75.984344482422,1.3656576207411467e-05,4.6515712321537581e-05,6.189686607256086e-07
75984489.440917969,75.984489440918,1.4861643743998792e-05,6.0476679529913752e-05,7.6135457413196476e-07
75984634.399414062,75.984634399414,1.4452963150570485e-05,6.0815875862127664e-05,6.6403165291902329e-07
75984779.357910156,75.984779357910,1.1279874729585955e-05,6.7047837255079351e-05,4.3835294403411493e-07
75984924.31640625,75.984924316406,1.1252193271594562e-05,4.5298452689367599e-05,4.5974257830821178e-07
75985069.274902344,75.985069274902,1.4133720716372516e-05,4.7870195404786943e-05,4.9184028819994681e-07
75985214.233398438,75.985214233398,9.6136767081431949e-06,5.6397203340042614e-05,5.2879029995034766e-07
75985359.191894531,75.985359191895,8.4547652216999676e-06,7.8260755630842632e-05,5.8420652984503958e-07
75985504.150390625,75.985504150391,8.9683371727664301e-06,8.514925674605853e-05,6.3064696045281866e-07
75985649.108886719,75.985649108887,1.0308643766056444e-05,7.0860826779418199e-05,5.9699477824974742e-07
75985794.067382812,75.985794067383,1.0960004365427614e-05,5.3841467269316191e-05,7.6127643921811818e-07
75985939.025878906,75.985939025879,1.1717564473414743e-05,4.0330091654655926e-05,7.0443316619672924e-07
75986083.984375,75.986083984375,1.420730732580602e-05,4.6155316691785563e-05,6.9034044632006628e-07
75986228.942871094,75.986228942871,1.3327586156505291e-05,4.9307900666946779e-05,6.3222694898274868e-07
75986373.901367188,75.986373901367,1.2781701942259367e-05,4.743686653170909e-05,5.586728273949568e-07
75986518.859863281,75.986518859863,1.2785973481268134e-05,5.2962290128511112e-05,7.4336482809548258e-07
75986663.818359375,75.986663818359,1.2029686428949766e-05,5.7454474686470472e-05,6.9446506347483109e-07
75986808.776855469,75.986808776855,1.1974800297969936e-05,6.8843216956542702e-05,3.6618434853567873e-07
75986953.735351562,75.986953735352,1.1067657553174707e-05,6.8346759793161979e-05,4.0911630768192272e-07
75987098.693847656,75.987098693848,1.1212013441464132e-05,6.3167519667437907e-05,5.133468505668276e-07
75987243.65234375,75.987243652344,1.2417891345302434e-05,4.5787876151697526e-05,6.0240061512300777e-07
75987388.610839844,75.987388610840,1.5441340372048929e-05,4.0731799775668239e-05,6.3752433854255797e-07
75987533.569335938,75.987533569336,1.666524106940774e-05,5.0993040569613415e-05,5.7890358799216269e-07
75987678.527832031,75.987678527832,1.3268106850968149e-05,6.0195622719395725e-05,6.7188260024915735e-07
75987823.486328125,75.987823486328,1.2605132760599161e-05,6.5257373560860226e-05,5.3246449601178609e-07
75987968.444824219,75.987968444824,1.5762503735314491e-05,5.1686401696193967e-05,5.1585518592365541e-07
75988113.403320312,75.988113403320,1.4435008744805696e-05,6.2117039045495856e-05,4.9934656539789591e-07
75988258.361816406,75.988258361816,1.0451557909400209e-05,7.3952069128555811e-05,5.4690733715534811e-07
75988403.3203125,75.988403320312,1.276728175879576e-05,6.4404249700146263e-05,6.5921603815108413e-07
75988548.278808594,75.988548278809,1.0252697103929629e-05,6.5328149702233325e-05,7.9973756754291228e-07
75988693.237304688,75.988693237305,1.2044955473743241e-05,8.4079078462849871e-05,7.7054626657083497e-07
75988838.195800781,75.988838195801,1.3763636733871795e-05,8.0896777769913218e-05,6.6669374397985531e-07
75988983.154296875,75.988983154297,1.243285562891327e-05,7.0789195193525557e-05,6.2433489567884445e-07
75989128.112792969,75.989128112793,1.0449623157900047e-05,6.8429470443324004e-05,7.8933927927959634e-07
75989273.071289062,75.989273071289,8.6408490758452743e-06,8.5718240260187947e-05,7.7774945992106536e-07
75989418.029785156,75.989418029785,1.0937343741600392e-05,8.7064215179846589e-05,8.6981577364495498e-07
75989562.98828125,75.989562988281,9.0602336434175604e-06,6.1215564654562205e-05,9.5205099217085963e-07
75989707.946777344,75.989707946777,8.9595552665324185e-06,7.3171918126670009e-05,7.2380774777778853e-07
75989852.905273438,75.989852905273,1.000922841596773e-05,9.7666281909653915e-05,4.819375303404367e-07
75989997.863769531,75.989997863770,1.0705363440798273e-05,9.2601712551736693e-05,6.0303426885442267e-07
75990142.822265625,75.990142822266,1.2040419768180773e-05,7.5146990277558944e-05,8.3999776462918258e-07
75990287.780761719,75.990287780762,8.6658631664263124e-06,7.5869287221099079e-05,6.1415052916233894e-07
75990432.739257812,75.990432739258,1.1515686067021869e-05,5.7684622375378717e-05,4.9500704459617361e-07
75990577.697753906,75.990577697754,1.3957694896903981e-05,7.5672350798018377e-05,6.5745745831953916e-07
75990722.65625,75.990722656250,1.3065194395618912e-05,0.00010462535812088269,7.3649375700563306e-07
75990867.614746094,75.990867614746,1.3365263004555402e-05,9.142670106692679e-05,7.8326118478966774e-07
75991012.573242188,75.991012573242,1.024048117629526e-05,8.448507587199284e-05,5.8871916142137392e-07
75991157.531738281,75.991157531738,9.953456865354802e-06,8.4980351541985398e-05,5.9151902320905371e-07
75991302.490234375,75.991302490234,9.7877430550926988e-06,8.643804423044548e-05,7.5396178020922779e-07
75991447.448730469,75.991447448730,1.2211735653705679e-05,7.7071323420776049e-05,8.5933262071457736e-07
75991592.407226562,75.991592407227,1.1915076578870012e-05,7.9018763917778571e-05,7.7720975346158358e-07
75991737.365722656,75.991737365723,1.0757140815089651e-05,8.3478219074283687e-05,5.9076125068052624e-07
75991882.32421875,75.991882324219,1.0443190077197137e-05,7.3703397395022348e-05,6.824911115001832e-07
75992027.282714844,75.992027282715,1.0711682690324524e-05,8.3451805846081295e-05,6.2368809092659968e-07
75992172.241210938,75.992172241211,1.1560558926536504e-05,7.0830424554432352e-05,5.6111728729404795e-07
75992317.199707031,75.992317199707,1.2045456560462226e-05,6.5758096335486493e-05,7.2237257445588986e-07
75992462.158203125,75.992462158203,1.1163037643601057e-05,0.00010504382931621507,5.3279829991582227e-07
75992607.116699219,75.992607116699,1.0528430822918166e-05,8.8346735613131671e-05,4.6358317097318668e-07
75992752.075195312,75.992752075195,1.2107088618969211e-05,5.5668022368215119e-05,6.0265472414938839e-07
75992897.033691406,75.992897033691,1.5015260698833517e-05,6.0757227876690819e-05,6.4312717539397825e-07
75993041.9921875,75.993041992188,1.0073596060253564e-05,8.1476780316585968e-05,5.5644167085918051e-07
75993186.950683594,75.993186950684,1.1242425551525499e-05,6.7267754910622828e-05,6.9861130040018525e-07
75993331.909179688,75.993331909180,1.3347450087460804e-05,6.5575185808774842e-05,6.0703823365899201e-07
75993476.867675781,75.993476867676,1.1147035699465702e-05,6.5274600164423637e-05,7.9897761900116204e-07
75993621.826171875,75.993621826172,1.1050115733821392e-05,0.00012533320472216258,1.2648689781834052e-06
75993766.784667969,75.993766784668,1.3098254372220697e-05,0.00012621574340011346,1.5142619847099784e-06
75993911.743164062,75.993911743164,1.1534571689166054e-05,0.00010945678715851065,1.1614976321865034e-06
75994056.701660156,75.994056701660,8.2743878443364918e-06,0.0001008738435082812,6.5135618477998669e-07
75994201.66015625,75.994201660156,9.096868786543509e-06,0.00012448471907652392,5.7257788622588967e-07
75994346.618652344,75.994346618652,8.2362269978713585e-06,0.00010549281481756055,7.5076922681089581e-07
75994491.577148438,75.994491577148,1.4278985152521197e-05,7.6108005192399621e-05,6.4017533971117187e-07
75994636.535644531,75.994636535645,1.2597502431409845e-05,6.6351710430381653e-05,6.8917785625043285e-07
75994781.494140625,75.994781494141,1.0473410876347998e-05,8.7152084106109388e-05,8.1775658071089979e-07
75994926.452636719,75.994926452637,1.1759416247167941e-05,6.4274990873210849e-05,7.834461905461294e-07
75995071.411132812,75.995071411133,1.223115244723491e-05,6.6353566569453171e-05,7.8062276218025271e-07
75995216.369628906,75.995216369629,1.3140613521415369e-05,5.6948229853784847e-05,9.2616851484208347e-07
75995361.328125,75.995361328125,1.0429296629755225e-05,5.6726576442012516e-05,9.644592012668562e-07
75995506.286621094,75.995506286621,8.9723557738147731e-06,8.8147894647807139e-05,9.0887531757608704e-07
75995651.245117188,75.995651245117,1.2313463824984268e-05,7.9440431587009984e-05,8.2247840560548348e-07
75995796.203613281,75.995796203613,1.5099305892443508e-05,7.2929969606034181e-05,8.0125577624664715e-07
75995941.162109375,75.995941162109,1.4547306686073394e-05,8.4247148575599843e-05,9.4155718257193096e-07
75996086.120605469,75.996086120605,1.25166029222949e-05,0.00010218575362727686,9.2766160661632477e-07
75996231.079101562,75.996231079102,1.1313899824174817e-05,0.0001219167016783456,1.1197970294156791e-06
75996376.037597656,75.996376037598,1.1255298785406408e-05,0.00010632785672804982,1.4715386710716933e-06
75996520.99609375,75.996520996094,1.0328967419475561e-05,0.00010906207212997526,1.2942615960305201e-06
75996665.954589844,75.996665954590,1.2679219588753971e-05,0.00010799922261930971,1.1944109069889501e-06
75996810.913085938,75.996810913086,1.3237437612874696e-05,0.00013395198410058893,1.7668296312477364e-06
75996955.871582031,75.996955871582,1.2011963852952513e-05,0.00032550874976847014,1.9057040015347184e-06
75997100.830078125,75.997100830078,1.3504977557955091e-05,0.00033996312707397334,1.4580650420237928e-06
75997245.788574219,75.997245788574,1.5075262304042941e-05,0.00023328830937993273,1.6855917165767549e-06
75997390.747070312,75.997390747070,9.9959378578711792e-06,0.00026807135844585377,2.1047073056733637e-06
75997535.705566406,75.997535705566,1.1357050413653012e-05,0.00023828811832071617,2.0879459828866843e-06
75997680.6640625,75.997680664062,1.2556427620408734e-05,0.00036523139788086328,3.2390612487657539e-06
75997825.622558594,75.997825622559,1.2053497887310263e-05,0.00064591925357721923,3.4727751478580492e-06
75997970.581054688,75.997970581055,1.2170396478740278e-05,0.0010798140154869046,3.5855024534161682e-06
75998115.539550781,75.998115539551,1.1928266596558375e-05,0.00090507072525834492,3.4238236312126874e-06
75998260.498046875,75.998260498047,9.892559721023959e-06,0.00091943478646983328,2.8903092578271363e-06
75998405.456542969,75.998405456543,1.1051088364034441e-05,0.0012284553165432816,4.2867117897667718e-06
75998550.415039062,75.998550415039,8.9839326958115569e-06,0.001737681212340554,5.328060488513156e-06
75998695.373535156,75.998695373535,9.9179288789557338e-06,0.0019097532721873381,6.4614788380076423e-06
75998840.33203125,75.998840332031,8.6054921691173029e-06,0.0068954167194925841,5.9349930975099932e-06
75998985.290527344,75.998985290527,1.0742560188166255e-05,0.025298040943094777,1.4031306821127012e-05
75999130.249023438,75.999130249023,1.0898907935117617e-05,0.013615725951417058,1.13261362886882e-05
75999275.207519531,75.999275207520,1.2416083204559835e-05,0.020183170942498819,4.0491748544323642e-05
75999420.166015625,75.999420166016,1.1856597393641109e-05,0.043343223083052315,6.525549230365872e-05
75999565.124511719,75.999565124512,1.0181993313962182e-05,0.043303841762788155,3.5585845466648967e-05
75999710.083007812,75.999710083008,1.0967741226810076e-05,0.046665262847467665,3.2054322917580718e-05
75999855.041503906,75.999855041504,2.1464566802108195e-05,19591.529446021228,4512.2082414141423
76000000,76.000000000000,5.3119232596614601e-05,78348.310702303832,18047.910710039811
76000144.958496094,76.000144958496,1.8928038607824246e-05,19582.912393786966,4511.7798680767537
76000289.916992188,76.000289916992,1.0370377826805725e-05,0.047311394834212504,3.4374770889146713e-05
76000434.875488281,76.000434875488,9.8663081263554158e-06,0.041015615774997252,3.612433236656581e-05
76000579.833984375,76.000579833984,9.9510761859617007e-06,0.044392511979332257,6.0546292981294281e-05
76000724.792480469,76.000724792480,8.6096029164800929e-06,0.023150717002987754,3.6855923661351863e-05
76000869.750976562,76.000869750977,1.2093954793886049e-05,0.012520597814996818,1.1250364287091336e-05
76001014.709472656,76.001014709473,1.3706534732634146e-05,0.023712266661261177,1.6521172046225783e-05
76001159.66796875,76.001159667969,1.4026837867873604e-05,0.0063858144732087492,7.381014967605858e-06
76001304.626464844,76.001304626465,1.0588368708952639e-05,0.0021058377144495396,7.4066266193151543e-06
76001449.584960938,76.001449584961,1.0567856222630825e-05,0.0024830653243002442,7.0215013259492538e-06
76001594.543457031,76.001594543457,1.1932315293194138e-05,0.0014754351687718029,5.3747881695279738e-06
76001739.501953125,76.001739501953,1.0045182114556167e-05,0.00082499398376115684,3.6346349504658188e-06
76001884.460449219,76.001884460449,1.0792155822079406e-05,0.0010129844155724304,2.8732360702429164e-06
76002029.418945312,76.002029418945,1.2535571185389012e-05,0.00104647451569256,2.7167199453209649e-06
76002174.377441406,76.002174377441,1.320670036883865e-05,0.00059548942938023963,2.8629839996602008e-06
76002319.3359375,76.002319335938,1.0805836618785248e-05,0.00035866254269015962,3.0055054190758511e-06
76002464.294433594,76.002464294434,9.5564833549072276e-06,0.00023318973910122783,1.9422610504080221e-06
76002609.252929688,76.002609252930,1.0749547408799677e-05,0.00021429139996217471,1.7952834232001068e-06
76002754.211425781,76.002754211426,8.1565838489116639e-06,0.00019955467748425528,1.5414940161221285e-06
76002899.169921875,76.002899169922,8.1467077373875903e-06,0.00029114494870975232,1.6703060892298571e-06
76003044.128417969,76.003044128418,1.3391184781478787e-05,0.00029765776479686234,1.8637434641091217e-06
76003189.086914062,76.003189086914,1.3231440891664097e-05,0.00016864397073426199,1.485110240470208e-06
76003334.045410156,76.003334045410,1.090152645742276e-05,0.0001319238088523465,1.3788542950313713e-06
76003479.00390625,76.003479003906,1.1113144448146422e-05,0.00012501105167438153,1.0619714396361728e-06
76003623.962402344,76.003623962402,9.3480685819075812e-06,0.00011627812310225757,1.4496485887730602e-06
76003768.920898438,76.003768920898,6.6491488669542381e-06,0.0001163066093098301,1.0848111312915981e-06
76003913.879394531,76.003913879395,9.9323954395123296e-06,0.00011907045510992446,8.2368483492449632e-07
76004058.837890625,76.004058837891,7.5127698019105421e-06,0.00010088925630887037,8.2897029251101756e-07
76004203.796386719,76.004203796387,9.5635734772252748e-06,7.9747800280905367e-05,8.2647285753840045e-07
76004348.754882812,76.004348754883,1.331965366820918e-05,8.8837779876589187e-05,7.8173433898301584e-07
76004493.713378906,76.004493713379,1.0808180143602155e-05,0.00010227608446002298,7.8428867043871747e-07
76004638.671875,76.004638671875,9.9513255555792244e-06,6.1330397420977879e-05,6.6891318551027778e-07
76004783.630371094,76.004783630371,7.8217529886640259e-06,5.0031529238668002e-05,7.0438365016014785e-07
76004928.588867188,76.004928588867,8.5188553471746927e-06,6.4055960085047592e-05,8.7303165287942009e-07
76005073.547363281,76.005073547363,8.7731308883731927e-06,6.9650061042047189e-05,9.8731503588282905e-07
76005218.505859375,76.005218505859,1.11887464960934e-05,8.2878679846699012e-05,9.5179444024493873e-07
76005363.464355469,76.005363464355,1.2570723170268877e-05,5.9521041190377249e-05,8.8917656062562509e-07
76005508.422851562,76.005508422852,1.1208457906837466e-05,6.2705143381611709e-05,5.2272684480685104e-07
76005653.381347656,76.005653381348,1.1162880610634281e-05,7.964697996669769e-05,6.5916133296461636e-07
76005798.33984375,76.005798339844,1.3119845457894033e-05,7.8763663413306933e-05,7.1751716904106716e-07
76005943.298339844,76.005943298340,1.3402408651455424e-05,8.9195493873044175e-05,1.1640773389881564e-06
76006088.256835938,76.006088256836,1.1151457498442744e-05,0.00010193674036855936,1.3764340471690841e-06
76006233.215332031,76.006233215332,9.8902184482591478e-06,0.00010603717718459882,1.4939681371054293e-06
76006378.173828125,76.006378173828,9.7607518184281236e-06,0.0001201546243783647,1.0680008941518188e-06
76006523.132324219,76.006523132324,9.3811488049060198e-06,6.7814974529223173e-05,8.2456869921967765e-07
76006668.090820312,76.006668090820,1.2113874344564532e-05,6.7934755205457839e-05,6.3757727425832364e-07
76006813.049316406,76.006813049316,1.1856903609444972e-05,6.9560674605895131e-05,5.4790437866790102e-07
76006958.0078125,76.006958007812,1.2794972846824437e-05,9.1128386773780713e-05,6.9728655471225625e-07
76007102.966308594,76.007102966309,9.7060859707639956e-06,7.0421302323396415e-05,5.6489976503109932e-07
76007247.924804688,76.007247924805,1.015624782233896e-05,6.0207529913274991e-05,6.8306749825424034e-07
76007392.883300781,76.007392883301,1.1380607539631048e-05,7.9528522851931592e-05,6.9675123141786005e-07
76007537.841796875,76.007537841797,8.1242008036192824e-06,9.6222401719206255e-05,6.2534713893210117e-07
76007682.800292969,76.007682800293,8.4575378805577129e-06,8.107134415214516e-05,6.3559998366298152e-07
76007827.758789062,76.007827758789,1.0684133946900517e-05,7.0894909288250112e-05,6.1437979761001267e-07
76007972.717285156,76.007972717285,9.5435396708793501e-06,5.7109675677949326e-05,7.3796252883634369e-07
76008117.67578125,76.008117675781,8.4572698910467118e-06,5.8883540853651536e-05,7.1156277659099782e-07
76008262.634277344,76.008262634277,1.0340633735890291e-05,8.0187549494805638e-05,7.3223628945514096e-07
76008407.592773438,76.008407592773,1.0621949362631357e-05,6.2750848043112019e-05,7.8951553697158358e-07
76008552.551269531,76.008552551270,1.0957874544491209e-05,9.0602079058692451e-05,5.9947325122336629e-07
76008697.509765625,76.008697509766,9.7865169295902898e-06,8.9130755199961752e-05,5.6458005548893921e-07
76008842.468261719,76.008842468262,1.0593373027644369e-05,0.00010396794512153707,5.5005321182680107e-07
76008987.426757812,76.008987426758,1.083420504100954e-05,9.4168656491426213e-05,4.4627055174122241e-07
76009132.385253906,76.009132385254,1.0037476008478667e-05,9.264824457038548e-05,6.3899088755591886e-07
76009277.34375,76.009277343750,9.856813024287876e-06,0.0001057176127861305,5.3473324960954392e-07
76009422.302246094,76.009422302246,9.9399756748664378e-06,7.8300121166144032e-05,4.7526921748871108e-07
76009567.260742188,76.009567260742,1.3725379327198517e-05,6.7044038538517569e-05,6.8639052049199107e-07
76009712.219238281,76.009712219238,1.4404284851127133e-05,8.0222129325030088e-05,6.1410780090462547e-07
76009857.177734375,76.009857177734,1.3206154899652214e-05,9.4521909138881458e-05,5.9370411223908608e-07
76010002.136230469,76.010002136230,1.1198746679615665e-05,7.8875776878046803e-05,6.5529601411810164e-07
76010147.094726562,76.010147094727,1.1820756245235085e-05,5.6423969850412205e-05,6.7673494430069801e-07
76010292.053222656,76.010292053223,1.3366312230995194e-05,6.9809527679871703e-05,5.2734941480524882e-07
76010437.01171875,76.010437011719,1.2112789654979362e-05,8.8484679673855312e-05,6.7223702174251166e-07
76010581.970214844,76.010581970215,1.4217357264800229e-05,9.9297116751868124e-05,7.3325951748572113e-07
76010726.928710938,76.010726928711,1.1264201815645876e-05,8.7641923352059088e-05,8.9258408513475152e-07
76010871.887207031,76.010871887207,1.2983101849406846e-05,6.0233134744667475e-05,8.4185191701820549e-07
76011016.845703125,76.011016845703,1.4531463424129472e-05,7.4896876621612535e-05,5.5569361603898105e-07
76011161.804199219,76.011161804199,1.3400120609012651e-05,9.1812936395649206e-05,5.8141411929458136e-07
76011306.762695312,76.011306762695,1.3954812049411376e-05,7.1409661178594574e-05,8.1523139094048703e-07
76011451.721191406,76.011451721191,1.3414390378129159e-05,5.0123257923894124e-05,7.7637145007157129e-07
76011596.6796875,76.011596679688,8.7306230829039667e-06,3.6618776008411644e-05,6.0757802192740495e-07
76011741.638183594,76.011741638184,1.175621221053078e-05,7.1961127990987896e-05,7.0498135793573482e-07
76011886.596679688,76.011886596680,1.2366187506072507e-05,7.7204479600790209e-05,4.7377537765242761e-07
76012031.555175781,76.012031555176,1.0725996753941886e-05,6.4362276273687919e-05,4.7267542935679797e-07
76012176.513671875,76.012176513672,9.8828507233441172e-06,5.4758929922916563e-05,6.1246302738460599e-07
76012321.472167969,76.012321472168,9.1939033599378876e-06,5.8841643640618154e-05,9.9208452920701326e-07
76012466.430664062,76.012466430664,7.6121789006145383e-06,6.5517392950763945e-05,9.3585902649204909e-07
76012611.389160156,76.012611389160,7.5835361191502032e-06,4.5709082486952956e-05,7.2387861644751652e-07
76012756.34765625,76.012756347656,1.2338678996316095e-05,5.7949675284834151e-05,7.8303858411015595e-07
76012901.306152344,76.012901306152,1.6077006077983466e-05,5.7970486075200268e-05,7.3270997207286511e-07
76013046.264648438,76.013046264648,1.3992861572087446e-05,6.9458701944180107e-05,7.3387227394689949e-07
76013191.223144531,76.013191223145,1.3491536439725958e-05,7.9421602124905881e-05,8.6027187571575564e-07
76013336.181640625,76.013336181641,1.1714913197529497e-05,6.5149228184742419e-05,7.8491351842011946e-07
76013481.140136719,76.013481140137,1.0874242310590819e-05,4.707487398768194e-05,7.2651561189628107e-07
76013626.098632812,76.013626098633,1.3353944457537604e-05,3.6000050818836445e-05,6.8749010822492207e-07
76013771.057128906,76.013771057129,1.4469019128179068e-05,4.5552462604432937e-05,7.6001514859644961e-07
76013916.015625,76.013916015625,1.3863784494305089e-05,4.8528416616109294e-05,6.7701935796393658e-07
76014060.974121094,76.014060974121,1.3930125732024432e-05,4.5276275146880084e-05,6.7880917233922684e-07
76014205.932617188,76.014205932617,1.3317721903780038e-05,5.6942219771218671e-05,7.2225448703190257e-07
76014350.891113281,76.014350891113,1.3033910064076877e-05,6.509867854463093e-05,7.8175068181188595e-07
76014495.849609375,76.014495849609,1.1677836740303899e-05,6.8836621567957792e-05,8.4692479752314147e-07
76014640.808105469,76.014640808105,1.0925744558469794e-05,5.9302898725892164e-05,7.4463010430927002e-07
76014785.766601562,76.014785766602,1.1196924026670069e-05,5.4986818862189134e-05,9.502758277139032e-07
76014930.725097656,76.014930725098,1.1769140756163793e-05,5.7078413056217131e-05,8.5942281376367298e-07
76015075.68359375,76.015075683594,1.6403734737486254e-05,5.2643634661814934e-05,5.5881368434716263e-07
76015220.642089844,76.015220642090,1.4252083340151578e-05,6.8414895839094786e-05,5.1394794790297506e-07
76015365.600585938,76.015365600586,8.3089805361370018e-06,6.6276244080905607e-05,5.2162425254804874e-07
76015510.559082031,76.015510559082,9.195170332891254e-06,5.9125834624508205e-05,6.6343294211348858e-07
76015655.517578125,76.015655517578,1.0998541834241156e-05,4.7473692434731553e-05,7.3738321332328083e-07
76015800.476074219,76.015800476074,1.1292340016795891e-05,6.0613684721478658e-05,8.7022710543435575e-07
76015945.434570312,76.015945434570,1.1658189693812117e-05,4.894336797976387e-05,5.7830332574062139e-07
76016090.393066406,76.016090393066,1.1980252314541065e-05,3.976473046035491e-05,5.0759318060758282e-07
76016235.3515625,76.016235351562,1.5739907919325828e-05,5.6163322205693832e-05,6.5448452858786758e-07
76016380.310058594,76.016380310059,1.1616988515049181e-05,5.3900306065316296e-05,5.7102714209198016e-07
76016525.268554688,76.016525268555,1.1199913454079647e-05,4.6157901048284337e-05,4.785380687202503e-07
76016670.227050781,76.016670227051,1.2721747806224081e-05,5.601769243029486e-05,4.7659813747417776e-07
76016815.185546875,76.016815185547,1.130473718969653e-05,6.0492937416854457e-05,6.7428443686001153e-07
76016960.144042969,76.016960144043,1.1876539786150717e-05,6.0510582633757539e-05,7.1072251043055368e-07
76017105.102539062,76.017105102539,9.7358410494994498e-06,7.693556864519134e-05,5.6432029051731463e-07
76017250.061035156,76.017250061035,1.133676654686011e-05,6.8393690028142312e-05,4.7791859352256217e-07
76017395.01953125,76.017395019531,1.4569043191985664e-05,4.448294764653258e-05,5.34098472238893e-07
76017539.978027344,76.017539978027,1.5352490479314263e-05,3.7287028031535505e-05,6.4432926491365302e-07
76017684.936523438,76.017684936523,1.4116194596550313e-05,5.4300082619777012e-05,8.4498463141599324e-07
76017829.895019531,76.017829895020,1.1807106326312306e-05,4.0684869548666367e-05,6.4379624198150144e-07
76017974.853515625,76.017974853516,1.466768022293471e-05,3.3055465302602629e-05,7.2497608562654499e-07
76018119.812011719,76.018119812012,1.4121428863193682e-05,6.5259851489916519e-05,5.9414428773162618e-07
76018264.770507812,76.018264770508,1.3877689389102219e-05,6.7092838074525265e-05,6.3147049734782119e-07
76018409.729003906,76.018409729004,1.5304862607746112e-05,4.1843342893037802e-05,7.7648086896009782e-07
76018554.6875,76.018554687500,1.3931564607598431e-05,4.6800547550024479e-05,6.0419341168320555e-07
76018699.645996094,76.018699645996,1.2366732311291914e-05,6.0894101729417008e-05,5.6660509545974414e-07
76018844.604492188,76.018844604492,1.4019256701187492e-05,5.9530049861019292e-05,6.4091640526344396e-07
76018989.562988281,76.018989562988,9.5850785655249275e-06,5.2326793913176906e-05,6.5346513922079919e-07
76019134.521484375,76.019134521484,1.2688093733358492e-05,4.2702910101992668e-05,6.5963964645757083e-07
76019279.479980469,76.019279479980,1.4857626355468782e-05,3.8603151266047339e-05,7.0952855341681281e-07
76019424.438476562,76.019424438477,1.0275723929277717e-05,4.2088605161199283e-05,7.7224911304064949e-07
76019569.396972656,76.019569396973,1.0680270356754983e-05,3.9589769845696844e-05,7.7870421359677017e-07
76019714.35546875,76.019714355469,1.0321383220625749e-05,4.6983239403781346e-05,5.7254523874371103e-07
76019859.313964844,76.019859313965,8.851517190624629e-06,5.6606911569402115e-05,7.2577668388417208e-07
76020004.272460938,76.020004272461,1.0418953722275563e-05,4.9745875143311096e-05,7.966623630701647e-07
76020149.230957031,76.020149230957,1.0951396200247532e-05,5.3450423378280925e-05,8.6733776572399466e-07
76020294.189453125,76.020294189453,1.1614466586455664e-05,5.6732410909411875e-05,6.9837421377842265e-07
76020439.147949219,76.020439147949,9.4200394894236935e-06,7.1073947640842562e-05,4.297492232682839e-07
76020584.106445312,76.020584106445,8.4191664107984731e-06,4.8436112892183457e-05,3.4425097679296691e-07
76020729.064941406,76.020729064941,1.0237412216369797e-05,4.8937137144448381e-05,4.9468738544701103e-07
76020874.0234375,76.020874023438,1.0280877415948516e-05,5.0481142373920101e-05,6.2830060743142846e-07
76021018.981933594,76.021018981934,1.1987643869582028e-05,3.9292358652628595e-05,6.6525716829739407e-07
76021163.940429688,76.021163940430,1.3862398988397431e-05,4.3144062150051082e-05,7.068711456755902e-07
76021308.898925781,76.021308898926,1.2945049811726535e-05,4.8633607556010357e-05,6.849240642446491e-07
76021453.857421875,76.021453857422,1.3850519586739351e-05,5.3187955621224985e-05,4.978594848841851e-07
76021598.815917969,76.021598815918,1.3495718783956439e-05,5.122540884133878e-05,6.2312670904270965e-07
76021743.774414062,76.021743774414,1.1502107061767728e-05,4.8961934586558806e-05,6.1715690237217022e-07
76021888.732910156,76.021888732910,1.0007496157240426e-05,4.5216892829587615e-05,6.4216571132122294e-07
76022033.69140625,76.022033691406,1.0440936371689747e-05,4.7509890194281077e-05,5.8178057802305766e-07
76022178.649902344,76.022178649902,1.3957378571563826e-05,4.1705806543977108e-05,5.6048633723725897e-07
76022323.608398438,76.022323608398,1.3555048326499667e-05,6.1675146465659054e-05,6.1734758257550375e-07
76022468.566894531,76.022468566895,1.1432300297691749e-05,5.6663447706901503e-05,5.0480737032265462e-07
76022613.525390625,76.022613525391,1.0102063047976978e-05,4.7816733279640117e-05,6.2876818321264255e-07
76022758.483886719,76.022758483887,7.3083102831576982e-06,4.0470768146592114e-05,6.2207260961083431e-07
76022903.442382812,76.022903442383,1.0728048258592724e-05,4.6476044606015672e-05,4.2578051586693076e-07
76023048.400878906,76.023048400879,9.4017224372877643e-06,4.0946355607319549e-05,4.7737062554884647e-07
76023193.359375,76.023193359375,1.2409042896207385e-05,3.6122112978230379e-05,6.5569598214276535e-07
76023338.317871094,76.023338317871,1.1448911090994005e-05,4.0542585988577343e-05,7.1272120000227566e-07
76023483.276367188,76.023483276367,7.4619125540663236e-06,3.0073003806162967e-05,6.235979591343362e-07
76023628.234863281,76.023628234863,8.227843107714197e-06,4.3819057915647682e-05,6.0803804028416565e-07
76023773.193359375,76.023773193359,1.1922181076553214e-05,6.3216168007638183e-05,6.7754009912040547e-07
76023918.151855469,76.023918151855,1.3017492449947068e-05,5.9329513381815934e-05,7.1302706594002744e-07
76024063.110351562,76.024063110352,9.6204340750460501e-06,3.9438591311388387e-05,4.5914949907513491e-07
76024208.068847656,76.024208068848,1.3083195611993475e-05,3.4949526962339955e-05,5.5651161364588187e-07
76024353.02734375,76.024353027344,1.3721002153247017e-05,3.1792983494654331e-05,7.5305716159342109e-07
76024497.985839844,76.024497985840,9.8660352804994438e-06,3.1245951621297472e-05,7.907951149047724e-07
76024642.944335938,76.024642944336,1.2015344607868096e-05,4.6957776891919602e-05,8.1592676862731091e-07
76024787.902832031,76.024787902832,1.2019078809794058e-05,6.7015674352557093e-05,5.9488746050453152e-07
76024932.861328125,76.024932861328,9.3621127522428429e-06,6.0272124071378241e-05,5.8406154012987893e-07
76025077.819824219,76.025077819824,1.0129347184506138e-05,5.6314977111864784e-05,7.1526378329977393e-07
76025222.778320312,76.025222778320,7.2065591214066156e-06,4.5591282890245386e-05,6.7984570085269929e-07
76025367.736816406,76.025367736816,7.6539716240835508e-06,5.1955711240540902e-05,5.9489167724808547e-07
76025512.6953125,76.025512695312,1.1725942840733616e-05,5.0567866301714214e-05,6.6240393003561431e-07
76025657.653808594,76.025657653809,1.2878840462696832e-05,6.1399596594164451e-05,8.5202973358890053e-07
76025802.612304688,76.025802612305,1.1722505053671738e-05,5.8877592747192278e-05,6.8099493899560102e-07
76025947.570800781,76.025947570801,1.2496090930166708e-05,5.9814472471362469e-05,5.6877174208743905e-07
76026092.529296875,76.026092529297,1.513083021334868e-05,4.9566342037458252e-05,5.8520884973913857e-07
76026237.487792969,76.026237487793,1.3355320064502511e-05,5.0968597413822741e-05,4.8450898341644783e-07
76026382.446289062,76.026382446289,1.2238899740919976e-05,5.5618077171547136e-05,5.3116175259987461e-07
76026527.404785156,76.026527404785,1.2763852916485853e-05,5.4852485598538312e-05,4.5076976178111312e-07
76026672.36328125,76.026672363281,1.0869074077679485e-05,5.2399695225233723e-05,5.1280652851741077e-07
76026817.321777344,76.026817321777,1.3260032100773921e-05,4.8337451880844329e-05,6.2000942790179849e-07
76026962.280273438,76.026962280273,1.3384749933067273e-05,5.3218610250505386e-05,6.8613138307070767e-07
76027107.238769531,76.027107238770,1.0259532577555903e-05,5.8858333087362045e-05,8.6948668530400529e-07
76027252.197265625,76.027252197266,9.8856757231400173e-06,5.5896577687616339e-05,8.29556843938514e-07
76027397.155761719,76.027397155762,8.740511651865879e-06,5.3423393991566883e-05,6.0335297265529941e-07
76027542.114257812,76.027542114258,1.0323808020779026e-05,4.8319088341225729e-05,4.7547168086335206e-07
76027687.072753906,76.027687072754,9.785138461211157e-06,6.1542958902074377e-05,5.2352421957960741e-07
76027832.03125,76.027832031250,1.0200763877719519e-05,5.6624584475375005e-05,5.5455143157900192e-07
76027976.989746094,76.027976989746,1.173807934119471e-05,6.0647370445714133e-05,5.0066211825747297e-07
76028121.948242188,76.028121948242,1.1962827239189347e-05,5.1876242502433284e-05,6.6163752391103296e-07
76028266.906738281,76.028266906738,1.2227424297120272e-05,5.0675585967158149e-05,5.8939120600025421e-07
76028411.865234375,76.028411865234,1.5041399959123889e-05,5.5438363614837825e-05,6.3075016757651532e-07
76028556.823730469,76.028556823730,1.6501330742184088e-05,6.295639920580883e-05,8.1938290347779315e-07
76028701.782226562,76.028701782227,1.3680161245327641e-05,6.694120584139869e-05,8.0328688303456398e-07
76028846.740722656,76.028846740723,1.0056629579949404e-05,4.8044892961993088e-05,6.6056596811625864e-07
76028991.69921875,76.028991699219,1.124578425662405e-05,5.3647538393175613e-05,7.063982875935513e-07
76029136.657714844,76.029136657715,1.0126236982223531e-05,6.4361365202733671e-05,7.4094127823114883e-07
76029281.616210938,76.029281616211,1.0518659545154001e-05,5.4769447565162554e-05,6.3985077451312192e-07
76029426.574707031,76.029426574707,1.2910292087942644e-05,4.9223699293668957e-05,7.3904852062934598e-07
76029571.533203125,76.029571533203,1.0558753919940052e-05,4.7432650914953965e-05,7.1258436150801064e-07
76029716.491699219,76.029716491699,8.8841776602205312e-06,6.2431456050066457e-05,5.4140796379410503e-07
76029861.450195312,76.029861450195,8.8158469884717763e-06,4.6070120298608705e-05,5.3905955523228045e-07
76030006.408691406,76.030006408691,1.1410391298469388e-05,5.5618001830148041e-05,7.2228891359721982e-07
76030151.3671875,76.030151367188,1.1551519783124387e-05,5.3383672761509886e-05,7.3579363065826126e-07
76030296.325683594,76.030296325684,1.2633262311330701e-05,5.2095483867348602e-05,7.6950444281839786e-07
76030441.284179688,76.030441284180,1.1583343104952702e-05,3.3410018845061274e-05,6.9399101205515185e-07
76030586.242675781,76.030586242676,1.5332726619748472e-05,3.5665735065740743e-05,5.3488973897573844e-07
76030731.201171875,76.030731201172,1.3368186642049529e-05,3.81622644073902e-05,6.3281842862475037e-07
76030876.159667969,76.030876159668,9.9536520598393655e-06,4.4436998221470753e-05,6.9457954312627493e-07
76031021.118164062,76.031021118164,9.9574969813767009e-06,5.9710814302632691e-05,7.4460840987189394e-07
76031166.076660156,76.031166076660,1.1540275905454311e-05,5.9760375820700654e-05,7.275410808328828e-07
76031311.03515625,76.031311035156,9.3973982499223858e-06,4.5972746389300951e-05,6.0368386025679057e-07
76031455.993652344,76.031455993652,1.2113102553599101e-05,4.3583970063069741e-05,6.0992498204472479e-07
76031600.952148438,76.031600952148,1.2150232533708523e-05,4.7886467750277118e-05,5.1708745066079253e-07
76031745.910644531,76.031745910645,1.1872509628398605e-05,5.7720916729930495e-05,5.2123356085329047e-07
76031890.869140625,76.031890869141,1.1069227115674432e-05,5.5748811423615821e-05,5.9477174635403871e-07
76032035.827636719,76.032035827637,9.6951883207422972e-06,5.3626364007756823e-05,4.8459514154804931e-07
76032180.786132812,76.032180786133,7.7993539841366427e-06,6.8441223763068761e-05,4.5778814944193122e-07
76032325.744628906,76.032325744629,1.1044365431404898e-05,7.1996005729840694e-05,5.8103383863093468e-07
76032470.703125,76.032470703125,1.2861005350221049e-05,5.4360290259197714e-05,8.2037895172391861e-07
76032615.661621094,76.032615661621,1.134690666940566e-05,4.2139256564357729e-05,1.0085460969726072e-06
76032760.620117188,76.032760620117,1.1298650536818507e-05,4.6099494559427645e-05,5.9049909083271045e-07
76032905.578613281,76.032905578613,1.0589291389138587e-05,5.0585437072672113e-05,8.07151005424808e-07
76033050.537109375,76.033050537109,1.1840943366595763e-05,4.9160403677553729e-05,8.187952691793967e-07
76033195.495605469,76.033195495605,1.4440676648761228e-05,5.0229702224895037e-05,4.6858535219870023e-07
76033340.454101562,76.033340454102,1.4592447097593513e-05,6.2038600412784098e-05,5.7647720481214155e-07
76033485.412597656,76.033485412598,1.1035379340282124e-05,6.1219677975689056e-05,6.7949666509496191e-07
76033630.37109375,76.033630371094,1.2809078342059257e-05,5.8082376970419877e-05,7.406453069663967e-07
76033775.329589844,76.033775329590,1.4450815441571847e-05,4.8378867660749912e-05,7.3992516925563924e-07
76033920.288085938,76.033920288086,1.2316376478753658e-05,5.3441032265256289e-05,6.06212933100326e-07
76034065.246582031,76.034065246582,1.1173391379895399e-05,5.7282882167639886e-05,6.4333302820221588e-07
76034210.205078125,76.034210205078,8.8823225001067172e-06,5.5999133397151605e-05,8.0599749177827017e-07
76034355.163574219,76.034355163574,1.1888645095508899e-05,4.6970137055712359e-05,8.0660670396407501e-07
76034500.122070312,76.034500122070,1.272199833279011e-05,2.9048585162691086e-05,6.748135277271577e-07
76034645.080566406,76.034645080566,1.5287499141635381e-05,3.2815637373990151e-05,6.3415326061555172e-07
76034790.0390625,76.034790039062,1.2783134338862096e-05,5.8270793543671694e-05,7.4208205965020503e-07
76034934.997558594,76.034934997559,7.9049540547092081e-06,5.4793605828244676e-05,7.4478830159867618e-07
76035079.956054688,76.035079956055,8.9376504847546254e-06,4.9941203078438128e-05,6.9751338693527213e-07
76035224.914550781,76.035224914551,9.7210252520616304e-06,4.4971656811996983e-05,6.6130269027422834e-07
76035369.873046875,76.035369873047,9.591434646558015e-06,3.6793606645207428e-05,6.4271801537835906e-07
76035514.831542969,76.035514831543,1.1266273495935235e-05,4.5856592298091523e-05,4.6657633636347966e-07
76035659.790039062,76.035659790039,9.4956969198274808e-06,7.0936891749902545e-05,6.2513347550373996e-07
76035804.748535156,76.035804748535,9.5073218799773387e-06,9.1847614762874318e-05,5.523920842542079e-07
76035949.70703125,76.035949707031,1.1170942903966665e-05,5.1263291802420098e-05,5.4537032293381975e-07
76036094.665527344,76.036094665527,1.2356374825024019e-05,4.2821143090778364e-05,6.4691856516319975e-07
76036239.624023438,76.036239624023,1.5530684326509812e-05,5.8351540985811674e-05,8.6776206450585676e-07
76036384.582519531,76.036384582520,1.624393998956236e-05,4.5919602016377923e-05,9.368047153115631e-07
76036529.541015625,76.036529541016,1.2722892521662716e-05,6.5339169257678828e-05,7.8199578153356568e-07
76036674.499511719,76.036674499512,8.9616408536878413e-06,5.4971989781092433e-05,5.575017762136369e-07
76036819.458007812,76.036819458008,1.2277026169168086e-05,5.9983517876637995e-05,5.5128205153691251e-07
76036964.416503906,76.036964416504,1.2030549373851651e-05,6.1731794696069146e-05,6.9115423190305045e-07
76037109.375,76.037109375000,1.2379674539852165e-05,5.5563043627606671e-05,7.6962491315799956e-07
76037254.333496094,76.037254333496,9.2552118653609522e-06,5.1241646185665502e-05,6.9587994327936265e-07
76037399.291992188,76.037399291992,8.4688373788470245e-06,6.104398869680721e-05,5.4271339173374048e-07
76037544.250488281,76.037544250488,1.1724297057867135e-05,5.632581966669882e-05,6.0840024888518746e-07
76037689.208984375,76.037689208984,1.276521861833015e-05,4.7357663894756404e-05,6.676322855191794e-07
76037834.167480469,76.037834167480,1.0858713602955925e-05,5.1432679571893162e-05,6.5607982215367118e-07
76037979.125976562,76.037979125977,1.1421297655651389e-05,5.0260627282535847e-05,5.6651539486125689e-07
76038124.084472656,76.038124084473,1.3018595046133857e-05,4.1367397908515259e-05,6.3896357283658949e-07
76038269.04296875,76.038269042969,1.4761814668402948e-05,4.1912638419301726e-05,5.7446567012973321e-07
76038414.001464844,76.038414001465,1.3376218709385421e-05,4.8863793631758513e-05,6.5289349063313746e-07
76038558.959960938,76.038558959961,1.0595588966625008e-05,5.031979736943894e-05,5.9118789256989443e-07
76038703.918457031,76.038703918457,9.5387424280080426e-06,4.1398534410709823e-05,4.8544503294090572e-07
76038848.876953125,76.038848876953,1.009803407165357e-05,4.000619300384447e-05,5.9485013231472638e-07
76038993.835449219,76.038993835449,1.0244019479153339e-05,4.2249418007971771e-05,6.4762996753423673e-07
76039138.793945312,76.039138793945,9.2968107459316956e-06,3.8150707163430467e-05,6.3448889886665625e-07
76039283.752441406,76.039283752441,8.9561272815481589e-06,5.0534722850848583e-05,6.1919069525997734e-07
76039428.7109375,76.039428710938,1.2095181759913125e-05,7.4577672490101936e-05,5.2200499209326737e-07
76039573.669433594,76.039573669434,1.5745235725703838e-05,6.5389202677736038e-05,6.3080385512553925e-07
76039718.627929688,76.039718627930,1.7509367122136698e-05,6.5008353629441876e-05,5.9552228759473499e-07
76039863.586425781,76.039863586426,1.8802191431030635e-05,5.8340618451219389e-05,6.416148336727134e-07
76040008.544921875,76.040008544922,1.4278650513013994e-05,5.3530540103870195e-05,7.3910158133439216e-07
76040153.503417969,76.040153503418,6.2565307863570013e-06,4.574115802229781e-05,7.9528620177745772e-07
76040298.461914062,76.040298461914,9.3373770280715834e-06,4.3090399267426551e-05,8.5741005260367506e-07
76040443.420410156,76.040443420410,1.0929195928229459e-05,6.0614438480133326e-05,6.7407494025697113e-07
76040588.37890625,76.040588378906,1.2206621811965973e-05,5.8527132379267606e-05,8.4760353954082934e-07
76040733.337402344,76.040733337402,1.1210685136943742e-05,5.0346630834823949e-05,7.6747658601647145e-07
76040878.295898438,76.040878295898,1.2642886527433371e-05,4.4200723386671606e-05,7.3278661610777048e-07
76041023.254394531,76.041023254395,1.1363054250562087e-05,4.1449606705591523e-05,8.4423429493563894e-07
76041168.212890625,76.041168212891,9.4443417529921333e-06,3.8504355198854388e-05,8.3309394905223682e-07
76041313.171386719,76.041313171387,1.004489016987715e-05,4.7206395757965517e-05,6.6430335697861701e-07
76041458.129882812,76.041458129883,1.1217381122954695e-05,4.703777515467791e-05,7.0766908934845984e-07
76041603.088378906,76.041603088379,1.1428762548340047e-05,5.8363019456618334e-05,8.0229439614230178e-07
76041748.046875,76.041748046875,1.1180044080095898e-05,7.5355389141651397e-05,5.7191299225781384e-07
76041893.005371094,76.041893005371,1.1967524666841696e-05,5.7996844622206416e-05,5.8107991524610142e-07
76042037.963867188,76.042037963867,1.1569259178333831e-05,6.2977171877882129e-05,7.2763241672334029e-07
76042182.922363281,76.042182922363,1.2763477849288321e-05,6.3269845969391307e-05,4.8253370060235752e-07
76042327.880859375,76.042327880859,1.053493536355966e-05,6.2509230760200899e-05,5.62947442319135e-07
76042472.839355469,76.042472839355,1.1243767955698593e-05,6.8960314978395597e-05,6.0640597459413548e-07
76042617.797851562,76.042617797852,1.2062123360891352e-05,5.5916829335253925e-05,6.0443441224958851e-07
76042762.756347656,76.042762756348,8.2609946912877283e-06,4.74766658059189e-05,6.0942183585107303e-07
76042907.71484375,76.042907714844,1.3066861744898889e-05,6.4547325694073887e-05,6.1441789287100207e-07
76043052.673339844,76.043052673340,1.0156268924920033e-05,6.8202203168492862e-05,5.7387582690744821e-07
76043197.631835938,76.043197631836,8.6753521961499848e-06,5.0031762493618622e-05,8.8375590540376964e-07
76043342.590332031,76.043342590332,1.0776052255323325e-05,4.7353560277978125e-05,8.2504171589298497e-07
76043487.548828125,76.043487548828,1.2162971072718342e-05,5.3268026049627637e-05,7.093487224202292e-07
76043632.507324219,76.043632507324,1.2835262735031807e-05,5.0230677709919818e-05,5.1378225722458366e-07
76043777.465820312,76.043777465820,1.388496226228491e-05,4.6048597387970224e-05,5.1668421099413405e-07
76043922.424316406,76.043922424316,1.2454509384977312e-05,5.5199936468922717e-05,5.5628359483559998e-07
76044067.3828125,76.044067382812,1.3065653618778433e-05,5.8523354286640229e-05,6.4189684733402389e-07
76044212.341308594,76.044212341309,1.6334833785330997e-05,5.0195449700918901e-05,7.6430171950523972e-07
76044357.299804688,76.044357299805,1.3973155441195919e-05,5.5686924997795897e-05,7.8909188026302467e-07
76044502.258300781,76.044502258301,1.4095057576832092e-05,5.2726370433163679e-05,9.6049901699296697e-07
76044647.216796875,76.044647216797,1.016920313866193e-05,4.1379407636837308e-05,7.262438773431942e-07
76044792.175292969,76.044792175293,8.3368926290748184e-06,3.9947142352301193e-05,7.0381219290052976e-07
76044937.133789062,76.044937133789,1.2074785064775609e-05,4.2200169330318778e-05,7.4749220277259233e-07
76045082.092285156,76.045082092285,1.2323114157099745e-05,4.4642504492383528e-05,7.8579673827536647e-07
76045227.05078125,76.045227050781,9.8181971273141719e-06,4.9886028656327314e-05,9.075785080619311e-07
76045372.009277344,76.045372009277,1.1530517044566395e-05,4.9988288220398858e-05,7.6774436456598738e-07
76045516.967773438,76.045516967773,1.4464912196398396e-05,4.4331185052102886e-05,6.7692117492411948e-07
76045661.926269531,76.045661926270,1.4446720449439627e-05,4.2005433441698096e-05,7.6682286078908248e-07
76045806.884765625,76.045806884766,1.0510040578484767e-05,4.6036137469077352e-05,8.6318198956982854e-07
76045951.843261719,76.045951843262,9.3514329536797409e-06,4.2920856532119661e-05,7.968293035149588e-07
76046096.801757812,76.046096801758,8.2137015074007706e-06,4.5614414890908644e-05,9.3973929638167983e-07
76046241.760253906,76.046241760254,6.9647980785716098e-06,5.5335514532546186e-05,6.978872159304205e-07
76046386.71875,76.046386718750,9.9887335650235715e-06,5.2026099539589048e-05,6.6588115148297138e-07
76046531.677246094,76.046531677246,1.0348513338981078e-05,5.7219193428612193e-05,5.7197163830059316e-07
76046676.635742188,76.046676635742,8.6109567681693491e-06,5.7304750277446229e-05,7.0800675087816846e-07
76046821.594238281,76.046821594238,1.0523116728642476e-05,4.5174328065078282e-05,7.6550086547611159e-07
76046966.552734375,76.046966552734,1.5438805612892345e-05,6.3041525170286837e-05,6.5766147069133226e-07
76047111.511230469,76.047111511230,1.400957851662363e-05,6.4180406761152442e-05,6.4400863291554899e-07
76047256.469726562,76.047256469727,1.1186343756660265e-05,4.6824013130728382e-05,6.1316916857787328e-07
76047401.428222656,76.047401428223,1.2834919746228474e-05,4.8854713077474499e-05,5.5222146423735115e-07
76047546.38671875,76.047546386719,1.2322372343921932e-05,5.3197565396926637e-05,5.2033831755763577e-07
76047691.345214844,76.047691345215,1.2089917514085338e-05,6.3718546692535861e-05,4.6925826607120478e-07
76047836.303710938,76.047836303711,1.378540091989773e-05,5.0656589142285423e-05,5.2139183270883054e-07
76047981.262207031,76.047981262207,1.0701281758076466e-05,4.0979437515597172e-05,7.051550970891265e-07
76048126.220703125,76.048126220703,1.0278558666848204e-05,4.1458270635883328e-05,1.1226734344532362e-06
76048271.179199219,76.048271179199,8.6612127212558057e-06,5.7541310936743601e-05,1.0645008475161651e-06
76048416.137695312,76.048416137695,9.989710701077667e-06,7.7488450827540976e-05,7.2118138171197226e-07
76048561.096191406,76.048561096191,1.067516712897332e-05,6.5301645211284361e-05,7.2921029040755826e-07
76048706.0546875,76.048706054688,1.3131304842788211e-05,6.9178228381552894e-05,6.9452575471207097e-07
76048851.013183594,76.048851013184,1.7156729959174011e-05,6.1794300024010937e-05,5.346787813442156e-07
76048995.971679688,76.048995971680,1.8156535333539068e-05,6.7017645978976459e-05,5.1686246674229053e-07
76049140.930175781,76.049140930176,1.3830939788334887e-05,6.4434545098607758e-05,6.2326416770524626e-07
76049285.888671875,76.049285888672,1.0662034787832866e-05,7.1895312536016817e-05,8.2666448660729413e-07
76049430.847167969,76.049430847168,9.7517525572777812e-06,5.3659414149984884e-05,7.8040865582237606e-07
76049575.805664062,76.049575805664,7.6010733226125932e-06,4.9993843613995962e-05,6.3172278006971396e-07
76049720.764160156,76.049720764160,8.1053302346134936e-06,5.4160978881579035e-05,6.5595547730018266e-07
76049865.72265625,76.049865722656,1.0140604860336972e-05,4.7272273532255993e-05,6.7926986495093483e-07
76050010.681152344,76.050010681152,9.783330670885709e-06,5.4178032509007295e-05,6.3841571452390675e-07
76050155.639648438,76.050155639648,1.1802983330087796e-05,6.147282501899157e-05,7.6149514844231479e-07
76050300.598144531,76.050300598145,1.3147562478891666e-05,5.0640980242274859e-05,6.4983717738732909e-07
76050445.556640625,76.050445556641,1.2692494454457453e-05,5.0478386236327955e-05,5.5688701189250349e-07
76050590.515136719,76.050590515137,9.6588780058444373e-06,5.1644087186948493e-05,5.1334095843068539e-07
76050735.473632812,76.050735473633,1.1264991915198642e-05,5.4550395265073802e-05,7.1281307719912186e-07
76050880.432128906,76.050880432129,1.4406414772070995e-05,4.2549961715067597e-05,7.0193778946298056e-07
76051025.390625,76.051025390625,1.3314562050704118e-05,4.5003407979112803e-05,7.5663827823905549e-07
76051170.349121094,76.051170349121,1.1218529486647962e-05,4.7247553273169545e-05,7.6677517435900184e-07
76051315.307617188,76.051315307617,1.1606476485612434e-05,4.6765167206586993e-05,7.7703380705784405e-07
76051460.266113281,76.051460266113,8.7768809500768542e-06,5.2782045821120177e-05,7.2799467932454123e-07
76051605.224609375,76.051605224609,9.8724669400321278e-06,4.3950104469338539e-05,6.3036955280635833e-07
76051750.183105469,76.051750183105,1.188793562830999e-05,4.3737700564945002e-05,7.3432147091748635e-07
76051895.141601562,76.051895141602,1.5272781928864738e-05,4.6964678953788664e-05,7.8201337220316816e-07
76052040.100097656,76.052040100098,1.5273856473006185e-05,3.5514448646638916e-05,7.7655530194790109e-07
76052185.05859375,76.052185058594,1.4179149266711609e-05,3.5843972386296729e-05,6.9733234868139174e-07
76052330.017089844,76.052330017090,1.1148098576168721e-05,4.5322271126927981e-05,6.2598459178268928e-07
76052474.975585938,76.052474975586,8.621186107845683e-06,3.9399453044608176e-05,5.3762205477837924e-07
76052619.934082031,76.052619934082,8.0538143061490531e-06,6.0912422508720382e-05,8.7760040778554573e-07
76052764.892578125,76.052764892578,8.0722811348996483e-06,7.7846398482571511e-05,9.8866296056170974e-07
76052909.851074219,76.052909851074,8.4158369749701895e-06,6.0967645510233307e-05,6.3827395385766274e-07
76053054.809570312,76.053054809570,1.0262660715305344e-05,4.5140020045985466e-05,6.4087325974390686e-07
76053199.768066406,76.053199768066,1.5108870722681963e-05,3.737047391526012e-05,7.5039683960264543e-07
76053344.7265625,76.053344726562,1.6784069322795619e-05,6.3949909650960291e-05,6.4823868790870609e-07
76053489.685058594,76.053489685059,1.578959727249237e-05,6.3817139270394116e-05,7.5118082659996361e-07
76053634.643554688,76.053634643555,1.3967125037941474e-05,6.2527985481294028e-05,1.3374723437682509e-06
76053779.602050781,76.053779602051,1.0663641588754973e-05,5.8055780298474711e-05,9.0112541213087496e-07
76053924.560546875,76.053924560547,1.2693646732473358e-05,5.2854153801646568e-05,8.6068366690419572e-07
76054069.519042969,76.054069519043,1.3179857811409469e-05,5.7262968200762831e-05,8.9749836432388272e-07
76054214.477539062,76.054214477539,1.1905247242559114e-05,5.2230851198514491e-05,7.6799864132201698e-07
76054359.436035156,76.054359436035,1.232413454190607e-05,5.3263269578311532e-05,7.595489929295502e-07
76054504.39453125,76.054504394531,1.2535367424919213e-05,4.1664146369756376e-05,6.9976639808777732e-07
76054649.353027344,76.054649353027,8.2980897184093384e-06,4.4382667533650829e-05,7.1360827028096207e-07
76054794.311523438,76.054794311523,1.3347258213156946e-05,5.0035261976185074e-05,7.0497604484007971e-07
76054939.270019531,76.054939270020,1.3811009152303388e-05,5.7989749010118512e-05,5.3333421085017771e-07
76055084.228515625,76.055084228516,1.2374929808247354e-05,4.4030023691818659e-05,7.5371590751998302e-07
76055229.187011719,76.055229187012,1.2286750819056881e-05,5.8521276874801871e-05,8.3986921691150002e-07
76055374.145507812,76.055374145508,1.0162563111803952e-05,6.1785410955489777e-05,8.2591794574092829e-07
76055519.104003906,76.055519104004,1.1034091074063973e-05,4.1347300148093577e-05,5.9716124045253432e-07
76055664.0625,76.055664062500,9.0605136336777057e-06,4.5639841236212439e-05,4.860281756913355e-07
76055809.020996094,76.055809020996,8.5026838067868469e-06,4.4170854987389636e-05,5.3406341184876157e-07
76055953.979492188,76.055953979492,7.4196140967903448e-06,4.1583399928029032e-05,5.9964943187268513e-07
76056098.937988281,76.056098937988,1.0295506566700186e-05,4.6622999601406696e-05,5.2491109782276002e-07
76056243.896484375,76.056243896484,1.5407810604494705e-05,5.8540214305299762e-05,5.2833970243873428e-07
76056388.854980469,76.056388854980,1.2877661392817925e-05,4.6259451186982319e-05,6.3442425150747089e-07
76056533.813476562,76.056533813477,1.1078938604900206e-05,5.7569535296374396e-05,7.3351995819843994e-07
76056678.771972656,76.056678771973,1.1256354602340299e-05,6.0462162709116611e-05,8.2192095228661711e-07
76056823.73046875,76.056823730469,1.3808916276606694e-05,5.7869110368221585e-05,7.9052827602912943e-07
76056968.688964844,76.056968688965,1.4770483178252633e-05,5.0736122314822106e-05,7.4453019934031739e-07
76057113.647460938,76.057113647461,1.4646443229399319e-05,3.6407543811443283e-05,7.6824672265630504e-07
76057258.605957031,76.057258605957,1.1137624523654197e-05,4.3580303866065075e-05,6.6474448842717151e-07
76057403.564453125,76.057403564453,1.0617007030660276e-05,6.3688292090437318e-05,8.032023943700004e-07
76057548.522949219,76.057548522949,1.1107168543449183e-05,5.5418833652073002e-05,7.8952200530014995e-07
76057693.481445312,76.057693481445,9.8323703649049384e-06,5.3991732193657625e-05,7.5980525007950442e-07
76057838.439941406,76.057838439941,1.0705411499203529e-05,5.716066866859087e-05,7.8348642606416009e-07
76057983.3984375,76.057983398438,1.3405136235396023e-05,4.6924261711019663e-05,1.0218734589473718e-06
76058128.356933594,76.058128356934,1.4475803940916198e-05,3.81758383316585e-05,9.5671389269455122e-07
76058273.315429688,76.058273315430,1.4719100317208853e-05,4.8972546689075456e-05,8.7887226642784433e-07
76058418.273925781,76.058418273926,1.3235364495582931e-05,5.5092444948590051e-05,6.7737350245385283e-07
76058563.232421875,76.058563232422,1.2349864314632746e-05,6.2017996829609578e-05,6.1725233298086033e-07
76058708.190917969,76.058708190918,1.0506145453014812e-05,5.4493575811308636e-05,7.0604901025065908e-07
76058853.149414062,76.058853149414,1.1038403318352414e-05,5.7040022884027724e-05,6.9431166804221299e-07
76058998.107910156,76.058998107910,1.1437462158770003e-05,3.9058246890153393e-05,7.0445139585207847e-07
76059143.06640625,76.059143066406,1.6604370482001857e-05,4.278599371406266e-05,8.0133253979838736e-07
76059288.024902344,76.059288024902,1.533654135942225e-05,4.5236245465331687e-05,5.8219465072880248e-07
76059432.983398438,76.059432983398,1.2315252769402131e-05,4.697035148547034e-05,7.2235897139318644e-07
76059577.941894531,76.059577941895,1.0012585274896027e-05,4.9103853271979929e-05,7.8226423101517096e-07
76059722.900390625,76.059722900391,1.3417166361177464e-05,5.2204671135902255e-05,7.54573466263134e-07
76059867.858886719,76.059867858887,1.1275339191265825e-05,7.2257473943987744e-05,6.6050219115413085e-07
76060012.817382812,76.060012817383,9.9619142607738789e-06,6.3351438123993665e-05,6.405513791109308e-07
76060157.775878906,76.060157775879,9.2315015424354685e-06,5.1109366828373898e-05,6.7386516150974714e-07
76060302.734375,76.060302734375,1.1453431243452139e-05,5.8108386716626149e-05,5.6088852363527786e-07
76060447.692871094,76.060447692871,1.3205263279644578e-05,6.9985095700208664e-05,7.1382873003441186e-07
76060592.651367188,76.060592651367,1.2377256002461556e-05,4.4842279566102719e-05,9.3247794533078839e-07
76060737.609863281,76.060737609863,1.2035928349206854e-05,4.5764051391245539e-05,8.8782316991371824e-07
76060882.568359375,76.060882568359,1.2374310102404127e-05,4.0908239580380629e-05,6.5868828655326414e-07
76061027.526855469,76.061027526855,1.0017487603202543e-05,3.6691745773395002e-05,7.6106148346676867e-07
76061172.485351562,76.061172485352,9.4307811330101166e-06,4.4034610494316801e-05,6.5826932893573903e-07
76061317.443847656,76.061317443848,9.8163025541546852e-06,5.5769416574579466e-05,6.9091995088330329e-07
76061462.40234375,76.061462402344,1.3206082593189605e-05,6.3217045810042948e-05,8.2946768595771087e-07
76061607.360839844,76.061607360840,1.4951640924235488e-05,5.4433515195645489e-05,8.6411445014776746e-07
76061752.319335938,76.061752319336,1.2665546348810536e-05,6.2225982430114712e-05,7.9289969786864618e-07
76061897.277832031,76.061897277832,1.0981677880685089e-05,4.7838146494533841e-05,8.1550980027587571e-07
76062042.236328125,76.062042236328,1.2925681650684503e-05,4.3777578684381539e-05,6.4759091474268402e-07
76062187.194824219,76.062187194824,1.5748106081206508e-05,5.2728414082027687e-05,5.4864339508040778e-07
76062332.153320312,76.062332153320,9.7938847932217682e-06,5.4120937922417626e-05,5.2125004995402999e-07
76062477.111816406,76.062477111816,8.3139473967581323e-06,4.8903044874713248e-05,7.5691492923579328e-07
76062622.0703125,76.062622070312,7.5359374535447544e-06,5.0586930532568683e-05,7.7029032495958606e-07
76062767.028808594,76.062767028809,1.0907724426617224e-05,3.4345344212462038e-05,7.4313989349763673e-07
76062911.987304688,76.062911987305,1.3381085595090334e-05,5.3250112522513151e-05,8.4959894418438485e-07
76063056.945800781,76.063056945801,1.15713582495123e-05,5.4071125504954585e-05,7.9768287264424058e-07
76063201.904296875,76.063201904297,1.3365769773279768e-05,5.0033587458033852e-05,4.8887431464241349e-07
76063346.862792969,76.063346862793,1.1914685369915702e-05,6.4878390315417842e-05,5.7545900469172097e-07
76063491.821289062,76.063491821289,8.7237092487947546e-06,6.2463747580764303e-05,7.8319487886442743e-07
76063636.779785156,76.063636779785,9.6608042672030857e-06,6.2088091324953899e-05,7.2244627388672088e-07
76063781.73828125,76.063781738281,1.1419393582010535e-05,7.7007944890562904e-05,8.9871423963862986e-07
76063926.696777344,76.063926696777,1.1935915145458276e-05,6.9895136453631591e-05,9.0086770730568719e-07
76064071.655273438,76.064071655273,1.0809326328409925e-05,4.9602921611773703e-05,6.7229486800032825e-07
76064216.613769531,76.064216613770,1.0609151573295947e-05,4.9794700239899883e-05,7.8337772331788264e-07
76064361.572265625,76.064361572266,1.0078394159118255e-05,7.3899621002117627e-05,7.1745048425370497e-07
76064506.530761719,76.064506530762,1.0425677192441447e-05,4.54083113593384e-05,6.3141343892468548e-07
76064651.489257812,76.064651489258,1.2412071807788154e-05,4.9368713907285378e-05,6.8470086691122275e-07
76064796.447753906,76.064796447754,1.1362911863581128e-05,4.8156097049939399e-05,6.2260093538692156e-07
76064941.40625,76.064941406250,1.0637249249193816e-05,5.8050545773454162e-05,7.7433314795584778e-07
76065086.364746094,76.065086364746,1.0181836115441688e-05,6.9982472985698468e-05,1.0304692955678793e-06
76065231.323242188,76.065231323242,1.1177764460585712e-05,5.801195132436264e-05,6.9935072774346826e-07
76065376.281738281,76.065376281738,1.2299739427531363e-05,5.908802808419762e-05,6.9539559293193047e-07
76065521.240234375,76.065521240234,1.281895635378194e-05,5.1370117565724494e-05,5.8357379504224739e-07
76065666.198730469,76.065666198730,1.2859132157771207e-05,5.1668228052225881e-05,5.5210314065900003e-07
76065811.157226562,76.065811157227,1.3156438786866493e-05,5.7436973353112842e-05,5.9379000818153716e-07
76065956.115722656,76.065956115723,1.2383792398146583e-05,4.9241670943409607e-05,7.2960120270054049e-07
76066101.07421875,76.066101074219,1.2383780263649969e-05,3.6760588473701674e-05,7.232997297447319e-07
76066246.032714844,76.066246032715,9.7181986374819046e-06,4.9317203357690993e-05,5.1335680632308488e-07
76066390.991210938,76.066390991211,1.1202302953388046e-05,5.4903143196634386e-05,7.8403034591426375e-07
76066535.949707031,76.066535949707,1.0203700398146875e-05,4.4683642979976363e-05,7.7795828078918607e-07
76066680.908203125,76.066680908203,9.6715262207944198e-06,3.9772822118436483e-05,6.6516070122459646e-07
76066825.866699219,76.066825866699,8.2497704993925396e-06,4.0213664848351865e-05,6.5854944687280565e-07
76066970.825195312,76.066970825195,1.2595195077252123e-05,4.2136512705468519e-05,6.0406473546040057e-07
76067115.783691406,76.067115783691,1.0685062649959122e-05,3.9978928606176209e-05,6.9637380673578245e-07
76067260.7421875,76.067260742188,9.9983771473835002e-06,4.0936505693597446e-05,6.7560401207624163e-07
76067405.700683594,76.067405700684,1.2151455548996796e-05,4.7103534606374956e-05,7.9657179052950727e-07
76067550.659179688,76.067550659180,1.0238363459170901e-05,5.984595969304581e-05,8.4903387084888804e-07
76067695.617675781,76.067695617676,1.1190560560311061e-05,5.6765808947483702e-05,6.0701720194422818e-07
76067840.576171875,76.067840576172,9.920152526923195e-06,5.1978774980608783e-05,6.9095205836621308e-07
76067985.534667969,76.067985534668,7.4927608877014328e-06,5.1233288539321805e-05,8.4660675743323006e-07
76068130.493164062,76.068130493164,8.7753503654639226e-06,4.387802732430926e-05,8.1129740980227296e-07
76068275.451660156,76.068275451660,1.0251312940746534e-05,4.8407615037927271e-05,9.2251978435697594e-07
76068420.41015625,76.068420410156,1.4009894758293193e-05,4.6318385056422924e-05,8.9257813897710696e-07
76068565.368652344,76.068565368652,1.2429932711269797e-05,5.5175248569927384e-05,6.3750180607358718e-07
76068710.327148438,76.068710327148,1.3058287438360681e-05,6.2898345008494802e-05,6.777509827175637e-07
76068855.285644531,76.068855285645,1.3595612443419104e-05,4.4896375749988373e-05,7.477471224099146e-07
76069000.244140625,76.069000244141,8.9928017068735067e-06,5.0893808637681225e-05,8.4847079228626287e-07
76069145.202636719,76.069145202637,1.1272235733279219e-05,5.3549406097894792e-05,5.6377417709068889e-07
76069290.161132812,76.069290161133,1.1585106219950694e-05,5.4612408829295597e-05,8.3421190758738716e-07
76069435.119628906,76.069435119629,1.1890613578272537e-05,3.9453138689938931e-05,9.6310515400036591e-07
76069580.078125,76.069580078125,1.387554720937351e-05,5.6531541840910286e-05,7.1963610693472845e-07
76069725.036621094,76.069725036621,1.2919337778944014e-05,5.9742589221297349e-05,6.6290912889015382e-07
76069869.995117188,76.069869995117,1.1882398070208812e-05,4.9748601358037109e-05,7.7286238649838876e-07
76070014.953613281,76.070014953613,1.5052323167459565e-05,5.2002972365417908e-05,6.8069156770756019e-07
76070159.912109375,76.070159912109,1.3791687016688487e-05,4.935083041533624e-05,6.0553718357648941e-07
76070304.870605469,76.070304870605,1.1095357911080259e-05,4.8698280153978697e-05,5.7927115785791551e-07
76070449.829101562,76.070449829102,1.0910820771956201e-05,6.4956316253893847e-05,7.0973808435272393e-07
76070594.787597656,76.070594787598,9.3650955236092127e-06,6.5297600723478457e-05,6.2759134978008229e-07
76070739.74609375,76.070739746094,7.4173220731961187e-06,5.2074459279043375e-05,6.5209189454129016e-07
76070884.704589844,76.070884704590,1.109907422741253e-05,5.622940333010346e-05,6.4260737064211402e-07
76071029.663085938,76.071029663086,1.2963504963836022e-05,5.1123578144029258e-05,5.8853364173051013e-07
76071174.621582031,76.071174621582,1.2467984312894104e-05,4.21376207224845e-05,8.4940396936252117e-07
76071319.580078125,76.071319580078,9.5807368829491616e-06,5.7216527981220297e-05,7.5622288235639573e-07
76071464.538574219,76.071464538574,7.7958877553216276e-06,6.803674156550602e-05,8.3346873087987539e-07
76071609.497070312,76.071609497070,1.1447661302194475e-05,4.5559869969543645e-05,7.1318709549096178e-07
76071754.455566406,76.071754455566,1.6171916788672069e-05,4.2361705758000465e-05,6.6079107548900674e-07
76071899.4140625,76.071899414062,1.6711830055014062e-05,5.2804861916321713e-05,6.9494740278035643e-07
76072044.372558594,76.072044372559,1.6411804886405981e-05,5.2384485052339127e-05,7.7154823583142022e-07
76072189.331054688,76.072189331055,1.4111158693593908e-05,3.5798666036757774e-05,7.3312507536058047e-07
76072334.289550781,76.072334289551,1.0431312895226839e-05,4.2396398193662564e-05,8.7001954009727081e-07
76072479.248046875,76.072479248047,7.305306552337686e-06,4.7607084674219635e-05,9.6064200867845929e-07
76072624.206542969,76.072624206543,1.0423921454529366e-05,5.0021385530752994e-05,9.5120264301403592e-07
76072769.165039062,76.072769165039,1.358468781852814e-05,5.8007732377949019e-05,7.7644914247684202e-07
76072914.123535156,76.072914123535,9.8431081449004042e-06,5.5649977088073505e-05,7.2903958464087926e-07
76073059.08203125,76.073059082031,1.1899857087434547e-05,5.6403318358425934e-05,9.9143437558802554e-07
76073204.040527344,76.073204040527,1.087836693452443e-05,5.9816865951360834e-05,9.160808145094203e-07
76073348.999023438,76.073348999023,1.2545030268721775e-05,5.7839390299632308e-05,7.3628097180321165e-07
76073493.957519531,76.073493957520,1.1855266064014593e-05,5.4095166761013997e-05,7.3919884321582875e-07
76073638.916015625,76.073638916016,9.1433564242085563e-06,4.8378902600114275e-05,6.7722133353876181e-07
76073783.874511719,76.073783874512,1.3360211524530475e-05,4.3803119721755818e-05,6.2119536753008032e-07
76073928.833007812,76.073928833008,1.3455723738786607e-05,4.9981440020804659e-05,4.9183482290296338e-07
76074073.791503906,76.074073791504,1.3533752079808181e-05,5.6703366210437642e-05,5.923755194300623e-07
76074218.75,76.074218750000,1.2134229376867704e-05,6.3109042560078463e-05,6.3984322568445153e-07
76074363.708496094,76.074363708496,8.5977288189921204e-06,5.7836640863485157e-05,7.677474886618892e-07
76074508.666992188,76.074508666992,1.4289568531625237e-05,5.5396543574723586e-05,6.9601025374196551e-07
76074653.625488281,76.074653625488,1.3289145058945969e-05,4.9585135281917796e-05,8.2810553498419619e-07
76074798.583984375,76.074798583984,1.0373065862244214e-05,5.799247597554079e-05,8.1505783064586904e-07
76074943.542480469,76.074943542480,8.4907255465557138e-06,5.4455911320890814e-05,6.3474131102065889e-07
76075088.500976562,76.075088500977,1.1094438429953213e-05,5.2252926636804215e-05,6.1714259981587795e-07
76075233.459472656,76.075233459473,7.3532475205771951e-06,5.1279438091298713e-05,5.6546860289235731e-07
76075378.41796875,76.075378417969,1.0308615222888271e-05,5.3782422709718975e-05,6.3540220443470243e-07
76075523.376464844,76.075523376465,1.0155897306769469e-05,4.9410548615981694e-05,8.2164839568668061e-07
76075668.334960938,76.075668334961,7.6969634940628711e-06,4.9867400447322927e-05,5.7514061436088649e-07
76075813.293457031,76.075813293457,1.0177801100833166e-05,4.7938561955620608e-05,4.373359395434176e-07
76075958.251953125,76.075958251953,1.1317167929802551e-05,5.6267155446331603e-05,5.6677033500525868e-07
76076103.210449219,76.076103210449,1.1046691834022796e-05,5.0552136476445765e-05,8.0210740531043661e-07
76076248.168945312,76.076248168945,1.3512903971172616e-05,4.3036969471080711e-05,6.029283733914659e-07
76076393.127441406,76.076393127441,1.04934236877543e-05,4.4302109977137332e-05,6.9965186503217977e-07
76076538.0859375,76.076538085938,1.060933606574032e-05,5.2633542211716249e-05,8.0031357131436387e-07
76076683.044433594,76.076683044434,1.0987753340085437e-05,6.9143745300264428e-05,7.7519411689704743e-07
76076828.002929688,76.076828002930,1.2119197041816578e-05,4.9280080144065669e-05,7.8035215031661291e-07
76076972.961425781,76.076972961426,1.0507582062322123e-05,4.367222792738218e-05,7.1584361678269637e-07
76077117.919921875,76.077117919922,1.4510450136855121e-05,4.4411722245153385e-05,6.8992062393550343e-07
76077262.878417969,76.077262878418,1.3117598173420427e-05,5.6334592194768293e-05,7.2165488083490134e-07
76077407.836914062,76.077407836914,1.2442822281364812e-05,5.7128950096339106e-05,7.2165624184217891e-07
76077552.795410156,76.077552795410,1.5907521725186028e-05,5.529453135711406e-05,7.4378177372124869e-07
76077697.75390625,76.077697753906,1.0290561993033863e-05,7.0656669541349035e-05,6.1374699525240931e-07
76077842.712402344,76.077842712402,7.0560948262602455e-06,7.4363380494199197e-05,5.1505839873910943e-07
76077987.670898438,76.077987670898,9.4550365531221439e-06,6.1180733966003677e-05,4.9821789298479402e-07
76078132.629394531,76.078132629395,1.1175099562869988e-05,6.8068835095348517e-05,6.8816324345897793e-07
76078277.587890625,76.078277587891,9.7730644849516949e-06,6.0598846238605907e-05,6.0831097877616771e-07
76078422.546386719,76.078422546387,8.1804273602566152e-06,3.7390073872846384e-05,6.1189930276656315e-07
76078567.504882812,76.078567504883,8.4292286848152895e-06,3.9728189142564793e-05,5.7173311078341601e-07
76078712.463378906,76.078712463379,8.5515027959395047e-06,4.2967457151364761e-05,7.9437540203717045e-07
76078857.421875,76.078857421875,7.2789042220968652e-06,4.1912492542278205e-05,8.6408548514763709e-07
76079002.380371094,76.079002380371,6.9775344941410713e-06,5.3813404023984971e-05,8.1583924850976344e-07
76079147.338867188,76.079147338867,9.548868601514847e-06,6.364180824576934e-05,7.9202302692744569e-07
76079292.297363281,76.079292297363,1.5321091627500981e-05,6.2564596932379346e-05,6.6894968438073251e-07
76079437.255859375,76.079437255859,9.175877929573623e-06,6.5621236546481581e-05,6.3591156983113812e-07
76079582.214355469,76.079582214355,5.390689874292064e-06,4.3820452128407173e-05,5.203830231527597e-07
76079727.172851562,76.079727172852,7.4655010641802405e-06,4.4942416975151799e-05,6.4687815708491502e-07
76079872.131347656,76.079872131348,1.0146136390243167e-05,5.6196540645198331e-05,7.8794668820704742e-07
76080017.08984375,76.080017089844,8.1163181937370296e-06,6.1048373961367598e-05,7.2728252296847241e-07
76080162.048339844,76.080162048340,9.9296733159502895e-06,5.5315729155461705e-05,7.2322892894901447e-07
76080307.006835938,76.080307006836,1.1135829600646044e-05,5.2405918738716768e-05,6.5722552573401057e-07
76080451.965332031,76.080451965332,9.3793315858327247e-06,6.2589200583629682e-05,7.4975289551185949e-07
76080596.923828125,76.080596923828,1.1410327219876591e-05,5.6118891433781088e-05,6.8690653097652365e-07
76080741.882324219,76.080741882324,1.1585644749020671e-05,4.1797502453470235e-05,7.0302970680664065e-07
76080886.840820312,76.080886840820,9.6310386572046276e-06,3.6607245448116371e-05,8.1171088021883188e-07
76081031.799316406,76.081031799316,1.0138775486117889e-05,4.6897534539528352e-05,8.8966734790278631e-07
76081176.7578125,76.081176757812,1.3040876551880097e-05,4.6292635176176321e-05,7.1497618981219793e-07
76081321.716308594,76.081321716309,1.3866576520465806e-05,5.0732308320624756e-05,6.0586282142936938e-07
76081466.674804688,76.081466674805,9.3635530876586005e-06,5.0497628526373777e-05,7.032385512620059e-07
76081611.633300781,76.081611633301,1.1887514672985877e-05,4.9956733782118923e-05,8.0470870810639013e-07
76081756.591796875,76.081756591797,1.4708875364123025e-05,5.3139400732758169e-05,1.0324315861347946e-06
76081901.550292969,76.081901550293,7.704384154139205e-06,5.275565476954052e-05,7.2045769113814691e-07
76082046.508789062,76.082046508789,1.0354439799621078e-05,4.7758741261993667e-05,4.5388826487041884e-07
76082191.467285156,76.082191467285,1.2013187498645477e-05,5.9227513198607411e-05,5.9230474629909812e-07
76082336.42578125,76.082336425781,1.0021799375607291e-05,6.3671169136592177e-05,5.6565996907176782e-07
76082481.384277344,76.082481384277,8.0183927036355047e-06,5.7673878697144067e-05,6.7465158731589459e-07
76082626.342773438,76.082626342773,7.9891258032996667e-06,5.9293522640988968e-05,5.2283037102391455e-07
76082771.301269531,76.082771301270,1.0764162002895766e-05,4.5473535513660214e-05,4.1566711091566402e-07
76082916.259765625,76.082916259766,1.3349160343990161e-05,4.1462882294565211e-05,6.8086154692593689e-07
76083061.218261719,76.083061218262,1.3757608552612373e-05,4.8914285476107719e-05,7.3549575960607395e-07
76083206.176757812,76.083206176758,1.2132884350860357e-05,4.3434924869871448e-05,7.3632675204255917e-07
76083351.135253906,76.083351135254,1.0265179809787664e-05,4.7212131687311454e-05,6.0625636629048003e-07
76083496.09375,76.083496093750,9.2143740429858429e-06,4.2084630945709632e-05,6.7924773338963466e-07
76083641.052246094,76.083641052246,7.0620114985993473e-06,4.4188747145049311e-05,5.1488249936113819e-07
76083786.010742188,76.083786010742,7.4327473066053807e-06,4.5557723859749543e-05,2.9167309701216898e-07
76083930.969238281,76.083930969238,1.2487968898452032e-05,4.9446420985176855e-05,4.7533273307838996e-07
76084075.927734375,76.084075927734,9.6567584131253857e-06,5.180561713448392e-05,6.940059792597195e-07
76084220.886230469,76.084220886230,9.6796948039336342e-06,4.4457011070148133e-05,6.9834779955197147e-07
76084365.844726562,76.084365844727,1.2894378773376752e-05,4.5796721266462808e-05,6.6461866681139246e-07
76084510.803222656,76.084510803223,1.0103404286783797e-05,4.7680756402472881e-05,6.9178325461560281e-07
76084655.76171875,76.084655761719,8.912670367028761e-06,5.2313798331243491e-05,7.5552762750395788e-07
76084800.720214844,76.084800720215,1.0199708655657176e-05,5.3954703070162641e-05,6.3507901394897893e-07
76084945.678710938,76.084945678711,8.2789735527614678e-06,5.636425966146383e-05,8.6842648268327866e-07
76085090.637207031,76.085090637207,8.266931887474461e-06,5.0580614869006181e-05,5.7283774707332983e-07
76085235.595703125,76.085235595703,9.6107828803498467e-06,6.7590610752958172e-05,4.5057785878684698e-07
76085380.554199219,76.085380554199,1.3355038817046462e-05,6.8583046994413749e-05,7.3822298151924127e-07
76085525.512695312,76.085525512695,1.6003347958909555e-05,4.1577809281760209e-05,7.4007830478955476e-07
76085670.471191406,76.085670471191,1.2513688657605025e-05,4.9508894632050191e-05,7.0190771140421558e-07
76085815.4296875,76.085815429688,1.3654058843868455e-05,6.8755829462717073e-05,6.1089234477787717e-07
76085960.388183594,76.085960388184,1.1840867616348549e-05,8.713780955723008e-05,6.707534959355955e-07
76086105.346679688,76.086105346680,1.0737200071724318e-05,6.4236050184711733e-05,4.7369118604086221e-07
76086250.305175781,76.086250305176,1.0849044782813378e-05,6.6118517415681745e-05,4.9082097819559346e-07
76086395.263671875,76.086395263672,1.1924179604663273e-05,6.2824682980480338e-05,5.6133238555839766e-07
76086540.222167969,76.086540222168,1.4002404030554294e-05,6.9388440629167803e-05,6.5035230335021163e-07
76086685.180664062,76.086685180664,1.5718812645408269e-05,6.6690232150315397e-05,6.4129450187236682e-07
76086830.139160156,76.086830139160,1.3863380095053296e-05,6.1377322099063518e-05,5.9710849394472863e-07
76086975.09765625,76.086975097656,1.1666376356736933e-05,6.4374275000104032e-05,5.814440856971062e-07
76087120.056152344,76.087120056152,1.1688419672054099e-05,6.6558843409042186e-05,5.7252244222409126e-07
76087265.014648438,76.087265014648,1.3212323031131061e-05,5.0318763528184791e-05,7.1654390425986109e-07
76087409.973144531,76.087409973145,1.3460294097740002e-05,5.3588907353337514e-05,7.8959714435863337e-07
76087554.931640625,76.087554931641,1.1270393278059877e-05,4.4129066746075969e-05,1.0081260247117701e-06
76087699.890136719,76.087699890137,1.139872678648313e-05,4.4656192751161034e-05,8.8846832711900192e-07
76087844.848632812,76.087844848633,1.2112133402951102e-05,4.9190989112170365e-05,7.2309696687159882e-07
76087989.807128906,76.087989807129,1.3002651716767741e-05,4.5954609824733409e-05,7.0451108880083522e-07
76088134.765625,76.088134765625,1.2927794039593639e-05,4.7758193242832813e-05,8.1254965207064007e-07
76088279.724121094,76.088279724121,9.461332226996681e-06,6.4419060627739477e-05,7.1174210917242337e-07
76088424.682617188,76.088424682617,1.2219016512828064e-05,6.7881833190926093e-05,7.2331659468709701e-07
76088569.641113281,76.088569641113,9.4308812846150553e-06,6.9516420946919252e-05,6.9204497204457413e-07
76088714.599609375,76.088714599609,8.7696188325553508e-06,5.4232642756568481e-05,6.2918054387439443e-07
76088859.558105469,76.088859558105,1.001837700356622e-05,3.6777766770531824e-05,5.8069175565845097e-07
76089004.516601562,76.089004516602,1.2222480137564058e-05,4.9981472230577926e-05,6.6490838507419776e-07
76089149.475097656,76.089149475098,1.1504127604470193e-05,5.2981481224023066e-05,6.722622368212099e-07
76089294.43359375,76.089294433594,1.1049130375731099e-05,3.5401852915102323e-05,5.484953613847387e-07
76089439.392089844,76.089439392090,1.6559865201609957e-05,4.2205805250085802e-05,6.0631087551310607e-07
76089584.350585938,76.089584350586,1.4626194777293808e-05,5.9087009328993577e-05,7.894519999825351e-07
76089729.309082031,76.089729309082,1.1027169985178449e-05,6.888359266459913e-05,7.021862790663839e-07
76089874.267578125,76.089874267578,1.2594333163215894e-05,5.2894212015837929e-05,6.3564317907753574e-07
76090019.226074219,76.090019226074,1.4611156646109185e-05,5.0292269211292851e-05,5.5953582246545353e-07
76090164.184570312,76.090164184570,1.4775010931681723e-05,4.7457572844876314e-05,7.2522782005113842e-07
76090309.143066406,76.090309143066,1.0482552164516694e-05,4.7911004109914858e-05,6.6862534310270472e-07
76090454.1015625,76.090454101562,1.1481613545849814e-05,5.1930618217002804e-05,7.2338018520451742e-07
76090599.060058594,76.090599060059,1.3152179728244622e-05,5.8763234426240125e-05,7.5022861743013082e-07
76090744.018554688,76.090744018555,1.3575555767890301e-05,4.8713387745633384e-05,6.0092163087300038e-07
76090888.977050781,76.090888977051,1.2407649483348479e-05,4.7960305414409273e-05,5.5242452890851984e-07
76091033.935546875,76.091033935547,1.0489628024895388e-05,4.1986164724486656e-05,7.8683021246470402e-07
76091178.894042969,76.091178894043,8.8317116111028844e-06,3.9998616990559025e-05,7.4986963357824914e-07
76091323.852539062,76.091323852539,9.9154288521626854e-06,4.6850516497745656e-05,7.9391913717902941e-07
76091468.811035156,76.091468811035,1.3594058322682759e-05,5.3144043276782241e-05,8.8697498341116316e-07
76091613.76953125,76.091613769531,1.1012124697435285e-05,6.3716764690910214e-05,7.0591244088080765e-07
76091758.728027344,76.091758728027,8.24804765148377e-06,5.450997462386187e-05,5.134518398975369e-07
76091903.686523438,76.091903686523,9.5259936421867017e-06,3.8938287541314298e-05,3.8657139884810459e-07
76092048.645019531,76.092048645020,8.9405444170306379e-06,4.2470521670737984e-05,5.516603423643693e-07
76092193.603515625,76.092193603516,9.7142187648532874e-06,3.4722310269401545e-05,3.4843134558385591e-07
76092338.562011719,76.092338562012,1.1919660320264746e-05,4.3968746055427394e-05,5.3246247932400274e-07
76092483.520507812,76.092483520508,1.6677993254087803e-05,4.7945009106578727e-05,5.0603731454015296e-07
76092628.479003906,76.092628479004,1.6722017616536072e-05,5.9102691111626279e-05,7.5832980008837434e-07
76092773.4375,76.092773437500,1.7600694365125261e-05,5.4790369155855931e-05,5.348550597843256e-07
76092918.395996094,76.092918395996,1.2431558329585243e-05,4.6591040795075443e-05,5.1363605478210741e-07
76093063.354492188,76.093063354492,9.3015950674679434e-06,4.6746138191956768e-05,5.2161029605846421e-07
76093208.312988281,76.093208312988,1.177195881050835e-05,5.9427896850125027e-05,5.8688858780275191e-07
76093353.271484375,76.093353271484,1.2726768571027847e-05,7.0027583719342907e-05,6.3785719312352907e-07
76093498.229980469,76.093498229980,1.5789532737600823e-05,5.5132125915496976e-05,6.99839921004545e-07
76093643.188476562,76.093643188477,1.4280168611913042e-05,3.8397933855156499e-05,8.1337216140234535e-07
76093788.146972656,76.093788146973,1.2591842710566202e-05,5.0067097526718045e-05,7.6262206822065242e-07
76093933.10546875,76.093933105469,1.04657225433791e-05,4.8251470198092358e-05,7.2972841167019705e-07
76094078.063964844,76.094078063965,1.2624392414652286e-05,3.3198391001468619e-05,7.7193743662953673e-07
76094223.022460938,76.094223022461,1.5119251029153053e-05,4.8465450299539333e-05,7.4835655648000824e-07
76094367.980957031,76.094367980957,1.2987777972661154e-05,5.6153198998417011e-05,6.9637453363489647e-07
76094512.939453125,76.094512939453,1.2755531679408357e-05,3.8588882198177707e-05,5.6900461516426498e-07
76094657.897949219,76.094657897949,1.058984188974238e-05,4.2101546954106615e-05,5.8002445294171062e-07
76094802.856445312,76.094802856445,9.9342130771867136e-06,4.6842527531777697e-05,6.253985453134188e-07
76094947.814941406,76.094947814941,1.1649605699100599e-05,5.243004031248108e-05,7.0472263159767284e-07
76095092.7734375,76.095092773438,1.0728333527024961e-05,4.7464544812765545e-05,5.1325275682953395e-07
76095237.731933594,76.095237731934,1.1403928538990318e-05,5.2339881096242633e-05,5.5364330140516692e-07
76095382.690429688,76.095382690430,1.2024498720813443e-05,4.4387320985244542e-05,6.9340290110565385e-07
76095527.648925781,76.095527648926,1.1912682616092714e-05,5.8886373781311931e-05,8.7772656067942088e-07
76095672.607421875,76.095672607422,9.9057340048472091e-06,5.450190990114078e-05,6.75475722785142e-07
76095817.565917969,76.095817565918,1.1680683421612955e-05,5.7744702462420319e-05,6.0583358282723317e-07
76095962.524414062,76.095962524414,1.3102014232006919e-05,5.5965924114955068e-05,5.8996201479015947e-07
76096107.482910156,76.096107482910,1.2232968413334442e-05,4.1857643026062487e-05,5.0757135371204075e-07
76096252.44140625,76.096252441406,9.021662020569502e-06,5.064743880857367e-05,5.9145502847860897e-07
76096397.399902344,76.096397399902,9.2961842154210991e-06,6.7550004263831654e-05,5.8935922200102069e-07
76096542.358398438,76.096542358398,1.2860469667649274e-05,4.748039585120535e-05,8.5064471487802795e-07
76096687.316894531,76.096687316895,1.349329449886605e-05,5.3227666878059824e-05,7.3060862398031907e-07
76096832.275390625,76.096832275391,1.0451205643626157e-05,5.4885537115061277e-05,6.7584719826086503e-07
76096977.233886719,76.096977233887,1.0193987136541108e-05,5.3943526410599811e-05,4.9809666156371991e-07
76097122.192382812,76.097122192383,9.6299876816170642e-06,4.9458857683348917e-05,6.6259413783421218e-07
76097267.150878906,76.097267150879,8.233792876786298e-06,5.0576718990525481e-05,6.7124871259364973e-07
76097412.109375,76.097412109375,1.0688352051326337e-05,4.0144264984012204e-05,6.7459031127678821e-07
76097557.067871094,76.097557067871,8.3823626995079825e-06,3.8600685392566937e-05,6.788079198243008e-07
76097702.026367188,76.097702026367,9.7374587307428906e-06,5.9250477970014469e-05,7.2735931493846806e-07
76097846.984863281,76.097846984863,1.2481196907520562e-05,5.6413059124331709e-05,6.0604960228220876e-07
76097991.943359375,76.097991943359,1.1422146891850707e-05,4.2672001720868112e-05,6.2533981822063206e-07
76098136.901855469,76.098136901855,1.0542660618184239e-05,3.7227965636401848e-05,6.6557333212707841e-07
76098281.860351562,76.098281860352,1.0968680527063869e-05,5.0711036542401025e-05,4.5676137224131955e-07
76098426.818847656,76.098426818848,1.1325503203420117e-05,5.4718685908962352e-05,5.5037951685604779e-07
76098571.77734375,76.098571777344,1.3829700593266958e-05,5.5934148094997078e-05,5.2157609203337299e-07
76098716.735839844,76.098716735840,1.1613841336779732e-05,4.9036106089615387e-05,5.8996730254855552e-07
76098861.694335938,76.098861694336,1.1079240949391114e-05,5.0126255898787702e-05,4.9317845396572638e-07
76099006.652832031,76.099006652832,1.35661727998756e-05,5.42727548833141e-05,4.2278205100960038e-07
76099151.611328125,76.099151611328,1.0606001770963508e-05,4.5472296008280713e-05,5.6735157402123009e-07
76099296.569824219,76.099296569824,1.0896959432811937e-05,4.8929065884469828e-05,5.1103534808071744e-07
76099441.528320312,76.099441528320,8.58480961516579e-06,5.1014914895017462e-05,4.7909173418339764e-07
76099586.486816406,76.099586486816,8.472558383746089e-06,5.3773755400678311e-05,5.3235853395627945e-07
76099731.4453125,76.099731445312,7.9823619942593911e-06,5.3076524070909029e-05,6.940763229530868e-07
76099876.403808594,76.099876403809,1.1335277122826796e-05,5.1380655398933488e-05,5.9694127404189421e-07
