Frequency_Hz,Frequency_MHz,Offset_Hz,TwoTapFirRejection_dB,20260515_092941_after_fir_dB,20260526_141535_after_fir_dB,20260526_142458_after_fir_dB
75900123.596191406,75.900123596191,-99876.4038086,-47.6840411355,-97.1997987475,-90.7380697992,-110.532047755
75900268.5546875,75.900268554688,-99731.4453125,-47.6966567374,-96.8902760857,-90.9103739081,-110.740859708
75900413.513183594,75.900413513184,-99586.4868164,-47.7092906895,-96.4888538058,-90.2445155111,-110.478468873
75900558.471679688,75.900558471680,-99441.5283203,-47.7219430451,-96.9227744665,-90.3995867176,-110.159641796
75900703.430175781,75.900703430176,-99296.5698242,-47.7346138582,-96.7564010952,-91.221870672,-110.433450308
75900848.388671875,75.900848388672,-99151.6113281,-47.7473031825,-98.4204628328,-90.8376986658,-111.006547206
75900993.347167969,75.900993347168,-99006.652832,-47.7600110722,-98.1618454922,-90.151171594,-109.748766901
75901138.305664062,75.901138305664,-98861.6943359,-47.7727375817,-96.747870887,-90.4529122563,-109.573274502
75901283.264160156,75.901283264160,-98716.7358398,-47.7854827657,-97.3423783535,-91.9420383278,-110.927767511
75901428.22265625,75.901428222656,-98571.7773438,-47.7982466791,-98.4735379201,-90.6557301696,-110.346606199
75901573.181152344,75.901573181152,-98426.8188477,-47.811029377,-96.5035065153,-89.9201109643,-109.948723873
75901718.139648438,75.901718139648,-98281.8603516,-47.8238309147,-96.8499669877,-90.2163365739,-109.922655738
75901863.098144531,75.901863098145,-98136.9018555,-47.836651348,-97.0584352618,-90.8971142532,-111.403091772
75902008.056640625,75.902008056641,-97991.9433594,-47.8494907325,-96.8363418488,-91.2831885033,-111.107255701
75902153.015136719,75.902153015137,-97846.9848633,-47.8623491245,-97.4402287447,-90.7826674579,-110.663308226
75902297.973632812,75.902297973633,-97702.0263672,-47.8752265803,-97.0336271749,-90.0048343877,-109.966275525
75902442.932128906,75.902442932129,-97557.0678711,-47.8881231565,-96.370203927,-91.0786564639,-109.764746404
75902587.890625,75.902587890625,-97412.109375,-47.90103891,-97.294991985,-90.6245457317,-110.484061186
75902732.849121094,75.902732849121,-97267.1508789,-47.9139738979,-97.8070607966,-90.7808666371,-110.642770653
75902877.807617188,75.902877807617,-97122.1923828,-47.9269281775,-97.4837847489,-91.177749039,-111.283144477
75903022.766113281,75.903022766113,-96977.2338867,-47.9399018066,-97.1299344849,-91.4235939631,-110.891634995
75903167.724609375,75.903167724609,-96832.2753906,-47.9528948429,-96.7585615794,-90.9080807237,-111.104128867
75903312.683105469,75.903312683105,-96687.3168945,-47.9659073447,-97.5118740129,-90.7326338783,-110.589248086
75903457.641601562,75.903457641602,-96542.3583984,-47.9789393704,-96.9288097773,-89.9614231699,-111.830442547
75903602.600097656,75.903602600098,-96397.3999023,-47.9919909785,-96.080923294,-89.7414158005,-111.848090046
75903747.55859375,75.903747558594,-96252.4414062,-48.0050622282,-96.6504709445,-90.0388566664,-110.618031429
75903892.517089844,75.903892517090,-96107.4829102,-48.0181531784,-97.8430108986,-91.1124333761,-110.757699306
75904037.475585938,75.904037475586,-95962.5244141,-48.0312638889,-98.6737459302,-90.6755743692,-110.211690567
75904182.434082031,75.904182434082,-95817.565918,-48.0443944192,-98.4764307419,-90.6361737609,-110.386220101
75904327.392578125,75.904327392578,-95672.6074219,-48.0575448294,-98.2019248325,-91.5251693037,-111.222053252
75904472.351074219,75.904472351074,-95527.6489258,-48.0707151798,-97.2889494115,-91.5712324051,-111.604519053
75904617.309570312,75.904617309570,-95382.6904297,-48.0839055309,-97.7598190012,-90.8598315187,-110.83367575
75904762.268066406,75.904762268066,-95237.7319336,-48.0971159437,-97.6420815471,-90.1823230466,-110.461559274
75904907.2265625,75.904907226562,-95092.7734375,-48.1103464791,-97.3754136795,-89.8384048304,-111.638286496
75905052.185058594,75.905052185059,-94947.8149414,-48.1235971986,-98.0224618204,-90.1478294181,-110.589384196
75905197.143554688,75.905197143555,-94802.8564453,-48.136868164,-97.7496089216,-91.4669593064,-110.57610617
75905342.102050781,75.905342102051,-94657.8979492,-48.150159437,-96.9658466119,-92.6001875871,-110.267574167
75905487.060546875,75.905487060547,-94512.9394531,-48.16347108,-97.8526457311,-93.8579406669,-109.326146368
75905632.019042969,75.905632019043,-94367.980957,-48.1768031556,-98.4808914484,-92.1213711712,-111.153223549
75905776.977539062,75.905776977539,-94223.0224609,-48.1901557265,-99.667623897,-92.5357066897,-111.513662515
75905921.936035156,75.905921936035,-94078.0639648,-48.2035288558,-97.8782411587,-92.9696640893,-111.574166609
75906066.89453125,75.906066894531,-93933.1054688,-48.216922607,-96.3401109178,-91.5089494184,-111.399959167
75906211.853027344,75.906211853027,-93788.1469727,-48.2303370437,-97.7686829818,-91.0858767537,-111.633983765
75906356.811523438,75.906356811523,-93643.1884766,-48.24377223,-97.8724849242,-91.782350031,-111.220120453
75906501.770019531,75.906501770020,-93498.2299805,-48.2572282301,-98.530450136,-91.5398581331,-110.119717525
75906646.728515625,75.906646728516,-93353.2714844,-48.2707051086,-98.6481840329,-90.9601483716,-109.382703899
75906791.687011719,75.906791687012,-93208.3129883,-48.2842029304,-98.100159333,-90.2490483312,-109.570742869
75906936.645507812,75.906936645508,-93063.3544922,-48.2977217607,-97.805346346,-90.4257281054,-110.708384209
75907081.604003906,75.907081604004,-92918.3959961,-48.311261665,-97.9591327565,-91.573743488,-112.017530624
75907226.5625,75.907226562500,-92773.4375,-48.3248227091,-98.3917936195,-90.6566839012,-110.731781882
75907371.520996094,75.907371520996,-92628.4790039,-48.3384049591,-98.3052645731,-90.5671776464,-110.284962239
75907516.479492188,75.907516479492,-92483.5205078,-48.3520084815,-98.2229316562,-91.2417626322,-110.352368117
75907661.437988281,75.907661437988,-92338.5620117,-48.365633343,-99.0210802188,-91.5959770216,-110.520961431
75907806.396484375,75.907806396484,-92193.6035156,-48.3792796105,-98.7536918466,-92.7051970415,-110.458362212
75907951.354980469,75.907951354980,-92048.6450195,-48.3929473516,-97.9533380883,-91.1354017874,-110.887588439
75908096.313476562,75.908096313477,-91903.6865234,-48.4066366338,-98.7938473155,-91.0557827274,-111.510381987
75908241.271972656,75.908241271973,-91758.7280273,-48.4203475253,-99.4772526732,-90.9119610834,-111.567319681
75908386.23046875,75.908386230469,-91613.7695312,-48.4340800942,-99.0808207379,-90.4678631193,-110.650408027
75908531.188964844,75.908531188965,-91468.8110352,-48.4478344093,-98.6102809601,-91.5861460388,-109.909899535
75908676.147460938,75.908676147461,-91323.8525391,-48.4616105396,-97.8287295674,-91.6018387199,-111.525394246
75908821.105957031,75.908821105957,-91178.894043,-48.4754085543,-97.8732643482,-91.0917361081,-111.34339291
75908966.064453125,75.908966064453,-91033.9355469,-48.4892285231,-97.8116304663,-90.5969829026,-110.575187412
75909111.022949219,75.909111022949,-90888.9770508,-48.503070516,-98.0332377077,-91.8069444912,-111.292736688
75909255.981445312,75.909255981445,-90744.0185547,-48.5169346033,-98.1730287969,-91.9269627972,-110.517268273
75909400.939941406,75.909400939941,-90599.0600586,-48.5308208556,-98.3848297278,-90.7847909482,-109.05465174
75909545.8984375,75.909545898438,-90454.1015625,-48.5447293439,-97.9747985403,-91.0377660149,-110.615843961
75909690.856933594,75.909690856934,-90309.1430664,-48.5586601396,-97.6617631654,-91.4449470727,-112.236422123
75909835.815429688,75.909835815430,-90164.1845703,-48.5726133142,-97.9855698407,-91.097931474,-113.818520117
75909980.773925781,75.909980773926,-90019.2260742,-48.5865889399,-98.2114916801,-91.039214357,-113.17268163
75910125.732421875,75.910125732422,-89874.2675781,-48.600587089,-97.9703181845,-91.2995141247,-110.601834075
75910270.690917969,75.910270690918,-89729.309082,-48.6146078341,-98.2203012244,-90.4448095879,-109.184886956
75910415.649414062,75.910415649414,-89584.3505859,-48.6286512485,-96.9272831539,-90.7478685244,-110.078063903
75910560.607910156,75.910560607910,-89439.3920898,-48.6427174054,-97.2213940335,-93.1158150301,-111.942197199
75910705.56640625,75.910705566406,-89294.4335938,-48.6568063787,-99.4810883635,-93.3368762368,-111.903615717
75910850.524902344,75.910850524902,-89149.4750977,-48.6709182425,-97.969050927,-91.5849943464,-111.78081009
75910995.483398438,75.910995483398,-89004.5166016,-48.6850530713,-97.4966636488,-91.9975013208,-111.158817967
75911140.441894531,75.911140441895,-88859.5581055,-48.6992109399,-97.8943425484,-92.6205970999,-110.181720291
75911285.400390625,75.911285400391,-88714.5996094,-48.7133919237,-98.0424654918,-91.379883077,-111.033756881
75911430.358886719,75.911430358887,-88569.6411133,-48.7275960982,-97.2351108137,-90.9225208276,-110.572398755
75911575.317382812,75.911575317383,-88424.6826172,-48.7418235394,-97.1697333318,-90.547720252,-111.598614327
75911720.275878906,75.911720275879,-88279.7241211,-48.7560743236,-98.056271909,-91.5337079988,-111.102935011
75911865.234375,75.911865234375,-88134.765625,-48.7703485275,-98.6293473883,-92.1008984632,-111.274890402
75912010.192871094,75.912010192871,-87989.8071289,-48.7846462283,-98.3911647467,-91.8335116943,-111.920798253
75912155.151367188,75.912155151367,-87844.8486328,-48.7989675035,-98.4094951418,-91.9609957972,-111.811399088
75912300.109863281,75.912300109863,-87699.8901367,-48.8133124308,-97.7242570693,-92.5535804049,-112.595241886
75912445.068359375,75.912445068359,-87554.9316406,-48.8276810886,-99.1605671454,-91.6937057901,-112.424934358
75912590.026855469,75.912590026855,-87409.9731445,-48.8420735555,-98.904875578,-92.7699000418,-111.634770857
75912734.985351562,75.912734985352,-87265.0146484,-48.8564899105,-98.8296291846,-93.0033436543,-110.478543782
75912879.943847656,75.912879943848,-87120.0561523,-48.870930233,-98.2786669486,-90.7360687982,-112.529403538
75913024.90234375,75.913024902344,-86975.0976562,-48.885394603,-99.7630476964,-91.0478915893,-112.243026749
75913169.860839844,75.913169860840,-86830.1391602,-48.8998831006,-98.4686170399,-91.3684859025,-111.728549508
75913314.819335938,75.913314819336,-86685.1806641,-48.9143958064,-97.4791482666,-90.9755583142,-111.700304353
75913459.777832031,75.913459777832,-86540.222168,-48.9289328014,-98.0789329303,-91.3152924937,-111.944347371
75913604.736328125,75.913604736328,-86395.2636719,-48.9434941672,-98.6274343566,-91.6338959765,-111.376261179
75913749.694824219,75.913749694824,-86250.3051758,-48.9580799855,-98.5754189322,-90.7961899999,-110.409962981
75913894.653320312,75.913894653320,-86105.3466797,-48.9726903387,-98.2577810791,-91.360998753,-110.991630853
75914039.611816406,75.914039611816,-85960.3881836,-48.9873253093,-98.2517361239,-91.0771056047,-111.591348317
75914184.5703125,75.914184570312,-85815.4296875,-49.0019849805,-98.3262349944,-91.6391407911,-110.721946029
75914329.528808594,75.914329528809,-85670.4711914,-49.0166694359,-99.0143106011,-91.4130972624,-110.433467606
75914474.487304688,75.914474487305,-85525.5126953,-49.0313787593,-99.9494240227,-91.51043026,-111.773246304
75914619.445800781,75.914619445801,-85380.5541992,-49.0461130351,-99.507213326,-91.0287627526,-111.403414487
75914764.404296875,75.914764404297,-85235.5957031,-49.0608723481,-99.415999485,-90.2957134712,-111.300061774
75914909.362792969,75.914909362793,-85090.637207,-49.0756567836,-98.8246531753,-91.0754284922,-111.42692819
75915054.321289062,75.915054321289,-84945.6787109,-49.0904664273,-99.3042191041,-91.967454184,-112.831273968
75915199.279785156,75.915199279785,-84800.7202148,-49.1053013651,-97.7662425451,-92.2087374966,-113.480151314
75915344.23828125,75.915344238281,-84655.7617188,-49.1201616837,-98.3777067842,-92.721706229,-112.55695443
75915489.196777344,75.915489196777,-84510.8032227,-49.1350474701,-99.1019423597,-93.2532709775,-111.530855471
75915634.155273438,75.915634155273,-84365.8447266,-49.1499588118,-98.7100903131,-92.5085556094,-111.602696029
75915779.113769531,75.915779113770,-84220.8862305,-49.1648957965,-97.6819125168,-93.3399207952,-112.473009601
75915924.072265625,75.915924072266,-84075.9277344,-49.1798585127,-99.1594060165,-92.604244064,-111.755299479
75916069.030761719,75.916069030762,-83930.9692383,-49.1948470492,-98.5503227697,-91.7495315939,-111.440227065
75916213.989257812,75.916213989258,-83786.0107422,-49.2098614952,-97.3300882221,-92.395605482,-112.450788429
75916358.947753906,75.916358947754,-83641.0522461,-49.2249019404,-98.6517861948,-92.8366380721,-112.244759576
75916503.90625,75.916503906250,-83496.09375,-49.2399684752,-100.009288472,-92.6694383605,-112.66387796
75916648.864746094,75.916648864746,-83351.1352539,-49.25506119,-99.4393789811,-91.6539438848,-112.939956744
75916793.823242188,75.916793823242,-83206.1767578,-49.2701801761,-98.2232284918,-92.2684640821,-112.069997091
75916938.781738281,75.916938781738,-83061.2182617,-49.2853255251,-98.2276848527,-91.5594449674,-112.046639599
75917083.740234375,75.917083740234,-82916.2597656,-49.3004973291,-98.0849159665,-91.9872531852,-112.700532854
75917228.698730469,75.917228698730,-82771.3012695,-49.3156956806,-98.2582537346,-92.4452499155,-112.726743086
75917373.657226562,75.917373657227,-82626.3427734,-49.3309206728,-98.9323064266,-90.4933077324,-112.420622554
75917518.615722656,75.917518615723,-82481.3842773,-49.3461723991,-99.0611378416,-91.8884724074,-111.948865533
75917663.57421875,75.917663574219,-82336.4257812,-49.3614509537,-99.3024957148,-92.2733002979,-112.088563778
75917808.532714844,75.917808532715,-82191.4672852,-49.3767564311,-99.5282831861,-92.0310405821,-113.085840954
75917953.491210938,75.917953491211,-82046.5087891,-49.3920889263,-98.1248106624,-92.475996103,-112.204941179
75918098.449707031,75.918098449707,-81901.550293,-49.4074485349,-98.5196350016,-92.6066889481,-111.259457115
75918243.408203125,75.918243408203,-81756.5917969,-49.4228353529,-98.6797719677,-91.9872574286,-111.184003122
75918388.366699219,75.918388366699,-81611.6333008,-49.438249477,-97.7245319057,-92.1018986844,-112.288596461
75918533.325195312,75.918533325195,-81466.6748047,-49.4536910041,-98.09181623,-91.6771055682,-112.732706502
75918678.283691406,75.918678283691,-81321.7163086,-49.469160032,-98.6237036001,-92.8288967932,-112.717609922
75918823.2421875,75.918823242188,-81176.7578125,-49.4846566587,-98.3860370567,-92.3278838181,-112.682204368
75918968.200683594,75.918968200684,-81031.7993164,-49.500180983,-98.033827736,-92.2880533446,-111.576298861
75919113.159179688,75.919113159180,-80886.8408203,-49.5157331039,-98.6184071841,-92.7565482188,-112.759949651
75919258.117675781,75.919258117676,-80741.8823242,-49.5313131212,-100.092181495,-92.8110430596,-111.654206632
75919403.076171875,75.919403076172,-80596.9238281,-49.5469211352,-99.0050534117,-91.7562923429,-110.823160089
75919548.034667969,75.919548034668,-80451.965332,-49.5625572466,-99.1816491417,-91.8262892266,-111.461400539
75919692.993164062,75.919692993164,-80307.0068359,-49.5782215569,-99.2657424566,-92.3115799535,-110.817491584
75919837.951660156,75.919837951660,-80162.0483398,-49.5939141678,-99.4828797701,-92.8028226048,-109.33457659
75919982.91015625,75.919982910156,-80017.0898438,-49.6096351819,-99.4245333484,-92.7349987169,-109.829070287
75920127.868652344,75.920127868652,-79872.1313477,-49.6253847021,-99.2074768616,-92.2896361264,-111.339270825
75920272.827148438,75.920272827148,-79727.1728516,-49.641162832,-99.4855849585,-92.6017160622,-112.514349758
75920417.785644531,75.920417785645,-79582.2143555,-49.6569696758,-98.9256426612,-93.1072305825,-112.286173786
75920562.744140625,75.920562744141,-79437.2558594,-49.6728053381,-98.5346703583,-92.6760684134,-112.817625763
75920707.702636719,75.920707702637,-79292.2973633,-49.6886699242,-98.5627520689,-91.7129007639,-112.86947815
75920852.661132812,75.920852661133,-79147.3388672,-49.7045635399,-100.128653293,-91.4895522888,-112.543169361
75920997.619628906,75.920997619629,-79002.3803711,-49.7204862918,-99.3622860434,-91.7957716895,-112.816557258
75921142.578125,75.921142578125,-78857.421875,-49.7364382868,-99.8577568816,-92.0098843319,-112.211351934
75921287.536621094,75.921287536621,-78712.4633789,-49.7524196324,-99.3910422612,-92.0826724793,-112.004384818
75921432.495117188,75.921432495117,-78567.5048828,-49.7684304371,-99.8813597174,-93.8843948122,-113.26249294
75921577.453613281,75.921577453613,-78422.5463867,-49.7844708094,-100.134062497,-93.2144139903,-112.513492825
75921722.412109375,75.921722412109,-78277.5878906,-49.8005408589,-101.051929506,-91.4407691228,-112.029540296
75921867.370605469,75.921867370605,-78132.6293945,-49.8166406955,-98.8649840426,-91.1670379906,-112.695987432
75922012.329101562,75.922012329102,-77987.6708984,-49.8327704299,-98.7670254531,-92.2026470814,-112.85892414
75922157.287597656,75.922157287598,-77842.7124023,-49.8489301734,-98.5021322432,-90.9596507835,-112.419360698
75922302.24609375,75.922302246094,-77697.7539062,-49.8651200378,-98.9295774432,-92.0082409928,-113.785502421
75922447.204589844,75.922447204590,-77552.7954102,-49.8813401355,-99.1727962517,-92.6145980379,-113.022959236
75922592.163085938,75.922592163086,-77407.8369141,-49.8975905798,-98.6281648327,-92.021077942,-112.551178192
75922737.121582031,75.922737121582,-77262.878418,-49.9138714844,-98.9810095289,-93.1136007247,-112.010565214
75922882.080078125,75.922882080078,-77117.9199219,-49.9301829637,-98.3175359246,-93.3947325068,-112.438320955
75923027.038574219,75.923027038574,-76972.9614258,-49.9465251327,-97.9370964916,-93.5727632222,-112.064354425
75923171.997070312,75.923171997070,-76828.0029297,-49.9628981072,-98.8943378668,-93.9523251182,-112.334904686
75923316.955566406,75.923316955566,-76683.0444336,-49.9793020034,-99.1999756547,-93.5393138099,-111.422932805
75923461.9140625,75.923461914062,-76538.0859375,-49.9957369385,-100.220729064,-93.0765452944,-112.069914178
75923606.872558594,75.923606872559,-76393.1274414,-50.0122030301,-100.491774637,-92.9396963556,-112.443514541
75923751.831054688,75.923751831055,-76248.1689453,-50.0287003965,-99.8259892574,-94.2472563733,-112.928420209
75923896.789550781,75.923896789551,-76103.2104492,-50.0452291569,-98.4270211965,-93.5824673604,-113.476795842
75924041.748046875,75.924041748047,-75958.2519531,-50.0617894308,-98.235685472,-93.5328874586,-112.626849089
75924186.706542969,75.924186706543,-75813.293457,-50.0783813387,-99.4738034487,-93.8401067078,-112.67157103
75924331.665039062,75.924331665039,-75668.3349609,-50.0950050017,-99.9692975038,-92.6501056416,-113.167547417
75924476.623535156,75.924476623535,-75523.3764648,-50.1116605415,-99.5290924455,-93.308854078,-112.540820592
75924621.58203125,75.924621582031,-75378.4179688,-50.1283480807,-99.8161954478,-92.7287305717,-112.724441312
75924766.540527344,75.924766540527,-75233.4594727,-50.1450677424,-99.9808397107,-93.6953259623,-111.438132275
75924911.499023438,75.924911499023,-75088.5009766,-50.1618196506,-100.182459927,-92.3723005515,-110.967606966
75925056.457519531,75.925056457520,-74943.5424805,-50.1786039298,-100.855583333,-92.0633623219,-111.87577188
75925201.416015625,75.925201416016,-74798.5839844,-50.1954207055,-100.731115176,-92.6723469174,-112.301545511
75925346.374511719,75.925346374512,-74653.6254883,-50.2122701036,-99.7778406372,-92.6415205766,-112.462420541
75925491.333007812,75.925491333008,-74508.6669922,-50.229152251,-99.8264817472,-93.1150350102,-112.397782629
75925636.291503906,75.925636291504,-74363.7084961,-50.2460672753,-99.6865791636,-93.4698620064,-111.912173342
75925781.25,75.925781250000,-74218.75,-50.2630153047,-99.980042771,-93.5363581217,-112.166471605
75925926.208496094,75.925926208496,-74073.7915039,-50.2799964684,-100.085455235,-93.5951482216,-112.628876854
75926071.166992188,75.926071166992,-73928.8330078,-50.2970108961,-99.9545126686,-94.3055546079,-112.297505479
75926216.125488281,75.926216125488,-73783.8745117,-50.3140587183,-100.16092568,-93.8463151924,-113.230081953
75926361.083984375,75.926361083984,-73638.9160156,-50.3311400665,-98.9953832987,-92.8578591216,-113.113649865
75926506.042480469,75.926506042480,-73493.9575195,-50.3482550728,-98.8021651353,-93.1759412809,-113.549430288
75926651.000976562,75.926651000977,-73348.9990234,-50.36540387,-98.8965073528,-93.5304448332,-112.926027686
75926795.959472656,75.926795959473,-73204.0405273,-50.3825865919,-99.8153051197,-92.965722027,-112.868647382
75926940.91796875,75.926940917969,-73059.0820312,-50.3998033729,-99.3910504951,-92.707891904,-112.562058842
75927085.876464844,75.927085876465,-72914.1235352,-50.4170543483,-99.2612037251,-93.3759999674,-112.60514242
75927230.834960938,75.927230834961,-72769.1650391,-50.4343396543,-99.6671169979,-92.7090172548,-112.824735915
75927375.793457031,75.927375793457,-72624.206543,-50.4516594277,-101.111534943,-92.648882749,-112.476481089
75927520.751953125,75.927520751953,-72479.2480469,-50.4690138063,-100.136632376,-93.6396685864,-112.655457359
75927665.710449219,75.927665710449,-72334.2895508,-50.4864029286,-100.141757265,-93.1135229003,-112.757621908
75927810.668945312,75.927810668945,-72189.3310547,-50.5038269341,-100.267322944,-94.1521970353,-112.625501772
75927955.627441406,75.927955627441,-72044.3725586,-50.5212859629,-99.8183239998,-94.2563231947,-113.376528932
75928100.5859375,75.928100585938,-71899.4140625,-50.5387801561,-100.692118589,-94.1211972881,-113.754601601
75928245.544433594,75.928245544434,-71754.4555664,-50.5563096558,-99.3530346051,-93.811156575,-112.116568241
75928390.502929688,75.928390502930,-71609.4970703,-50.5738746046,-99.9953473151,-93.8850180364,-113.547871972
75928535.461425781,75.928535461426,-71464.5385742,-50.5914751462,-100.399233179,-93.1309534426,-115.136413087
75928680.419921875,75.928680419922,-71319.5800781,-50.6091114252,-99.4825476061,-94.8938550302,-113.641030816
75928825.378417969,75.928825378418,-71174.621582,-50.626783587,-100.487468458,-95.2314700514,-113.198378723
75928970.336914062,75.928970336914,-71029.6630859,-50.6444917779,-100.224519424,-92.7444996589,-113.262506772
75929115.295410156,75.929115295410,-70884.7045898,-50.6622361451,-99.7017394953,-93.3779058114,-113.199636481
75929260.25390625,75.929260253906,-70739.7460938,-50.6800168367,-99.4112821376,-93.9969034938,-112.964847347
75929405.212402344,75.929405212402,-70594.7875977,-50.6978340018,-99.5098425244,-93.692254275,-112.981254454
75929550.170898438,75.929550170898,-70449.8291016,-50.7156877903,-99.5247892811,-94.1305035274,-112.494918478
75929695.129394531,75.929695129395,-70304.8706055,-50.733578353,-100.199624473,-94.265947853,-112.86699755
75929840.087890625,75.929840087891,-70159.9121094,-50.7515058418,-100.323581769,-93.5368989943,-113.613183165
75929985.046386719,75.929985046387,-70014.9536133,-50.7694704094,-101.015384827,-94.7357503274,-114.035349741
75930130.004882812,75.930130004883,-69869.9951172,-50.7874722095,-99.6819834692,-93.6747152265,-113.531084302
75930274.963378906,75.930274963379,-69725.0366211,-50.8055113967,-99.8085466954,-93.4512697078,-114.253266792
75930419.921875,75.930419921875,-69580.078125,-50.8235881267,-100.019494149,-93.4255402369,-112.975838417
75930564.880371094,75.930564880371,-69435.1196289,-50.8417025561,-100.135481237,-94.1488964926,-113.24367393
75930709.838867188,75.930709838867,-69290.1611328,-50.8598548424,-100.292062332,-93.7226010703,-113.393133484
75930854.797363281,75.930854797363,-69145.2026367,-50.8780451442,-99.6009911649,-94.3404803714,-112.954897166
75930999.755859375,75.930999755859,-69000.2441406,-50.8962736211,-100.033190343,-94.2939132298,-112.686904527
75931144.714355469,75.931144714355,-68855.2856445,-50.9145404336,-100.212597686,-93.9344490465,-112.253613328
75931289.672851562,75.931289672852,-68710.3271484,-50.9328457433,-99.4246807558,-93.4231851543,-113.491336999
75931434.631347656,75.931434631348,-68565.3686523,-50.9511897128,-99.1304375696,-92.8761114972,-113.40238833
75931579.58984375,75.931579589844,-68420.4101562,-50.9695725057,-99.8727250367,-93.8690048056,-112.438337593
75931724.548339844,75.931724548340,-68275.4516602,-50.9879942868,-101.190246077,-94.1900674152,-113.228146465
75931869.506835938,75.931869506836,-68130.4931641,-51.0064552217,-99.531518963,-94.3521632585,-114.314082417
75932014.465332031,75.932014465332,-67985.534668,-51.0249554774,-99.2499576921,-93.0115913162,-114.433761567
75932159.423828125,75.932159423828,-67840.5761719,-51.0434952215,-99.7041850233,-93.1799938791,-114.145687183
75932304.382324219,75.932304382324,-67695.6176758,-51.062074623,-99.9997188472,-94.1704615101,-114.091751889
75932449.340820312,75.932449340820,-67550.6591797,-51.0806938521,-99.8027600967,-93.6314426048,-113.785625427
75932594.299316406,75.932594299316,-67405.7006836,-51.0993530797,-101.019209628,-93.6887595899,-113.707759997
75932739.2578125,75.932739257812,-67260.7421875,-51.1180524781,-100.782020384,-94.9691056473,-112.974154179
75932884.216308594,75.932884216309,-67115.7836914,-51.1367922206,-100.315938282,-94.4808393936,-113.899121244
75933029.174804688,75.933029174805,-66970.8251953,-51.1555724818,-99.7411772514,-93.9220649878,-113.640870612
75933174.133300781,75.933174133301,-66825.8666992,-51.1743934371,-100.074302424,-93.6764898919,-113.75154132
75933319.091796875,75.933319091797,-66680.9082031,-51.1932552634,-101.46795648,-94.9327327945,-113.504502431
75933464.050292969,75.933464050293,-66535.949707,-51.2121581386,-100.319308891,-94.6631874886,-114.351599058
75933609.008789062,75.933609008789,-66390.9912109,-51.2311022416,-100.034741302,-93.1488396942,-114.255085207
75933753.967285156,75.933753967285,-66246.0327148,-51.2500877527,-101.500521626,-93.5547427757,-113.82439523
75933898.92578125,75.933898925781,-66101.0742188,-51.2691148533,-100.821108546,-94.0166081867,-113.892453501
75934043.884277344,75.934043884277,-65956.1157227,-51.2881837261,-102.344132499,-93.5366406942,-115.728808844
75934188.842773438,75.934188842773,-65811.1572266,-51.3072945549,-100.980759046,-94.0918252807,-113.921411502
75934333.801269531,75.934333801270,-65666.1987305,-51.3264475246,-99.3815648422,-94.1208351319,-113.887834214
75934478.759765625,75.934478759766,-65521.2402344,-51.3456428216,-100.511173662,-93.7376675993,-114.749238264
75934623.718261719,75.934623718262,-65376.2817383,-51.3648806333,-100.721662197,-93.7975041541,-115.008879572
75934768.676757812,75.934768676758,-65231.3232422,-51.3841611486,-101.011378671,-93.2634789518,-114.990829439
75934913.635253906,75.934913635254,-65086.3647461,-51.4034845573,-100.472651389,-92.5797074003,-114.632672077
75935058.59375,75.935058593750,-64941.40625,-51.4228510507,-100.522457525,-93.2392965594,-113.822083146
75935203.552246094,75.935203552246,-64796.4477539,-51.4422608215,-100.168765556,-93.7922507952,-114.295778485
75935348.510742188,75.935348510742,-64651.4892578,-51.4617140635,-100.538838869,-93.8615825678,-114.529795089
75935493.469238281,75.935493469238,-64506.5307617,-51.4812109718,-100.856299502,-94.4747806796,-114.163873734
75935638.427734375,75.935638427734,-64361.5722656,-51.500751743,-100.752163334,-93.0270388452,-112.823475177
75935783.386230469,75.935783386230,-64216.6137695,-51.5203365747,-100.992702646,-94.5320410637,-112.977863572
75935928.344726562,75.935928344727,-64071.6552734,-51.5399656662,-100.976784073,-93.9675402748,-115.146671452
75936073.303222656,75.936073303223,-63926.6967773,-51.5596392179,-100.880327099,-92.763416581,-115.28858905
75936218.26171875,75.936218261719,-63781.7382812,-51.5793574317,-100.594254174,-92.5309337311,-114.185367834
75936363.220214844,75.936363220215,-63636.7797852,-51.5991205109,-102.082009643,-93.6766988315,-113.416760558
75936508.178710938,75.936508178711,-63491.8212891,-51.6189286601,-102.57102001,-94.2198389386,-114.126052735
75936653.137207031,75.936653137207,-63346.862793,-51.6387820853,-101.63914038,-94.5296244691,-113.813037341
75936798.095703125,75.936798095703,-63201.9042969,-51.6586809939,-102.075940883,-94.2779430012,-113.937850771
75936943.054199219,75.936943054199,-63056.9458008,-51.678625595,-100.858662454,-94.8168878367,-114.349330939
75937088.012695312,75.937088012695,-62911.9873047,-51.6986160986,-101.277325199,-94.4228059543,-115.014988131
75937232.971191406,75.937232971191,-62767.0288086,-51.7186527167,-101.177524606,-94.5575739692,-113.488253635
75937377.9296875,75.937377929688,-62622.0703125,-51.7387356626,-100.511806934,-95.019602348,-113.733142683
75937522.888183594,75.937522888184,-62477.1118164,-51.7588651508,-100.703811815,-95.0347270321,-115.084688439
75937667.846679688,75.937667846680,-62332.1533203,-51.7790413976,-100.0774244,-94.8174361108,-114.257022934
75937812.805175781,75.937812805176,-62187.1948242,-51.7992646209,-101.04693873,-96.5241873201,-114.517822495
75937957.763671875,75.937957763672,-62042.2363281,-51.8195350398,-101.292533895,-97.5912539427,-113.897284861
75938102.722167969,75.938102722168,-61897.277832,-51.8398528751,-101.581772274,-96.3144495469,-113.934980283
75938247.680664062,75.938247680664,-61752.3193359,-51.8602183492,-101.480318572,-95.409610839,-113.022617908
75938392.639160156,75.938392639160,-61607.3608398,-51.880631686,-101.131467958,-94.3169105772,-113.737684904
75938537.59765625,75.938537597656,-61462.4023438,-51.901093111,-101.980126062,-93.7614093872,-114.64588125
75938682.556152344,75.938682556152,-61317.4438477,-51.9216028514,-101.168994996,-94.3527385898,-116.033211311
75938827.514648438,75.938827514648,-61172.4853516,-51.9421611357,-100.482940844,-95.188873418,-115.201891184
75938972.473144531,75.938972473145,-61027.5268555,-51.9627681944,-100.608286823,-96.1155251109,-114.737533433
75939117.431640625,75.939117431641,-60882.5683594,-51.9834242595,-101.295076296,-95.2913191631,-115.165242319
75939262.390136719,75.939262390137,-60737.6098633,-52.0041295645,-101.157663833,-94.5800388518,-115.071800555
75939407.348632812,75.939407348633,-60592.6513672,-52.0248843448,-102.319489517,-94.7766579648,-114.064743597
75939552.307128906,75.939552307129,-60447.6928711,-52.0456888374,-101.641905829,-93.8876319028,-114.186980066
75939697.265625,75.939697265625,-60302.734375,-52.0665432811,-100.74443595,-94.666986196,-114.432031351
75939842.224121094,75.939842224121,-60157.7758789,-52.0874479162,-101.654195846,-95.232581941,-113.813429734
75939987.182617188,75.939987182617,-60012.8173828,-52.1084029849,-102.309054474,-94.7357873418,-114.023462424
75940132.141113281,75.940132141113,-59867.8588867,-52.1294087312,-102.854352235,-94.4831557389,-114.266334109
75940277.099609375,75.940277099609,-59722.9003906,-52.1504654008,-102.857097433,-95.1066457855,-114.974929412
75940422.058105469,75.940422058105,-59577.9418945,-52.1715732412,-102.82996201,-95.0693431757,-115.545142046
75940567.016601562,75.940567016602,-59432.9833984,-52.1927325016,-101.428879945,-94.1316072156,-114.945979115
75940711.975097656,75.940711975098,-59288.0249023,-52.2139434333,-102.658595379,-94.7660057342,-115.136830533
75940856.93359375,75.940856933594,-59143.0664062,-52.2352062892,-101.810938829,-95.1594373444,-113.456847453
75941001.892089844,75.941001892090,-58998.1079102,-52.2565213241,-100.750724663,-94.621393509,-114.393490829
75941146.850585938,75.941146850586,-58853.1494141,-52.2778887948,-101.206180485,-93.6797884607,-116.034580148
75941291.809082031,75.941291809082,-58708.190918,-52.2993089599,-101.959762544,-94.9582372679,-115.683878114
75941436.767578125,75.941436767578,-58563.2324219,-52.3207820799,-101.819680182,-95.3390263597,-116.991289664
75941581.726074219,75.941581726074,-58418.2739258,-52.3423084174,-101.806054723,-96.5087416477,-116.812778851
75941726.684570312,75.941726684570,-58273.3154297,-52.3638882367,-102.240536962,-95.9992796005,-115.106069549
75941871.643066406,75.941871643066,-58128.3569336,-52.3855218042,-102.473754111,-96.5266424571,-114.225535743
75942016.6015625,75.942016601562,-57983.3984375,-52.4072093884,-101.980269668,-97.3928526391,-114.539215055
75942161.560058594,75.942161560059,-57838.4399414,-52.4289512597,-103.108881783,-95.4773706406,-115.309206943
75942306.518554688,75.942306518555,-57693.4814453,-52.4507476905,-102.295076215,-95.3933962625,-115.540482715
75942451.477050781,75.942451477051,-57548.5229492,-52.4725989554,-101.612897208,-94.534718354,-114.753664444
75942596.435546875,75.942596435547,-57403.5644531,-52.494505331,-101.236962446,-94.3605112567,-114.166580653
75942741.394042969,75.942741394043,-57258.605957,-52.5164670958,-101.314645331,-95.4464233389,-115.12267871
75942886.352539062,75.942886352539,-57113.6474609,-52.5384845308,-102.894889016,-94.6618521863,-114.570784755
75943031.311035156,75.943031311035,-56968.6889648,-52.5605579189,-101.615337613,-94.1188058384,-114.196075283
75943176.26953125,75.943176269531,-56823.7304688,-52.5826875452,-103.642515642,-94.5722356312,-113.904229636
75943321.228027344,75.943321228027,-56678.7719727,-52.604873697,-103.1325179,-94.8454072279,-114.132627118
75943466.186523438,75.943466186523,-56533.8134766,-52.6271166638,-102.218549639,-95.0039965995,-114.609464239
75943611.145019531,75.943611145020,-56388.8549805,-52.6494167373,-101.997242199,-95.7575917161,-114.573995514
75943756.103515625,75.943756103516,-56243.8964844,-52.6717742116,-100.989045169,-96.1006137756,-115.358074305
75943901.062011719,75.943901062012,-56098.9379883,-52.6941893828,-101.948639989,-95.5434629203,-115.110442208
75944046.020507812,75.944046020508,-55953.9794922,-52.7166625496,-101.33463325,-96.3723228023,-115.168312754
75944190.979003906,75.944190979004,-55809.0209961,-52.7391940128,-102.828477124,-97.3463085998,-116.199700904
75944335.9375,75.944335937500,-55664.0625,-52.7617840756,-103.107420544,-97.6121506681,-116.54812611
75944480.895996094,75.944480895996,-55519.1040039,-52.7844330437,-102.687865601,-96.4767306233,-115.966591883
75944625.854492188,75.944625854492,-55374.1455078,-52.8071412251,-102.095393902,-94.4552170449,-116.025002778
75944770.812988281,75.944770812988,-55229.1870117,-52.8299089302,-102.560217657,-95.4849861242,-115.196453276
75944915.771484375,75.944915771484,-55084.2285156,-52.8527364718,-102.136904777,-95.1854193454,-114.718206929
75945060.729980469,75.945060729980,-54939.2700195,-52.8756241653,-102.218437714,-94.6023924145,-115.973878381
75945205.688476562,75.945205688477,-54794.3115234,-52.8985723286,-102.764228699,-96.0787535608,-115.856295575
75945350.646972656,75.945350646973,-54649.3530273,-52.921581282,-103.010027682,-96.2196476534,-116.21058945
75945495.60546875,75.945495605469,-54504.3945312,-52.9446513484,-101.144450525,-95.7921491394,-115.317111188
75945640.563964844,75.945640563965,-54359.4360352,-52.9677828533,-100.79983054,-96.0327861069,-115.001063438
75945785.522460938,75.945785522461,-54214.4775391,-52.990976125,-101.313813016,-96.4468517582,-115.482425814
75945930.480957031,75.945930480957,-54069.519043,-53.014231494,-101.504585996,-95.5931566379,-115.368779546
75946075.439453125,75.946075439453,-53924.5605469,-53.0375492938,-102.736810763,-97.4492186774,-115.004710245
75946220.397949219,75.946220397949,-53779.6020508,-53.0609298605,-103.0350481,-97.3579244409,-115.890781682
75946365.356445312,75.946365356445,-53634.6435547,-53.0843735329,-101.874143024,-95.8982745656,-115.673815751
75946510.314941406,75.946510314941,-53489.6850586,-53.1078806527,-102.712855849,-95.5634501486,-115.923464911
75946655.2734375,75.946655273438,-53344.7265625,-53.1314515641,-103.891109059,-94.6913433347,-116.975327272
75946800.231933594,75.946800231934,-53199.7680664,-53.1550866143,-102.910359021,-96.4158446744,-115.219851473
75946945.190429688,75.946945190430,-53054.8095703,-53.1787861534,-102.93995135,-96.1157232366,-114.916758505
75947090.148925781,75.947090148926,-52909.8510742,-53.2025505341,-102.58788918,-95.2563973176,-114.351518374
75947235.107421875,75.947235107422,-52764.8925781,-53.2263801124,-101.728889253,-94.7366232642,-115.409780293
75947380.065917969,75.947380065918,-52619.934082,-53.2502752469,-101.346050451,-96.9310109074,-116.140453588
75947525.024414062,75.947525024414,-52474.9755859,-53.2742362992,-102.666359147,-96.7750217655,-116.48672327
75947669.982910156,75.947669982910,-52330.0170898,-53.2982636342,-104.839918389,-96.9741790383,-117.002466696
75947814.94140625,75.947814941406,-52185.0585938,-53.3223576195,-103.023085411,-97.3559997778,-115.514219772
75947959.899902344,75.947959899902,-52040.1000977,-53.3465186259,-103.309380217,-97.226283764,-115.592081745
75948104.858398438,75.948104858398,-51895.1416016,-53.3707470273,-103.654490443,-96.8025135418,-116.278728367
75948249.816894531,75.948249816895,-51750.1831055,-53.3950432008,-101.632122647,-97.1159702388,-117.291562506
75948394.775390625,75.948394775391,-51605.2246094,-53.4194075265,-103.167991165,-96.2934831303,-116.604816861
75948539.733886719,75.948539733887,-51460.2661133,-53.4438403879,-103.730673104,-95.8622162404,-115.083194829
75948684.692382812,75.948684692383,-51315.3076172,-53.4683421716,-104.201977868,-96.1334047276,-115.763966081
75948829.650878906,75.948829650879,-51170.3491211,-53.4929132677,-103.884827515,-96.7373360461,-116.283541779
75948974.609375,75.948974609375,-51025.390625,-53.5175540692,-103.37261335,-96.951294482,-115.594244083
75949119.567871094,75.949119567871,-50880.4321289,-53.5422649729,-103.11354462,-96.4449755347,-116.681737285
75949264.526367188,75.949264526367,-50735.4736328,-53.5670463788,-102.84624254,-95.8376554136,-115.98187456
75949409.484863281,75.949409484863,-50590.5151367,-53.5918986903,-103.303375042,-96.5685411863,-116.089437069
75949554.443359375,75.949554443359,-50445.5566406,-53.6168223143,-101.788195815,-96.7333963236,-117.07972085
75949699.401855469,75.949699401855,-50300.5981445,-53.6418176613,-101.640954645,-97.1457420694,-117.561347147
75949844.360351562,75.949844360352,-50155.6396484,-53.6668851452,-102.839653079,-96.1570970123,-116.012560175
75949989.318847656,75.949989318848,-50010.6811523,-53.6920251837,-102.365505191,-97.1959859074,-116.21873261
75950134.27734375,75.950134277344,-49865.7226562,-53.7172381979,-102.985764475,-97.0361143391,-116.925109613
75950279.235839844,75.950279235840,-49720.7641602,-53.7425246128,-102.148431176,-96.4308332351,-116.620139699
75950424.194335938,75.950424194336,-49575.8056641,-53.7678848569,-103.047640414,-96.723753826,-117.18149907
75950569.152832031,75.950569152832,-49430.847168,-53.7933193627,-102.571018025,-96.931611567,-117.47802637
75950714.111328125,75.950714111328,-49285.8886719,-53.8188285663,-102.822990212,-95.9923386299,-117.281449821
75950859.069824219,75.950859069824,-49140.9301758,-53.8444129078,-103.51799296,-95.4772319178,-116.444779818
75951004.028320312,75.951004028320,-48995.9716797,-53.8700728311,-103.537847378,-95.7584969723,-116.089268717
75951148.986816406,75.951148986816,-48851.0131836,-53.8958087841,-102.992732958,-95.6120888062,-115.17132207
75951293.9453125,75.951293945312,-48706.0546875,-53.9216212188,-103.843047572,-95.6584867514,-116.803071889
75951438.903808594,75.951438903809,-48561.0961914,-53.947510591,-103.526793392,-96.7809342233,-117.282053126
75951583.862304688,75.951583862305,-48416.1376953,-53.9734773607,-104.140321985,-96.6623072651,-117.099827142
75951728.820800781,75.951728820801,-48271.1791992,-53.9995219921,-104.85383124,-96.0742046237,-116.376383613
75951873.779296875,75.951873779297,-48126.2207031,-54.0256449536,-103.656189188,-96.3339475829,-117.273057804
75952018.737792969,75.952018737793,-47981.262207,-54.0518467177,-103.853736882,-97.5497635493,-116.87353405
75952163.696289062,75.952163696289,-47836.3037109,-54.0781277613,-104.170271753,-97.6753125921,-116.652835893
75952308.654785156,75.952308654785,-47691.3452148,-54.1044885656,-102.347796631,-97.5550980192,-117.76473975
75952453.61328125,75.952453613281,-47546.3867188,-54.1309296162,-103.305333177,-97.7800917843,-118.314083888
75952598.571777344,75.952598571777,-47401.4282227,-54.1574514032,-103.846203438,-97.8022237773,-117.421035931
75952743.530273438,75.952743530273,-47256.4697266,-54.1840544211,-102.616682759,-97.7611306723,-116.683631438
75952888.488769531,75.952888488770,-47111.5112305,-54.2107391691,-104.340755418,-97.200214775,-116.124967153
75953033.447265625,75.953033447266,-46966.5527344,-54.2375061508,-104.272442984,-96.8907126585,-117.194558033
75953178.405761719,75.953178405762,-46821.5942383,-54.2643558747,-104.861381887,-96.8500027102,-116.164528082
75953323.364257812,75.953323364258,-46676.6357422,-54.2912888538,-105.039406355,-96.537165164,-115.026370458
75953468.322753906,75.953468322754,-46531.6772461,-54.3183056062,-104.979397417,-96.9855385746,-115.303902057
75953613.28125,75.953613281250,-46386.71875,-54.3454066546,-105.006469647,-96.3872811124,-116.389975909
75953758.239746094,75.953758239746,-46241.7602539,-54.3725925267,-103.935801171,-97.1364315098,-117.228582913
75953903.198242188,75.953903198242,-46096.8017578,-54.399863755,-104.070648761,-97.7539749556,-116.699084601
75954048.156738281,75.954048156738,-45951.8432617,-54.4272208773,-103.656114928,-96.8647093571,-116.912906283
75954193.115234375,75.954193115234,-45806.8847656,-54.4546644364,-102.826177166,-96.2757040649,-117.65916971
75954338.073730469,75.954338073730,-45661.9262695,-54.4821949802,-104.084531503,-97.8353777013,-117.66454771
75954483.032226562,75.954483032227,-45516.9677734,-54.5098130618,-104.893594229,-98.9899194876,-117.02368787
75954627.990722656,75.954627990723,-45372.0092773,-54.5375192398,-103.530940913,-97.6026993043,-117.229821749
75954772.94921875,75.954772949219,-45227.0507812,-54.5653140778,-102.926724418,-97.2198826796,-116.265649537
75954917.907714844,75.954917907715,-45082.0922852,-54.5931981453,-103.569502742,-96.8906141499,-116.660511943
75955062.866210938,75.955062866211,-44937.1337891,-54.6211720169,-103.654492845,-98.5892069455,-117.347675513
75955207.824707031,75.955207824707,-44792.175293,-54.6492362729,-103.655038824,-97.1724498354,-116.8183396
75955352.783203125,75.955352783203,-44647.2167969,-54.6773914993,-104.071262304,-98.7910220612,-116.273278245
75955497.741699219,75.955497741699,-44502.2583008,-54.7056382878,-104.182233143,-98.9234168861,-116.655237847
75955642.700195312,75.955642700195,-44357.2998047,-54.7339772358,-103.724613744,-97.8725094285,-116.463495583
75955787.658691406,75.955787658691,-44212.3413086,-54.7624089468,-103.721448583,-97.6165731241,-116.936136568
75955932.6171875,75.955932617188,-44067.3828125,-54.7909340299,-104.230978095,-97.1734686519,-116.925777015
75956077.575683594,75.956077575684,-43922.4243164,-54.8195531005,-104.629146866,-97.3033103445,-116.637928747
75956222.534179688,75.956222534180,-43777.4658203,-54.8482667799,-104.297957656,-97.0676099057,-117.056136248
75956367.492675781,75.956367492676,-43632.5073242,-54.8770756958,-104.612316872,-97.0917697767,-116.896127883
75956512.451171875,75.956512451172,-43487.5488281,-54.9059804821,-104.115427135,-97.6464902095,-117.219070856
75956657.409667969,75.956657409668,-43342.590332,-54.9349817789,-104.197766796,-98.5884367183,-116.172646161
75956802.368164062,75.956802368164,-43197.6318359,-54.9640802328,-104.832428087,-97.8369425225,-116.432400431
75956947.326660156,75.956947326660,-43052.6733398,-54.993276497,-104.435423544,-96.8865985205,-116.511782516
75957092.28515625,75.957092285156,-42907.7148438,-55.0225712314,-105.01155723,-97.0699846417,-118.153563291
75957237.243652344,75.957237243652,-42762.7563477,-55.0519651023,-104.504087667,-98.6225303709,-118.423369969
75957382.202148438,75.957382202148,-42617.7978516,-55.081458783,-103.955437154,-98.4958440115,-116.354709118
75957527.160644531,75.957527160645,-42472.8393555,-55.1110529536,-103.888151173,-97.5681627992,-116.022568834
75957672.119140625,75.957672119141,-42327.8808594,-55.1407483013,-104.168204237,-98.100460981,-115.862902452
75957817.077636719,75.957817077637,-42182.9223633,-55.1705455203,-104.656745818,-98.2745368027,-116.119194319
75957962.036132812,75.957962036133,-42037.9638672,-55.2004453118,-105.313984471,-97.9338563835,-116.78417725
75958106.994628906,75.958106994629,-41893.0053711,-55.2304483846,-104.422342839,-98.7177815502,-116.980129584
75958251.953125,75.958251953125,-41748.046875,-55.2605554545,-104.544313345,-97.0434637368,-117.962319725
75958396.911621094,75.958396911621,-41603.0883789,-55.2907672452,-104.593786941,-96.6162674974,-118.235370021
75958541.870117188,75.958541870117,-41458.1298828,-55.3210844875,-104.024389577,-98.7355960325,-118.176301133
75958686.828613281,75.958686828613,-41313.1713867,-55.3515079202,-105.378257393,-98.9486156255,-118.485039618
75958831.787109375,75.958831787109,-41168.2128906,-55.3820382899,-105.24681228,-99.2613188706,-116.903597624
75958976.745605469,75.958976745605,-41023.2543945,-55.4126763508,-103.655388291,-99.3738758955,-117.422368454
75959121.704101562,75.959121704102,-40878.2958984,-55.4434228656,-103.522928132,-98.4907900815,-118.266892209
75959266.662597656,75.959266662598,-40733.3374023,-55.4742786046,-103.453548645,-97.4085550069,-117.797759479
75959411.62109375,75.959411621094,-40588.3789062,-55.5052443467,-104.433402176,-97.6503691554,-117.167218306
75959556.579589844,75.959556579590,-40443.4204102,-55.536320879,-104.897406368,-98.403392366,-118.041130037
75959701.538085938,75.959701538086,-40298.4619141,-55.5675089972,-104.731236223,-99.278787667,-119.139736309
75959846.496582031,75.959846496582,-40153.503418,-55.5988095054,-105.463145219,-99.2207613442,-118.839780023
75959991.455078125,75.959991455078,-40008.5449219,-55.6302232166,-105.159950711,-99.0435897846,-119.068856754
75960136.413574219,75.960136413574,-39863.5864258,-55.6617509527,-104.49967688,-98.0133564628,-117.764458692
75960281.372070312,75.960281372070,-39718.6279297,-55.6933935444,-104.847740065,-97.3555226687,-118.235652948
75960426.330566406,75.960426330566,-39573.6694336,-55.7251518315,-105.043239617,-98.4129285124,-119.110070064
75960571.2890625,75.960571289062,-39428.7109375,-55.7570266633,-104.967335833,-98.6049652746,-119.120912805
75960716.247558594,75.960716247559,-39283.7524414,-55.7890188983,-104.522980174,-99.7757803358,-117.557453605
75960861.206054688,75.960861206055,-39138.7939453,-55.8211294045,-105.544894421,-99.6872416631,-118.77589435
75961006.164550781,75.961006164551,-38993.8354492,-55.8533590596,-105.625618629,-98.8765761466,-118.564958131
75961151.123046875,75.961151123047,-38848.8769531,-55.8857087512,-105.710532818,-98.8701450559,-118.415250132
75961296.081542969,75.961296081543,-38703.918457,-55.9181793766,-106.090959204,-98.2312636713,-118.324596236
75961441.040039062,75.961441040039,-38558.9599609,-55.9507718436,-105.929899347,-99.1384979297,-117.486767356
75961585.998535156,75.961585998535,-38414.0014648,-55.9834870699,-105.065572611,-99.3505941139,-118.150095317
75961730.95703125,75.961730957031,-38269.0429688,-56.0163259837,-105.945709923,-100.108432849,-119.259492305
75961875.915527344,75.961875915527,-38124.0844727,-56.0492895239,-105.76109663,-99.9038455803,-118.383339269
75962020.874023438,75.962020874023,-37979.1259766,-56.08237864,-106.300674161,-99.9204612137,-117.583940204
75962165.832519531,75.962165832520,-37834.1674805,-56.1155942925,-106.509327717,-99.7424927517,-118.063191328
75962310.791015625,75.962310791016,-37689.2089844,-56.1489374528,-106.267190691,-99.5639740729,-118.89087554
75962455.749511719,75.962455749512,-37544.2504883,-56.1824091036,-106.439980281,-98.8621751063,-118.900411341
75962600.708007812,75.962600708008,-37399.2919922,-56.2160102391,-106.627418265,-98.1211757707,-119.620931346
75962745.666503906,75.962745666504,-37254.3334961,-56.2497418649,-106.184709114,-99.1134326615,-119.377784164
75962890.625,75.962890625000,-37109.375,-56.2836049986,-105.260173336,-100.223684213,-119.740769579
75963035.583496094,75.963035583496,-36964.4165039,-56.3176006696,-106.065657543,-98.5670710275,-118.893825214
75963180.541992188,75.963180541992,-36819.4580078,-56.3517299195,-107.114686442,-97.8460703221,-119.574282493
75963325.500488281,75.963325500488,-36674.4995117,-56.385993802,-106.737373191,-100.500185325,-119.092655505
75963470.458984375,75.963470458984,-36529.5410156,-56.4203933836,-106.906613168,-99.0315444746,-118.827306953
75963615.417480469,75.963615417480,-36384.5825195,-56.4549297435,-105.903650774,-100.075921059,-119.197419952
75963760.375976562,75.963760375977,-36239.6240234,-56.4896039736,-105.312770539,-99.0671337731,-118.838697588
75963905.334472656,75.963905334473,-36094.6655273,-56.5244171792,-105.005494217,-99.4710776548,-119.525340536
75964050.29296875,75.964050292969,-35949.7070312,-56.5593704788,-105.877363609,-99.4413571617,-117.964163916
75964195.251464844,75.964195251465,-35804.7485352,-56.5944650044,-106.193934969,-97.8085113194,-118.017376911
75964340.209960938,75.964340209961,-35659.7900391,-56.6297019019,-106.13549301,-98.5470642822,-119.302886546
75964485.168457031,75.964485168457,-35514.831543,-56.6650823311,-106.680748197,-99.0276029476,-119.603986622
75964630.126953125,75.964630126953,-35369.8730469,-56.7006074662,-106.334804421,-98.9350832934,-119.749798512
75964775.085449219,75.964775085449,-35224.9145508,-56.7362784957,-106.122393953,-99.5378853959,-120.316655441
75964920.043945312,75.964920043945,-35079.9560547,-56.7720966229,-107.052046362,-99.5664916861,-120.277118985
75965065.002441406,75.965065002441,-34934.9975586,-56.8080630659,-105.381404768,-99.6868931148,-119.241793069
75965209.9609375,75.965209960938,-34790.0390625,-56.8441790582,-104.350681474,-99.1932233323,-119.50862669
75965354.919433594,75.965354919434,-34645.0805664,-56.8804458485,-105.80592643,-100.350472261,-118.933912391
75965499.877929688,75.965499877930,-34500.1220703,-56.9168647016,-106.281071424,-100.752170691,-118.756434285
75965644.836425781,75.965644836426,-34355.1635742,-56.9534368978,-106.061581636,-99.7806490301,-119.359743827
75965789.794921875,75.965789794922,-34210.2050781,-56.990163734,-105.990315204,-98.9596311917,-119.647878768
75965934.753417969,75.965934753418,-34065.246582,-57.0270465235,-105.714528275,-99.5912601921,-120.202222198
75966079.711914062,75.966079711914,-33920.2880859,-57.0640865964,-105.597406894,-100.298028365,-120.416687896
75966224.670410156,75.966224670410,-33775.3295898,-57.1012852998,-106.108796243,-100.739342836,-118.937799343
75966369.62890625,75.966369628906,-33630.3710938,-57.1386439983,-106.310677224,-100.087050218,-119.291232919
75966514.587402344,75.966514587402,-33485.4125977,-57.1761640742,-107.412291845,-99.8655756769,-118.92979186
75966659.545898438,75.966659545898,-33340.4541016,-57.2138469277,-105.971178152,-100.192227077,-119.966067409
75966804.504394531,75.966804504395,-33195.4956055,-57.2516939774,-106.134954654,-99.9315980788,-119.745439089
75966949.462890625,75.966949462891,-33050.5371094,-57.2897066605,-107.9357832,-99.1795168398,-119.368616793
75967094.421386719,75.967094421387,-32905.5786133,-57.327886433,-107.416694291,-99.6206854857,-120.989043885
75967239.379882812,75.967239379883,-32760.6201172,-57.3662347703,-107.599918078,-100.036377553,-122.41386689
75967384.338378906,75.967384338379,-32615.6616211,-57.4047531676,-108.230354801,-101.725283417,-120.58360039
75967529.296875,75.967529296875,-32470.703125,-57.4434431398,-108.393736972,-100.958634297,-120.022067318
75967674.255371094,75.967674255371,-32325.7446289,-57.4823062223,-106.663998516,-98.6343180215,-120.116347225
75967819.213867188,75.967819213867,-32180.7861328,-57.5213439711,-105.914962196,-98.7590769679,-120.141809575
75967964.172363281,75.967964172363,-32035.8276367,-57.5605579634,-106.414579688,-99.566807497,-120.169645461
75968109.130859375,75.968109130859,-31890.8691406,-57.5999497977,-107.125234297,-99.6696523318,-120.86868956
75968254.089355469,75.968254089355,-31745.9106445,-57.6395210946,-107.26391455,-100.281672801,-120.394736357
75968399.047851562,75.968399047852,-31600.9521484,-57.6792734966,-107.051916686,-101.030407724,-120.635878987
75968544.006347656,75.968544006348,-31455.9936523,-57.7192086691,-107.282194576,-101.295465824,-120.899415543
75968688.96484375,75.968688964844,-31311.0351562,-57.7593283005,-107.479390147,-101.43392554,-119.532003036
75968833.923339844,75.968833923340,-31166.0766602,-57.7996341028,-107.075838786,-101.451079773,-120.492235319
75968978.881835938,75.968978881836,-31021.1181641,-57.8401278118,-108.231985139,-100.658010574,-120.717875093
75969123.840332031,75.969123840332,-30876.159668,-57.8808111879,-108.120332207,-100.463564641,-120.198962665
75969268.798828125,75.969268798828,-30731.2011719,-57.921686016,-107.851663549,-100.997551536,-119.575752711
75969413.757324219,75.969413757324,-30586.2426758,-57.9627541066,-106.968292716,-101.372385036,-119.780271236
75969558.715820312,75.969558715820,-30441.2841797,-58.004017296,-106.783588199,-102.704801228,-119.659380593
75969703.674316406,75.969703674316,-30296.3256836,-58.0454774467,-107.327994731,-100.906225118,-120.975001241
75969848.6328125,75.969848632812,-30151.3671875,-58.087136448,-106.476742318,-100.622177871,-121.162947181
75969993.591308594,75.969993591309,-30006.4086914,-58.1289962165,-107.422116806,-101.987985202,-121.073599802
75970138.549804688,75.970138549805,-29861.4501953,-58.1710586968,-107.220612804,-102.074800674,-121.613177744
75970283.508300781,75.970283508301,-29716.4916992,-58.2133258617,-106.5667623,-101.811231187,-121.249124532
75970428.466796875,75.970428466797,-29571.5332031,-58.255799713,-107.748437526,-102.115149301,-121.014346608
75970573.425292969,75.970573425293,-29426.574707,-58.2984822821,-109.482474192,-101.341735676,-121.37253241
75970718.383789062,75.970718383789,-29281.6162109,-58.3413756304,-108.538023567,-101.916129634,-121.933024311
75970863.342285156,75.970863342285,-29136.6577148,-58.38448185,-107.379378091,-101.009597195,-121.177009536
75971008.30078125,75.971008300781,-28991.6992188,-58.4278030643,-106.755389301,-101.123367095,-120.542125777
75971153.259277344,75.971153259277,-28846.7407227,-58.4713414286,-107.60629354,-101.831476121,-121.192720971
75971298.217773438,75.971298217773,-28701.7822266,-58.515099131,-106.880107764,-99.8940687936,-120.711394561
75971443.176269531,75.971443176270,-28556.8237305,-58.5590783924,-107.51426224,-100.028642299,-120.715996074
75971588.134765625,75.971588134766,-28411.8652344,-58.6032814681,-109.000624572,-101.550381465,-121.431038212
75971733.093261719,75.971733093262,-28266.9067383,-58.6477106477,-108.424754992,-101.629120224,-122.280001414
75971878.051757812,75.971878051758,-28121.9482422,-58.6923682561,-107.656112541,-101.353794527,-122.752199158
75972023.010253906,75.972023010254,-27976.9897461,-58.7372566544,-107.134020328,-102.66481985,-121.338281362
75972167.96875,75.972167968750,-27832.03125,-58.7823782405,-106.717045979,-102.640020455,-120.379873074
75972312.927246094,75.972312927246,-27687.0727539,-58.8277354497,-107.32474424,-102.090196181,-120.744787852
75972457.885742188,75.972457885742,-27542.1142578,-58.8733307558,-108.04581779,-102.426767713,-120.237077778
75972602.844238281,75.972602844238,-27397.1557617,-58.9191666717,-109.44908617,-101.907274005,-119.968046989
75972747.802734375,75.972747802734,-27252.1972656,-58.9652457503,-108.297533738,-102.377278945,-121.449390413
75972892.761230469,75.972892761230,-27107.2387695,-59.0115705853,-107.55978696,-101.279445697,-121.289933537
75973037.719726562,75.973037719727,-26962.2802734,-59.0581438123,-107.068042546,-101.343611281,-121.589428925
75973182.678222656,75.973182678223,-26817.3217773,-59.1049681093,-107.440108294,-101.563714192,-121.457003141
75973327.63671875,75.973327636719,-26672.3632812,-59.152046198,-108.421685996,-102.022827557,-120.986649453
75973472.595214844,75.973472595215,-26527.4047852,-59.1993808445,-108.407176594,-102.052523287,-121.49633543
75973617.553710938,75.973617553711,-26382.4462891,-59.2469748605,-108.078503602,-102.825196558,-121.77568812
75973762.512207031,75.973762512207,-26237.487793,-59.2948311039,-108.210734592,-102.721260634,-121.961866885
75973907.470703125,75.973907470703,-26092.5292969,-59.3429524805,-108.542373689,-101.769809302,-121.913590526
75974052.429199219,75.974052429199,-25947.5708008,-59.3913419443,-109.188016422,-101.415594718,-121.529928621
75974197.387695312,75.974197387695,-25802.6123047,-59.4400024991,-108.934642256,-101.961204073,-121.724871491
75974342.346191406,75.974342346191,-25657.6538086,-59.4889371996,-108.803631482,-102.368211098,-121.68081999
75974487.3046875,75.974487304688,-25512.6953125,-59.5381491522,-110.338028249,-102.464467655,-121.794039915
75974632.263183594,75.974632263184,-25367.7368164,-59.5876415165,-109.863786853,-102.30713451,-121.97412839
75974777.221679688,75.974777221680,-25222.7783203,-59.6374175065,-109.059872431,-102.571404114,-121.947169877
75974922.180175781,75.974922180176,-25077.8198242,-59.6874803915,-109.124213723,-102.276958139,-122.275298343
75975067.138671875,75.975067138672,-24932.8613281,-59.737833498,-108.713154774,-102.725097913,-120.541458424
75975212.097167969,75.975212097168,-24787.902832,-59.7884802105,-108.932568633,-103.003604324,-121.567052484
75975357.055664062,75.975357055664,-24642.9443359,-59.839423973,-109.166155636,-104.195040032,-122.204722209
75975502.014160156,75.975502014160,-24497.9858398,-59.8906682907,-110.352149148,-104.183252539,-123.056444035
75975646.97265625,75.975646972656,-24353.0273438,-59.9422167309,-110.617290072,-103.587902683,-122.710671317
75975791.931152344,75.975791931152,-24208.0688477,-59.9940729251,-108.257868782,-104.127021911,-123.054679148
75975936.889648438,75.975936889648,-24063.1103516,-60.0462405699,-109.253301803,-102.971809621,-122.370752115
75976081.848144531,75.976081848145,-23918.1518555,-60.0987234293,-108.441066613,-102.320408215,-122.782074394
75976226.806640625,75.976226806641,-23773.1933594,-60.1515253355,-108.45383141,-102.402970668,-122.013768928
75976371.765136719,75.976371765137,-23628.2348633,-60.2046501914,-108.790558345,-103.235874885,-121.655391729
75976516.723632812,75.976516723633,-23483.2763672,-60.2581019717,-109.347724489,-103.659697161,-121.801556558
75976661.682128906,75.976661682129,-23338.3178711,-60.3118847251,-109.419059366,-104.279346923,-121.207966653
75976806.640625,75.976806640625,-23193.359375,-60.366002576,-109.847483039,-104.015311233,-121.716120014
75976951.599121094,75.976951599121,-23048.4008789,-60.4204597261,-110.233042333,-102.863001925,-122.775175964
75977096.557617188,75.977096557617,-22903.4423828,-60.4752604569,-110.472486148,-102.753340984,-123.919896576
75977241.516113281,75.977241516113,-22758.4838867,-60.5304091315,-110.843162297,-103.644587503,-123.481906149
75977386.474609375,75.977386474609,-22613.5253906,-60.5859101963,-110.368505131,-104.052817392,-122.614160053
75977531.433105469,75.977531433105,-22468.5668945,-60.6417681838,-109.512617597,-104.309867453,-121.638270986
75977676.391601562,75.977676391602,-22323.6083984,-60.6979877144,-108.872848686,-103.548620785,-122.244740579
75977821.350097656,75.977821350098,-22178.6499023,-60.7545734988,-109.739207614,-104.572220995,-122.611461442
75977966.30859375,75.977966308594,-22033.6914062,-60.8115303404,-109.583782938,-103.883722748,-122.706213685
75978111.267089844,75.978111267090,-21888.7329102,-60.8688631377,-109.0419352,-103.418456075,-121.852717243
75978256.225585938,75.978256225586,-21743.7744141,-60.9265768868,-110.170055418,-103.982389299,-123.258762865
75978401.184082031,75.978401184082,-21598.815918,-60.9846766842,-110.789740261,-104.258655428,-123.592114367
75978546.142578125,75.978546142578,-21453.8574219,-61.0431677291,-110.120849538,-103.345752013,-124.405925893
75978691.101074219,75.978691101074,-21308.8989258,-61.1020553267,-110.933159139,-103.148364691,-124.094743162
75978836.059570312,75.978836059570,-21163.9404297,-61.1613448907,-110.83049594,-103.828050393,-125.118984953
75978981.018066406,75.978981018066,-21018.9819336,-61.2210419466,-110.899279587,-104.206502106,-125.101415491
75979125.9765625,75.979125976562,-20874.0234375,-61.2811521343,-110.205321568,-104.024184615,-124.658947406
75979270.935058594,75.979270935059,-20729.0649414,-61.341681212,-111.017722891,-105.329370445,-125.262330294
75979415.893554688,75.979415893555,-20584.1064453,-61.4026350589,-110.559889325,-105.101149957,-124.361238868
75979560.852050781,75.979560852051,-20439.1479492,-61.4640196787,-111.338089447,-103.357567818,-123.570698126
75979705.810546875,75.979705810547,-20294.1894531,-61.5258412036,-112.629889418,-102.81209313,-123.099528255
75979850.769042969,75.979850769043,-20149.230957,-61.5881058976,-110.764270907,-103.222995982,-124.04267536
75979995.727539062,75.979995727539,-20004.2724609,-61.6508201603,-111.05592368,-104.808834405,-124.323987238
75980140.686035156,75.980140686035,-19859.3139648,-61.7139905309,-110.417359918,-105.061754926,-124.944611367
75980285.64453125,75.980285644531,-19714.3554688,-61.7776236924,-111.44027007,-104.808423913,-124.937529249
75980430.603027344,75.980430603027,-19569.3969727,-61.8417264758,-112.240627529,-105.180537694,-125.2473812
75980575.561523438,75.980575561523,-19424.4384766,-61.9063058645,-111.919338103,-105.304826841,-123.258589891
75980720.520019531,75.980720520020,-19279.4799805,-61.9713689985,-111.357948792,-105.388557186,-123.49044458
75980865.478515625,75.980865478516,-19134.5214844,-62.03692318,-112.153578269,-105.386112062,-124.110908831
75981010.437011719,75.981010437012,-18989.5629883,-62.1029758773,-111.806522518,-105.401714865,-124.544672406
75981155.395507812,75.981155395508,-18844.6044922,-62.1695347307,-111.711279305,-104.392945956,-125.600348087
75981300.354003906,75.981300354004,-18699.6459961,-62.2366075574,-112.651641165,-103.744833883,-124.272346119
75981445.3125,75.981445312500,-18554.6875,-62.3042023571,-112.410936561,-104.988393865,-124.156514759
75981590.270996094,75.981590270996,-18409.7290039,-62.3723273177,-111.995819792,-105.277925329,-124.080968263
75981735.229492188,75.981735229492,-18264.7705078,-62.4409908213,-112.67844759,-104.593612968,-123.805688181
75981880.187988281,75.981880187988,-18119.8120117,-62.5102014504,-111.635886503,-105.465271451,-123.908585364
75982025.146484375,75.982025146484,-17974.8535156,-62.5799679944,-111.575072222,-105.891748774,-124.918423074
75982170.104980469,75.982170104980,-17829.8950195,-62.650299456,-111.513372753,-106.121874023,-124.240743157
75982315.063476562,75.982315063477,-17684.9365234,-62.7212050586,-111.598847781,-104.793443629,-123.666225091
75982460.021972656,75.982460021973,-17539.9780273,-62.7926942531,-110.287768001,-105.781802735,-124.723754861
75982604.98046875,75.982604980469,-17395.0195312,-62.864776726,-110.512927516,-106.814150355,-124.397651782
75982749.938964844,75.982749938965,-17250.0610352,-62.9374624066,-111.863346194,-105.616411223,-124.462236002
75982894.897460938,75.982894897461,-17105.1025391,-63.0107614761,-112.241749129,-105.08693084,-124.21247878
75983039.855957031,75.983039855957,-16960.144043,-63.084684375,-111.966876116,-106.657822447,-125.790995578
75983184.814453125,75.983184814453,-16815.1855469,-63.1592418133,-111.577501368,-107.146700752,-126.361737785
75983329.772949219,75.983329772949,-16670.2270508,-63.2344447788,-112.011660708,-107.078989288,-124.945010682
75983474.731445312,75.983474731445,-16525.2685547,-63.3103045472,-113.045656989,-106.926484556,-125.089804449
75983619.689941406,75.983619689941,-16380.3100586,-63.3868326925,-113.833798444,-105.65291116,-126.601973796
75983764.6484375,75.983764648438,-16235.3515625,-63.464041097,-113.616516925,-105.931485401,-126.984508837
75983909.606933594,75.983909606934,-16090.3930664,-63.5419419631,-112.359433847,-107.393571116,-125.523966515
75984054.565429688,75.984054565430,-15945.4345703,-63.6205478242,-112.697629437,-107.027667519,-124.60711341
75984199.523925781,75.984199523926,-15800.4760742,-63.6998715572,-112.482680892,-105.608978257,-126.680766075
75984344.482421875,75.984344482422,-15655.5175781,-63.779926395,-112.42650807,-107.103929636,-125.863239789
75984489.440917969,75.984489440918,-15510.559082,-63.8607259398,-112.140057476,-106.044846558,-125.044856327
75984634.399414062,75.984634399414,-15365.6005859,-63.9422841772,-112.342715223,-106.102114519,-125.72039636
75984779.357910156,75.984779357910,-15220.6420898,-64.0246154901,-113.501572725,-105.760767755,-127.606376213
75984924.31640625,75.984924316406,-15075.6835938,-64.1077346747,-113.595362843,-107.546900999,-127.482587404
75985069.274902344,75.985069274902,-14930.7250977,-64.1916569558,-112.689091902,-107.391004953,-127.273415953
75985214.233398438,75.985214233398,-14785.7666016,-64.276398004,-114.44750287,-106.763822319,-127.043563205
75985359.191894531,75.985359191895,-14640.8081055,-64.361973953,-115.09095843,-105.426533585,-126.696309884
75985504.150390625,75.985504150391,-14495.8496094,-64.4484014182,-114.921282142,-105.146592804,-126.450538349
75985649.108886719,75.985649108887,-14350.8911133,-64.5356975159,-114.403682195,-106.031635364,-126.775992191
75985794.067382812,75.985794067383,-14205.9326172,-64.6238798838,-114.225772612,-107.312711018,-125.808455994
75985939.025878906,75.985939025879,-14060.9741211,-64.7129667022,-114.024593184,-108.656674612,-126.234568749
75986083.984375,75.986083984375,-13916.015625,-64.8029767167,-113.277858966,-108.160759365,-126.412343527
75986228.942871094,75.986228942871,-13771.0571289,-64.8939292618,-113.646414275,-107.964764138,-126.885199223
75986373.901367188,75.986373901367,-13626.0986328,-64.9858442857,-113.919957426,-108.224684348,-127.514268798
75986518.859863281,75.986518859863,-13481.1401367,-65.0787423769,-114.011404383,-107.839074816,-126.366722289
75986663.818359375,75.986663818359,-13336.1816406,-65.1726447915,-114.370101722,-107.57940621,-126.756140766
75986808.776855469,75.986808776855,-13191.2231445,-65.2675734824,-114.484890688,-106.888961921,-129.630575705
75986953.735351562,75.986953735352,-13046.2646484,-65.3635511307,-114.922994,-107.016371829,-129.245083219
75987098.693847656,75.987098693848,-12901.3061523,-65.4606011773,-114.96376508,-107.455662935,-128.356492158
75987243.65234375,75.987243652344,-12756.3476562,-65.5587478579,-114.618269303,-108.951242863,-127.759893791
75987388.610839844,75.987388610840,-12611.3891602,-65.6580162395,-113.771166278,-109.558680237,-127.613048546
75987533.569335938,75.987533569336,-12466.4306641,-65.758432258,-113.540316255,-108.683323173,-128.132369845
75987678.527832031,75.987678527832,-12321.472168,-65.8600227597,-114.631933156,-108.064373644,-127.587088817
75987823.486328125,75.987823486328,-12176.5136719,-65.9628155439,-114.957341303,-107.816519638,-128.699908995
75987968.444824219,75.987968444824,-12031.5551758,-66.066839409,-114.090587384,-108.933076424,-128.9415614
75988113.403320312,75.988113403320,-11886.5966797,-66.1721242003,-114.577953687,-108.240016741,-129.18810353
75988258.361816406,75.988258361816,-11741.6381836,-66.2787008619,-116.08689055,-107.589197564,-128.899563364
75988403.3203125,75.988403320312,-11596.6796875,-66.3866014913,-115.325617063,-108.29745624,-128.196323843
75988548.278808594,75.988548278809,-11451.7211914,-66.495859397,-116.387478125,-108.344855819,-127.466384423
75988693.237304688,75.988693237305,-11306.7626953,-66.6065091609,-115.798457172,-107.359629731,-127.738521955
75988838.195800781,75.988838195801,-11161.8041992,-66.7185867032,-115.331254686,-107.639274469,-128.479322904
75988983.154296875,75.988983154297,-11016.8457031,-66.832129353,-115.886420447,-108.332459605,-128.877953259
75989128.112792969,75.989128112793,-10871.887207,-66.947175923,-116.756169634,-108.594744132,-127.974538775
75989273.071289062,75.989273071289,-10726.9287109,-67.0637667884,-117.698202592,-107.733034322,-128.155369606
75989418.029785156,75.989418029785,-10581.9702148,-67.181943973,-116.792825359,-107.783547078,-127.787671182
75989562.98828125,75.989562988281,-10437.0117188,-67.3017512393,-117.730357266,-109.433132641,-127.51514914
75989707.946777344,75.989707946777,-10292.0532227,-67.4232341861,-117.900369659,-108.779789788,-128.82700191
75989852.905273438,75.989852905273,-10147.0947266,-67.5464403528,-117.542434351,-107.648993806,-130.716532875
75989997.863769531,75.989997863770,-10002.1362305,-67.6714193312,-117.375405172,-108.005229146,-129.867999405
75990142.822265625,75.990142822266,-9857.17773438,-67.7982228846,-116.991806604,-109.039106972,-128.555441581
75990287.780761719,75.990287780762,-9712.21923828,-67.9269050777,-118.548786805,-109.126245038,-130.044156774
75990432.739257812,75.990432739258,-9567.26074219,-68.057522414,-117.444624245,-110.446921875,-131.111408618
75990577.697753906,75.990577697754,-9422.30224609,-68.1901339852,-116.741996977,-109.400761728,-130.011457421
75990722.65625,75.990722656250,-9277.34375,-68.3248016317,-117.163642872,-108.128432056,-129.653110933
75990867.614746094,75.990867614746,-9132.38525391,-68.4615901157,-117.201815022,-108.850859621,-129.522524063
75991012.573242188,75.991012573242,-8987.42675781,-68.6005673083,-118.497363672,-109.332767324,-130.901485595
75991157.531738281,75.991157531738,-8842.46826172,-68.7418043916,-118.762065004,-109.448619158,-131.022117231
75991302.490234375,75.991302490234,-8697.50976562,-68.8853760779,-118.978550479,-109.518326759,-130.111882766
75991447.448730469,75.991447448730,-8552.55126953,-69.0313608465,-118.163586901,-110.162432682,-129.689747865
75991592.407226562,75.991592407227,-8407.59277344,-69.179841202,-118.418872823,-110.202538884,-130.274458781
75991737.365722656,75.991737365723,-8262.63427734,-69.3309039539,-119.013935416,-110.115172201,-131.616783941
75991882.32421875,75.991882324219,-8117.67578125,-69.4846405213,-119.296308694,-110.809765448,-131.143670525
75992027.282714844,75.992027282715,-7972.71728516,-69.6411472658,-119.342570274,-110.426789876,-131.691472751
75992172.241210938,75.992172241211,-7827.75878906,-69.8005258535,-119.170737536,-111.298327404,-132.309989364
75992317.199707031,75.992317199707,-7682.80029297,-69.9628836524,-119.154650995,-111.783391331,-131.37527116
75992462.158203125,75.992462158203,-7537.84179688,-70.1283341663,-119.650510274,-109.914628713,-132.862705862
75992607.116699219,75.992607116699,-7392.88330078,-70.2969975117,-120.073361032,-110.835092441,-133.635720894
75992752.075195312,75.992752075195,-7247.92480469,-70.4690009417,-119.638603729,-113.012943011,-132.668315289
75992897.033691406,75.992897033691,-7102.96630859,-70.6444794227,-118.879150653,-112.808499918,-132.561510811
75993041.9921875,75.993041992188,-6958.0078125,-70.8235762707,-120.791730949,-111.713237682,-133.36937981
75993186.950683594,75.993186950684,-6813.04931641,-71.0064438545,-120.497843651,-112.728374523,-132.564087792
75993331.909179688,75.993331909180,-6668.09082031,-71.1932443748,-119.93926132,-113.025849076,-133.36108392
75993476.867675781,75.993476867676,-6523.13232422,-71.3841507282,-120.912556808,-113.236708526,-132.358804588
75993621.826171875,75.993621826172,-6378.17382812,-71.5793474693,-121.145679203,-110.598686024,-130.558892056
75993766.784667969,75.993766784668,-6233.21533203,-71.7790318829,-120.60689768,-110.767896587,-129.977021687
75993911.743164062,75.993911743164,-6088.25683594,-71.9834151822,-121.363400456,-111.590988219,-131.333231894
75994056.701660156,75.994056701660,-5943.29833984,-72.1927238514,-123.015365115,-112.154938165,-134.054538439
75994201.66015625,75.994201660156,-5798.33984375,-72.407201155,-122.81828185,-111.456040719,-134.828855446
75994346.618652344,75.994346618652,-5653.38134766,-72.627108837,-123.46982576,-112.394880031,-133.872044206
75994491.577148438,75.994491577148,-5508.42285156,-72.8527290411,-121.305755621,-114.03842565,-134.789739635
75994636.535644531,75.994636535645,-5363.46435547,-73.0843664882,-122.08152198,-114.865845261,-134.70105334
75994781.494140625,75.994781494141,-5218.50585938,-73.3223509504,-123.121469536,-113.91957318,-134.196110473
75994926.452636719,75.994926452637,-5073.54736328,-73.5670400751,-122.863182442,-115.486619839,-134.626948343
75995071.411132812,75.995071411133,-4928.58886719,-73.8188226177,-122.944148826,-115.600179902,-134.89441051
75995216.369628906,75.995216369629,-4783.63037109,-74.0781221575,-122.891965733,-116.523319865,-134.411222027
75995361.328125,75.995361328125,-4638.671875,-74.3454013853,-124.162851187,-116.807535647,-134.502562778
75995506.286621094,75.995506286621,-4493.71337891,-74.6211670717,-125.092102212,-115.169047632,-135.036123978
75995651.245117188,75.995651245117,-4348.75488281,-74.9059758508,-124.002173462,-115.905559901,-135.754730808
75995796.203613281,75.995796203613,-4203.79638672,-75.2004409842,-123.41087115,-116.571380658,-136.162729251
75995941.162109375,75.995941162109,-4058.83789062,-75.5052403123,-123.877414365,-116.249688205,-135.766773305
75996086.120605469,75.996086120605,-3913.87939453,-75.8211256531,-124.846260905,-115.727222131,-136.147229826
75996231.079101562,75.996231079102,-3768.92089844,-76.1489339742,-125.612810683,-115.288301926,-135.657540863
75996376.037597656,75.996376037598,-3623.96240234,-76.4896007575,-125.976030474,-116.223130159,-134.811883962
75996520.99609375,75.996520996094,-3479.00390625,-76.8441760941,-126.703607019,-116.467438646,-135.723955446
75996665.954589844,75.996665954590,-3334.04541016,-77.2138442056,-126.182918972,-116.879637911,-136.4423066
75996810.913085938,75.996810913086,-3189.08691406,-77.5999473071,-126.381908044,-116.330455799,-135.128000566
75996955.871582031,75.996955871582,-3044.12841797,-78.0040150267,-127.20787486,-112.878388356,-135.203460568
75997100.830078125,75.997100830078,-2899.16992188,-78.4278010059,-127.122862338,-113.113482852,-136.79003203
75997245.788574219,75.997245788574,-2754.21142578,-78.8733288981,-127.090680124,-115.19439914,-136.605805014
75997390.747070312,75.997390747070,-2609.25292969,-79.3429508132,-129.344715337,-115.060446662,-136.111033728
75997535.705566406,75.997535705566,-2464.29443359,-79.8394224859,-129.28676695,-116.068398608,-136.642229897
75997680.6640625,75.997680664062,-2319.3359375,-80.3660012586,-129.377340283,-114.740320204,-135.261809655
75997825.622558594,75.997825622559,-2174.37744141,-80.926575729,-130.115444768,-112.824793427,-135.51980908
75997970.581054688,75.997970581055,-2029.41894531,-81.5258401951,-130.672792929,-111.192350594,-135.980339955
75998115.539550781,75.998115539551,-1884.46044922,-82.1695338611,-131.403760491,-112.602708684,-136.82442001
75998260.498046875,75.998260498047,-1739.50195312,-82.864775985,-132.911689177,-113.229566674,-138.255332845
75998405.456542969,75.998405456543,-1594.54345703,-83.6205472015,-133.186496686,-112.726953559,-137.299304348
75998550.415039062,75.998550415039,-1449.58496094,-84.4484009036,-134.913736007,-112.048699848,-137.182709437
75998695.373535156,75.998695373535,-1304.62646484,-85.3635507138,-135.399340817,-112.553778086,-137.260231451
75998840.33203125,75.998840332031,-1159.66796875,-86.3866011619,-137.038844025,-108.000995986,-138.65239898
75998985.290527344,75.998985290527,-1014.70947266,-87.5464401006,-137.235362144,-103.515571189,-136.075458887
75999130.249023438,75.999130249023,-869.750976562,-88.8853758926,-138.511546052,-107.544967876,-138.34455806
75999275.207519531,75.999275207520,-724.792480469,-90.4690008129,-139.52915467,-107.419106828,-134.395335501
75999420.166015625,75.999420166016,-579.833984375,-92.4072010727,-141.667600342,-106.037989041,-134.261030368
75999565.124511719,75.999565124512,-434.875488281,-94.9059758044,-144.827647729,-108.540711533,-139.39320292
75999710.083007812,75.999710083008,-289.916992188,-98.4278009853,-148.026629034,-111.737863821,-143.368934908
75999855.041503906,75.999855041504,-144.958496094,-104.448400898,-151.131179618,-61.5277174855,-67.9045095538
76000000,76.000000000000,0,-160,-202.747482078,-111.059703631,-117.435730663
76000144.958496094,76.000144958496,144.958496094,-104.448400898,-151.677344767,-61.5296280878,-67.9049218778
76000289.916992188,76.000289916992,289.916992188,-98.4278009855,-148.269855191,-111.678143464,-143.065402863
76000434.875488281,76.000434875488,434.875488281,-94.9059758045,-144.96442906,-108.776483444,-139.32797751
76000579.833984375,76.000579833984,579.833984375,-92.4072010728,-142.42850056,-105.934103867,-134.586325492
76000724.792480469,76.000724792480,724.792480469,-90.469000813,-141.119169595,-106.823356352,-134.803927816
76000869.750976562,76.000869750977,869.750976562,-88.8853758927,-138.059692483,-107.909125238,-138.373710041
76001014.709472656,76.001014709473,1014.70947266,-87.5464401007,-136.177163391,-103.796709398,-135.366031562
76001159.66796875,76.001159667969,1159.66796875,-86.386601162,-134.917003391,-108.334438193,-137.705440302
76001304.626464844,76.001304626465,1304.62646484,-85.3635507139,-135.115260155,-112.12930172,-136.667346197
76001449.584960938,76.001449584961,1449.58496094,-84.4484009037,-134.208531944,-110.498519453,-135.984101082
76001594.543457031,76.001594543457,1594.54345703,-83.6205472016,-132.853299997,-111.93134589,-136.316933676
76001739.501953125,76.001739501953,1739.50195312,-82.864775985,-132.845197838,-113.70026817,-137.260168001
76001884.460449219,76.001884460449,1884.46044922,-82.1695338611,-131.838451789,-112.113506222,-137.585820762
76002029.418945312,76.002029418945,2029.41894531,-81.5258401951,-130.544398921,-111.328553629,-137.185391483
76002174.377441406,76.002174377441,2174.37744141,-80.926575729,-129.718632481,-113.177835162,-136.35838652
76002319.3359375,76.002319335938,2319.3359375,-80.3660012586,-130.02941729,-114.819141028,-135.586826105
76002464.294433594,76.002464294434,2464.29443359,-79.8394224859,-130.036441409,-116.162328121,-136.956346476
76002609.252929688,76.002609252930,2609.25292969,-79.3429508132,-129.029049019,-116.032903392,-136.801620605
76002754.211425781,76.002754211426,2754.21142578,-78.8733288981,-129.758245848,-115.872709779,-136.993910466
76002899.169921875,76.002899169922,2899.16992188,-78.4278010059,-129.317979643,-113.78670841,-136.199840362
76003044.128417969,76.003044128418,3044.12841797,-78.0040150267,-126.735824999,-113.266842865,-135.300153692
76003189.086914062,76.003189086914,3189.08691406,-77.5999473071,-126.383875897,-115.330239116,-135.88236038
76003334.045410156,76.003334045410,3334.04541016,-77.2138442056,-126.838971074,-116.01061239,-135.818660443
76003479.00390625,76.003479003906,3479.00390625,-76.8441760941,-126.385806501,-115.874692007,-136.583047723
76003623.962402344,76.003623962402,3623.96240234,-76.4896007575,-126.782381858,-115.834620627,-134.876973387
76003768.920898438,76.003768920898,3768.92089844,-76.1489339741,-127.92127341,-115.492890025,-135.795392646
76003913.879394531,76.003913879395,3913.87939453,-75.8211256532,-125.850585635,-115.063085517,-136.663514952
76004058.837890625,76.004058837891,4058.83789062,-75.5052403124,-126.747239494,-115.466791105,-136.319850641
76004203.796386719,76.004203796387,4203.79638672,-75.2004409842,-125.394238995,-116.183253859,-136.028155031
76004348.754882812,76.004348754883,4348.75488281,-74.9059758508,-123.661046524,-115.419998884,-135.975383956
76004493.713378906,76.004493713379,4493.71337891,-74.6211670717,-124.283641326,-114.52342614,-135.676407658
76004638.671875,76.004638671875,4638.671875,-74.3454013853,-124.366592042,-116.468643596,-136.091703817
76004783.630371094,76.004783630371,4783.63037109,-74.0781221575,-125.14508119,-117.085684382,-135.60002949
76004928.588867188,76.004928588867,4928.58886719,-73.8188226177,-124.515010179,-115.753227169,-134.408522719
76005073.547363281,76.005073547363,5073.54736328,-73.5670400751,-124.135493988,-115.137825061,-133.622482565
76005218.505859375,76.005218505859,5218.50585938,-73.3223509504,-122.834536609,-114.137922704,-133.536919314
76005363.464355469,76.005363464355,5363.46435547,-73.0843664882,-122.090763863,-115.337661292,-133.59448643
76005508.422851562,76.005508422852,5508.42285156,-72.8527290412,-122.357270389,-114.879697389,-135.669981001
76005653.381347656,76.005653381348,5653.38134766,-72.627108837,-122.149346038,-113.615415707,-134.437191604
76005798.33984375,76.005798339844,5798.33984375,-72.407201155,-121.227913961,-113.443942079,-133.84887818
76005943.298339844,76.005943298340,5943.29833984,-72.1927238514,-120.920895293,-112.689294706,-131.532905502
76006088.256835938,76.006088256836,6088.25683594,-71.9834151822,-121.510098847,-111.900107762,-130.595861115
76006233.215332031,76.006233215332,6233.21533203,-71.779031883,-121.826973042,-111.524450304,-130.035618532
76006378.173828125,76.006378173828,6378.17382812,-71.5793474693,-121.684514766,-110.781942568,-131.293631306
76006523.132324219,76.006523132324,6523.13232422,-71.3841507282,-121.66159048,-113.070894698,-132.221882279
76006668.090820312,76.006668090820,6668.09082031,-71.1932443748,-120.36041373,-112.872324227,-133.147916088
76006813.049316406,76.006813049316,6813.04931641,-71.0064438545,-120.266730962,-112.582806003,-133.619396143
76006958.0078125,76.006958007812,6958.0078125,-70.8235762707,-119.753182585,-111.227039449,-132.38946336
76007102.966308594,76.007102966309,7102.96630859,-70.6444794227,-120.774038085,-112.167438899,-133.124765482
76007247.924804688,76.007247924805,7247.92480469,-70.4690009417,-120.401668046,-112.67249284,-132.12436473
76007392.883300781,76.007392883301,7392.88330078,-70.2969975117,-119.735343042,-111.291768351,-131.866220062
76007537.841796875,76.007537841797,7537.84179688,-70.1283341663,-121.030527674,-110.295572239,-132.167122494
76007682.800292969,76.007682800293,7682.80029297,-69.9628836524,-120.690444136,-110.874209916,-131.931044879
76007827.758789062,76.007827758789,7827.75878906,-69.8005258535,-119.513132612,-111.294375342,-131.916156588
76007972.717285156,76.007972717285,7972.71728516,-69.6411472658,-119.844052434,-112.074050327,-130.960804162
76008117.67578125,76.008117675781,8117.67578125,-69.4846405213,-120.21233862,-111.784701345,-130.96250831
76008262.634277344,76.008262634277,8262.63427734,-69.3309039539,-119.185432396,-110.289834536,-130.684391468
76008407.592773438,76.008407592773,8407.59277344,-69.179841202,-118.917798935,-111.203645208,-130.206234392
76008552.551269531,76.008552551270,8552.55126953,-69.0313608465,-118.634097607,-109.45997921,-131.253662752
76008697.509765625,76.008697509766,8697.50976562,-68.8853760779,-118.979094561,-109.385100215,-131.368120757
76008842.468261719,76.008842468262,8842.46826172,-68.7418043916,-118.491461737,-108.572809787,-131.337757342
76008987.426757812,76.008987426758,8987.42675781,-68.6005673083,-118.252596803,-108.861503565,-132.10458501
76009132.385253906,76.009132385254,9132.38525391,-68.4615901157,-118.445344913,-108.793218165,-130.406643467
76009277.34375,76.009277343750,9277.34375,-68.3248016317,-118.387436447,-108.083328154,-131.043429739
76009422.302246094,76.009422302246,9422.30224609,-68.1901339852,-118.216280769,-109.252509644,-131.420737119
76009567.260742188,76.009567260742,9567.26074219,-68.057522414,-116.682278856,-109.793920744,-129.691809644
76009712.219238281,76.009712219238,9712.21923828,-67.9269050777,-116.341988066,-108.883963226,-130.044458936
76009857.177734375,76.009857177734,9857.17773438,-67.7982228847,-116.590459015,-108.042898036,-130.062522314
76010002.136230469,76.010002136230,10002.1362305,-67.6714193312,-117.179725123,-108.701982833,-129.507044068
76010147.094726562,76.010147094727,10147.0947266,-67.5464403528,-116.819987734,-110.031803965,-129.242254327
76010292.053222656,76.010292053223,10292.0532227,-67.4232341861,-116.163118168,-108.98408719,-130.202249502
76010437.01171875,76.010437011719,10437.0117188,-67.3017512393,-116.469309484,-107.833070409,-129.026526975
76010581.970214844,76.010581970215,10581.9702148,-67.181943973,-115.653755205,-107.21257759,-128.529366886
76010726.928710938,76.010726928711,10726.9287109,-67.0637667884,-116.546762559,-107.63664779,-127.557275398
76010871.887207031,76.010871887207,10871.887207,-66.947175923,-115.813391283,-109.148821263,-127.694818871
76011016.845703125,76.011016845703,11016.8457031,-66.832129353,-115.209035822,-108.087492283,-129.383775278
76011161.804199219,76.011161804199,11161.8041992,-66.7185867032,-115.44749963,-107.089547929,-129.073730962
76011306.762695312,76.011306762695,11306.7626953,-66.6065091609,-115.159269245,-108.068939436,-127.49370022
76011451.721191406,76.011451721191,11451.7211914,-66.495859397,-115.220149989,-109.495466481,-127.595163832
76011596.6796875,76.011596679688,11596.6796875,-66.3866014913,-116.976149098,-110.749563253,-128.550580935
76011741.638183594,76.011741638184,11741.6381836,-66.2787008619,-115.576026693,-107.707721239,-127.796924532
76011886.596679688,76.011886596680,11886.5966797,-66.1721242003,-115.249765927,-107.295699201,-129.416399336
76012031.555175781,76.012031555176,12031.5551758,-66.066839409,-115.762462797,-107.980525457,-129.321209135
76012176.513671875,76.012176513672,12176.5136719,-65.962815544,-116.013993188,-108.578266017,-128.092016777
76012321.472167969,76.012321472168,12321.472168,-65.8600227597,-116.225023415,-108.163174805,-125.894535988
76012466.430664062,76.012466430664,12466.4306641,-65.758432258,-116.943342393,-107.59486618,-126.046327923
76012611.389160156,76.012611389160,12611.3891602,-65.6580162395,-116.859298644,-109.057991201,-127.061358763
76012756.34765625,76.012756347656,12756.3476562,-65.5587478579,-114.6460612,-107.92823779,-126.620916234
76012901.306152344,76.012901306152,12901.3061523,-65.4606011773,-113.398549418,-107.828531758,-126.811280155
76013046.264648438,76.013046264648,13046.2646484,-65.3635511307,-113.904485753,-106.946284502,-126.707346329
76013191.223144531,76.013191223145,13191.2231445,-65.2675734824,-113.966959375,-106.268187047,-125.921216232
76013336.181640625,76.013336181641,13336.1816406,-65.1726447915,-114.485254041,-107.033552041,-126.224426702
76013481.140136719,76.013481140137,13481.1401367,-65.0787423769,-114.714752315,-108.350850715,-126.466292865
76013626.098632812,76.013626098633,13626.0986328,-64.9858442857,-113.72974863,-109.422813147,-126.613179748
76013771.057128906,76.013771057129,13771.0571289,-64.8939292618,-113.289538354,-108.308810659,-126.085706775
76013916.015625,76.013916015625,13916.015625,-64.8029767167,-113.384158728,-107.943015503,-126.496965851
76014060.974121094,76.014060974121,14060.9741211,-64.7129667022,-113.273416339,-108.154259797,-126.395489682
76014205.932617188,76.014205932617,14205.9326172,-64.6238798838,-113.379580465,-107.069535952,-126.036977398
76014350.891113281,76.014350891113,14350.8911133,-64.5356975159,-113.384950316,-106.399975788,-125.605014829
76014495.849609375,76.014495849609,14495.8496094,-64.4484014182,-113.774777424,-106.070205944,-125.169952928
76014640.808105469,76.014640808105,14640.8081055,-64.361973953,-113.977463527,-106.631214731,-125.642568052
76014785.766601562,76.014785766602,14785.7666016,-64.276398004,-113.78541069,-106.873812051,-124.497901182
76014930.725097656,76.014930725098,14930.7250977,-64.1916569558,-113.484209386,-106.626938056,-124.849588175
76015075.68359375,76.015075683594,15075.6835938,-64.1077346747,-111.958307297,-106.894276009,-126.635064348
76015220.642089844,76.015220642090,15220.6420898,-64.0246154901,-112.485831958,-105.673108789,-126.915424127
76015365.600585938,76.015365600586,15365.6005859,-63.9422841772,-114.746806761,-105.72870529,-126.768706423
76015510.559082031,76.015510559082,15510.559082,-63.8607259398,-114.225128154,-106.142953097,-125.642755618
76015655.517578125,76.015655517578,15655.5175781,-63.779926395,-113.366575285,-107.015396277,-125.102993929
76015800.476074219,76.015800476074,15800.4760742,-63.6998715572,-113.172032093,-105.8741647,-124.303545493
76015945.434570312,76.015945434570,15945.4345703,-63.6205478242,-112.954236648,-106.723609309,-125.998990925
76016090.393066406,76.016090393066,16090.3930664,-63.5419419631,-112.757282315,-107.546961533,-126.486784175
76016235.3515625,76.016235351562,16235.3515625,-63.464041097,-111.494019224,-105.969513202,-125.30504725
76016380.310058594,76.016380310059,16380.3100586,-63.3868326925,-112.735897092,-106.07092038,-125.820265176
76016525.268554688,76.016525268555,16525.2685547,-63.3103045472,-112.81815788,-106.667844029,-126.511139622
76016670.227050781,76.016670227051,16670.2270508,-63.2344447788,-112.188976959,-105.751192632,-126.452921371
76016815.185546875,76.016815185547,16815.1855469,-63.1592418133,-112.626637109,-105.342195078,-124.870810455
76016960.144042969,76.016960144043,16960.144043,-63.084684375,-112.337785095,-105.266371029,-124.567683666
76017105.102539062,76.017105102539,17105.1025391,-63.0107614761,-113.127026728,-104.149489795,-125.495504817
76017250.061035156,76.017250061035,17250.0610352,-62.9374624066,-112.392570372,-104.587302049,-126.143923135
76017395.01953125,76.017395019531,17395.0195312,-62.864776726,-111.230466418,-106.382841147,-125.588563369
76017539.978027344,76.017539978027,17539.9780273,-62.7926942531,-110.930905886,-107.077116561,-124.701615682
76017684.936523438,76.017684936523,17684.9365234,-62.7212050586,-111.224028692,-105.373200155,-123.452716958
76017829.895019531,76.017829895020,17829.8950195,-62.650299456,-111.928864714,-106.555970178,-124.562815083
76017974.853515625,76.017974853516,17974.8535156,-62.5799679944,-110.916353663,-107.387535246,-123.976731185
76018119.812011719,76.018119812012,18119.8120117,-62.5102014504,-111.011415024,-104.363740639,-124.77128219
76018264.770507812,76.018264770508,18264.7705078,-62.4409908213,-111.017819193,-104.174229189,-124.437460172
76018409.729003906,76.018409729004,18409.7290039,-62.3723273177,-110.524032965,-106.156063584,-123.471019718
76018554.6875,76.018554687500,18554.6875,-62.3042023571,-110.864203424,-105.601693015,-124.492442504
76018699.645996094,76.018699645996,18699.6459961,-62.2366075574,-111.314057955,-104.390855273,-124.703802799
76018844.604492188,76.018844604492,18844.6044922,-62.1695347307,-110.702284851,-104.422172268,-124.101520849
76018989.562988281,76.018989562988,18989.5629883,-62.1029758773,-112.287019107,-104.915734616,-123.950751638
76019134.521484375,76.019134521484,19134.5214844,-62.03692318,-111.002959397,-105.732348458,-123.843855678
76019279.479980469,76.019279479980,19279.4799805,-61.9713689985,-110.251874675,-106.105141413,-123.461670225
76019424.438476562,76.019424438477,19424.4384766,-61.9063058645,-111.788181586,-105.664660532,-123.028731683
76019569.396972656,76.019569396973,19569.3969727,-61.8417264758,-111.555904012,-105.865896706,-122.928001229
76019714.35546875,76.019714355469,19714.3554688,-61.7776236924,-111.640244661,-105.05819412,-124.199525618
76019859.313964844,76.019859313965,19859.3139648,-61.7139905309,-112.243813359,-104.185295923,-123.10596041
76020004.272460938,76.020004272461,20004.2724609,-61.6508201603,-111.47257907,-104.683249405,-122.638077159
76020149.230957031,76.020149230957,20149.230957,-61.5881058976,-111.193410986,-104.308594402,-122.206223329
76020294.189453125,76.020294189453,20294.1894531,-61.5258412036,-110.875848515,-103.987528806,-123.084959249
76020439.147949219,76.020439147949,20439.1479492,-61.4640196787,-111.723492445,-102.946915299,-125.131868675
76020584.106445312,76.020584106445,20584.1064453,-61.4026350589,-112.149944121,-104.550942231,-126.033883247
76020729.064941406,76.020729064941,20729.0649414,-61.341681212,-111.239779304,-104.44529562,-124.398372852
76020874.0234375,76.020874023438,20874.0234375,-61.2811521344,-111.160850326,-104.249860391,-123.299477338
76021018.981933594,76.021018981934,21018.9819336,-61.2210419466,-110.433703623,-105.277960951,-122.991146318
76021163.940429688,76.021163940430,21163.9404297,-61.1613448907,-109.742960945,-104.812134562,-122.667942349
76021308.898925781,76.021308898926,21308.8989258,-61.1020553267,-109.981018068,-104.232690467,-122.745631076
76021453.857421875,76.021453857422,21453.8574219,-61.0431677291,-109.628507071,-103.785034752,-124.072099875
76021598.815917969,76.021598815918,21598.815918,-60.9846766842,-109.682716483,-103.889822351,-123.038913016
76021743.774414062,76.021743774414,21743.7744141,-60.9265768868,-110.31880283,-104.027991193,-123.022620981
76021888.732910156,76.021888732910,21888.7329102,-60.8688631377,-110.865608818,-104.315855982,-122.792392012
76022033.69140625,76.022033691406,22033.6914062,-60.8115303404,-110.624135849,-104.043690074,-123.163938152
76022178.649902344,76.022178649902,22178.6499023,-60.7545734988,-109.306534917,-104.552608255,-123.268923195
76022323.608398438,76.022323608398,22323.6083984,-60.6979877144,-109.376977012,-102.796885819,-122.792690196
76022468.566894531,76.022468566895,22468.5668945,-60.6417681838,-110.060431946,-103.108738226,-123.610511313
76022613.525390625,76.022613525391,22613.5253906,-60.5859101963,-110.54180945,-103.790111168,-122.601004621
76022758.483886719,76.022758483887,22758.4838867,-60.5304091315,-111.892239356,-104.458994656,-122.591998337
76022903.442382812,76.022903442383,22903.4423828,-60.4752604569,-110.170053272,-103.802968858,-124.183402619
76023048.400878906,76.023048400879,23048.4008789,-60.4204597261,-110.68838547,-104.298307188,-123.631902809
76023193.359375,76.023193359375,23193.359375,-60.366002576,-109.428619717,-104.78827111,-122.198977351
76023338.317871094,76.023338317871,23338.3178711,-60.3118847251,-109.724242897,-104.23277026,-121.782687954
76023483.276367188,76.023483276367,23483.2763672,-60.2581019717,-111.529600419,-105.476333879,-122.30905512
76023628.234863281,76.023628234863,23628.2348633,-60.2046501914,-111.051790174,-103.788019829,-122.365342685
76023773.193359375,76.023773193359,23773.1933594,-60.1515253355,-109.387968199,-102.14324367,-121.842175302
76023918.151855469,76.023918151855,23918.1518555,-60.0987234293,-108.953450085,-102.366015566,-121.567663273
76024063.110351562,76.024063110352,24063.1103516,-60.0462405699,-110.214293891,-104.087026628,-123.426699421
76024208.068847656,76.024208068848,24208.0688477,-59.9940729251,-108.826934578,-104.559659905,-122.539330606
76024353.02734375,76.024353027344,24353.0273438,-59.942216731,-108.568358406,-104.918903885,-121.173937301
76024497.985839844,76.024497985840,24497.9858398,-59.8906682907,-109.949241649,-104.942730731,-120.910028513
76024642.944335938,76.024642944336,24642.9443359,-59.839423973,-109.042061661,-103.122348693,-120.722912158
76024787.902832031,76.024787902832,24787.902832,-59.7884802105,-108.989768382,-101.52671629,-122.044132064
76024932.861328125,76.024932861328,24932.8613281,-59.737833498,-110.024094826,-101.936668529,-122.073247405
76025077.819824219,76.025077819824,25077.8198242,-59.6874803915,-109.631665823,-102.181241272,-121.142818036
76025222.778320312,76.025222778320,25222.7783203,-59.6374175065,-111.060137968,-103.048599377,-121.313313951
76025367.736816406,76.025367736816,25367.7368164,-59.5876415165,-110.748773038,-102.431308572,-121.843262586
76025512.6953125,76.025512695312,25512.6953125,-59.5381491522,-108.846671424,-102.499402861,-121.326920148
76025657.653808594,76.025657653809,25657.6538086,-59.4889371996,-108.390169566,-101.607282022,-120.184389692
76025802.612304688,76.025802612305,25802.6123047,-59.4400024991,-108.749798213,-101.740502047,-121.108563656
76025947.570800781,76.025947570801,25947.5708008,-59.3913419443,-108.423600177,-101.623279176,-121.841961829
76026092.529296875,76.026092529297,26092.5292969,-59.3429524805,-107.544324901,-102.391083786,-121.66984363
76026237.487792969,76.026237487793,26237.487793,-59.2948311039,-108.038288099,-102.221804278,-122.441812766
76026382.446289062,76.026382446289,26382.4462891,-59.2469748605,-108.369551089,-101.794815157,-121.994706908
76026527.404785156,76.026527404785,26527.4047852,-59.1993808445,-108.139562935,-101.807417724,-122.659833091
76026672.36328125,76.026672363281,26672.3632812,-59.152046198,-108.790120711,-101.958758588,-122.052510743
76026817.321777344,76.026817321777,26817.3217773,-59.1049681093,-107.879522355,-102.262130582,-121.180985175
76026962.280273438,76.026962280273,26962.2802734,-59.0581438123,-107.792041195,-101.79750852,-120.694070972
76027107.238769531,76.027107238770,27107.2387695,-59.0115705853,-108.900294837,-101.313491001,-119.618941226
76027252.197265625,76.027252197266,27252.1972656,-58.9652457503,-109.015182147,-101.491393564,-119.776784244
76027397.155761719,76.027397155762,27397.1557617,-58.9191666717,-109.503798111,-101.641851919,-121.113452104
76027542.114257812,76.027542114258,27542.1142578,-58.8733307558,-108.734931557,-102.032143439,-122.102084202
76027687.072753906,76.027687072754,27687.0727539,-58.8277354497,-108.922065696,-100.935951723,-121.638367669
76027832.03125,76.027832031250,27832.03125,-58.7823782405,-108.696051292,-101.25232796,-121.342959933
76027976.989746094,76.027976989746,27976.9897461,-58.7372566544,-108.041286247,-100.9091369,-121.741809329
76028121.948242188,76.028121948242,28121.9482422,-58.6923682561,-107.914029947,-101.542683139,-120.486166979
76028266.906738281,76.028266906738,28266.9067383,-58.6477106477,-107.774360821,-101.599722856,-120.943674131
76028411.865234375,76.028411865234,28411.8652344,-58.6032814681,-106.830398873,-101.165177442,-120.604707722
76028556.823730469,76.028556823730,28556.8237305,-58.5590783924,-106.383888701,-100.568679587,-119.424209411
76028701.782226562,76.028701782227,28701.7822266,-58.515099131,-107.154186967,-100.258163819,-119.466392377
76028846.740722656,76.028846740723,28846.7407227,-58.4713414286,-108.44681689,-101.654869127,-120.272179475
76028991.69921875,76.028991699219,28991.6992188,-58.4278030643,-107.917905588,-101.132305072,-119.937306686
76029136.657714844,76.029136657715,29136.6577148,-58.38448185,-108.330000981,-100.298229374,-119.686643948
76029281.616210938,76.029281616211,29281.6162109,-58.3413756304,-108.121771644,-100.955992026,-120.280588631
76029426.574707031,76.029426574707,29426.574707,-58.2984822821,-107.189121602,-101.376739792,-119.611752762
76029571.533203125,76.029571533203,29571.5332031,-58.255799713,-108.019673029,-101.495025741,-119.727436843
76029716.491699219,76.029716491699,29716.4916992,-58.2133258617,-108.727153515,-100.259291223,-120.878079465
76029861.450195312,76.029861450195,29861.4501953,-58.1710586968,-108.718418259,-101.536865234,-120.85469121
76030006.408691406,76.030006408691,30006.4086914,-58.1289962165,-107.555990836,-100.676842396,-119.541886727
76030151.3671875,76.030151367188,30151.3671875,-58.087136448,-107.460745186,-100.813051951,-119.419576207
76030296.325683594,76.030296325684,30296.3256836,-58.0454774467,-107.030322309,-100.877476685,-119.18336613
76030441.284179688,76.030441284180,30441.2841797,-58.004017296,-107.36567809,-102.76525009,-119.590478837
76030586.242675781,76.030586242676,30586.2426758,-57.9627541066,-106.106560183,-102.440242315,-120.680111439
76030731.201171875,76.030731201172,30731.2011719,-57.921686016,-106.660961012,-102.105344654,-119.908894836
76030876.159667969,76.030876159668,30876.159668,-57.8808111879,-107.900986633,-101.403364047,-119.463591305
76031021.118164062,76.031021118164,31021.1181641,-57.8401278119,-107.858625978,-100.079597873,-119.120848442
76031166.076660156,76.031166076660,31166.0766602,-57.7996341028,-107.177472182,-100.035500903,-119.181058894
76031311.03515625,76.031311035156,31311.0351562,-57.7593283005,-108.02925198,-101.13432381,-119.951232651
76031455.993652344,76.031455993652,31455.9936523,-57.7192086691,-106.886654728,-101.325940793,-119.866444448
76031600.952148438,76.031600952148,31600.9521484,-57.6792734966,-106.8334276,-100.877145463,-120.543633518
76031745.910644531,76.031745910645,31745.9106445,-57.6395210946,-106.89409579,-100.026188895,-120.469197384
76031890.869140625,76.031890869141,31890.8691406,-57.5999497977,-107.158776815,-100.137593672,-119.856446499
76032035.827636719,76.032035827637,32035.8276367,-57.5605579634,-107.69499547,-100.266774446,-120.706767407
76032180.786132812,76.032180786133,32180.7861328,-57.5213439711,-108.600757653,-99.1681663077,-120.91469851
76032325.744628906,76.032325744629,32325.7446289,-57.4823062223,-107.050898543,-98.9092221938,-119.840291964
76032470.703125,76.032470703125,32470.703125,-57.4434431398,-106.350693951,-100.09062547,-118.303298047
76032615.661621094,76.032615661621,32615.6616211,-57.4047531676,-106.85597834,-101.157884474,-117.367795637
76032760.620117188,76.032760620117,32760.6201172,-57.3662347703,-106.835969008,-100.729273133,-119.654042437
76032905.578613281,76.032905578613,32905.5786133,-57.327886433,-107.079217442,-100.287631365,-118.258338512
76033050.537109375,76.033050537109,33050.5371094,-57.2897066605,-106.555843621,-100.373552256,-118.157953413
76033195.495605469,76.033195495605,33195.4956055,-57.2516939774,-105.655818542,-100.242087942,-120.543806892
76033340.454101562,76.033340454102,33340.4541016,-57.2138469277,-105.572565652,-99.2872270118,-119.606025538
76033485.412597656,76.033485412598,33485.4125977,-57.1761640742,-106.748291408,-99.3072536661,-118.854290778
76033630.37109375,76.033630371094,33630.3710938,-57.1386439983,-106.06346518,-99.4982001865,-118.442541245
76033775.329589844,76.033775329590,33775.3295898,-57.1012852998,-105.502361755,-100.254728308,-118.409407295
76033920.288085938,76.033920288086,33920.2880859,-57.0640865964,-106.15925704,-99.7853382127,-119.237834622
76034065.246582031,76.034065246582,34065.246582,-57.0270465235,-106.545196409,-99.4467979113,-118.94268804
76034210.205078125,76.034210205078,34210.2050781,-56.990163734,-107.504898359,-99.5083506718,-117.926826831
76034355.163574219,76.034355163574,34355.1635742,-56.9534368978,-106.202113273,-100.235218624,-117.886818625
76034500.122070312,76.034500122070,34500.1220703,-56.9168647016,-105.871311358,-102.285614856,-118.6250269
76034645.080566406,76.034645080566,34645.0805664,-56.8804458485,-105.037081392,-101.719637409,-118.858503551
76034790.0390625,76.034790039062,34790.0390625,-56.8441790582,-105.777805528,-99.1896697337,-118.139659735
76034934.997558594,76.034934997559,34934.9975586,-56.8080630659,-107.829069565,-99.420764254,-118.0877346
76035079.956054688,76.035079956055,35079.9560547,-56.7720966229,-107.259862951,-99.7875066204,-118.336571151
76035224.914550781,76.035224914551,35224.9145508,-56.7362784957,-106.859157783,-100.206889618,-118.532275601
76035369.873046875,76.035369873047,35369.8730469,-56.7006074662,-106.881771746,-101.042883856,-118.620402733
76035514.831542969,76.035514831543,35514.831543,-56.6650823311,-106.147279433,-100.051064549,-119.975855245
76035659.790039062,76.035659790039,35659.7900391,-56.6297019019,-106.854433457,-98.1209803517,-118.669974345
76035804.748535156,76.035804748535,35804.7485352,-56.5944650044,-106.813883028,-96.9637861806,-119.171990539
76035949.70703125,76.035949707031,35949.7070312,-56.5593704788,-106.078472158,-99.4613055751,-119.192455464
76036094.665527344,76.036094665527,36094.6655273,-56.5244171792,-105.60550644,-100.207834615,-118.415921033
76036239.624023438,76.036239624023,36239.6240234,-56.4896039736,-104.57769805,-98.829080677,-117.10559737
76036384.582519531,76.036384582520,36384.5825195,-56.4549297435,-104.34801598,-99.8349485896,-116.738439063
76036529.541015625,76.036529541016,36529.5410156,-56.4203933836,-105.374534799,-98.2686572994,-117.488349281
76036674.499511719,76.036674499512,36674.4995117,-56.385993802,-106.86211845,-98.9845792311,-118.923531248
76036819.458007812,76.036819458008,36819.4580078,-56.3517299195,-105.460798104,-98.5714105954,-118.937991389
76036964.416503906,76.036964416504,36964.4165039,-56.3176006696,-105.514746072,-98.412511638,-117.921850954
76037109.375,76.037109375000,37109.375,-56.2836049987,-105.356512726,-98.835744724,-117.420813823
76037254.333496094,76.037254333496,37254.3334961,-56.2497418649,-106.585878217,-99.1535111308,-117.824398671
76037399.291992188,76.037399291992,37399.2919922,-56.2160102391,-106.937772304,-98.3595812064,-118.870304858
76037544.250488281,76.037544250488,37544.2504883,-56.1824091036,-105.491540968,-98.6753338996,-118.340515273
76037689.208984375,76.037689208984,37689.2089844,-56.1489374528,-105.088654883,-99.3950347434,-117.90356415
76037834.167480469,76.037834167480,37834.1674805,-56.1155942925,-105.757810504,-99.0032027819,-117.946027481
76037979.125976562,76.037979125977,37979.1259766,-56.08237864,-105.50522414,-99.0700995946,-118.550261478
76038124.084472656,76.038124084473,38124.0844727,-56.0492895239,-104.903648343,-99.8827074862,-117.994528526
76038269.04296875,76.038269042969,38269.0429688,-56.0163259837,-104.324928498,-99.7928759765,-118.423685179
76038414.001464844,76.038414001465,38414.0014648,-55.9834870699,-104.720153459,-99.0936152578,-117.835063683
76038558.959960938,76.038558959961,38558.9599609,-55.9507718436,-105.699520819,-98.9333830076,-118.233516532
76038703.918457031,76.038703918457,38703.918457,-55.9181793766,-106.123268158,-99.7483297115,-119.056778759
76038848.876953125,76.038848876953,38848.8769531,-55.8857087512,-105.843340434,-99.8644364931,-118.141633126
76038993.835449219,76.038993835449,38993.8354492,-55.8533590596,-105.748655103,-99.595151751,-117.740089695
76039138.793945312,76.039138793945,39138.7939453,-55.8211294045,-106.137789503,-100.00610348,-117.796889124
76039283.752441406,76.039283752441,39283.7524414,-55.7890188983,-106.267816328,-98.753120016,-117.870774684
76039428.7109375,76.039428710938,39428.7109375,-55.7570266633,-104.930902672,-97.0309384108,-118.5802801
76039573.669433594,76.039573669434,39573.6694336,-55.7251518315,-103.753660162,-97.5700914132,-117.726208443
76039718.627929688,76.039718627930,39718.6279297,-55.6933935444,-103.260689057,-97.5637018699,-117.944413347
76039863.586425781,76.039863586426,39863.5864258,-55.6617509527,-102.919666252,-98.0020406664,-117.589006993
76040008.544921875,76.040008544922,40008.5449219,-55.6302232166,-104.083351578,-98.3442069638,-116.943181902
76040153.503417969,76.040153503418,40153.503418,-55.5988095054,-107.635473646,-98.9957379516,-116.59357503
76040298.461914062,76.040298461914,40298.4619141,-55.5675089972,-105.865260045,-99.2237038152,-116.235623287
76040443.420410156,76.040443420410,40443.4204102,-55.536320879,-105.150438763,-97.710560016,-117.24923906
76040588.37890625,76.040588378906,40588.3789062,-55.5052443467,-104.639289453,-97.8316718891,-116.22331673
76040733.337402344,76.040733337402,40733.3374023,-55.4742786046,-104.977957053,-98.4545744731,-116.623627255
76040878.295898438,76.040878295898,40878.2958984,-55.4434228656,-104.424960465,-98.9891290951,-116.793647579
76041023.254394531,76.041023254395,41023.2543945,-55.4126763508,-104.85772555,-99.2374722098,-116.148046448
76041168.212890625,76.041168212891,41168.2128906,-55.3820382899,-105.630321349,-99.5269397397,-116.175098489
76041313.171386719,76.041313171387,41313.1713867,-55.3515079202,-105.332055995,-98.6114994902,-117.127843449
76041458.129882812,76.041458129883,41458.1298828,-55.3210844875,-104.82216973,-98.5966167694,-116.822782225
76041603.088378906,76.041603088379,41603.0883789,-55.2907672452,-104.710775149,-97.6293897215,-116.247429658
76041748.046875,76.041748046875,41748.046875,-55.2605554545,-104.776120296,-96.4894122854,-117.687255828
76041893.005371094,76.041893005371,41893.0053711,-55.2304483846,-104.450405072,-97.5964047249,-117.588089739
76042037.963867188,76.042037963867,42037.9638672,-55.2004453118,-104.567389808,-97.2086137735,-116.581324921
76042182.922363281,76.042182922363,42182.9223633,-55.1705455203,-104.11085523,-97.1585777486,-118.335269018
76042327.880859375,76.042327880859,42327.8808594,-55.1407483014,-104.914429548,-97.1813067564,-117.636069798
76042472.839355469,76.042472839355,42472.8393555,-55.1110529536,-104.601934211,-96.7250605889,-117.283418238
76042617.797851562,76.042617797852,42617.7978516,-55.081458783,-104.267221126,-97.6060334076,-117.267966963
76042762.756347656,76.042762756348,42762.7563477,-55.0519651023,-105.881641672,-98.2871629853,-117.202784991
76042907.71484375,76.042907714844,42907.7148438,-55.0225712314,-103.860858271,-96.9237886973,-117.137932686
76043052.673339844,76.043052673340,43052.6733398,-54.9932764971,-104.925934578,-96.655292456,-117.405097181
76043197.631835938,76.043197631836,43197.6318359,-54.9640802328,-105.581209083,-97.9716222102,-115.500756944
76043342.590332031,76.043342590332,43342.590332,-54.9349817789,-104.610384892,-98.1814554088,-115.770222699
76043487.548828125,76.043487548828,43487.5488281,-54.9059804821,-104.055583744,-97.6413144475,-116.397382573
76043632.507324219,76.043632507324,43632.5073242,-54.8770756959,-103.793028066,-97.8673853191,-117.769284672
76043777.465820312,76.043777465820,43777.4658203,-54.8482667799,-103.422819743,-98.216102716,-117.716014876
76043922.424316406,76.043922424316,43922.4243164,-54.8195531005,-103.866286858,-97.4001673216,-117.366590575
76044067.3828125,76.044067382812,44067.3828125,-54.7909340299,-103.629622625,-97.1176419308,-116.716281603
76044212.341308594,76.044212341309,44212.3413086,-54.7624089468,-102.63126175,-97.7557654525,-115.92976058
76044357.299804688,76.044357299805,44357.2998047,-54.7339772358,-103.281032333,-97.2764448654,-115.762701491
76044502.258300781,76.044502258301,44502.2583008,-54.7056382878,-103.214969745,-97.4853595229,-114.880669041
76044647.216796875,76.044647216797,44647.2167969,-54.6773914993,-104.604522271,-98.5095488066,-116.066566659
76044792.175292969,76.044792175293,44792.175293,-54.6492362729,-105.43919419,-98.634379101,-116.17466841
76044937.133789062,76.044937133789,44937.1337891,-54.6211720169,-103.802377928,-98.3680300809,-115.885105349
76045082.092285156,76.045082092285,45082.0922852,-54.5931981453,-103.685993429,-98.0957126353,-115.640095927
76045227.05078125,76.045227050781,45227.0507812,-54.5653140778,-104.644996603,-97.5855247593,-114.986472048
76045372.009277344,76.045372009277,45372.0092773,-54.5375192398,-103.919031419,-97.5488365878,-115.685352867
76045516.967773438,76.045516967773,45516.9677734,-54.5098130618,-102.906655044,-98.0427196526,-116.204432066
76045661.926269531,76.045661926270,45661.9262695,-54.4821949802,-102.884502289,-98.2491402759,-115.635244463
76045806.884765625,76.045806884766,45806.8847656,-54.4546644364,-104.238620508,-97.823675654,-115.093640735
76045951.843261719,76.045951843262,45951.8432617,-54.4272208773,-104.718439233,-98.1005370754,-115.413567908
76046096.801757812,76.046096801758,46096.8017578,-54.399863755,-105.254474593,-97.8088426708,-114.669789877
76046241.760253906,76.046241760254,46241.7602539,-54.3725925267,-105.943507227,-96.9425530011,-115.934740098
76046386.71875,76.046386718750,46386.71875,-54.3454066546,-104.350302364,-97.1831939794,-116.111439436
76046531.677246094,76.046531677246,46531.6772461,-54.3183056062,-104.169525968,-96.74288829,-116.744560662
76046676.635742188,76.046676635742,46676.6357422,-54.2912888538,-104.940774765,-96.7093826108,-115.790914867
76046821.594238281,76.046821594238,46821.5942383,-54.2643558747,-104.042911996,-97.71543886,-115.424899014
76046966.552734375,76.046966552734,46966.5527344,-54.2375061508,-102.35136916,-96.2412390354,-116.057482158
76047111.511230469,76.047111511230,47111.5112305,-54.2107391691,-102.746488473,-96.1367145168,-116.121822278
76047256.469726562,76.047256469727,47256.4697266,-54.1840544211,-103.69717281,-97.4793680922,-116.308251326
76047401.428222656,76.047401428223,47401.4282227,-54.1574514032,-103.073519828,-97.268386733,-116.736318571
76047546.38671875,76.047546386719,47546.3867188,-54.1309296162,-103.223986339,-96.872012045,-116.968071532
76047691.345214844,76.047691345215,47691.3452148,-54.1044885656,-103.280255188,-96.0618299481,-117.39036925
76047836.303710938,76.047836303711,47836.3037109,-54.0781277613,-102.683933749,-97.0317683202,-116.906485522
76047981.262207031,76.047981262207,47981.262207,-54.0518467177,-103.757488729,-97.926186788,-115.569000223
76048126.220703125,76.048126220703,48126.2207031,-54.0256449536,-103.906322763,-97.8495331311,-113.523110492
76048271.179199219,76.048271179199,48271.1791992,-53.9995219921,-104.623734941,-96.3997244722,-113.728061877
76048416.137695312,76.048416137695,48416.1376953,-53.9734773607,-103.977948247,-95.0811075764,-115.393032298
76048561.096191406,76.048561096191,48561.0961914,-53.947510591,-103.663763761,-95.7982693606,-115.318982704
76048706.0546875,76.048706054688,48706.0546875,-53.9216212188,-102.738542383,-95.5219268611,-115.504737668
76048851.013183594,76.048851013184,48851.0131836,-53.8958087841,-101.551463627,-95.9863246129,-116.614879289
76048995.971679688,76.048995971680,48995.9716797,-53.8700728311,-101.27974304,-95.6081811411,-116.736322872
76049140.930175781,76.049140930176,49140.9301758,-53.8444129078,-102.435896001,-95.7532252399,-115.897691313
76049285.888671875,76.049285888672,49285.8886719,-53.8188285663,-103.540427614,-95.2518228066,-114.645535758
76049430.847167969,76.049430847168,49430.847168,-53.7933193627,-103.902492634,-96.4968600951,-114.870098586
76049575.805664062,76.049575805664,49575.8056641,-53.7678848569,-104.959135638,-96.7787195834,-115.762619478
76049720.764160156,76.049720764160,49720.7641602,-53.7425246128,-104.654817473,-96.4056595628,-115.573780985
76049865.72265625,76.049865722656,49865.7226562,-53.7172381979,-103.656599595,-96.9711732985,-115.396814718
76050010.681152344,76.050010681152,50010.6811523,-53.6920251837,-103.787157857,-96.3537928892,-115.640989498
76050155.639648438,76.050155639648,50155.6396484,-53.6668851452,-102.946967208,-95.7800534269,-114.850213738
76050300.598144531,76.050300598145,50300.5981445,-53.6418176613,-102.453365228,-96.5967966253,-115.513772123
76050445.556640625,76.050445556641,50445.5566406,-53.6168223143,-102.581352491,-96.585767691,-116.159151423
76050590.515136719,76.050590515137,50590.5151367,-53.5918986903,-103.742631882,-96.4616926339,-116.487839519
76050735.473632812,76.050735473633,50735.4736328,-53.5670463788,-103.049737535,-96.199067361,-115.037289793
76050880.432128906,76.050880432129,50880.4321289,-53.5422649729,-101.95670583,-97.2532732363,-115.079278736
76051025.390625,76.051025390625,51025.390625,-53.5175540692,-102.274285209,-96.9851000402,-114.728670985
76051170.349121094,76.051170349121,51170.3491211,-53.4929132677,-102.99355393,-96.7491200339,-114.646232833
76051315.307617188,76.051315307617,51315.3076172,-53.4683421716,-102.821338213,-96.7691172568,-114.563943027
76051460.266113281,76.051460266113,51460.2661133,-53.4438403879,-104.010438312,-96.2189781942,-114.822558336
76051605.224609375,76.051605224609,51605.2246094,-53.4194075265,-103.475150646,-96.9898084092,-115.423455243
76051750.183105469,76.051750183105,51750.1831055,-53.3950432008,-102.643978753,-96.9864837307,-114.736180933
76051895.141601562,76.051895141602,51895.1416016,-53.3707470273,-101.53156552,-96.6530334485,-114.438605233
76052040.100097656,76.052040100098,52040.1000977,-53.3465186259,-101.507031573,-97.8424678585,-114.444794734
76052185.05859375,76.052185058594,52185.0585938,-53.3223576195,-101.805855875,-97.7781962787,-114.887959497
76052330.017089844,76.052330017090,52330.0170898,-53.2982636342,-102.826255631,-96.7351469892,-115.3326272
76052474.975585938,76.052474975586,52474.9755859,-53.2742362992,-103.918566095,-97.3193343707,-115.969465535
76052619.934082031,76.052619934082,52619.934082,-53.2502752469,-104.190259127,-95.4032165279,-113.817307083
76052764.892578125,76.052764892578,52764.8925781,-53.2263801124,-104.156417325,-94.3139948625,-113.275897473
76052909.851074219,76.052909851074,52909.8510742,-53.2025505341,-103.951577393,-95.3515562994,-115.152479309
76053054.809570312,76.053054809570,53054.8095703,-53.1787861534,-103.06618644,-96.6331686773,-115.111064642
76053199.768066406,76.053199768066,53199.7680664,-53.1550866143,-101.362766562,-97.4298005602,-114.402176651
76053344.7265625,76.053344726562,53344.7265625,-53.1314515641,-100.882478918,-95.0730522117,-115.014102096
76053489.685058594,76.053489685059,53489.6850586,-53.1078806527,-101.124170122,-95.0585073308,-114.35043571
76053634.643554688,76.053634643555,53634.6435547,-53.0843735329,-101.633303322,-95.1236291643,-111.821525428
76053779.602050781,76.053779602051,53779.6020508,-53.0609298605,-102.781874463,-95.4224751948,-113.513077489
76053924.560546875,76.053924560547,53924.5605469,-53.0375492938,-102.001685218,-95.8067580524,-113.689113679
76054069.519042969,76.054069519043,54069.519043,-53.014231494,-101.815124244,-95.4354929366,-113.483894836
76054214.477539062,76.054214477539,54214.4775391,-52.990976125,-102.233591934,-95.8117050897,-114.137371608
76054359.436035156,76.054359436035,54359.4360352,-52.9677828533,-102.060218545,-95.7035046314,-114.162224931
76054504.39453125,76.054504394531,54504.3945312,-52.9446513484,-101.963280667,-96.7470264657,-114.495120505
76054649.353027344,76.054649353027,54649.3530273,-52.921581282,-103.731800021,-96.4494472709,-114.386982536
76054794.311523438,76.054794311523,54794.3115234,-52.8985723286,-101.644651705,-95.9058105484,-114.41682873
76054939.270019531,76.054939270020,54939.2700195,-52.8756241653,-101.473370035,-95.2421118748,-115.60562974
76055084.228515625,76.055084228516,55084.2285156,-52.8527364718,-101.927309029,-96.4152472803,-114.080659658
76055229.187011719,76.055229187012,55229.1870117,-52.8299089302,-101.935538423,-95.1567709959,-113.587792293
76055374.145507812,76.055374145508,55374.1455078,-52.8071412251,-102.737108668,-94.8982818285,-113.637772198
76055519.104003906,76.055519104004,55519.1040039,-52.7844330437,-102.357067401,-96.6199614766,-115.023516929
76055664.0625,76.055664062500,55664.0625,-52.7617840756,-103.190255894,-96.1683428256,-115.895169609
76055809.020996094,76.055809020996,55809.0209961,-52.7391940128,-103.443633722,-96.2878359557,-115.463265754
76055953.979492188,76.055953979492,55953.9794922,-52.7166625496,-104.012849373,-96.5274625987,-114.937688284
76056098.937988281,76.056098937988,56098.9379883,-52.6941893828,-102.567712183,-96.0081872683,-115.493331834
76056243.896484375,76.056243896484,56243.8964844,-52.6717742116,-100.794364898,-94.9972311318,-115.442641739
76056388.854980469,76.056388854980,56388.8549805,-52.6494167373,-101.551046722,-95.9974119765,-114.625618978
76056533.813476562,76.056533813477,56533.8134766,-52.6271166638,-102.182135107,-95.0251894256,-113.972997314
76056678.771972656,76.056678771973,56678.7719727,-52.604873697,-102.090896037,-94.7900369203,-113.456573181
76056823.73046875,76.056823730469,56823.7304688,-52.5826875452,-101.18109158,-94.9582194859,-113.603513459
76056968.688964844,76.056968688965,56968.6889648,-52.5605579189,-100.866610895,-95.5073852021,-113.841734738
76057113.647460938,76.057113647461,57113.6474609,-52.5384845308,-100.881162805,-96.9265707229,-113.683477369
76057258.605957031,76.057258605957,57258.605957,-52.5164670958,-102.048541369,-96.1235645552,-114.289919644
76057403.564453125,76.057403564453,57403.5644531,-52.494505331,-102.234484281,-94.453909304,-113.446255386
76057548.522949219,76.057548522949,57548.5229492,-52.4725989554,-102.016565335,-95.0360251419,-113.498956565
76057693.481445312,76.057693481445,57693.4814453,-52.4507476905,-102.524165399,-95.1274750808,-113.64372479
76057838.439941406,76.057838439941,57838.4399414,-52.4289512597,-102.132917604,-94.8579782542,-113.488636493
76057983.3984375,76.057983398438,57983.3984375,-52.4072093884,-101.134497068,-95.6932349052,-112.313238194
76058128.356933594,76.058128356934,58128.3569336,-52.3855218042,-100.77909488,-96.5676359759,-112.577700999
76058273.315429688,76.058273315430,58273.3154297,-52.3638882367,-100.685075584,-95.4643613471,-112.924630635
76058418.273925781,76.058418273926,58418.2739258,-52.3423084174,-101.124949357,-94.9313879537,-114.034026379
76058563.232421875,76.058563232422,58563.2324219,-52.3207820799,-101.404160219,-94.395604735,-114.416154679
76058708.190917969,76.058708190918,58708.190918,-52.2993089599,-102.084874869,-94.935855892,-113.810960474
76058853.149414062,76.058853149414,58853.1494141,-52.2778887948,-101.848826213,-94.716091884,-113.862344158
76058998.107910156,76.058998107910,58998.1079102,-52.2565213241,-101.673224622,-96.3393938611,-113.778010984
76059143.06640625,76.059143066406,59143.0664062,-52.2352062892,-100.03298214,-95.9221900589,-113.197078504
76059288.024902344,76.059288024902,59288.0249023,-52.2139434333,-100.356669132,-95.6590779131,-114.563261326
76059432.983398438,76.059432983398,59432.9833984,-52.1927325016,-101.2882992,-95.4744944008,-113.605201793
76059577.941894531,76.059577941895,59577.9418945,-52.1715732412,-102.166110962,-95.2604175075,-113.238038515
76059722.900390625,76.059722900391,59722.9003906,-52.1504654008,-100.873857354,-94.9733717582,-113.373450104
76059867.858886719,76.059867858887,59867.8588867,-52.1294087312,-101.608112577,-93.5405809817,-113.930666104
76060012.817382812,76.060012817383,60012.8173828,-52.1084029849,-102.124974989,-94.0908382036,-114.042863279
76060157.775878906,76.060157775879,60157.7758789,-52.0874479162,-102.43472445,-95.0024429091,-113.801717875
76060302.734375,76.060302734375,60302.734375,-52.0665432811,-101.477187151,-94.4241550997,-114.577777741
76060447.692871094,76.060447692871,60447.6928711,-52.0456888374,-100.838218194,-93.5956332293,-113.509748604
76060592.651367188,76.060592651367,60592.6513672,-52.0248843448,-101.098640608,-95.5080075255,-112.328498657
76060737.609863281,76.060737609863,60737.6098633,-52.0041295645,-101.199333628,-95.3988849182,-112.520864816
76060882.568359375,76.060882568359,60882.5683594,-51.9834242595,-101.058214306,-95.865316352,-113.796624855
76061027.526855469,76.061027526855,61027.5268555,-51.9627681944,-101.955180058,-96.317084437,-113.148570761
76061172.485351562,76.061172485352,61172.4853516,-51.9421611357,-102.196684476,-95.504219544,-113.758124933
76061317.443847656,76.061317443848,61317.4438477,-51.9216028514,-102.002123496,-94.4576418394,-113.527325517
76061462.40234375,76.061462402344,61462.4023438,-51.901093111,-100.69335302,-93.892751141,-112.713098395
76061607.360839844,76.061607360840,61607.3608398,-51.880631686,-100.1337431,-94.5219678761,-112.514919009
76061752.319335938,76.061752319336,61752.3193359,-51.8602183492,-100.833979064,-93.920500729,-112.868035826
76061897.277832031,76.061897277832,61897.277832,-51.8398528751,-101.433165869,-95.0421094309,-112.72556103
76062042.236328125,76.062042236328,62042.2363281,-51.8195350398,-100.705000486,-95.4070176669,-113.706527567
76062187.194824219,76.062187194824,62187.1948242,-51.7992646209,-99.826981305,-94.5788175288,-114.406363068
76062332.153320312,76.062332153320,62332.1533203,-51.7790413976,-101.869491487,-94.445388254,-114.608580302
76062477.111816406,76.062477111816,62477.1118164,-51.7588651508,-102.560792427,-94.8655061442,-112.968394438
76062622.0703125,76.062622070312,62622.0703125,-51.7387356626,-102.96736281,-94.6983523777,-112.872191232
76062767.028808594,76.062767028809,62767.0288086,-51.7186527167,-101.341311143,-96.359973984,-113.007946958
76062911.987304688,76.062911987305,62911.9873047,-51.6986160986,-100.433702611,-94.4354108005,-112.406476458
76063056.945800781,76.063056945801,63056.9458008,-51.678625595,-101.044782199,-94.3489714987,-112.660322922
76063201.904296875,76.063201904297,63201.9042969,-51.6586809939,-100.398741233,-94.6660645605,-114.766708793
76063346.862792969,76.063346862793,63346.862793,-51.6387820853,-100.877956301,-93.5177814238,-114.038638183
76063491.821289062,76.063491821289,63491.8212891,-51.6189286601,-102.211916834,-93.6626482936,-112.68023027
76063636.779785156,76.063636779785,63636.7797852,-51.5991205109,-101.748987679,-93.6690374186,-113.011064956
76063781.73828125,76.063781738281,63781.7382812,-51.5793574317,-101.002927015,-92.7140020963,-112.043141203
76063926.696777344,76.063926696777,63926.6967773,-51.5596392179,-100.791081991,-93.1151696471,-112.013029024
76064071.655273438,76.064071655273,64071.6552734,-51.5399656662,-101.201979384,-94.5848930943,-113.264367706
76064216.613769531,76.064216613770,64216.6137695,-51.5203365747,-101.263530032,-94.5485053517,-112.5806244
76064361.572265625,76.064361572266,64361.5722656,-51.500751743,-101.46683835,-92.814329632,-112.942832412
76064506.530761719,76.064506530762,64506.5307617,-51.4812109718,-101.300168233,-94.9098574549,-113.478072761
76064651.489257812,76.064651489258,64651.4892578,-51.4617140635,-100.523271269,-94.5271959269,-113.106705286
76064796.447753906,76.064796447754,64796.4477539,-51.4422608215,-100.887364441,-94.6157480113,-113.500163133
76064941.40625,76.064941406250,64941.40625,-51.4228510507,-101.154557694,-93.7847879788,-112.53357254
76065086.364746094,76.065086364746,65086.3647461,-51.4034845573,-101.325223533,-92.9535917055,-111.273133999
76065231.323242188,76.065231323242,65231.3232422,-51.3841611486,-100.90061161,-93.7489864096,-112.937210837
76065376.281738281,76.065376281738,65376.2817383,-51.3648806333,-100.465921524,-93.6498856661,-112.942561293
76065521.240234375,76.065521240234,65521.2402344,-51.3456428216,-100.267116133,-94.2385372251,-113.684685002
76065666.198730469,76.065666198730,65666.1987305,-51.3264475246,-100.234330927,-94.1942118467,-113.906245348
76065811.157226562,76.065811157227,65811.1572266,-51.3072945549,-100.115911061,-93.7153790884,-113.570965701
76065956.115722656,76.065956115723,65956.1157227,-51.2881837261,-100.359647097,-94.3648559096,-112.657328314
76066101.07421875,76.066101074219,66101.0742188,-51.2691148533,-100.34058248,-95.6152903026,-112.675931825
76066246.032714844,76.066246032715,66246.0327148,-51.2500877527,-101.374230036,-94.3201033429,-114.145894508
76066390.991210938,76.066390991211,66390.9912109,-51.2311022416,-100.738029107,-93.835130157,-112.287773518
76066535.949707031,76.066535949707,66535.949707,-51.2121581386,-101.124581155,-94.7106724069,-112.30259506
76066680.908203125,76.066680908203,66680.9082031,-51.1932552634,-101.338305128,-95.1973911849,-112.963989439
76066825.866699219,76.066825866699,66825.8666992,-51.1743934371,-102.009974766,-95.1306568964,-112.988509544
76066970.825195312,76.066970825195,66970.8251953,-51.1555724818,-100.153523498,-94.9089865842,-113.344737653
76067115.783691406,76.067115783691,67115.7836914,-51.1367922206,-100.849021491,-95.1184807077,-112.708367948
76067260.7421875,76.067260742188,67260.7421875,-51.1180524781,-101.118757331,-94.9969447892,-112.821130278
76067405.700683594,76.067405700684,67405.7006836,-51.0993530797,-100.253070054,-94.3688181055,-112.087103855
76067550.659179688,76.067550659180,67550.6591797,-51.0806938521,-100.978388424,-93.3103454946,-111.791443691
76067695.617675781,76.067695617676,67695.6176758,-51.062074623,-100.573556204,-93.5212063111,-113.230064638
76067840.576171875,76.067840576172,67840.5761719,-51.0434952215,-101.078311725,-93.8852348218,-112.649016072
76067985.534667969,76.067985534668,67985.534668,-51.0249554774,-102.278536743,-93.9294331467,-111.748138171
76068130.493164062,76.068130493164,68130.4931641,-51.0064552217,-101.57381057,-94.5839842792,-111.914654328
76068275.451660156,76.068275451660,68275.4516602,-50.9879942868,-100.880199373,-94.1388574247,-111.338237399
76068420.41015625,76.068420410156,68420.4101562,-50.9695725057,-99.5052237767,-94.3120384176,-111.463110047
76068565.368652344,76.068565368652,68565.3686523,-50.9511897128,-100.006501937,-93.533746729,-112.906375518
76068710.327148438,76.068710327148,68710.3271484,-50.9328457433,-99.7739835028,-92.9464535596,-112.622144184
76068855.285644531,76.068855285645,68855.2856445,-50.9145404336,-99.5805526727,-94.3924275926,-112.17699293
76069000.244140625,76.069000244141,69000.2441406,-50.8962736211,-101.357323449,-93.829624096,-111.609904653
76069145.202636719,76.069145202637,69145.2026367,-50.8780451442,-100.357944519,-93.5904985587,-113.366993347
76069290.161132812,76.069290161133,69290.1611328,-50.8598548424,-100.220854642,-93.4869415154,-111.647090995
76069435.119628906,76.069435119629,69435.1196289,-50.8417025561,-100.0896599,-94.8808869644,-111.004965486
76069580.078125,76.069580078125,69580.078125,-50.8235881267,-99.4010869329,-93.3006798211,-112.252458672
76069725.036621094,76.069725036621,69725.0366211,-50.8055113967,-99.6931088657,-93.0426709884,-112.5909714
76069869.995117188,76.069869995117,69869.9951172,-50.7874722095,-100.038431234,-93.8196634554,-111.906450493
76070014.953613281,76.070014953613,70014.9536133,-50.7694704094,-98.9934350706,-93.6091887336,-112.439966703
76070159.912109375,76.070159912109,70159.9121094,-50.7515058418,-99.355331913,-93.8185611934,-112.930097676
76070304.870605469,76.070304870605,70304.8706055,-50.733578353,-100.282165192,-93.8584421152,-113.1047593
76070449.829101562,76.070449829102,70449.8291016,-50.7156877903,-100.337113572,-92.5894739143,-112.20470669
76070594.787597656,76.070594787598,70594.7875977,-50.6978340018,-100.982711887,-92.5488617621,-112.721064512
76070739.74609375,76.070739746094,70739.7460938,-50.6800168367,-101.977545464,-93.5137691457,-112.536928817
76070884.704589844,76.070884704590,70884.7045898,-50.6622361451,-100.209368587,-93.1626013943,-112.58277912
76071029.663085938,76.071029663086,71029.6630859,-50.6444917779,-99.5172673947,-93.5582793526,-112.946778848
76071174.621582031,76.071174621582,71174.621582,-50.626783587,-99.6688211152,-94.3800834893,-111.335640725
76071319.580078125,76.071319580078,71319.5800781,-50.6091114252,-100.795122293,-93.0338964215,-111.822613281
76071464.538574219,76.071464538574,71464.5385742,-50.5914751462,-101.672819371,-92.2640400853,-111.382582035
76071609.497070312,76.071609497070,71609.4970703,-50.5738746046,-99.9867068883,-93.9880498455,-112.041839841
76071754.455566406,76.071754455566,71754.4555664,-50.5563096558,-98.4686946754,-94.2865752627,-112.355667967
76071899.4140625,76.071899414062,71899.4140625,-50.5387801562,-98.3085400502,-93.3120410433,-112.119260794
76072044.372558594,76.072044372559,72044.3725586,-50.5212859629,-98.3697225112,-93.329259172,-111.647655137
76072189.331054688,76.072189331055,72189.3310547,-50.5038269341,-99.0082001746,-94.9651584955,-111.852046193
76072334.289550781,76.072334289551,72334.2895508,-50.4864029286,-100.303013203,-94.213113304,-111.091112862
76072479.248046875,76.072479248047,72479.2480469,-50.4690138063,-101.832629357,-93.6922979333,-110.643398063
76072624.206542969,76.072624206543,72624.206543,-50.4516594277,-100.271348125,-93.4601022579,-110.668928944
76072769.165039062,76.072769165039,72769.1650391,-50.4343396543,-99.1038430282,-92.7994807695,-111.533209508
76072914.123535156,76.072914123535,72914.1235352,-50.4170543483,-100.485731782,-92.9624044497,-111.78954325
76073059.08203125,76.073059082031,73059.0820312,-50.3998033729,-99.6443859157,-92.8867568184,-110.437163643
76073204.040527344,76.073204040527,73204.0405273,-50.3825865919,-100.016949554,-92.6143500435,-110.763248714
76073348.999023438,76.073348999023,73348.9990234,-50.36540387,-99.3806867348,-92.743166807,-111.694968101
76073493.957519531,76.073493957520,73493.9575195,-50.3482550728,-99.6091420212,-93.0166704333,-111.660642287
76073638.916015625,76.073638916016,73638.9160156,-50.3311400665,-100.72008357,-93.4845799381,-112.02383376
76073783.874511719,76.073783874512,73783.8745117,-50.3140587183,-99.055925377,-93.8990082914,-112.381776634
76073928.833007812,76.073928833008,73928.8330078,-50.2970108961,-99.0079402762,-93.3089232513,-113.378818152
76074073.791503906,76.074073791504,74073.7915039,-50.2799964684,-98.9658143031,-92.7439080517,-112.554025443
76074218.75,76.074218750000,74218.75,-50.2630153047,-99.4228933019,-92.2620993902,-112.202279542
76074363.708496094,76.074363708496,74363.7084961,-50.2460672753,-100.902229846,-92.6240366622,-111.39388323
76074508.666992188,76.074508666992,74508.6669922,-50.229152251,-98.6789610948,-92.79432557,-111.802995873
76074653.625488281,76.074653625488,74653.6254883,-50.2122701036,-98.9772996833,-93.2587550791,-111.031413229
76074798.583984375,76.074798583984,74798.5839844,-50.1954207055,-100.036349352,-92.561704193,-111.083536463
76074943.542480469,76.074943542480,74943.5424805,-50.1786039298,-100.8891559,-92.8181536261,-112.152636285
76075088.500976562,76.075088500977,75088.5009766,-50.1618196506,-99.7107664073,-92.9807134517,-112.257964393
76075233.459472656,76.075233459473,75233.4594727,-50.1450677424,-101.480275891,-93.0456351661,-112.620982781
76075378.41796875,76.075378417969,75378.4179688,-50.1283480807,-99.9963447852,-92.821944463,-112.097860909
76075523.376464844,76.075523376465,75523.3764648,-50.1116605415,-100.044477534,-93.1734637817,-110.964800425
76075668.334960938,76.075668334961,75668.3349609,-50.0950050017,-101.231810734,-93.1168377083,-112.497264632
76075813.293457031,76.075813293457,75813.293457,-50.0783813387,-100.001841744,-93.2715313179,-113.670229655
76075958.251953125,76.075958251953,75958.2519531,-50.0617894308,-99.5244118286,-92.5592398288,-112.527718321
76076103.210449219,76.076103210449,76103.2104492,-50.0452291569,-99.6129067688,-93.0078340086,-111.002903898
76076248.168945312,76.076248168945,76248.1689453,-50.0287003965,-98.7212134917,-93.6902835758,-112.226043177
76076393.127441406,76.076393127441,76393.1274414,-50.0122030301,-99.803030945,-93.5479589215,-111.563383069
76076538.0859375,76.076538085938,76538.0859375,-49.9957369385,-99.7388548733,-92.7831109504,-110.963135123
76076683.044433594,76.076683044434,76683.0444336,-49.9793020034,-99.570212988,-91.5817730013,-111.085197322
76076828.002929688,76.076828002930,76828.0029297,-49.9628981072,-99.1281596414,-93.0361840527,-111.039991793
76076972.961425781,76.076972961426,76972.9614258,-49.9465251327,-99.7314972282,-93.5444716536,-111.398343566
76077117.919921875,76.077117919922,77117.9199219,-49.9301829637,-98.3133741123,-93.4552068133,-111.542191688
76077262.878417969,76.077262878418,77262.878418,-49.9138714844,-98.7353282525,-92.4061199363,-111.330575952
76077407.836914062,76.077407836914,77407.8369141,-49.8975905798,-98.9484015976,-92.3290281522,-111.314286857
76077552.795410156,76.077552795410,77552.7954102,-49.8813401355,-97.8653148852,-92.4545183196,-111.166884817
76077697.75390625,76.077697753906,77697.7539062,-49.8651200378,-99.7407291047,-91.3735884101,-111.985226248
76077842.712402344,76.077842712402,77842.7124023,-49.8489301734,-101.363286087,-91.1353389314,-112.73036544
76077987.670898438,76.077987670898,77987.6708984,-49.8327704299,-100.076138308,-91.9666236022,-112.858577223
76078132.629394531,76.078132629395,78132.6293945,-49.8166406955,-99.3341266845,-91.4871575124,-111.439725974
76078277.587890625,76.078277587891,78277.5878906,-49.8005408589,-99.9002332153,-91.9758973032,-111.959284312
76078422.546386719,76.078422546387,78422.5463867,-49.7844708094,-100.656710883,-94.0569075773,-111.917671226
76078567.504882812,76.078567504883,78567.5048828,-49.7684304371,-100.510552073,-93.7774427385,-112.196496995
76078712.463378906,76.078712463379,78712.4633789,-49.7524196324,-100.431995212,-93.421023107,-110.752161755
76078857.421875,76.078857421875,78857.421875,-49.7364382868,-101.115778238,-93.5130033951,-110.370871187
76079002.380371094,76.079002380371,79002.3803711,-49.7204862918,-101.28346637,-92.4115816451,-110.604440346
76079147.338867188,76.079147338867,79147.3388672,-49.7045635399,-99.9050443678,-91.667138433,-110.717185457
76079292.297363281,76.079292297363,79292.2973633,-49.6886699242,-97.8357728254,-91.7253834142,-111.434735392
76079437.255859375,76.079437255859,79437.2558594,-49.6728053381,-100.046329065,-91.5023612397,-111.638838072
76079582.214355469,76.079582214355,79582.2143555,-49.6569696758,-102.340526199,-93.2402011339,-112.493738478
76079727.172851562,76.079727172852,79727.1728516,-49.641162832,-100.910573215,-93.114598584,-111.532937965
76079872.131347656,76.079872131348,79872.1313477,-49.6253847021,-99.5623777415,-92.1282888818,-110.660416357
76080017.08984375,76.080017089844,80017.0898438,-49.6096351819,-100.516044533,-91.7528941729,-110.992603668
76080162.048339844,76.080162048340,80162.0483398,-49.5939141678,-99.6245645624,-92.1654277528,-111.001156273
76080307.006835938,76.080307006836,80307.0068359,-49.5782215569,-99.110995789,-92.384418166,-111.401077332
76080451.965332031,76.080451965332,80451.965332,-49.5625572466,-99.84083835,-91.5975632007,-110.81337573
76080596.923828125,76.080596923828,80596.9238281,-49.5469211352,-98.9739401443,-92.0558303008,-111.177944679
76080741.882324219,76.080741882324,80741.8823242,-49.5313131212,-98.8921110454,-93.3198098018,-111.061576354
76080886.840820312,76.080886840820,80886.8408203,-49.5157331039,-99.6790018435,-93.8800625924,-110.421719431
76081031.799316406,76.081031799316,81031.7993164,-49.500180983,-99.4403259219,-92.7886808637,-110.007904467
76081176.7578125,76.081176757812,81176.7578125,-49.4846566587,-98.3315888208,-92.8295376248,-110.941740867
76081321.716308594,76.081321716309,81321.7163086,-49.469160032,-98.0494675062,-92.4163138003,-111.645417002
76081466.674804688,76.081466674805,81466.6748047,-49.4536910041,-99.739284233,-92.4209811719,-110.982664298
76081611.633300781,76.081611633301,81611.6333008,-49.438249477,-98.6873388169,-92.4523091164,-110.381862467
76081756.591796875,76.081756591797,81756.5917969,-49.4228353529,-97.7470406731,-92.1686688284,-109.284222524
76081901.550292969,76.081901550293,81901.550293,-49.4074485349,-100.540069241,-92.1847583589,-110.831363715
76082046.508789062,76.082046508789,82046.5087891,-49.3920889263,-99.2408228515,-92.601560207,-112.822599383
76082191.467285156,76.082191467285,82191.4672852,-49.3767564311,-98.5801738763,-91.6515214492,-111.651304303
76082336.42578125,76.082336425781,82336.4257812,-49.3614509537,-99.3519939093,-91.3220227087,-111.835896499
76082481.384277344,76.082481384277,82481.3842773,-49.3461723991,-100.305299177,-91.7363808024,-111.055376934
76082626.342773438,76.082626342773,82626.3427734,-49.3309206728,-100.305928073,-91.6008481464,-112.147312596
76082771.301269531,76.082771301270,82771.3012695,-49.3156956806,-98.995893427,-92.7381084666,-113.128239051
76082916.259765625,76.082916259766,82916.2597656,-49.3004973291,-98.0459578327,-93.123902441,-110.969909257
76083061.218261719,76.083061218262,83061.2182617,-49.2853255251,-97.8998960427,-92.3909683863,-110.619523793
76083206.176757812,76.083206176758,83206.1767578,-49.2701801761,-98.4305395963,-92.8917894297,-110.599474382
76083351.135253906,76.083351135254,83351.1352539,-49.25506119,-99.1413955792,-92.5145250918,-111.428498068
76083496.09375,76.083496093750,83496.09375,-49.2399684752,-99.5953100974,-92.9987332446,-110.919686496
76083641.052246094,76.083641052246,83641.0522461,-49.2249019404,-100.735617737,-92.7717850558,-112.107820635
76083786.010742188,76.083786010742,83786.0107422,-49.2098614952,-100.498367813,-92.6242413165,-114.560897765
76083930.969238281,76.083930969238,83930.9692383,-49.1948470492,-98.2299289648,-92.2534984281,-112.424869826
76084075.927734375,76.084075927734,84075.9277344,-49.1798585127,-99.3315448464,-92.0360899967,-110.766226391
76084220.886230469,76.084220886230,84220.8862305,-49.1648957965,-99.3062791522,-92.6854931876,-110.724178106
76084365.844726562,76.084365844727,84365.8447266,-49.1499588118,-98.0459545768,-92.5416149459,-110.924233463
76084510.803222656,76.084510803223,84510.8032227,-49.1350474701,-99.0903701542,-92.3516161063,-110.735347018
76084655.76171875,76.084655761719,84655.7617188,-49.1201616837,-99.6200832383,-91.9339991452,-110.337658185
76084800.720214844,76.084800720215,84800.7202148,-49.1053013651,-99.0194236975,-91.7850082969,-111.077023747
76084945.678710938,76.084945678711,84945.6787109,-49.0904664273,-99.9107014749,-91.5804283576,-109.703135839
76085090.637207031,76.085090637207,85090.637207,-49.0756567836,-99.9022131894,-92.0358157394,-111.495340503
76085235.595703125,76.085235595703,85235.5957031,-49.0608723481,-99.2332846871,-90.7620086404,-112.52317388
76085380.554199219,76.085380554199,85380.5541992,-49.0461130351,-97.7896614885,-90.6839452755,-110.364237425
76085525.512695312,76.085525512695,85525.5126953,-49.0313787593,-96.9892702777,-92.8427627313,-110.338602028
76085670.471191406,76.085670471191,85670.4711914,-49.0166694359,-98.0428159812,-92.0698371349,-110.553869298
76085815.4296875,76.085815429688,85815.4296875,-49.0019849805,-97.6493672789,-90.6288897233,-111.142338151
76085960.388183594,76.085960388184,85960.3881836,-48.9873253093,-98.253490053,-89.5852589235,-110.721695861
76086105.346679688,76.086105346680,86105.3466797,-48.9726903387,-98.6637798825,-90.8949020514,-112.2177373
76086250.305175781,76.086250305176,86250.3051758,-48.9580799855,-98.6041649666,-90.7548489179,-112.048848819
76086395.263671875,76.086395263672,86395.2636719,-48.9434941672,-98.1792090787,-90.9621911094,-111.451293176
76086540.222167969,76.086540222168,86540.222168,-48.9289328014,-97.4669067535,-90.5160615247,-110.797445974
76086685.180664062,76.086685180664,86685.1806641,-48.9143958064,-96.9501984307,-90.6737735142,-110.843820641
76086830.139160156,76.086830139160,86830.1391602,-48.8998831006,-97.4811917952,-91.0198037387,-111.139350609
76086975.09765625,76.086975097656,86975.0976562,-48.885394603,-98.2160347766,-90.7982710936,-111.24031503
76087120.056152344,76.087120056152,87120.0561523,-48.870930233,-98.1933722678,-90.6388725668,-111.293005081
76087265.014648438,76.087265014648,87265.0146484,-48.8564899105,-97.6466980773,-91.839190303,-110.304061853
76087409.973144531,76.087409973145,87409.9731445,-48.8420735555,-97.5515280653,-91.5513245342,-109.868017865
76087554.931640625,76.087554931641,87554.9316406,-48.8276810886,-98.3082903793,-92.3804336589,-108.792532827
76087699.890136719,76.087699890137,87699.8901367,-48.8133124308,-98.244748988,-92.3144954937,-109.326892928
76087844.848632812,76.087844848633,87844.8486328,-48.7989675035,-97.9667610485,-91.8801119508,-110.207002105
76087989.807128906,76.087989807129,87989.8071289,-48.7846462283,-97.6443269295,-92.1613553973,-110.305767897
76088134.765625,76.088134765625,88134.765625,-48.7703485275,-97.6551042827,-91.9798696427,-109.671849441
76088279.724121094,76.088279724121,88279.7241211,-48.7560743236,-98.9965513971,-90.665930448,-110.232847714
76088424.682617188,76.088424682617,88424.6826172,-48.7418235394,-97.8714610223,-90.4242879174,-110.148539249
76088569.641113281,76.088569641113,88569.6411133,-48.7275960982,-98.9820733181,-90.3067220546,-110.326252921
76088714.599609375,76.088714599609,88714.5996094,-48.7133919237,-99.2835847501,-91.3707842425,-110.725639079
76088859.558105469,76.088859558105,88859.5581055,-48.6992109399,-98.6912372331,-93.0433573964,-111.059754338
76089004.516601562,76.089004516602,89004.5166016,-48.6850530713,-97.8134596695,-91.6969626278,-110.457434973
76089149.475097656,76.089149475098,89149.4750977,-48.6709182425,-98.0623813396,-91.4296772837,-110.395531081
76089294.43359375,76.089294433594,89294.4335938,-48.6568063787,-98.2235253974,-93.1665464449,-111.265076788
76089439.392089844,76.089439392090,89439.3920898,-48.6427174054,-96.4521494326,-92.3889954989,-110.815763822
76089584.350585938,76.089584350586,89584.3505859,-48.6286512485,-96.9773377221,-90.9137311599,-109.655393955
76089729.309082031,76.089729309082,89729.309082,-48.6146078341,-98.1899671408,-90.2334499349,-110.150084444
76089874.267578125,76.089874267578,89874.2675781,-48.600587089,-97.598835312,-91.3665055722,-110.568453178
76090019.226074219,76.090019226074,90019.2260742,-48.5865889399,-96.9397429714,-91.5715766235,-111.108309979
76090164.184570312,76.090164184570,90164.1845703,-48.5726133142,-96.8773352055,-91.8095580839,-109.96786876
76090309.143066406,76.090309143066,90309.1430664,-48.5586601396,-98.3539898169,-91.7543074114,-110.306831802
76090454.1015625,76.090454101562,90454.1015625,-48.5447293439,-97.9447000933,-91.3904944163,-109.95106326
76090599.060058594,76.090599060059,90599.0600586,-48.5308208556,-97.3408435057,-90.839763935,-109.778884593
76090744.018554688,76.090744018555,90744.0185547,-48.5169346033,-97.1893584218,-91.6404512694,-110.728756231
76090888.977050781,76.090888977051,90888.9770508,-48.503070516,-97.5661753546,-91.6942511155,-111.080340976
76091033.935546875,76.091033935547,91033.9355469,-48.4892285231,-98.2816276446,-92.25816647,-109.530418248
76091178.894042969,76.091178894043,91178.894043,-48.4754085543,-99.0149597618,-92.454958802,-109.725550885
76091323.852539062,76.091323852539,91323.8525391,-48.4616105396,-98.4984955134,-91.7544667088,-109.463847834
76091468.811035156,76.091468811035,91468.8110352,-48.4478344093,-97.1143431209,-91.1932884784,-108.968720699
76091613.76953125,76.091613769531,91613.7695312,-48.4340800942,-98.0153688887,-90.3915429365,-109.946571735
76091758.728027344,76.091758728027,91758.7280273,-48.4203475253,-99.2568359119,-91.0555877268,-111.315350381
76091903.686523438,76.091903686523,91903.6865234,-48.4066366338,-98.6175337606,-92.5028681552,-112.534339445
76092048.645019531,76.092048645020,92048.6450195,-48.3929473516,-98.8793077004,-92.1120713964,-110.976229705
76092193.603515625,76.092193603516,92193.6035156,-48.3792796105,-98.5052008147,-92.9731934755,-112.95810743
76092338.562011719,76.092338562012,92338.5620117,-48.365633343,-97.6029945499,-91.9341925414,-111.102743242
76092483.520507812,76.092483520508,92483.5205078,-48.3520084815,-96.1305705431,-91.544574427,-111.310183058
76092628.479003906,76.092628479004,92628.4790039,-48.3384049591,-96.1055181929,-90.6223323994,-109.539823731
76092773.4375,76.092773437500,92773.4375,-48.3248227091,-95.869524694,-90.9377804436,-111.042461623
76092918.395996094,76.092918395996,92918.3959961,-48.311261665,-97.3660059445,-91.6282375426,-111.20470665
76093063.354492188,76.093063354492,93063.3544922,-48.2977217607,-98.6121474691,-91.6002643746,-111.124260207
76093208.312988281,76.093208312988,93208.3129883,-48.2842029304,-97.5757155918,-90.5442993216,-110.598646284
76093353.271484375,76.093353271484,93353.2714844,-48.2707051086,-97.2235236407,-89.8180136945,-110.223470534
76093498.229980469,76.093498229980,93498.2299805,-48.2572282301,-96.2735354496,-90.8431808364,-109.807241107
76093643.188476562,76.093643188477,93643.1884766,-48.24377223,-96.6964388763,-92.4006936684,-109.140879189
76093788.146972656,76.093788146973,93788.1469727,-48.2303370437,-97.2294441426,-91.2348128902,-109.407243359
76093933.10546875,76.093933105469,93933.1054688,-48.216922607,-98.0192304372,-91.3818171008,-109.58531005
76094078.063964844,76.094078063965,94078.0639648,-48.2035288558,-97.1914239996,-92.9923584995,-109.327707822
76094223.022460938,76.094223022461,94223.0224609,-48.1901557265,-96.3948529484,-91.3358332046,-109.449070047
76094367.980957031,76.094367980957,94367.980957,-48.1768031556,-97.0414545985,-90.6830581288,-109.748374349
76094512.939453125,76.094512939453,94512.9394531,-48.16347108,-97.106485423,-92.2988490943,-110.612313191
76094657.897949219,76.094657897949,94657.8979492,-48.150159437,-97.9012646772,-91.9071789011,-110.515696406
76094802.856445312,76.094802856445,94802.8564453,-48.136868164,-98.1655334553,-91.4304649568,-110.175299497
76094947.814941406,76.094947814941,94947.8149414,-48.1235971986,-97.460484937,-90.9277952823,-109.643415011
76095092.7734375,76.095092773438,95092.7734375,-48.1103464791,-97.8050238132,-91.3466532759,-111.007033571
76095237.731933594,76.095237731934,95237.7319336,-48.0971159437,-97.5265710716,-90.9087886268,-110.664815447
76095382.690429688,76.095382690430,95382.6904297,-48.0839055309,-97.2832357261,-91.611316193,-109.674048987
76095527.648925781,76.095527648926,95527.6489258,-48.0707151798,-97.3106194674,-90.3705670666,-108.637122773
76095672.607421875,76.095672607422,95672.6074219,-48.0575448294,-98.0986782109,-90.6934276149,-109.761447382
76095817.565917969,76.095817565918,95817.565918,-48.0443944192,-97.3697118839,-90.4292729399,-110.220860983
76095962.524414062,76.095962524414,95962.5244141,-48.0312638889,-96.8578832204,-90.5520270962,-110.323023388
76096107.482910156,76.096107482910,96107.4829102,-48.0181531784,-97.142834635,-91.8004054796,-110.963182144
76096252.44140625,76.096252441406,96252.4414062,-48.0050622282,-98.4521966977,-90.9594873441,-110.285844944
76096397.399902344,76.096397399902,96397.3999023,-47.9919909785,-98.3089437664,-89.6957371708,-110.288190143
76096542.358398438,76.096542358398,96542.3583984,-47.9789393704,-96.8863710761,-91.2137960596,-108.68145729
76096687.316894531,76.096687316895,96687.3168945,-47.9659073447,-96.6647273528,-90.7045330426,-109.329059402
76096832.275390625,76.096832275391,96832.2753906,-47.9528948429,-97.7612309106,-90.5583156568,-109.654409665
76096977.233886719,76.096977233887,96977.2338867,-47.9399018066,-97.8564609943,-90.620508468,-110.966765497
76097122.192382812,76.097122192383,97122.1923828,-47.9269281775,-98.0906708616,-90.9844873621,-109.714452285
76097267.150878906,76.097267150879,97267.1508789,-47.9139738979,-98.7579745178,-90.8744673739,-109.64513924
76097412.109375,76.097412109375,97412.109375,-47.90103891,-97.6119314091,-91.8648038033,-109.610637916
76097557.067871094,76.097557067871,97557.0678711,-47.8881231565,-98.654458671,-92.0221729959,-109.57065415
76097702.026367188,76.097702026367,97702.0263672,-47.8752265803,-97.9907702797,-90.148307999,-109.25773653
76097846.984863281,76.097846984863,97846.9848633,-47.8623491245,-96.8997867763,-90.3485526149,-110.037267419
76097991.943359375,76.097991943359,97991.9433594,-47.8494907325,-97.2720133224,-91.5480605739,-109.888329902
76098136.901855469,76.098136901855,98136.9018555,-47.836651348,-97.6071490855,-92.1279583043,-109.604692223
76098281.860351562,76.098281860352,98281.8603516,-47.8238309147,-97.4222870403,-90.7728060378,-111.226937224
76098426.818847656,76.098426818848,98426.8188477,-47.811029377,-97.2704543045,-90.4296727862,-110.40440675
76098571.77734375,76.098571777344,98571.7773438,-47.7982466791,-96.3901188998,-90.3214763997,-110.625069919
76098716.735839844,76.098716735840,98716.7358398,-47.7854827657,-97.1357238798,-90.8803230061,-110.077203339
76098861.694335938,76.098861694336,98861.6943359,-47.7727375817,-97.3276375074,-90.7720849129,-110.842696633
76099006.652832031,76.099006652832,99006.652832,-47.7600110722,-96.435437626,-90.414192403,-111.498845659
76099151.611328125,76.099151611328,99151.6113281,-47.7473031825,-97.4917862295,-91.1698343489,-110.208780542
76099296.569824219,76.099296569824,99296.5698242,-47.7346138582,-97.3615605171,-90.8389446119,-110.650104447
76099441.528320312,76.099441528320,99441.5283203,-47.7219430451,-98.3846363623,-90.6449713803,-110.917756265
76099586.486816406,76.099586486816,99586.4868164,-47.7092906895,-98.4291449874,-90.4035870156,-110.447248485
76099731.4453125,76.099731445312,99731.4453125,-47.6966567374,-98.6753425491,-90.4476320013,-109.282584442
76099876.403808594,76.099876403809,99876.4038086,-47.6840411355,-97.1397197141,-90.5760447383,-109.924725054
