frame_index,frame_number_1based,integrated_time_s,raw_std
0,1,0.013783,0.165091
1,2,0.027566,0.392772
2,3,0.041350,0.212610
3,4,0.055133,0.171164
